id_cliente,prediccion
2,0.23114622170596327
3,0.07751489868440145
7,0.23181345058232872
10,0.06833113044229272
11,0.22433149082263523
12,0.04543168546635711
14,0.11634162172593708
16,0.17987455557716195
25,0.18766014196037004
32,0.1268073690451075
38,0.14290707704504918
42,0.3278119422886164
63,0.15291925866736444
65,0.20882404216238876
70,0.210387157001964
74,0.31295298012056777
76,0.16755331222540218
83,0.05280119092104518
90,0.09416938125570314
98,0.3554232226442787
104,0.14595833718752937
121,0.062326070555003665
124,0.28782693990552494
125,0.3484623011644437
137,0.27900302543943356
143,0.073309107677199
144,0.3057334137392202
157,0.2720233615754309
163,0.21384700111929722
197,0.09203649793743379
203,0.32796188136195686
205,0.1827983675073027
209,0.045161795134344124
228,0.3420449088254681
231,0.2593047796793187
237,0.28147702014955267
243,0.08114342425924279
247,0.19091381985186
249,0.07640534954168138
253,0.3382514502699522
261,0.18147515518507232
263,0.037983461998165255
275,0.043823588904779706
279,0.35123242554441036
280,0.19937038358826706
292,0.1990030328585827
297,0.17807153822024183
299,0.15258564422918172
302,0.0629070844641983
304,0.2281924219611544
308,0.3754813221804109
318,0.3014301623343464
319,0.32626756983320865
323,0.07838454530977665
325,0.2783245511325676
339,0.2369488638442426
340,0.16256408955999535
355,0.19296798515662555
359,0.2614264175670875
368,0.2960173617867526
371,0.11750739802115985
378,0.19472227231470998
390,0.26144890842808854
392,0.216647113313932
409,0.1431057463172254
412,0.08415345115655434
420,0.32805934175962825
422,0.1172787409343155
428,0.23836953656414434
429,0.05186782018950026
430,0.281574480547224
434,0.06947066739968091
437,0.3200750861042439
447,0.06965059428768958
464,0.05016976018391852
466,0.33262123806601446
468,0.3765683804621299
470,0.2977379126533354
473,0.18186124829892422
475,0.077387450472062
476,0.3358149403281683
480,0.05931229518085859
483,0.23835829113364376
487,0.3470116406298739
495,0.2964559335762737
496,0.32949125991003053
499,0.20391353751048577
502,0.07652904927718734
504,0.24223421617949698
508,0.08376735804270244
514,0.15063643627575452
515,0.3196140234537217
538,0.12155200452452121
548,0.21868253623453
551,0.22299328459307083
553,0.2308051103141135
560,0.055957408414863775
564,0.2156875032445525
572,0.06190998962648364
577,0.04439710586030732
578,0.3769657190064824
591,0.055346406691001035
593,0.1923832227705974
604,0.17309356098533552
606,0.2200207424640944
614,0.29817648444285644
616,0.07455360198592559
622,0.21715315768645638
626,0.06335315320738644
632,0.07647657060151815
637,0.0459189874547139
640,0.09439428986571397
647,0.12388355711496678
648,0.06612327758735312
653,0.20152200929070396
654,0.04289021817323478
659,0.3112886564064876
661,0.04668742520558422
670,0.07370269774471797
671,0.04522551924051386
673,0.1712005801844111
674,0.09976960564497271
682,0.1856547068544402
683,0.23609795960303495
687,0.20108718597801636
688,0.07706133298754629
689,0.3055647322817121
701,0.12124088094733956
705,0.21425183661731673
707,0.14340562446390648
710,0.11591429536691651
714,0.16208803300213911
716,0.1880012533522198
717,0.3126943352190553
729,0.0796777698173389
732,0.1694350475958261
734,0.3424647382308217
736,0.2582589546427684
742,0.04597521460721661
750,0.2142443396636497
764,0.29089694243217273
767,0.11758236755783014
768,0.23260063071736664
774,0.33263998045018206
777,0.05881374776200127
784,0.22576715744987103
785,0.24105719445377366
786,0.15704633166106308
787,0.36914639633177265
788,0.2109756678648257
790,0.2830926136647971
794,0.05154170270498455
796,0.15416750145292452
802,0.0538132796660939
812,0.22670052818141595
814,0.048940259782526
816,0.057520523254439015
817,0.20744835116448923
834,0.1767370804675109
835,0.2718434346874222
836,0.13127555343065592
837,0.17192403621327923
840,0.046121405203723646
841,0.06062426207258842
854,0.05673334311940112
858,0.15608297311485003
859,0.04955875846005577
883,0.16128585895976716
887,0.0690320956101598
902,0.24969368507818937
913,0.2172056363621256
915,0.12220423949355261
916,0.28893274057141155
917,0.16838172560560874
924,0.15947909312601352
929,0.27275431455796606
933,0.2760979558934604
936,0.3099916834220919
941,0.05545886099600644
946,0.08591898374513934
948,0.0647550835431206
952,0.1967427013279739
959,0.15986143776303194
963,0.27766856768670267
965,0.10105533319886792
970,0.3338657323747411
975,0.33672207172187857
979,0.19935164120409948
982,0.10527236963657091
986,0.039287931936228045
992,0.27953156067295903
1003,0.03891308425287667
1004,0.2416382083629683
1007,0.1396459021998922
1014,0.09924107041144727
1017,0.053367210922905764
1018,0.14575217096168608
1043,0.08133084810091848
1046,0.21349464429694692
1052,0.23905175934784378
1061,0.06572219056616714
1063,0.26310948366533515
1064,0.22008446657026412
1067,0.16840046798977631
1070,0.09618981026896706
1075,0.05297736933222033
1105,0.04117341578348547
1116,0.3726062404491059
1117,0.35701257682168863
1123,0.22821116434532202
1125,0.19613919655777817
1132,0.1428096166473778
1160,0.04712974547193885
1161,0.3172637284791086
1165,0.07957281246600052
1171,0.3788512028537398
1181,0.09084448230437642
1185,0.25557879370680603
1197,0.3401069463025415
1202,0.30438021360232176
1205,0.06230357969400259
1206,0.32419466214427556
1213,0.23667522503539606
1216,0.06364928287723404
1228,0.2599232783568485
1232,0.30540729625470453
1238,0.11253316926308708
1241,0.0863463101041599
1246,0.12176191922719799
1258,0.10791504580419813
1263,0.3503852697800362
1289,0.16780820865008114
1301,0.3070716199687846
1302,0.06163260234080362
1303,0.3285503922248186
1312,0.14956062342453608
1314,0.2292644863355394
1322,0.09503153092741129
1326,0.06566971189049794
1328,0.06830114262762461
1334,0.17770418749055747
1336,0.28547664493091185
1337,0.059409755578529955
1338,0.11409253562582881
1340,0.273680188335844
1361,0.3283892077209774
1365,0.3509362958745628
1368,0.3928817516415819
1370,0.09477663450273235
1378,0.29704444443913536
1381,0.33660586894003963
1388,0.31714752569726967
1393,0.22653559520074132
1395,0.1282655265333444
1400,0.1758561884116352
1404,0.07126993627976752
1405,0.07974524240034216
1411,0.3021836061778827
1414,0.29250129051691665
1415,0.04661995262258098
1420,0.1025434785017729
1425,0.09394072416885879
1434,0.3607160719332002
1453,0.304432692277991
1455,0.3753838617827396
1460,0.29535013291038714
1465,0.3930804209137581
1474,0.27534451204992416
1475,0.036360371529253796
1476,0.0734965315188747
1477,0.17073576905705537
1489,0.09602112881145894
1495,0.15313292184687471
1496,0.07267561509233518
1501,0.21461918734700106
1504,0.06151265108213118
1506,0.29974709623609874
1516,0.27926167034094596
1535,0.09192404363242838
1541,0.07445989006508774
1546,0.04645127116507286
1552,0.05967214895687592
1558,0.24472695327378363
1559,0.14541105956983635
1564,0.12170944055152878
1566,0.20119589180618824
1567,0.3484660496412772
1573,0.342948291742345
1576,0.07967027286367187
1577,0.07218456462714487
1578,0.12961872667024282
1586,0.20114716160735258
1587,0.09331472853766198
1589,0.2728067932336353
1591,0.14216487863201344
1592,0.08747085315421403
1598,0.05203275317017486
1602,0.3207535604111099
1604,0.08569032665829499
1606,0.08190436505644608
1614,0.04829927024399515
1615,0.362706513131796
1619,0.20073108067883252
1623,0.24737337791824437
1631,0.20027751498197738
1639,0.06364553440040052
1648,0.05163166614898888
1659,0.2756668810576063
1669,0.29836015980769864
1673,0.17577372192129787
1678,0.2522501462786458
1682,0.379304768550595
1683,0.1863144387771386
1692,0.21510648933535784
1693,0.3467380018210274
1695,0.3232313035980625
1698,0.3121920393233645
1706,0.38683545850912415
1709,0.15842577113579615
1710,0.30688044765027545
1719,0.19526954993240297
1720,0.054937822716148034
1726,0.1593329025295065
1730,0.20970868269509804
1732,0.18035061213501816
1733,0.20367738346997435
1736,0.09588243516861891
1743,0.19069265971868268
1751,0.20536044956822205
1752,0.21584493927156007
1754,0.31691137165675826
1756,0.06033937783324138
1760,0.12880530719737035
1765,0.07459108675426072
1776,0.125716562286555
1778,0.0592035893526867
1779,0.24780820123093197
1781,0.060470574522414354
1795,0.12281524121741534
1808,0.035775609143225647
1809,0.3090170794453783
1814,0.20392103446415277
1821,0.1991342295477557
1822,0.11831332054036532
1824,0.2962160310589288
1827,0.18355555982767247
1834,0.2953876176787223
1844,0.3614507733925689
1851,0.29474662814019137
1867,0.29213768826406583
1869,0.11630038848076842
1875,0.3825134647200828
1882,0.27641282794747557
1897,0.17674832589801145
1910,0.12371487565745866
1917,0.25067953448540353
1918,0.10904333733108576
1935,0.17415063145238643
1936,0.2647213287037461
1937,0.047714507857967
1949,0.2416494537934689
1952,0.05633975305188218
1956,0.2539632001915616
1969,0.04491439566333221
1970,0.14903208819101066
1971,0.16988111633901423
1977,0.34143015862477183
1982,0.18800875030588682
1995,0.12719721063579292
2002,0.30616074009824085
2004,0.208745324148885
2011,0.3214732679631445
2013,0.3033343885657714
2014,0.1873265275221873
2026,0.21450298456516212
2040,0.17018099448569535
2043,0.22441770578980602
2060,0.15853072848713456
2069,0.10787006408219596
2073,0.09749802868386336
2076,0.053828273573427954
2082,0.15832081378445778
2089,0.049742433824897944
2091,0.32738836440642927
2103,0.08818681222941516
2109,0.06673802778804938
2112,0.24167194465446992
2113,0.3096168357387405
2119,0.06472884420528599
2121,0.26698540871118837
2125,0.2961972886747612
2127,0.38600329665208405
2128,0.25793283715825266
2132,0.2972731015259797
2146,0.2450080890362972
2148,0.06338688949888807
2149,0.34763763626107064
2156,0.06946317044601388
2157,0.27043775587485464
2159,0.11837329616970155
2160,0.16745960030456436
2169,0.28452078333836583
2170,0.07991017538101676
2186,0.08060364359521681
2188,0.04832550958182974
2190,0.1410103477672912
2203,0.1143324381431737
2204,0.30919325785655344
2205,0.3109512934914714
2207,0.2894237910366018
2209,0.06235230989283827
2211,0.10030563783216517
2220,0.05840141531031475
2226,0.32726091619408976
2229,0.17550758006611838
2234,0.15003293150555883
2237,0.319134218419032
2240,0.17472039993108052
2249,0.06545604871098767
2252,0.29272245065009395
2264,0.33007977077289213
2269,0.22591334804637805
2272,0.06211240737549338
2283,0.13349090323926258
2284,0.2653398273812758
2287,0.32952499620153214
2290,0.13717565596660658
2298,0.07161104767161727
2328,0.22917452289153503
2329,0.31481597310682413
2330,0.3346716548939465
2336,0.17467916668591185
2338,0.24872657805514287
2341,0.36856913089941157
2353,0.3493919234191551
2356,0.05863007239715909
2366,0.21219767131255118
2401,0.1641047135385695
2404,0.04904146865703087
2408,0.16333252731086567
2409,0.18670428036782405
2410,0.22049679902195066
2421,0.3841440521426613
2425,0.2832125649234696
2427,0.35558440714811984
2429,0.3346903972781141
2432,0.3020636549192103
2435,0.11930291842441296
2436,0.1643146282412463
2447,0.154433643308104
2449,0.06307951439853993
2454,0.0795953033270016
2460,0.06497249519946438
2472,0.2866986483786373
2479,0.12224547273872126
2483,0.28837046904638447
2484,0.19667897722180416
2492,0.31801717232264487
2493,0.07634537391234517
2495,0.17013226428685965
2498,0.35805840185823895
2501,0.18828988606840036
2510,0.1963078780152863
2512,0.044243418310133245
2516,0.05600613861369945
2517,0.23309917813622397
2538,0.04957000389055631
2561,0.23121369428896654
2563,0.16978740441817639
2567,0.28332876770530846
2569,0.1022211094940907
2576,0.20925136852140933
2588,0.21406816125247455
2592,0.04206555326986175
2593,0.28826176321821256
2604,0.13119683541715216
2613,0.11195215535389245
2620,0.1350240302641697
2626,0.07353401628720983
2629,0.0587425267021645
2634,0.07342531045903794
2637,0.3094519027580659
2649,0.2995484269639226
2653,0.35299420965616185
2661,0.19969650107278275
2662,0.10273090234344859
2668,0.10087165783402575
2684,0.2138395041656302
2686,0.16266154995766674
2706,0.15940787206617676
2709,0.21032343289579428
2710,0.19038903309516805
2712,0.1002831469711641
2717,0.1439266627437649
2718,0.28602767102543836
2720,0.1515810524378
2726,0.312210781707532
2732,0.2964634305299407
2735,0.31732745258527834
2736,0.16630881791667562
2754,0.14025690392375492
2755,0.06392292168608053
2758,0.2922876273374064
2759,0.0852030246699382
2768,0.31541572940018625
2769,0.322009300150337
2770,0.2640241120127126
2776,0.04856166362234111
2779,0.3683704616272353
2790,0.06616076235568825
2794,0.16385356559072412
2796,0.05327349900206792
2801,0.27501089761174147
2810,0.09817275451389584
2813,0.2687921745449421
2820,0.29332595542028966
2822,0.29347964297046375
2830,0.3051486513531921
2831,0.27902551630043465
2835,0.23848948782281676
2837,0.31035903415177624
2852,0.2754232300634279
2861,0.16342998770853703
2864,0.05556006987051132
2869,0.04311137830641209
2870,0.3963303503284145
2883,0.04787194388497458
2890,0.05003856349474554
2892,0.05436805423745394
2895,0.3262788152637092
2908,0.31571185907003396
2911,0.041075955385814114
2918,0.1348066186078259
2931,0.3103402917676087
2936,0.28848292335138986
2938,0.371710354485896
2940,0.3249893392329805
2942,0.18556849188726937
2943,0.044318387846803524
2945,0.3347391274769498
2949,0.05603987490520108
2959,0.26037684405370365
2966,0.3177285396064643
2969,0.3159030313885431
2970,0.13672958722341846
2975,0.12654497566676154
2976,0.23095879786428755
2987,0.1275908007033119
2993,0.07593304146065866
2995,0.06046307756874733
2998,0.054409287482622595
3002,0.22116027942148256
3004,0.16449080665242144
3008,0.2791642099432746
3010,0.1467267749383997
3019,0.07865068716495613
3027,0.07183970475846162
3030,0.2649125010222553
3031,0.3000807106742815
3037,0.22466135678398447
3038,0.12939756653706552
3039,0.07029908077988746
3043,0.19001043693498318
3048,0.06571094513566661
3049,0.14032062802992465
3053,0.04590399354737985
3054,0.06680175189421911
3056,0.10903958885425226
3069,0.37729933344466515
3071,0.34652433864151705
3072,0.3210234507431229
3075,0.23976771842304495
3078,0.2440822152584193
3080,0.11880062252872212
3104,0.29344590667896214
3109,0.2922201547544031
3126,0.09699573278817251
3137,0.05624604113104434
3139,0.12035624041463032
3142,0.23263061853203473
3147,0.059867069752218637
3168,0.14394540512793247
3169,0.2927636838952626
3172,0.11185844343305461
3174,0.20819429805435846
3178,0.34775009056607603
3179,0.057243135968759
3181,0.10600707109593961
3190,0.21110311607716511
3192,0.3078588001038225
3196,0.29873500749105003
3197,0.31661149351007717
3206,0.3346491640329454
3208,0.05261376707936949
3210,0.11282180197926764
3214,0.377685426558517
3220,0.09373455794301552
3228,0.05702947278924871
3232,0.11616544331476193
3247,0.1783676678900894
3253,0.08854666600543248
3256,0.05835268511147908
3257,0.1614845282319434
3262,0.10751770725984566
3269,0.06610078672635203
3276,0.07788224941408581
3279,0.38854476394520643
3282,0.09869379279375426
3284,0.08103096995423736
3285,0.3135115031687613
3295,0.1595803020005184
3297,0.09696949345033792
3298,0.18051554511569282
3311,0.04794691342164485
3313,0.23847449391548267
3321,0.1293338424308958
3325,0.14407660181710547
3329,0.36648122930314436
3345,0.3429857765106801
3347,0.10914079772875712
3349,0.21909861716304999
3350,0.09946597902145808
3354,0.29363333052063784
3356,0.38332313571612175
3363,0.12923638203322443
3372,0.10606704672527584
3376,0.1405792729314371
3380,0.14558723798101147
3383,0.2079581440138471
3385,0.28744084679167303
3387,0.23890182027450324
3395,0.05762548060577741
3396,0.05037967488659529
3397,0.16199432108130127
3411,0.09185657104942514
3413,0.05159418138065375
3415,0.09927480670294889
3444,0.2895737301099424
3446,0.25535763357362873
3447,0.05714192709425413
3448,0.10647563070012883
3454,0.06843983627046463
3466,0.18648686871148024
3471,0.2935733548913016
3474,0.07351152542620876
3488,0.268376093616422
3496,0.08804062163290813
3498,0.27146483852723735
3508,0.1702784548833667
3511,0.0755656907309743
3514,0.09175536217492027
3524,0.08441959301173382
3526,0.10771637653202189
3529,0.06014070856106514
3552,0.05670710378156653
3561,0.061790038367811204
3564,0.3639135226721874
3566,0.04827303090616055
3576,0.27076012488253676
3581,0.06785882236127
3582,0.2185063578233548
3583,0.37201772958624424
3587,0.15175348237214165
3589,0.2538507458865562
3590,0.10248350287243667
3592,0.2667530031475106
3594,0.07629664371350948
3598,0.19508212609072728
3605,0.2516766293231182
3608,0.33855132841663327
3610,0.30473631890150554
3619,0.15260063813651575
3622,0.13908737915169864
3623,0.3602999910046802
3628,0.1886309974602501
3629,0.23967775497904056
3647,0.056058617289368645
3653,0.35373640806919754
3657,0.331376743757288
3658,0.10546354195508012
3661,0.050750774093113155
3665,0.30693292632594465
3668,0.07413002410373853
3670,0.09479912536373344
3672,0.046481258979740966
3675,0.13057833673962238
3680,0.045664091030034965
3697,0.07387137920222608
3698,0.04555913367869658
3699,0.2521451889273074
3703,0.047305923883114
3711,0.18760391480786734
3712,0.31630411840972905
3716,0.17421810403538968
3717,0.3350127662857963
3721,0.33762920311558886
3726,0.2281324463318182
3735,0.34300077041801413
3736,0.3797845735852848
3740,0.16338125750970137
3748,0.1064381459317937
3751,0.09738182590202443
3753,0.09609984682496273
3754,0.096174816361633
3755,0.05642971649588651
3764,0.13777916073680233
3768,0.21956342829040573
3781,0.21076200468531542
3782,0.3328573921065259
3787,0.08289396294049371
3800,0.1832144484358227
3804,0.08718596891486699
3820,0.34667427771485765
3821,0.33769667569859213
3824,0.0951964639080859
3825,0.26514115810909966
3826,0.3378728541097673
3831,0.13271496853472523
3834,0.12451330122299709
3835,0.221542624058501
3836,0.13734433742411473
3840,0.10087915478769278
3841,0.31267184435805423
3848,0.34483002711276883
3863,0.3348253424441206
3869,0.12316384956293214
3875,0.23053521998210053
3877,0.38496871704603425
3878,0.2839884996280069
3879,0.33656088721803745
3881,0.31108623865747786
3882,0.05727312378342711
3887,0.24331002903071547
3890,0.1728611554216577
3904,0.04516554361117764
3905,0.3914048517691774
3908,0.2822567033309235
3917,0.3511874438224082
3927,0.28924386414859315
3931,0.3453098321474586
3938,0.3105502064702854
3944,0.2687434443461064
3947,0.1630701339325197
3950,0.28828800255604714
3971,0.16991485263051587
3982,0.08988112375816339
3991,0.046818621894757204
3992,0.16949502322516233
3997,0.10021942286499436
4005,0.04847544865517029
4008,0.21518895582569514
4016,0.06323695042554751
4018,0.21337094456144096
4020,0.3538938440962051
4027,0.09061207674069857
4038,0.17261000747381225
4045,0.12461076162066845
4048,0.24404473049008416
4051,0.12765827328631513
4054,0.20845669143270443
4055,0.22856352116767228
4065,0.18959810448329664
4066,0.1279993846781649
4073,0.11220330330173788
4079,0.049907366805572555
4084,0.13766670643179693
4087,0.3597339710028196
4089,0.06011821770006406
4091,0.3702521969976592
4092,0.12826552653334436
4102,0.37785785649285863
4108,0.31433241959530084
4113,0.2949715367502022
4116,0.28726466838049786
4117,0.05402319436877067
4124,0.20794315010651304
4125,0.17510274456809893
4128,0.2352545523154944
4129,0.2794753335204563
4130,0.25254252747165984
4134,0.23399881257626726
4144,0.2175542447076423
4147,0.36424338863353667
4150,0.0727093513838368
4158,0.3401294371635426
4162,0.168587891831452
4163,0.13417312602296205
4166,0.044183442680797026
4167,0.17572124324562868
4168,0.22244975545221132
4175,0.053727064698923084
4179,0.08852042666759788
4180,0.3400432221963718
4189,0.21036091766412945
4192,0.3498304952086762
4195,0.2108894528976549
4197,0.2462038531461881
4198,0.19738743934333827
4202,0.1241871837384814
4208,0.2055853581782329
4222,0.2758917896676171
4225,0.04121464902865413
4227,0.2301753662060832
4229,0.18309074870031675
4230,0.23182094753599575
4244,0.38242350127607844
4247,0.15709506185989877
4249,0.25978083623717496
4258,0.23013413296091456
4266,0.3179759390774762
4283,0.10322570128547241
4286,0.1079075488505311
4287,0.166691162553694
4289,0.10575592314809419
4291,0.3174474038439508
4292,0.2690245801086199
4296,0.04799189514364702
4309,0.050784510384614776
4323,0.26731902314937117
4324,0.3233400094262344
4327,0.1653004776484604
4328,0.23498466198348136
4330,0.07144986316777618
4334,0.07014164475287987
4338,0.07110875177592643
4341,0.31187716726934933
4343,0.36988859474480834
4349,0.07701260278871061
4366,0.12273277472707805
4367,0.07119871521993076
4373,0.1022436003550918
4374,0.36094847749687803
4384,0.3369394833782223
4390,0.14554225625900935
4403,0.25779039503857915
4409,0.10144892326638687
4419,0.2939594480051535
4427,0.1230139104895916
4428,0.3370294468222267
4429,0.18936569891961882
4430,0.04647001354924043
4431,0.25645968576268174
4433,0.06377298261273999
4434,0.15507088436980132
4442,0.04595272374621553
4444,0.10305327135113077
4456,0.06935071614100848
4457,0.14779134235911762
4459,0.2356481423830133
4463,0.3347053911854481
4465,0.3030982345252601
4466,0.08970869382382175
4469,0.09367833079051283
4486,0.14990548329321934
4488,0.24848292706096445
4490,0.19372517747699533
4492,0.200311251273479
4500,0.06503247082880062
4502,0.3105839427617871
4507,0.18880342739459177
4511,0.18899459971310095
4512,0.12651498785209345
4516,0.2183901550415159
4520,0.20756830242316165
4536,0.0992485673651143
4538,0.052699982046540306
4549,0.0687322174634787
4554,0.19096629852752917
4561,0.3264812330127189
4564,0.11679143894595873
4566,0.2107620046853154
4568,0.31359396965909864
4580,0.24407096982791876
4586,0.07836205444877556
4594,0.2741524964168668
4598,0.13680080828325522
4602,0.19498841416988946
4609,0.27704632053233935
4610,0.1380715419298164
4611,0.15618793046618845
4619,0.2821367520722511
4624,0.3211658928627964
4627,0.19245069535360063
4631,0.15781851788876694
4632,0.2368251641087366
4635,0.07215082833564326
4637,0.27801342755538594
4641,0.2610590668374031
4643,0.0819118620101131
4660,0.042721536715726656
4665,0.28405972068784363
4667,0.05461545370846585
4668,0.15810340212811397
4670,0.2415519933957975
4674,0.049899869851905525
4676,0.21148920919101705
4683,0.35321162131250566
4684,0.07242821562132327
4687,0.17615231808148277
4704,0.18518239877341744
4706,0.1910262741568654
4732,0.29849135649687164
4734,0.34747270328039603
4735,0.177438045635378
4744,0.058420157694482326
4755,0.12403724466514084
4759,0.0529136452260506
4762,0.04876782984818437
4765,0.3355300560888212
4767,0.20098597710351152
4775,0.2642265297617223
4780,0.29060830971599216
4789,0.11100379071501347
4794,0.348822154940461
4795,0.145999570432698
4797,0.2202568965046058
4803,0.04350871685076455
4810,0.30973678699741297
4812,0.34973678328783836
4814,0.2008472834606715
4818,0.1294425482590677
4820,0.07252567601899465
4822,0.20955874362175747
4827,0.09672584245615953
4828,0.07511962198778616
4831,0.05274496376854247
4839,0.2541093907880686
4841,0.2184951123928543
4842,0.06444021148910543
4844,0.19139737336338328
4852,0.05300735714688844
4861,0.0810909455835736
4863,0.36672488029732275
4878,0.134289328804801
4881,0.16166445511995206
4883,0.33868627358263975
4884,0.16830300759210495
4890,0.23519457668615812
4894,0.04490689870966519
4895,0.3432819061805277
4898,0.19037029071100048
4899,0.06074421333126086
4901,0.08338876188251754
4902,0.04050993538395353
4919,0.15507088436980135
4934,0.07074140104624208
4937,0.14715410129742024
4939,0.05322102032639872
4945,0.0624422733368426
4952,0.10222860644775773
4953,0.2913467596521944
4954,0.17114435303190834
4955,0.1253267206958696
4967,0.06685797904672182
4970,0.31144984091032873
4979,0.21067953819497812
4983,0.17022972468453101
4989,0.1236136667829538
4995,0.24611014122535024
5004,0.33819897159428297
5007,0.3171737650351042
5009,0.06091664326560249
5010,0.12888777368770765
5016,0.20838921884970119
5033,0.05698823954408006
5038,0.04748585077112266
5045,0.10153888671039121
5049,0.06742774752541592
5051,0.0436586559241051
5055,0.18110030750172096
5058,0.08043496213770868
5059,0.06592460831517688
5073,0.244948113406961
5074,0.37790283821486087
5076,0.2946529162193535
5078,0.0777997829237485
5081,0.1336370938357696
5082,0.14220236340034859
5084,0.04023629657510703
5105,0.21510274085852435
5107,0.21716440311695692
5111,0.09028595925618288
5120,0.04515804665751061
5121,0.1719390301206133
5123,0.21168038150952628
5141,0.18539231347609422
5144,0.2603168684243674
5147,0.32433710426394907
5149,0.0494575495855509
5152,0.0514180029694786
5160,0.15039278528157612
5170,0.2562235317221704
5171,0.25644844033218117
5176,0.3394622082871771
5178,0.3598239344468239
5192,0.04204306240886067
5195,0.080794815913726
5204,0.21737056934280016
5208,0.16301765525685052
5211,0.10238229399793179
5216,0.0579515980902931
5217,0.2957249805937385
5225,0.2902072226948062
5228,0.347172825133715
5239,0.04636880467473556
5241,0.07538201536613212
5243,0.2978503669583408
5246,0.327583285201772
5247,0.3510412532259012
5249,0.05866380868866072
5251,0.3476676240757388
5255,0.2621573705496226
5257,0.3337682719770697
5259,0.09014351713650934
5260,0.29487782482936437
5269,0.25892618351913377
5281,0.20513179248137772
5284,0.302952043928753
5286,0.0860464319574788
5292,0.07597802318266081
5293,0.24643625870986594
5299,0.17275994654715282
5301,0.1294425482590677
5303,0.11010790475180367
5305,0.1673171581848908
5319,0.10293332009245831
5325,0.049157671438869795
5331,0.1479262875251241
5333,0.09673333940982656
5335,0.2197171158405798
5339,0.10234106075276314
5340,0.1399007986245711
5341,0.11049024938882208
5343,0.09634349781914112
5347,0.35528452900143875
5353,0.26909580116845666
5355,0.14750270964293705
5363,0.18725155798551704
5365,0.3263837726150476
5373,0.12041996452080006
5377,0.2700441658073356
5379,0.07944911273049457
5385,0.2885991261332288
5386,0.04982490031523525
5387,0.23578683602585335
5389,0.05295487847121925
5390,0.088820304814279
5396,0.07610547139500029
5397,0.04396228254761972
5404,0.1701472581941937
5407,0.21622728390857845
5410,0.04326881433341967
5411,0.05028596296575744
5412,0.11819711775852638
5413,0.047692016996965916
5418,0.3044439377084915
5424,0.17057458455321428
5427,0.3292138726243505
5428,0.19789723219269614
5433,0.260204414119362
5441,0.3362685060250234
5448,0.13767420338546393
5456,0.2600957082911901
5460,0.04838173673433245
5465,0.33609607609068176
5468,0.07718128424621873
5470,0.27948657895095685
5475,0.14969182011370907
5487,0.31856444994033783
5501,0.06472134725161896
5504,0.19999263074263035
5508,0.23432118158394943
5510,0.10011071703682246
5514,0.0542743423166161
5528,0.2737064276736786
5540,0.15260813509018278
5543,0.15140862250345838
5545,0.11155106833270648
5546,0.14739400381476514
5548,0.05916985306118507
5551,0.3895531042134216
5553,0.15609796702218412
5556,0.188601009645582
5560,0.2670903660625268
5563,0.2155263187407114
5569,0.056482195171555706
5572,0.07109750634542589
5576,0.06430901479993245
5582,0.21685327953977526
5586,0.06950065521434902
5598,0.04545042785052468
5605,0.16994484044518396
5608,0.20885402997705688
5610,0.1995540589531092
5622,0.09237011237561651
5628,0.34170379743361834
5632,0.2154513492040411
5640,0.06039935346257759
5641,0.09147422641240674
5647,0.05160167833432078
5654,0.3478400540100804
5665,0.2590573802083068
5667,0.1493956904438615
5674,0.09136177210740132
5691,0.18667804102998942
5694,0.20154824862853857
5706,0.21387698893396534
5716,0.09009478693767367
5722,0.08203556174561907
5738,0.25246755793498954
5745,0.2673415140103722
5746,0.10596583785077096
5755,0.27515333973141487
5756,0.048070613157150804
5760,0.2616550746539318
5761,0.3264025149992152
5762,0.0642677815547638
5763,0.046867352093592884
5765,0.34604453360682735
5773,0.23564064542934626
5781,0.26021191107302905
5786,0.23606422331153334
5789,0.30435772274132067
5802,0.16304764307151864
5808,0.24164945379346883
5811,0.13775292139896772
5812,0.3851673863182105
5813,0.1639885107567306
5821,0.24155199339579747
5829,0.32816804758780016
5838,0.26247973955730486
5842,0.33549631979731953
5861,0.1795896713378149
5864,0.15860944650063835
5871,0.2904583706426516
5875,0.3063781517545846
5879,0.307971254408828
5881,0.2996946175604296
5891,0.06331941691588482
5903,0.038594463722028
5909,0.22046681120728254
5914,0.35869189444310273
5918,0.1934740295291499
5933,0.06544105480365361
5945,0.0640203820837519
5948,0.05988956061321972
5949,0.05064581674177476
5950,0.22648686500190565
5952,0.25491531330727407
5955,0.2918153192563836
5959,0.3462506998326706
5961,0.18625071467096888
5964,0.08665743368134154
5966,0.34986797997701136
5978,0.19974148279478493
5980,0.18322194538948974
5983,0.32304013127955333
5985,0.20774822931117035
5995,0.2082017950080255
6009,0.28886901646524177
6016,0.09624978589830327
6021,0.2369076305990739
6023,0.1199176686251092
6029,0.28695354480331625
6033,0.22403910962962117
6036,0.056737091596234634
6039,0.2159386511923979
6046,0.3679168959303802
6047,0.10352932790898701
6051,0.22577090592670454
6054,0.04295394227940451
6061,0.33636221794586124
6065,0.12242165114989641
6068,0.12022879220229085
6069,0.37346089316714703
6070,0.2505183499815624
6072,0.1019174828705761
6076,0.2211602794214826
6082,0.07671272464202952
6104,0.3121920393233645
6110,0.20154450015170502
6122,0.15216206634699464
6123,0.2236155317474341
6126,0.043823588904779706
6128,0.25990453597268093
6131,0.06597333851401257
6139,0.1325462870772171
6140,0.2856640687725875
6142,0.3719202691885729
6143,0.09788037332088176
6147,0.28280398094861653
6152,0.3505464542838773
6164,0.21069453210231215
6171,0.35579807032763017
6173,0.28214050054908457
6175,0.33755048510208513
6176,0.05406067913710581
6179,0.27442988370254673
6181,0.1973986847738388
6191,0.08407473314305056
6200,0.1660576699688302
6201,0.3039228994286331
6208,0.3285728830858196
6219,0.20920638679940717
6223,0.05930854670402508
6224,0.16931134786032015
6237,0.08722345368320211
6255,0.11853448067354264
6265,0.2854166693015756
6273,0.15733496437724365
6279,0.1404743155800987
6284,0.27031780461618216
6295,0.18570343705327585
6306,0.057925358752458495
6311,0.36360239909500586
6327,0.11780352769100744
6330,0.193372820654645
6338,0.26844731467625876
6343,0.33443175237660167
6345,0.3762347660239472
6351,0.1718265758156079
6357,0.04814933117065459
6360,0.20702852175913566
6389,0.06984176660619879
6392,0.31055770342395245
6404,0.18778384169587597
6406,0.05176661131499538
6407,0.30322568273759953
6414,0.08272902995981912
6419,0.17454047304307185
6425,0.19095130462019513
6428,0.0592035893526867
6431,0.13566876827953406
6435,0.2626821573063146
6436,0.07732747484272577
6440,0.10157262300189282
6446,0.20103095882551364
6465,0.13756549755729203
6473,0.16679611990503238
6476,0.07468105019826504
6477,0.10561722950525418
6478,0.3399232709376993
6494,0.16909768468080985
6501,0.17476163317624915
6502,0.36187809975158947
6503,0.19060644475151187
6514,0.043415004929926705
6516,0.13818774471165532
6534,0.27068515534586646
6541,0.05154919965865158
6553,0.24799562507260764
6557,0.14251348697753025
6559,0.2247025900291531
6560,0.35621789973298373
6562,0.1809466199515469
6575,0.2950390093332055
6583,0.05043965051593151
6588,0.32021752822391747
6590,0.09593866232112164
6594,0.10757393441234837
6602,0.27738743192418913
6603,0.16321257605219322
6606,0.1115848046242081
6614,0.32296516174288303
6618,0.12184063724070177
6628,0.2501509992518781
6633,0.0637504917517389
6639,0.10600332261910608
6648,0.25124180601043056
6654,0.1291689094502212
6656,0.05893744749750722
6657,0.3578672295397297
6663,0.05403443979927121
6664,0.1170838201389728
6666,0.04548041566519279
6670,0.11737245285515335
6671,0.12348621857061431
6683,0.07276932701317303
6694,0.1569863560317269
6695,0.31367268767260237
6699,0.20968994031093047
6701,0.1847963056595655
6706,0.03854573352319232
6707,0.04810809792548595
6720,0.14468010658730118
6721,0.07814839126926529
6726,0.3019099673690362
6735,0.16441583711575117
6745,0.21857383040635808
6746,0.1205699035941406
6751,0.05313855383606142
6759,0.3404518061712248
6760,0.10415907201701732
6765,0.27593302291278576
6774,0.08287522055632615
6776,0.2524225762129874
6779,0.2683648481859215
6789,0.18845856752590848
6792,0.38114527067585025
6797,0.05123807608146994
6807,0.18807622288889006
6808,0.3116072769373363
6811,0.28771448560051954
6813,0.08931135527946929
6814,0.19406254039201157
6817,0.20742211182665463
6826,0.19468478754637483
6830,0.07053523482039883
6832,0.30888963123303886
6838,0.3602737516668456
6840,0.17499778721676054
6850,0.13773417901480015
6851,0.19320788767397043
6854,0.3702971787196614
6856,0.3617281606782489
6858,0.1083723599778868
6866,0.165056826654282
6871,0.3065355877815922
6872,0.22086789822846847
6879,0.29545134178489196
6881,0.04512431036600899
6882,0.28777820970668927
6883,0.27230074886111094
6894,0.3039266479054666
6899,0.054904086424646406
6903,0.2698305026278254
6908,0.29839389609920025
6914,0.310415261304279
6915,0.24453578095527448
6917,0.25439052655058214
6922,0.06791879799060621
6933,0.07231201283948435
6944,0.21949595570740246
6948,0.3000619682901139
6957,0.11006667150663503
6964,0.15558817417282622
6987,0.14426402565878116
6989,0.03868067868919882
6991,0.1391098700126997
6992,0.10898336170174955
7019,0.13163540720667327
7021,0.06580465705650444
7023,0.11834330835503343
7033,0.06794878580527432
7034,0.1579384691474394
7043,0.15218455720799573
7047,0.13554881702086163
7050,0.1218781220090369
7057,0.09753551345219849
7069,0.07823085775960259
7070,0.08755331964455133
7072,0.33037964891957333
7081,0.11592554079741706
7082,0.08094100651023305
7088,0.26972929375332044
7093,0.2915529258780376
7100,0.2676676314948879
7104,0.09790286418188285
7109,0.05426309688611555
7111,0.2873208955330006
7113,0.04108720081631466
7119,0.14385169320709462
7122,0.04879406918601897
7134,0.3901003818311146
7147,0.08491064347692412
7155,0.21046587501546782
7156,0.2619999345226151
7163,0.3841590460499953
7173,0.09270747529063277
7177,0.18519364420391798
7179,0.32746333394309957
7191,0.3280331024217936
7196,0.3308744478615971
7197,0.04602394480605229
7205,0.052966123901719786
7209,0.08355369486319214
7215,0.08586275659263662
7216,0.09980334193647433
7217,0.23556567589267602
7224,0.15765358490809234
7230,0.2693769369309702
7235,0.34902457268947074
7237,0.35171597905593366
7245,0.22626570486872835
7246,0.13237385714287547
7252,0.08670991235701074
7257,0.14974804726621177
7258,0.17491906920325673
7261,0.1085073051438933
7269,0.18473258155339578
7270,0.21462293582383457
7283,0.31481972158365756
7299,0.15039653375840967
7301,0.04467074466915382
7304,0.21838640656468242
7311,0.2850230792340566
7314,0.28889525580307646
7332,0.19588430013309927
7333,0.328276753415972
7335,0.27132239640756384
7336,0.0882242969977503
7337,0.3178072576199681
7344,0.1369619927870963
7348,0.30087538776298645
7351,0.17026346097603262
7352,0.07862069935028802
7371,0.24801061897994173
7373,0.19629288410795226
7376,0.09908363438443968
7383,0.36655619883981466
7390,0.05677457636456978
7391,0.0890414649474563
7392,0.2357905845026868
7395,0.04787194388497458
7400,0.2283236186503274
7403,0.21278618217541284
7404,0.14949315084153286
7414,0.1461345155987045
7429,0.20435585777684037
7435,0.2676638830180544
7436,0.14764140328577705
7438,0.14830863216214252
7441,0.04323507804191804
7443,0.38635190499760086
7444,0.3582758135145827
7452,0.09612983463963083
7456,0.11396133893665583
7462,0.09639972497164383
7483,0.0996871391546354
7490,0.3261176307598681
7492,0.23007415733157835
7504,0.08809310030857731
7507,0.24706225434106271
7511,0.06430151784626542
7519,0.27216955217193795
7520,0.39194838091003686
7522,0.05716066947842169
7530,0.060620513595754905
7536,0.2732940952219921
7541,0.2775898496731989
7543,0.07584307801665433
7545,0.24731715076574168
7558,0.3260051764548627
7560,0.23176097190665954
7561,0.19057270846001023
7571,0.14834986540731113
7579,0.1827421403548
7580,0.12781945779015624
7581,0.196903885831815
7586,0.20310761499128027
7590,0.34713534036537985
7592,0.2355394365548414
7594,0.15244320210950818
7595,0.30073669412014636
7601,0.1578672480876026
7602,0.22156136644266858
7603,0.20524799526321663
7611,0.24690856679088866
7617,0.0413720850556617
7618,0.3352039386043055
7619,0.24895898361882068
7625,0.055177725233492916
7628,0.14255472022269886
7630,0.05315354774339548
7631,0.04626759580023068
7633,0.3185532045098374
7634,0.17393696827287614
7641,0.34760389996956903
7642,0.3328648890601929
7646,0.10196246459257825
7662,0.2965946272191136
7666,0.1678569388489168
7674,0.10831238434855059
7676,0.1184707565673729
7679,0.2800563474296509
7681,0.2133259628394388
7686,0.061756302076309576
7696,0.3546697788007425
7707,0.06907707733216195
7708,0.048160576601155136
7712,0.05165790548682348
7715,0.16838172560560874
7716,0.08232794293863313
7717,0.35487594502658576
7719,0.061647596248137676
7723,0.09019224733534503
7726,0.2953351390030531
7734,0.3488521427551291
7739,0.10036936193833491
7743,0.19051648130750753
7751,0.06748772315475213
7752,0.318062154044647
7755,0.23962152782653792
7758,0.05843515160181638
7761,0.2225509643267162
7767,0.06162885386397011
7773,0.12662369368026533
7779,0.08670991235701073
7785,0.088419217793093
7792,0.07848575418428153
7800,0.209015214480898
7801,0.18938818978061991
7802,0.12842671103718545
7808,0.34189122127529403
7811,0.15090257813093402
7816,0.07567064808231268
7822,0.09068329780053533
7823,0.07362397973121416
7832,0.1682430319627687
7833,0.2597133636541717
7838,0.08328005605434563
7840,0.15221454502266385
7857,0.18750270593336246
7877,0.07430995099174718
7885,0.3712080585902052
7900,0.21094193157332405
7907,0.1976160964301826
7910,0.04637255315156907
7918,0.3058608619515597
7919,0.07422748450140988
7928,0.1845976363873893
7933,0.2742574537682051
7941,0.2024029013465797
7947,0.0943792959583799
7955,0.2417918959131424
7956,0.27438865045737815
7957,0.1585382254408016
7964,0.20376734691397871
7968,0.17119683170757757
7980,0.07859446001245343
8004,0.3892457291130735
8016,0.20475319632119282
8017,0.06906583190166143
8024,0.3509550382587303
8031,0.13160541939200512
8032,0.05603987490520108
8035,0.1712268195222457
8036,0.22035060842544363
8037,0.059349779949193736
8052,0.2638366881710369
8055,0.059207337829520215
8059,0.22077418630763068
8063,0.14785506646528734
8064,0.18923450223044583
8068,0.14976678965037937
8070,0.07026534448838584
8072,0.28589647433626536
8085,0.30761514910964416
8089,0.20070484134099797
8097,0.049015229319196274
8100,0.24016880544423094
8102,0.31625163973405984
8105,0.08184813790394338
8114,0.1736333416493615
8117,0.22395289466245036
8120,0.147487715735603
8126,0.14603705520103316
8128,0.084603268376576
8135,0.08221923711046124
8137,0.15875563709714535
8148,0.09918109478211105
8169,0.051762862838161866
8173,0.053295989863069
8178,0.21208896548437925
8179,0.3632987724714912
8182,0.042789009298729905
8184,0.11396883589032286
8186,0.22411033068945793
8189,0.27182844078008817
8196,0.26359303717685845
8216,0.2810909270357007
8219,0.15875563709714535
8221,0.21774166854931803
8227,0.08229045817029801
8232,0.20727217275331408
8245,0.17830019530708616
8248,0.17328098482701124
8249,0.2746547923125576
8250,0.21018473925295428
8256,0.04445708148964353
8258,0.3219005943221651
8259,0.0492401379292071
8268,0.18548977387376556
8271,0.25243007316665445
8273,0.29190903117722145
8275,0.24645125261719997
8277,0.2794415972289547
8283,0.19721126093216312
8288,0.06851855428396841
8299,0.0568645398085741
8300,0.12836673540784926
8301,0.055046528544319934
8307,0.31092880263047035
8315,0.21937600444873
8324,0.13421810774496423
8326,0.14554225625900932
8351,0.0633456562537194
8367,0.04637630162840258
8368,0.2659508291051387
8371,0.3600938247788369
8383,0.1667061564610281
8386,0.262532218232974
8402,0.04882780547752059
8404,0.2655047603619505
8421,0.31442987999297217
8422,0.06604081109701582
8425,0.3055534868512116
8429,0.19601174834543872
8433,0.28229418809925866
8437,0.11646157298460952
8440,0.042252977111537436
8455,0.33081822070909445
8479,0.3465880627476868
8482,0.06542231241948604
8485,0.29891868285589224
8489,0.08182189856610877
8490,0.04643252878090529
8492,0.05549634576434158
8496,0.22728154209061058
8497,0.32284521048421055
8498,0.19276181893078229
8500,0.28549163883824585
8501,0.23108249759979355
8508,0.2938095089318129
8512,0.3572974610610356
8522,0.35381887455953487
8536,0.048737842033516256
8545,0.19335407827047746
8546,0.16694231050153943
8554,0.24313010214270678
8556,0.211058134355163
8557,0.22384418883427842
8559,0.22541105215068724
8560,0.22499497122216716
8563,0.20690482202362973
8565,0.22405035506012172
8574,0.11586931364491436
8578,0.07712880557054955
8585,0.04113218253831682
8602,0.32375983883158793
8605,0.10200744631458042
8609,0.19964402239711354
8614,0.09847263266057694
8619,0.2460126808276789
8629,0.20094099538150934
8632,0.2972506106649786
8635,0.05012852693874986
8639,0.0428677273122337
8642,0.07114248806742804
8643,0.1419924486976718
8655,0.2537457885352178
8657,0.15396133522708125
8662,0.28267278425944353
8666,0.2712549238245606
8674,0.06196621677898635
8676,0.28263155101427484
8686,0.21715315768645638
8691,0.134967803111667
8702,0.29776415199116996
8714,0.04887278719952275
8718,0.254746631849766
8731,0.2603206169012009
8738,0.2601481869668593
8745,0.058881220345004516
8749,0.17440552787706537
8754,0.22714284844777055
8760,0.2153126555612011
8762,0.06721783282273913
8767,0.03710256994228952
8768,0.2262282201003932
8769,0.04489190480233113
8771,0.2653735636727775
8795,0.11540075404072513
8796,0.062292334263502044
8811,0.21142173660801383
8815,0.34478504539076665
8820,0.23245818859769307
8825,0.30687669917344196
8832,0.12014257723512003
8839,0.08868535964827248
8841,0.3336370752878967
8848,0.16715972215788322
8849,0.08641003421032964
8856,0.254600441253259
8875,0.21587492708622819
8879,0.07521708238545752
8882,0.13719064987394064
8885,0.16124462571459852
8892,0.2119615172720398
8897,0.14214613624784586
8905,0.05777167120228444
8921,0.062134898236494464
8928,0.15279181045502496
8935,0.18126898895922905
8939,0.06098411584860574
8941,0.2391342258381811
8942,0.03855697895369286
8949,0.10391167254600542
8951,0.05644096192638705
8958,0.27692636927366693
8964,0.07630788914401002
8972,0.045562882155530095
8978,0.32569030440084756
8979,0.08715598110019887
8988,0.32044243683392826
8997,0.18020442153851113
8998,0.04044246280095029
8999,0.2851917606915648
9006,0.06692170315289155
9012,0.32188560041483105
9024,0.14891588540917172
9026,0.1748515966202535
9030,0.26927572805646527
9034,0.0645114325489422
9036,0.3236811208180842
9038,0.07564440874447809
9040,0.3123232360125374
9041,0.09333347092182956
9042,0.07649531298568571
9046,0.07073765256940856
9051,0.30754392804980746
9054,0.33132051660478523
9057,0.060144457037898655
9062,0.08167195949276823
9072,0.18992797044464585
9075,0.13304858297290795
9079,0.24064111352525366
9081,0.07216582224297732
9091,0.12861413487886114
9110,0.06226234644883394
9113,0.28646624281495947
9116,0.22486377453299417
9120,0.07756737736007066
9126,0.35564813125428957
9133,0.22447393294230875
9135,0.3052536087045305
9144,0.11728998636481607
9146,0.23034404766359132
9153,0.12433337433498844
9155,0.07563691179081106
9160,0.09399695132136149
9165,0.28199056147574403
9172,0.2777585311307069
9174,0.05599489318319891
9179,0.09569875980377676
9180,0.14309824936355836
9195,0.385995799698417
9199,0.140279394784756
9204,0.10612327387777855
9205,0.05042465660859745
9210,0.2530935535661864
9228,0.12472321592567387
9233,0.33457794297310867
9235,0.21341967476027665
9237,0.049097695809533576
9239,0.05603987490520108
9240,0.0572168966309244
9241,0.3764296868192899
9242,0.14892338236283875
9246,0.0704190320385599
9248,0.21654590443942714
9253,0.22096161014930635
9254,0.1874127424893581
9260,0.12114716902650173
9261,0.054521741787628
9262,0.24534920042814692
9263,0.3566339806615037
9268,0.19452735151936726
9275,0.06739026275708077
9278,0.19683266477197822
9287,0.15869940994464266
9292,0.307577664341309
9308,0.3402868731905502
9309,0.2926399841597566
9310,0.2939144662831514
9312,0.09560504788293891
9314,0.062389794661173406
9316,0.07029908077988745
9318,0.17524893516460593
9322,0.3113073987906552
9325,0.3061157583762386
9327,0.24504182532779883
9336,0.1364671938450725
9340,0.2747335103260614
9342,0.2881268180522061
9346,0.1201575711424541
9351,0.3631713242591517
9357,0.15548696529832134
9372,0.213517135157948
9374,0.0599382908120554
9378,0.36461823631688806
9385,0.0916279139625808
9413,0.08644751897866476
9418,0.259518442858829
9420,0.17634349039999198
9422,0.07892432597380264
9423,0.13256502946138465
9425,0.1843502369163774
9426,0.33734057039940835
9434,0.2761092013239609
9436,0.1565365388117052
9439,0.05631351371404758
9446,0.08018006571302974
9460,0.19676144371214147
9461,0.2816981802827299
9467,0.1843502369163774
9472,0.2810871785588672
9483,0.12206929432754611
9485,0.25719438722205046
9492,0.08856165991276654
9500,0.14527611440382984
9507,0.29561627476556657
9514,0.3058308741368916
9516,0.313683933103103
9520,0.09315729251065441
9542,0.16542042890713288
9544,0.38040682073964804
9548,0.34606327599099485
9556,0.06865349944997493
9558,0.28651497301379514
9565,0.31976021405022875
9571,0.30759640672547656
9575,0.21884372073837108
9587,0.18251348326795563
9602,0.35730120953786915
9609,0.05508401331265507
9618,0.1041778144011849
9622,0.266749254670677
9624,0.19846700067139023
9648,0.2826577903521095
9658,0.3174211645061162
9668,0.13907988219803158
9702,0.050634571311274225
9705,0.19474476317571104
9706,0.07284804502667681
9707,0.26013319305952526
9708,0.09523394867642104
9710,0.3470903586433776
9726,0.25250129422649126
9753,0.06505121321296818
9757,0.10453017122353521
9761,0.06108532472311061
9765,0.3617618969697506
9768,0.32751956109560226
9769,0.26470258631957855
9775,0.04376361327544349
9778,0.2780958940457232
9788,0.09672959093299302
9789,0.32440832532378583
9792,0.24845668772312984
9815,0.1285466622958579
9816,0.07040028965439232
9822,0.06507745255080277
9823,0.2941731111846638
9827,0.11077138515133561
9835,0.24464448678344636
9840,0.043714883076607806
9841,0.19298297906395956
9849,0.20345247485996357
9853,0.23186967773483141
9869,0.08761704375072107
9873,0.05903490789517858
9881,0.04061114425845841
9892,0.29435303807267243
9898,0.20718220930930972
9899,0.2732191256853218
9915,0.19417499469701696
9936,0.34459762154909096
9940,0.25331096522253016
9941,0.049599991705224424
9947,0.03973400067941618
9957,0.207796959510006
9962,0.07081637058291235
9963,0.1993628866346
9964,0.2364653103327193
9965,0.27956904544129413
9968,0.3141374987999581
9971,0.10813620593737544
9973,0.32287519829887873
9980,0.06874721137081276
10002,0.35913796318629093
10005,0.07557693616147484
10007,0.10787756103586299
10010,0.30718782275062356
10013,0.27616167999963015
10014,0.07673146702619707
10017,0.22918201984520203
10024,0.2838123212168317
10030,0.09797783371855313
10037,0.2926737204512582
10046,0.10635193096462288
10051,0.1519559001211514
10063,0.2024328891612478
10067,0.16289770399817807
10073,0.07965527895633782
10096,0.05147423012198131
10099,0.08056615882688166
10100,0.05907239266351372
10101,0.21194652336470574
10103,0.0702016203822161
10110,0.30976302633524755
10113,0.2683123695102523
10116,0.06880718700014898
10124,0.3396683745130204
10127,0.10800126077136893
10129,0.3571625158950292
10139,0.30224358180721894
10140,0.3587968517944411
10145,0.3723213562097588
10149,0.10727780474250077
10151,0.3496880530890027
10165,0.05613358682603893
10166,0.041919362673354714
10168,0.20375235300664465
10174,0.09738557437885795
10186,0.08223048254096177
10189,0.18214613253827128
10193,0.2730354503204796
10197,0.054135648673776085
10201,0.13656840271957738
10206,0.2538207580718881
10211,0.14153888300081663
10216,0.21344216562127774
10224,0.11519833629171537
10234,0.34773134818190854
10236,0.1986581729898994
10239,0.3182158415948211
10247,0.07159980224111673
10250,0.04961123713572497
10253,0.25101689740041977
10254,0.1682955106384379
10263,0.30650559996692406
10264,0.3249143696963102
10265,0.2075008298401584
10275,0.04681112494109018
10280,0.20846043990953794
10286,0.28784568228969254
10287,0.3417150428641189
10293,0.19824584053821293
10294,0.1285729016336925
10303,0.06472134725161897
10308,0.33189403356031283
10311,0.21247505859823118
10318,0.25509149171844925
10323,0.3015838498845205
10324,0.18371674433151355
10327,0.11073764885983399
10330,0.19035154832683293
10331,0.14183126419383071
10333,0.06351433771122754
10334,0.3212183715384656
10335,0.32293142545138137
10338,0.21618605066340982
10339,0.2599307753105155
10348,0.07075639495357613
10354,0.3865618197002776
10356,0.11871065908471777
10367,0.08921014640496441
10375,0.15671646569971387
10384,0.3048037914845088
10386,0.07648781603201868
10389,0.16871908852062498
10393,0.15346278780822392
10404,0.25488157701577246
10408,0.058615078489825036
10416,0.14211614843317777
10434,0.3463406632766749
10448,0.3478475509637474
10449,0.08631632228949179
10452,0.052868663504048424
10453,0.23010039666941293
10454,0.2919765037602247
10461,0.1402531554469214
10462,0.05918859544535265
10472,0.08745585924687997
10474,0.34869470672812153
10476,0.30037309186729555
10478,0.044719474867989495
10483,0.10334940102097837
10492,0.13460045238198265
10493,0.3478700418247485
10499,0.07916422849114751
10501,0.05316479317389602
10509,0.1829895398258119
10512,0.19588055165626575
10513,0.10920077335809333
10516,0.1755600587417876
10517,0.21776415941031912
10525,0.18682048314966296
10529,0.1350802574166724
10532,0.2140531673451405
10537,0.195948024239269
10541,0.29883246788872136
10545,0.11183970104888703
10548,0.1157231230484073
10552,0.0431938447967494
10554,0.3172000043729388
10557,0.21368206813862264
10564,0.33327722151187944
10574,0.06014820551473216
10591,0.19066642038084808
10596,0.22198119584802212
10600,0.35850072212459355
10606,0.040288775250776225
10611,0.12186687657853637
10622,0.051144364160632096
10626,0.12101222386049523
10629,0.08690858162918697
10630,0.2235293167802633
10631,0.301025326836327
10633,0.06005449359389432
10638,0.19825708596871344
10639,0.3570425646363567
10640,0.0941843751630372
10657,0.3372468584785705
10663,0.1994041198797687
10664,0.183566805258173
10667,0.2140306764841394
10671,0.24611763817901727
10672,0.14208241214167613
10675,0.14674176884573376
10679,0.3151121027766717
10681,0.1863106903003051
10683,0.07508213721945102
10688,0.1398670623330695
10701,0.3126605989275537
10704,0.3152620418500122
10709,0.3545985577409057
10715,0.22037309928644472
10718,0.05862257544349206
10724,0.18914828726327498
10731,0.06741650209491537
10733,0.1432819247284005
10737,0.3111537112404812
10744,0.05290239979555005
10750,0.1259302254660653
10770,0.11791223351917934
10776,0.29649716682144234
10780,0.05897868074267587
10782,0.382442243660246
10789,0.2768513997369967
10793,0.3091257852735502
10795,0.33094566892143384
10807,0.18297079744164432
10813,0.18081917173920742
10815,0.1673471459995589
10817,0.1873490183831884
10819,0.15181345800147789
10824,0.2715135687260731
10828,0.30036934339046206
10830,0.062251101018333393
10832,0.2270453880500992
10836,0.2917553436270474
10839,0.31059893666912114
10843,0.150085410181228
10844,0.11878562862138806
10866,0.3790048904039139
10872,0.11974898716760109
10873,0.07813714583876474
10878,0.3698661038838073
10889,0.07163728700945188
10899,0.34343559373070176
10901,0.31155854673850064
10904,0.3232912792273987
10910,0.19779977179502478
10911,0.10777635216135811
10917,0.126395036593421
10920,0.2202868843192739
10921,0.052055244031175944
10922,0.08277776015865479
10929,0.049866133560403904
10930,0.05590118126236107
10933,0.26058675875638043
10934,0.07273933919850492
10939,0.33485158178195523
10942,0.05307108125305818
10943,0.04397352797812026
10945,0.3253117082406626
10946,0.18295955201114378
10949,0.09882124100609373
10951,0.16070484505057253
10952,0.31348526383092673
10953,0.058273967097975284
10955,0.04433713023097109
10956,0.30697790804794683
10959,0.34788503573208257
10963,0.09903490418560401
10965,0.18679049533499484
10971,0.08231294903129908
10975,0.29512147582354276
10979,0.13076201210446453
10983,0.2408435312742634
10984,0.13335220959642258
10989,0.078890589682301
10992,0.1439304112205984
11001,0.07320415032586063
11003,0.07778478901641445
11004,0.06051555624441653
11008,0.049907366805572555
11016,0.07853823285995072
11017,0.0449106471864987
11021,0.3566264837078367
11028,0.3637073564463442
11034,0.2792841612019471
11035,0.060294396111239205
11036,0.09475414364173129
11041,0.11704633537063765
11047,0.3596177682209806
11056,0.356986337483854
11058,0.26637065851049213
11059,0.09771169186337364
11060,0.10316197717930267
11064,0.2578466221910819
11066,0.08328755300801266
11069,0.16751957593390057
11071,0.1526418713816844
11072,0.24747083831591574
11077,0.22691419136092625
11080,0.11914173392057185
11092,0.14109656273446203
11097,0.053415941121741445
11098,0.18692544050100135
11114,0.11630038848076842
11121,0.0528349272125468
11124,0.3161316884753875
11131,0.25346840124953773
11143,0.32479441843763773
11146,0.09711193557001145
11154,0.19685890410981283
11164,0.30512616049219105
11172,0.29097940892251006
11173,0.07803593696425987
11174,0.11003293521513341
11175,0.19484222357338243
11180,0.26202992233728317
11184,0.0593947616711959
11188,0.13588617993587787
11189,0.07750365325390092
11190,0.0983526814019045
11197,0.0506008350197726
11201,0.33135050441945335
11204,0.33118557143877875
11211,0.16015007047921248
11212,0.21777915331765316
11218,0.21229513171022252
11219,0.1647532000307674
11227,0.18330441187982704
11241,0.20074607458616658
11251,0.06662932195987747
11254,0.051511714890316446
11260,0.08908644666945847
11264,0.1484735651428171
11273,0.08380859128787108
11276,0.07708007537171385
11278,0.07133366038593726
11282,0.2648262860550845
11283,0.179203578223963
11291,0.272855523432471
11293,0.2693994277919713
11302,0.3483236075216037
11304,0.06863100858897384
11305,0.2915791652158723
11315,0.291504195679202
11321,0.10243852115043452
11325,0.22865348461167662
11335,0.2126362431020723
11341,0.21601362072906818
11343,0.1801819306775101
11344,0.33255001700617776
11361,0.17102815025006943
11375,0.1509737991907708
11377,0.08891776521195034
11379,0.35186216965244066
11380,0.3399907435207026
11391,0.258300187887937
11393,0.2840522237341766
11394,0.3125256537615472
11398,0.2576554498725726
11399,0.26581213546229865
11408,0.12241040571939585
11412,0.22155761796583506
11420,0.2955225628447287
11421,0.3340306653554157
11430,0.07871441127112586
11437,0.17180783343144032
11446,0.38210488074522975
11471,0.12969369620691312
11472,0.23969649736320814
11475,0.07747366543923281
11483,0.16340749684753597
11492,0.19432118529352402
11497,0.19585806079526463
11498,0.1027608901581167
11502,0.2726643511139618
11504,0.38093535597317346
11511,0.362151738560436
11512,0.1470903771912505
11514,0.0782346062364361
11522,0.29761421291782936
11524,0.24829175474245527
11533,0.31703881986909777
11534,0.09247881820378843
11541,0.14336813969557133
11542,0.1534515423777234
11547,0.12925887289422552
11548,0.0935621280086739
11566,0.3430157643253482
11572,0.21417686708064643
11574,0.10193247677791013
11576,0.1833418966481622
11577,0.057059460603916826
11580,0.18948565017829125
11598,0.08869285660193951
11603,0.12462200705116899
11613,0.305928334534563
11614,0.215143974103693
11620,0.17413938602188586
11621,0.32338873962507014
11622,0.05834893663464556
11626,0.06798252209677595
11630,0.29379451502447884
11636,0.212422579922562
11637,0.06491251957012817
11639,0.09778666140004391
11647,0.19815212861737508
11653,0.12302140744325862
11654,0.056384734773884344
11660,0.17612607874364816
11664,0.2735115068783359
11667,0.2333315836999018
11679,0.10628820685845315
11687,0.33162414322829986
11691,0.06863850554264085
11696,0.25720188417571743
11702,0.3504864786545411
11703,0.05880625080833424
11705,0.3134552760162586
11711,0.24483191062512208
11716,0.1045564105613698
11717,0.2998632990179377
11722,0.06695169096755967
11724,0.13822897795682398
11728,0.29950719371875384
11737,0.1177360551080042
11738,0.1723776019101344
11744,0.1762910117243228
11747,0.04273653062306071
11753,0.07632288305134408
11757,0.26251722432563995
11758,0.08977991488365851
11760,0.09536514536559404
11762,0.1924357014462666
11764,0.22235229505454
11768,0.07234574913098597
11773,0.09009478693767367
11774,0.3577022965590551
11783,0.1189355676947286
11785,0.1055385114917504
11787,0.272184546079272
11791,0.13282742283973065
11796,0.0552564432469967
11797,0.09309356840448467
11798,0.04401101274645539
11803,0.05897493226584236
11808,0.20255284041992025
11810,0.1804630664400236
11814,0.23365395270758396
11822,0.15733871285407716
11824,0.07782977073841663
11829,0.2990948612670674
11846,0.24445331446493718
11847,0.17747927888054663
11850,0.3787837302707366
11853,0.05239260694619218
11854,0.08561535712162471
11857,0.17810902298857695
11862,0.1283105082553465
11883,0.06566221493683091
11890,0.16672489884519562
11909,0.040397481078948125
11913,0.2963059945029331
11917,0.24545790625631883
11919,0.14270465929603943
11920,0.07474102582760128
11921,0.20356492916496896
11928,0.12128961114617524
11929,0.29717189265147476
11935,0.06174130816897552
11936,0.04526675248568251
11939,0.05316104469706251
11942,0.052816184828379235
11943,0.1536951933719018
11946,0.16537169870829718
11947,0.179758352795323
11952,0.35357897204218997
11956,0.21325474177960205
11959,0.3803805814018134
11969,0.15047525177191345
11973,0.3408041629935751
11974,0.23921294385168484
11975,0.30325567055226765
11993,0.3019736914752059
11994,0.29421059595299887
11995,0.0942143629777053
12002,0.2689271197109485
12006,0.10027939849433057
12007,0.1466143206333943
12014,0.28460699830553665
12017,0.35575683708246153
12021,0.26082291279689174
12023,0.33029718242923595
12024,0.18285084618297187
12027,0.3434318452538682
12034,0.22787754990713927
12040,0.14138144697380906
12048,0.19880061510957295
12052,0.08149203260475957
12057,0.3393722448431728
12058,0.35864316424426707
12061,0.13359586059060094
12062,0.19504838979922567
12064,0.08473071658891546
12071,0.3133465701880867
12080,0.35610919390481177
12085,0.0675327048767543
12090,0.35519831403426794
12100,0.2936895576731405
12103,0.2685410265970966
12104,0.19838453418105295
12109,0.05547760338017402
12114,0.26405409982738065
12123,0.08757581050555241
12124,0.08335502559101592
12128,0.3767782951648067
12132,0.21581495145689197
12135,0.1490095973300096
12140,0.3877800746711696
12149,0.04574655752037227
12155,0.14784382103478677
12158,0.3148497093983257
12161,0.3383339167602895
12163,0.2738826060848537
12164,0.1862619601014694
12174,0.05608860510403676
12175,0.21200275051720846
12179,0.3788624482842403
12183,0.2055591188403983
12184,0.2752657940364204
12186,0.07870691431745884
12190,0.18578590354361316
12193,0.31934788159854227
12195,0.05681580960973843
12196,0.047167230240273986
12205,0.2486890932868077
12213,0.30508117877018887
12220,0.268237399973582
12221,0.266340670695824
12222,0.08497061910626036
12224,0.21214519263688197
12230,0.25997575703251763
12239,0.14077419372677982
12242,0.14964683839170692
12244,0.22533983109085043
12245,0.32067484239760613
12247,0.25482909834010326
12254,0.33869751901314027
12258,0.20675113447345567
12266,0.07439991443575152
12267,0.32662367513239243
12272,0.3392522935845004
12273,0.1810365833955512
12276,0.30148264101001565
12277,0.17227639303562953
12283,0.20271777340059485
12289,0.06354057704906213
12297,0.2766677243721545
12300,0.3928217760122456
12302,0.08654123089950261
12310,0.08863662944943682
12312,0.17861506736110133
12314,0.05220143462768298
12315,0.03910800504821939
12327,0.1304209007126148
12329,0.18501746579274284
12332,0.24410470611942037
12342,0.0830251596296667
12346,0.2212539913423204
12347,0.38468758128352076
12349,0.07444489615775368
12350,0.15785225418026855
12354,0.21199150508670792
12356,0.041424563731330896
12359,0.1961204541736106
12360,0.31765731854662754
12369,0.2286497361348431
12372,0.07274308767533844
12373,0.03956906769874158
12375,0.2834299765798133
12376,0.29384324522331456
12379,0.06177129598364363
12382,0.18306450936248214
12387,0.08520677314677172
12389,0.23094380395695355
12394,0.3480912019579258
12395,0.21151170005201816
12396,0.29101314521401167
12404,0.32879779169583045
12405,0.21115184627600084
12412,0.3928667577342478
12419,0.11041902832898533
12431,0.15766857881542637
12440,0.29659462721911367
12444,0.335500068274153
12447,0.05378329185142579
12452,0.17190154535227814
12454,0.21693949450694608
12456,0.26220235227162486
12461,0.07782977073841663
12469,0.1938826135040029
12472,0.09046588614419153
12473,0.04618512930989338
12474,0.15666398702404466
12476,0.30128397173783944
12479,0.36394725896368907
12481,0.20632005963760158
12487,0.08115466968974333
12493,0.20055115379082386
12501,0.2415932266409662
12504,0.1584370165662967
12507,0.21458170257866593
12510,0.19311417575313256
12512,0.3898005036844335
12520,0.2977753974216705
12526,0.2025978221419224
12529,0.2546641653594286
12532,0.13999451054540896
12533,0.3182495778863227
12544,0.373183505881467
12546,0.19831706159804968
12551,0.27561440238193713
12555,0.37282365210544965
12576,0.16901521819047255
12581,0.18608578169029427
12588,0.18256971042045833
12593,0.09929354908711646
12594,0.1291126822977185
12598,0.13026346468560718
12599,0.32959246878453535
12601,0.20672489513562103
12610,0.3531478972063359
12622,0.05718316033942278
12624,0.16191935154463097
12625,0.2193385196803949
12629,0.3979234529826579
12632,0.04485442003399599
12634,0.06243852486000908
12635,0.18144516737040423
12638,0.29296235316743885
12640,0.054570471986463684
12641,0.26898334686345127
12643,0.1527168409183547
12644,0.06417781811075947
12647,0.15799469629994206
12651,0.3593441294121342
12657,0.26724780208953436
12658,0.3053323267180343
12660,0.24735463553407683
12661,0.11760860689566473
12666,0.15646531775186845
12673,0.10255847240910694
12678,0.2465861977832065
12681,0.296021110263586
12682,0.37991202179762423
12684,0.054311827084951234
12689,0.2703477924308503
12699,0.2594884550441609
12701,0.2619137195554443
12710,0.0993610216701197
12712,0.2214376667071626
12713,0.254746631849766
12715,0.14806123269113058
12716,0.17249380469197334
12717,0.2633793739973482
12718,0.23645781337905228
12720,0.126387539639754
12724,0.18430900367120873
12725,0.30588710128939434
12726,0.1712005801844111
12741,0.27694136318100093
12742,0.35810713205707456
12743,0.33686826231838557
12748,0.1198314536579384
12749,0.059975775580390536
12751,0.23776228331711505
12752,0.2416119690251337
12756,0.18434648843954385
12760,0.17064580561305104
12761,0.25784287371424836
12764,0.27956904544129413
12767,0.07068142541690586
12774,0.29621603105892885
12782,0.08885778958261412
12783,0.38122398868935403
12784,0.2536220887997118
12785,0.26144515995125506
12787,0.35052021494604274
12798,0.15817462318795072
12805,0.14434649214911843
12806,0.1409841084294566
12809,0.10247975439560315
12815,0.2061363842727594
12820,0.06332691386955185
12824,0.11587681059858136
12829,0.1936389625098245
12833,0.19511586238222892
12841,0.2346472990684651
12843,0.1121808124407368
12847,0.17994577663699868
12848,0.21714566073278935
12849,0.1920346144250806
12852,0.2028114853214327
12855,0.26973679070698753
12864,0.3117272281960088
12872,0.07245445495915787
12873,0.3381464929186138
12874,0.31515708449867386
12877,0.3794659530544361
12879,0.18487502367306932
12885,0.1735471266821907
12893,0.21848011848552024
12894,0.34042556683339015
12895,0.3696486922274635
12901,0.05845389398598395
12912,0.12167195578319366
12919,0.29462292840468546
12924,0.1327636987335609
12929,0.210109769716284
12931,0.2277013714959641
12945,0.13487783966766265
12958,0.05412440324327554
12962,0.2741150116485316
12964,0.2934196673411275
12974,0.2945442103911816
12976,0.059361025379694274
12980,0.18695167983883593
12984,0.1894706562709572
12987,0.09548509662426646
12991,0.2549115648304406
12995,0.11442615006401155
13001,0.37040963302466684
13005,0.28273650836561326
13006,0.31284427429239586
13015,0.19065517495034753
13017,0.22057551703545444
13033,0.3371269072198981
13034,0.2455853544686583
13035,0.18376922300718276
13038,0.36575402479744273
13044,0.05677082788773626
13045,0.20075357153983364
13052,0.06018943875990082
13059,0.2762853797351361
13060,0.05088946773595316
13061,0.18350308115200328
13066,0.377801629340356
13080,0.3662713146004676
13082,0.32055114266210016
13105,0.2714086113747346
13106,0.3731235302521308
13121,0.32958872030770187
13123,0.2910243906445122
13125,0.07242821562132329
13129,0.17565377066262544
13130,0.10182002247290474
13132,0.350865074814726
13133,0.2510468852150879
13135,0.3260876429452
13141,0.15157355548413298
13145,0.3881661677850215
13149,0.07038529574705826
13153,0.32685608069607036
13158,0.24322381406354462
13159,0.24989610282719915
13169,0.39821583417567197
13170,0.1909962863421973
13178,0.20897398123572933
13179,0.08229795512396504
13180,0.19950532875427354
13181,0.20903770534189905
13183,0.06819243679945272
13196,0.160423709288059
13200,0.32907143050467696
13202,0.10255097545543992
13204,0.06523863705464386
13208,0.17590866708730435
13212,0.20157448796637314
13213,0.2221498773055302
13218,0.25475412880343296
13225,0.11056147044865886
13229,0.2347185201283019
13232,0.19897304504391458
13233,0.273950078667857
13234,0.05323601423373278
13249,0.07865443564178964
13253,0.23663399179022743
13255,0.32726466467092336
13257,0.37311978177529725
13266,0.04400351579278837
13269,0.06731904169724401
13270,0.3271971920879201
13274,0.2771625233141783
13281,0.1817675363780864
13287,0.10185375876440636
13305,0.2718846679325909
13308,0.04870785421884814
13309,0.07154357508861403
13310,0.3547372513837458
13314,0.3166414813247453
13315,0.05473540496713829
13324,0.10076670048268736
13326,0.24323131101721165
13333,0.29118932362518685
13336,0.10177878922773609
13345,0.19833580398221726
13348,0.3140175475412857
13350,0.3696187044127954
13354,0.2896037179246105
13360,0.30185748869336704
13364,0.2928424019087664
13366,0.2506008164718997
13368,0.21182657210603328
13375,0.10169257426056529
13376,0.14790754514095653
13380,0.10208616432808423
13382,0.03796097113716417
13384,0.31340279734058935
13387,0.26301952022133085
13390,0.09442052920354854
13398,0.2011771494220207
13403,0.1140587993343272
13404,0.09952970312762782
13405,0.15109375044944323
13409,0.3183845230523293
13411,0.1399757681612414
13414,0.25269246654500044
13416,0.1635799267818776
13417,0.07067767694007235
13418,0.18730403666118625
13422,0.07452361417125747
13430,0.3877425899028345
13435,0.038676930212365304
13439,0.20233168028674292
13446,0.14350683333841135
13448,0.0760267533814965
13449,0.13684953848209092
13451,0.16347122095370567
13455,0.23994389683422007
13468,0.2611377848509069
13470,0.06006948750122838
13474,0.061152797306113865
13478,0.280757312597518
13485,0.21704070338145096
13488,0.31977895643439636
13489,0.13726936788744445
13500,0.17810902298857695
13505,0.054937822716148034
13506,0.19954656199944218
13517,0.07674646093353114
13518,0.09727312007385253
13523,0.13563128351119894
13529,0.22637815917373375
13532,0.07734996570372685
13534,0.13974336259756354
13539,0.19067391733451514
13547,0.1885485309699128
13548,0.27637909165597396
13550,0.39567811535938313
13554,0.2978316245741732
13555,0.3585269614624282
13556,0.29095691806150903
13558,0.07288927827184546
13562,0.16346747247687218
13566,0.21155293329718683
13574,0.08572781142663013
13576,0.21785412285432343
13577,0.3307732389870922
13580,0.06813620964695001
13586,0.36280772200630085
13598,0.37735181212033425
13600,0.11696386888030036
13602,0.1215782438623558
13604,0.15423122555909424
13616,0.2266892827509154
13623,0.15758611232508907
13627,0.32796937831562395
13630,0.081195902934912
13633,0.30623945811174463
13635,0.23576809364168572
13636,0.3148122246299906
13640,0.182618440619294
13642,0.36534169234575614
13647,0.30532857824120074
13648,0.389388171232747
13652,0.16085103564707956
13659,0.05688703066957519
13660,0.1251992724835301
13666,0.2807310732596834
13667,0.07239447932982165
13672,0.1560417398696814
13673,0.24641376784886485
13675,0.10579715639326284
13678,0.21719064245479153
13682,0.10108532101353604
13684,0.25175909581345546
13689,0.13886996749535485
13690,0.15539325337748353
13696,0.2281624341464863
13706,0.2249200016854969
13710,0.4007235651772927
13711,0.18357805068867356
13712,0.22030937518027496
13717,0.05549634576434158
13718,0.14102534167462522
13719,0.18322944234315675
13720,0.10080043677418898
13722,0.12142455631218174
13723,0.25620478933800284
13726,0.1487434554748301
13733,0.04570907275203713
13739,0.3084435624898507
13743,0.25926354643415006
13750,0.21161665740335656
13751,0.11039653746798425
13754,0.34206365120963567
13756,0.08492188890742466
13760,0.057220645107757914
13762,0.308810913219535
13763,0.16376360214671978
13766,0.08129711180941684
13767,0.047819465209305384
13769,0.09983707822797595
13770,0.13606985530072002
13774,0.28254158757027054
13776,0.16128211048293364
13780,0.08621886189182043
13784,0.07160355071795024
13789,0.21780914113232128
13790,0.2756631325807728
13792,0.09214895224243921
13795,0.24530421870614477
13797,0.1342668379437999
13800,0.13147047422599864
13804,0.15098504462127132
13815,0.16889151845496658
13816,0.28743709831483955
13817,0.3287902947421634
13820,0.37095691064235975
13824,0.3159217737727107
13830,0.3421761055146411
13838,0.17008353408802399
13840,0.06432400870726651
13841,0.059717130678878086
13842,0.2839735057206728
13843,0.07015289018338042
13849,0.2719746313765953
13852,0.2530710627051853
13855,0.03689265523961275
13858,0.14603330672419962
13863,0.04810809792548595
13871,0.376043593705438
13872,0.2407648132607596
13873,0.12636879725558642
13874,0.2315585541576498
13877,0.30446268009265903
13879,0.22030187822660793
13885,0.27604547721779116
13886,0.28323130730763707
13892,0.11802468782418475
13895,0.07036280488605719
13906,0.2889889677239142
13907,0.26508867943343045
13908,0.05434181489961934
13909,0.14598457652536395
13911,0.11145360793503511
13918,0.33003478905089
13919,0.18399413161719355
13927,0.35164475799609685
13930,0.0661757562630223
13931,0.24994483302603482
13933,0.3159292707263777
13938,0.3058608619515597
13943,0.054926577285647496
13944,0.0885804022969341
13946,0.20101221644134606
13949,0.09936477014695322
13952,0.3598164374931569
13957,0.314917181981329
13958,0.0940494299970307
13965,0.09991204776464623
13970,0.043531207711765635
13972,0.2942705715823351
13981,0.24129709697111856
13983,0.09493781900657347
13985,0.1347991216541589
13986,0.1246782342036717
13993,0.31191090356085094
13995,0.17100940786590188
13998,0.10849231123655925
14000,0.051627917672155375
14002,0.04401101274645539
14003,0.08942755806130823
14019,0.29372329396464214
14021,0.39565937297521553
14026,0.25124180601043056
14031,0.08096724584806764
14032,0.2667080214255084
14034,0.14294081333655076
14035,0.18614575731963048
14043,0.09038341965385421
14046,0.281289596307877
14048,0.2432987836002149
14057,0.28434085645035717
14065,0.14231481770535398
14067,0.07731622941222524
14082,0.05765921689727903
14086,0.24021003868939958
14103,0.37036839977949815
14104,0.3253192051943297
14106,0.34637439956817656
14107,0.2405511500812493
14111,0.05911737438551588
14116,0.0531310568823944
14118,0.07719627815355279
14119,0.23056145931993513
14122,0.11410752953316287
14123,0.11502215788054022
14124,0.07174224436079026
14125,0.2768513997369967
14126,0.3104190097811125
14127,0.16280024360050674
14133,0.2595821669649987
14137,0.1960079998686052
14139,0.15902552742915835
14143,0.13917359411886945
14148,0.16201306346546884
14149,0.1377979031209699
14150,0.07148359945927782
14162,0.05929730127352455
14163,0.20509805618987612
14164,0.1311630991256505
14173,0.11576435629357595
14174,0.33447673409860385
14178,0.19483847509654892
14181,0.07745867153189875
14186,0.10683173599931264
14187,0.25579995383998333
14188,0.12363240916712136
14192,0.2824216363115981
14193,0.15610921245268466
14198,0.3824010104150773
14200,0.28687482678981246
14201,0.12970869011424718
14208,0.37605858761277206
14214,0.1293825726297315
14220,0.10560973255158716
14224,0.2872421775194968
14229,0.13061956998479102
14233,0.09948846988245917
14241,0.06222861015733231
14242,0.2530748111820188
14246,0.15525830821147701
14247,0.12277775644908022
14250,0.08706976613302805
14251,0.3709681560728604
14254,0.33118931991561223
14257,0.06265593651635287
14259,0.2737401639651802
14261,0.19360147774148936
14281,0.11030282554714638
14282,0.2498398756746964
14285,0.059361025379694274
14286,0.2107657531621489
14293,0.24941254931567586
14297,0.05801532219646283
14298,0.11700510212546902
14301,0.06705289984206453
14308,0.13240759343437708
14311,0.2547016501277638
14313,0.3878550442078399
14314,0.05591242669286161
14315,0.04183689618301741
14320,0.18523862592592016
14325,0.04522551924051386
14333,0.18499497493174175
14336,0.24447580532593824
14338,0.2469273091750563
14354,0.17987455557716195
14359,0.28849416878189044
14361,0.13957468114005542
14362,0.22555724274719421
14363,0.2945554558216822
14369,0.06866849335730896
14370,0.37467914813803893
14376,0.132246408930536
14382,0.3694575199089543
14387,0.13658714510374492
14389,0.33310104310070426
14390,0.1809241290905458
14392,0.2088502815002234
14393,0.1017825377045696
14396,0.19996639140479575
14407,0.15036654594374158
14412,0.1051824061925666
14413,0.3259077160571914
14414,0.051410506015811576
14416,0.23032530527942374
14417,0.17701821623002448
14423,0.32800686308395904
14427,0.26632192831165646
14430,0.34358553280404225
14433,0.1563940966920317
14434,0.14734152513909593
14435,0.3592129327229612
14436,0.12755331593497676
14438,0.04476445658999166
14439,0.16762078480840545
14442,0.11356774886913688
14444,0.0990648920002721
14446,0.1397058778292284
14449,0.37692823423814725
14451,0.11817837537435882
14459,0.2531460322418556
14464,0.1963116264921198
14467,0.18559847970193746
14469,0.30764888540114577
14470,0.0661420199715207
14471,0.256395961656512
14476,0.0478232136861389
14477,0.2385831997436546
14479,0.05257628231103435
14480,0.3112736624991536
14481,0.03700136106778465
14485,0.1271859652052924
14486,0.17955968352314677
14493,0.16341124532436946
14504,0.3276057760627731
14508,0.13952969941805327
14509,0.2665693277826684
14516,0.29756548271899375
14520,0.17514397781326754
14522,0.2783695328545698
14523,0.16725343407872106
14529,0.2847869251935453
14532,0.06528361877664603
14537,0.05118184892896724
14540,0.15149858594746274
14541,0.14958686276237068
14544,0.2108707105134873
14548,0.10186125571807339
14550,0.3418949697521275
14554,0.06243477638317557
14555,0.0751308674182867
14564,0.21466791754583675
14571,0.08761704375072107
14572,0.2576292105347381
14576,0.13286490760806574
14580,0.06230357969400259
14581,0.16256783803682887
14582,0.33710816483573053
14583,0.162459132208657
14586,0.14685047467390566
14591,0.1278681879889919
14593,0.28496310360472044
14594,0.145860876789858
14601,0.19809590146487238
14602,0.11722251378181281
14604,0.3121245667403612
14610,0.3422248357134768
14620,0.13125681104648834
14622,0.30315821015459626
14628,0.06294831770936696
14629,0.38044430550798314
14630,0.15106751111160865
14632,0.3994678254380655
14634,0.16106095034975634
14646,0.04766577765913132
14648,0.24983612719786294
14651,0.14288458618404806
14658,0.38098033769517564
14661,0.21063080799614242
14666,0.06352933161856159
14672,0.33430055568742867
14673,0.13669959940875037
14680,0.14246100830186104
14685,0.3559067761558021
14688,0.25599862311215954
14694,0.2088315391160558
14695,0.35091380501356173
14702,0.29879123464355273
14705,0.040397481078948125
14706,0.17440927635389888
14707,0.19498466569305595
14711,0.2481942943447839
14713,0.0664456465950353
14714,0.16590398241865612
14717,0.24892524732731908
14722,0.3800807032551323
14726,0.1849275023487385
14735,0.11914548239740537
14736,0.2621311312117881
14742,0.3382814380846203
14744,0.4049256077076616
14746,0.2165871376845958
14748,0.2230345178382395
14751,0.24222671922583
14753,0.2982439570258597
14754,0.24587398718483885
14759,0.3299373286532187
14764,0.30392289942863304
14766,0.24102345816227205
14767,0.3165252785429064
14768,0.2952939057578844
14770,0.14899835189950902
14773,0.34595082168598945
14777,0.1637148719478841
14778,0.14775760606761595
14779,0.11166727111454541
14782,0.1885560279235798
14783,0.31374765720927267
14784,0.17055959064588022
14793,0.04721221196227615
14795,0.13274120787255983
14797,0.23843700914714758
14800,0.053295989863069
14802,0.21590866337772982
14803,0.07460608066159477
14805,0.3364709237740331
14808,0.3794472106702685
14809,0.08760579832022053
14812,0.3996177645114061
14813,0.3069854050016138
14814,0.28844918705988826
14818,0.30469508565633696
14819,0.09555631768410323
14820,0.04144705459233198
14821,0.3765796258926305
14822,0.19588430013309927
14826,0.2570032149035413
14827,0.1424047811493583
14831,0.31659275112590957
14832,0.20308512413027918
14839,0.2631019867116682
14842,0.3168588929810891
14848,0.14024940697008792
14849,0.04523301619418088
14855,0.16773698759024436
14856,0.3197452201428947
14865,0.06161760843346957
14866,0.08739588361754376
14869,0.12603143434057018
14873,0.3269610380474087
14877,0.16857289792411792
14881,0.06549728195615631
14882,0.37074324746284953
14883,0.27365394899800943
14885,0.2808135397500207
14889,0.3342480770117595
14890,0.33837889848229163
14892,0.25577371450214875
14893,0.05338970178390685
14894,0.08307014135166886
14897,0.29987829292527174
14901,0.11161104396204269
14904,0.05097568270312398
14908,0.2700254234231681
14914,0.19286302780528713
14916,0.10536983003424227
14917,0.05602113252103351
14918,0.16647749937418374
14923,0.17350214496018854
14927,0.20089226518267364
14929,0.23899553219534114
14931,0.18019692458484415
14935,0.38929071083507566
14948,0.3758524213869288
14950,0.16931134786032015
14951,0.2195296919989041
14952,0.05932354061135914
14954,0.37589740310893094
14960,0.06989799375870148
14962,0.05217519528984839
14970,0.15912673630366325
14973,0.17707444338252717
14976,0.2970594383464694
14978,0.23642407708755067
14982,0.2138657435034648
14985,0.05922233173685427
14986,0.16225296598281372
14987,0.10999170196996476
14988,0.35406252555371326
14991,0.10988299614179284
14997,0.2209203769041377
14998,0.2295418736212194
14999,0.23263061853203473
15000,0.12154075909402066
15005,0.3172562315254416
15006,0.14891588540917172
15009,0.32829174732330607
15015,0.2087790604403866
15018,0.19164477283439518
15029,0.292861144292934
15037,0.37427056416318594
15041,0.2375823564291064
15042,0.17081823554739267
15047,0.15966651696768924
15050,0.27127366620872817
15053,0.3309081841530987
15056,0.3305783181917495
15057,0.31888681894802
15058,0.14963184448437283
15060,0.12672115407793672
15062,0.25128303925559925
15066,0.0830513989675013
15067,0.2946191799278519
15068,0.08064112836355194
15069,0.07283305111934275
15072,0.25675581543252934
15077,0.22025689650460578
15089,0.2668017333463462
15093,0.19278056131494986
15099,0.1279469060024957
15101,0.34225107505131136
15103,0.2871334716913249
15104,0.1964465716581263
15105,0.13291363780690146
15108,0.1358449466907092
15109,0.11351901867030122
15112,0.2458065146018356
15114,0.3132566067440824
15117,0.04817182203165568
15122,0.14816244156563546
15130,0.05343093502907549
15132,0.06165884167863822
15133,0.13316103727791337
15134,0.056433464972720025
15136,0.2656696933426251
15137,0.3698623554069738
15142,0.08247038505830667
15145,0.1480312448764625
15146,0.05175911436132836
15147,0.14295580724388485
15150,0.3682280195075618
15163,0.34211238140847133
15165,0.06791879799060621
15167,0.13226140283787005
15168,0.04242165856904556
15173,0.18795252315338412
15181,0.19915297193192327
15183,0.33288363144436045
15185,0.3065018514900906
15186,0.32743709460526493
15189,0.10867973507823492
15190,0.0759180475533246
15191,0.11570812914107323
15193,0.2806973369681818
15196,0.11042652528265234
15199,0.2696093424946481
15200,0.2867248877164719
15201,0.33530514747881035
15204,0.3381614868259479
15207,0.06985301203669932
15209,0.313698927010437
15212,0.15855696782496914
15213,0.1761598150351498
15214,0.23733495695809448
15215,0.3071128532139533
15216,0.31718501046560477
15222,0.22376172234394115
15223,0.1111499813115205
15231,0.1447175913556363
15236,0.23113497627546273
15240,0.34779132381124467
15241,0.22144141518399613
15242,0.34929446302148376
15243,0.2667230153328425
15247,0.31251815680788014
15250,0.1293525848150634
15253,0.21658338920776227
15254,0.22379545863544276
15255,0.28557035685174964
15260,0.11960654504792757
15265,0.0600732359780619
15275,0.12007885312895031
15280,0.24828050931195467
15281,0.2799026598794768
15282,0.33689450165622015
15283,0.3375879698704203
15284,0.3541599859513846
15292,0.31488344568982735
15293,0.11953907246492432
15300,0.34238602021731784
15301,0.15863568583847293
15302,0.4002175208047683
15303,0.17511024152176594
15306,0.14296705267438536
15311,0.2279112861986409
15313,0.29052959170248843
15320,0.2054878977805615
15322,0.05835268511147908
15324,0.23976396994621144
15327,0.3299635679910532
15329,0.20602018149092047
15340,0.38034309663347826
15349,0.23078261945311243
15355,0.10790005189686408
15356,0.2741862327083684
15359,0.39719250000012274
15360,0.12138332306701309
15361,0.09095693660938184
15364,0.27594426834328634
15367,0.0828639751258256
15368,0.3731235302521308
15372,0.3767520558269721
15374,0.07637911020384679
15377,0.3178072576199681
15383,0.30142641385751295
15386,0.05024098124375528
15391,0.23850073325331725
15394,0.05016226323025149
15395,0.29381700588547993
15396,0.07904052875564156
15397,0.19197089031891088
15400,0.09707070232484279
15404,0.2001163304781363
15408,0.13324725224508416
15409,0.06643065268770125
15411,0.3791135962320858
15414,0.3011940082938351
15416,0.11140112925936592
15421,0.09661338815115411
15423,0.1199176686251092
15425,0.06449643864160814
15426,0.31918669709470116
15428,0.3090320733527123
15429,0.14888964607133715
15437,0.3281005750047969
15438,0.07451611721759044
15449,0.13942474206671487
15456,0.2840109904890079
15459,0.3544973488664009
15460,0.2750746217179111
15465,0.3352301779421401
15466,0.28048367378867145
15468,0.3298248743482132
15469,0.06616451083252176
15470,0.15184344581614598
15473,0.36219672028243816
15474,0.2851730183073972
15484,0.11234199694457789
15486,0.23919420146751735
15488,0.13535764470235245
15489,0.04228296492620555
15493,0.17929354166796732
15494,0.1651317961909523
15511,0.04784195607030647
15512,0.317091298544767
15517,0.3394846991481782
15518,0.24644750414036645
15522,0.054585465893797744
15524,0.2763266129803047
15526,0.15763109404709125
15527,0.17189779687544465
15528,0.10889339825774523
15534,0.2259545812915467
15537,0.3254953836055048
15538,0.25539886681879737
15541,0.05527143715433076
15544,0.2536370827070459
15545,0.21639971384292012
15546,0.043062648107576415
15547,0.06342062579038969
15548,0.3251130389684864
15549,0.3477051088440739
15550,0.14977428660404637
15551,0.07926543736565239
15552,0.0563997286812184
15553,0.20825802216052822
15562,0.10972556011478526
15563,0.36583649128778
15564,0.301726292004194
15567,0.27210957654260176
15568,0.22095786167247283
15569,0.0587425267021645
15573,0.05657215861556003
15574,0.11092507270150968
15579,0.24030000213340388
15581,0.05383202205026147
15582,0.25586367794615306
15586,0.26354805545485627
15589,0.16940131130432448
15591,0.1287640739522017
15594,0.1393272816690435
15596,0.20217799273656883
15598,0.2306064410419373
15600,0.1631188641313554
15603,0.27243194555028394
15617,0.05313855383606142
15619,0.26580463850863156
15625,0.10602581348010719
15633,0.06796752818944189
15636,0.2945966890668508
15637,0.2934646490631297
15640,0.1660089397699945
15641,0.16702852546871028
15642,0.15131865905945405
15643,0.09941350034578889
15650,0.11937788796108324
15653,0.0912455693255624
15655,0.343101979292519
15661,0.32630880307837734
15663,0.2561897954306688
15665,0.07089134011958263
15667,0.2600844628606896
15671,0.05162416919532185
15673,0.3728161551517827
15676,0.046856106663092346
15679,0.2722932519074439
15684,0.3826671522702569
15685,0.04449456625797867
15690,0.14456015532862873
15695,0.12351245790844892
15699,0.3603224818656813
15701,0.0864587644091653
15705,0.3751851925105633
15709,0.06035062326374191
15717,0.3079974937466626
15718,0.3901078787847817
15724,0.30135519279767614
15725,0.20432586996217225
15728,0.2351158586726544
15729,0.21811651623266942
15731,0.16182938810062664
15732,0.17878749729544294
15733,0.22866098156534367
15739,0.36920262348427535
15742,0.05742681133360117
15743,0.06261845174801774
15744,0.12350121247794837
15745,0.06449643864160814
15748,0.07313292926602386
15751,0.3576048361613838
15752,0.22002823941776142
15760,0.06563597559899632
15761,0.07092132793425074
15764,0.2631394714800033
15766,0.3600263521958337
15770,0.06110031863044467
15773,0.06214989214382852
15777,0.278838092458759
15778,0.35000292514301784
15780,0.08437835976656516
15782,0.3985457001370212
15783,0.3080724632833328
15785,0.2223298041935389
15787,0.26203741929095026
15788,0.35326035151134133
15793,0.3770331915894857
15795,0.14804623878379652
15798,0.3422548235281449
15801,0.34509991744478186
15809,0.17668460179184173
15810,0.14019317981758517
15814,0.21018099077612074
15833,0.3830794847219433
15835,0.320922241868618
15837,0.05057084720510449
15841,0.14292581942921673
15842,0.06279463015919289
15845,0.19953531656894166
15849,0.07354901019454389
15850,0.08289771141732723
15851,0.054296833177617174
15853,0.11889058597272645
15854,0.29462292840468546
15857,0.07324163509419576
15861,0.3832706570404526
15868,0.3727074493236108
15871,0.2192785440510587
15873,0.11304296211244495
15876,0.16788317818675141
15883,0.1728349160838231
15884,0.11382639377064933
15887,0.09847638113741046
15888,0.1305296065407867
15890,0.1845751455263882
15891,0.3203862096814255
15892,0.18512617162091474
15893,0.15058770607691888
15897,0.15263062595118387
15898,0.3868729432774593
15902,0.335331386816645
15903,0.07571562980431484
15905,0.294101890124827
15910,0.24752706546841843
15911,0.2187425118638662
15912,0.18449642751288445
15916,0.06410659705092271
15917,0.04808935554131838
15924,0.3365383963570364
15930,0.3514610826312547
15932,0.3336333268110632
15937,0.16787193275625087
15940,0.1966864741754712
15942,0.2182252220608413
15943,0.38041056921648153
15946,0.1787237731892732
15948,0.05088946773595316
15949,0.06361179810889889
15952,0.125169284668862
15954,0.04730967235994751
15956,0.21018473925295428
15957,0.09929729756394998
15960,0.08302890810650021
15962,0.14042933385809658
15965,0.17322100919767502
15968,0.3121695484623634
15969,0.2225172280352146
15975,0.13241134191121062
15977,0.3716616242870604
15982,0.2500760297152078
15988,0.2833924918114782
15990,0.06257347002601557
15991,0.05929355279669103
15992,0.0730879475440217
15993,0.36115839219955487
15997,0.2581352549072624
16003,0.1278307032206568
16009,0.24416468174875658
16014,0.2765027913914799
16015,0.28326129512230513
16016,0.057486786962937395
16019,0.22499122274533365
16026,0.14026065240058844
16029,0.3152507964195117
16030,0.2831600862478003
16031,0.04860664534434327
16032,0.20134957935636233
16037,0.07801344610325879
16045,0.3319914939579842
16049,0.2824666180336003
16051,0.1896655770662999
16055,0.35174221839376824
16061,0.3252254932734919
16064,0.29432305025800437
16065,0.059709633725211056
16076,0.39243568289839376
16078,0.3797171010022815
16085,0.24897022904932123
16087,0.07640909801851489
16088,0.3446800880394283
16091,0.20383107102014844
16092,0.21664711331393202
16093,0.2518078260122911
16095,0.24363239803839765
16101,0.13120058389398565
16102,0.29335969171179127
16110,0.30193995518370426
16111,0.22331565360075303
16113,0.33065703620525333
16118,0.3160567189387172
16121,0.055773733050021604
16123,0.36415342518953236
16127,0.2019980658485602
16129,0.04266905804005747
16130,0.15979021670319518
16133,0.13437929224880535
16135,0.1800319916041695
16136,0.13299610429723877
16137,0.3430232612790152
16138,0.06550103043298983
16140,0.34661430208552135
16141,0.27722999589718156
16142,0.17193153316694626
16145,0.3059883101638992
16147,0.31923917577037036
16148,0.35867315205893524
16149,0.2376873137804448
16163,0.37300732747029186
16166,0.04485816851082951
16169,0.13258752032238574
16172,0.26803123374773874
16173,0.3338657323747411
16176,0.2953576298640541
16177,0.2570481966255434
16179,0.287294656195166
16181,0.05483286536480965
16182,0.39408126422830625
16197,0.33740804298241156
16198,0.17386199873620586
16199,0.14615700645970559
16203,0.10016319571249165
16204,0.09344592522683498
16218,0.09812027583822665
16219,0.35550194065778257
16226,0.2581839851060981
16227,0.1313805107819943
16228,0.2414357906139586
16229,0.322672780549869
16230,0.23912672888451408
16235,0.14399413532676814
16237,0.0573518417969309
16240,0.11883810729705724
16242,0.21029344508112618
16246,0.3145385858211441
16247,0.29811650881352025
16248,0.16876032176579361
16254,0.404213397109294
16256,0.1656790738086453
16258,0.14013320418824896
16260,0.04821680375365785
16266,0.21767044748948128
16270,0.21885496616887162
16271,0.24152200558112938
16272,0.21529016470020004
16274,0.163013906780017
16275,0.2946191799278519
16276,0.05518522218715994
16277,0.16466323658676307
16278,0.048010637527814586
16279,0.2147841203276757
16280,0.3303309187207376
16284,0.17744929106587853
16286,0.13521895105951243
16288,0.3408678870997448
16293,0.1325462870772171
16299,0.384346469891671
16300,0.2892363671949261
16307,0.14510368446948824
16314,0.2846557285043723
16315,0.1902390940218275
16319,0.24858413593546932
16320,0.32422090148211014
16321,0.20720844864714433
16325,0.04134959419466062
16329,0.05047338680743313
16333,0.06327443519388265
16335,0.30248348432456384
16336,0.3036530090966201
16342,0.2756106539051036
16343,0.3818424873668838
16346,0.28074606716701744
16347,0.16608016082983126
16348,0.3276994879836109
16350,0.07384513986439148
16352,0.148173686996136
16354,0.25661337331285583
16356,0.2650137098967602
16357,0.34451890353558723
16358,0.1631750912838581
16362,0.1476526487162776
16364,0.04965621885772713
16367,0.20503058360687285
16371,0.13292488323740198
16374,0.2564746796700158
16376,0.25648967357734986
16377,0.3446126154564251
16378,0.3262150911575395
16381,0.09668460921099087
16384,0.21736682086596665
16386,0.23587305099302414
16388,0.1286516196471963
16391,0.33901239106715547
16394,0.23064767428710595
16397,0.0696843305791912
16398,0.2930823044261113
16400,0.24285271485702678
16404,0.3212108745847986
16409,0.14521239029766012
16411,0.10339438274298052
16418,0.38317319664278116
16420,0.17448424589056916
16421,0.2665655793058349
16425,0.12420967459948247
16426,0.16920639050898176
16429,0.32857663156265315
16430,0.2759142805286182
16431,0.047751992626302135
16437,0.07365021906904876
16438,0.04585151487171066
16439,0.12784944560482436
16440,0.059248571074688866
16441,0.2664156402324943
16451,0.12932259700039525
16461,0.12245913591823156
16464,0.3670135130135033
16466,0.3697499011019684
16467,0.1498380107102161
16468,0.32732464030025954
16469,0.22064673809529123
16470,0.2944242591325092
16483,0.34159134312861295
16488,0.05655341623139247
16490,0.0688934019673198
16496,0.342423504985653
16502,0.07465481086043046
16511,0.050994425087291545
16512,0.2913954898510301
16513,0.2411096731294429
16514,0.036577783185597595
16515,0.046357559244235014
16517,0.26345809201085196
16520,0.050833240583450456
16525,0.29027469527780947
16529,0.1820674145247675
16532,0.18333065121766165
16536,0.38559096420039757
16540,0.0765740309991895
16542,0.2143043152929859
16548,0.16359492068921166
16549,0.11824959643419558
16551,0.39426868806998194
16552,0.13602862205555138
16557,0.24007134504655958
16558,0.11743992543815661
16559,0.2744786139013825
16561,0.2379384617282902
16562,0.2199757607420922
16564,0.11779977921417392
16566,0.16269903472600183
16572,0.2871259747376579
16573,0.2769226207968334
16574,0.35012287640169026
16575,0.07285554198034384
16579,0.3558505490032993
16582,0.11606423444025706
16584,0.3300010527593884
16586,0.15576060410716785
16588,0.23631537125937874
16595,0.26773510407789114
16597,0.14023066458592032
16600,0.24786067990660116
16601,0.25317602005652373
16606,0.4018518567041803
16608,0.05275620919904302
16611,0.25804529146325805
16613,0.3281043234816304
16619,0.26158010511726154
16622,0.28230543352975923
16624,0.2062675809619324
16626,0.2989599161010609
16628,0.18649811414198078
16630,0.18474757546072984
16631,0.09067205237003478
16634,0.23816711881513455
16638,0.3247194489009675
16643,0.11047900395832154
16645,0.3632200544579874
16649,0.27016786554284167
16651,0.28103844836003156
16652,0.19966276478128114
16653,0.10124275704054361
16669,0.26188748021760966
16672,0.2537795248267194
16677,0.29778664285217105
16679,0.2070285217591357
16680,0.3012502354463378
16681,0.05135802734014239
16684,0.039295428889895075
16685,0.15207959985665737
16686,0.34900957878213673
16689,0.11865818040904859
16690,0.03913049590922047
16692,0.15633412106269545
16693,0.047099757657270744
16696,0.0654672941414882
16703,0.3674108515578558
16704,0.055747493712187006
16707,0.13091569965463862
16711,0.11750739802115985
16713,0.12689733248911184
16714,0.40344121088159013
16716,0.11043027375948587
16717,0.2939819388661546
16718,0.1998426916692898
16720,0.056692109874232476
16723,0.15204586356515573
16724,0.3658177489036124
16728,0.3908200893831493
16730,0.19474101469887753
16743,0.10773137043935595
16744,0.05377204642092524
16748,0.24595270519834264
16750,0.23273557588337312
16752,0.3089571038160421
16753,0.15355275125222825
16755,0.33365581767206426
16756,0.06385170062624378
16760,0.2094875225619207
16764,0.05086697687495208
16771,0.19567438543042248
16772,0.3494743899094924
16776,0.2131572813819307
16777,0.07791973418242094
16780,0.32053989723159965
16781,0.21429681833931885
16788,0.1734084330393507
16792,0.14995796196888855
16794,0.34628068764733866
16795,0.05864506630449315
16796,0.05929355279669103
16798,0.1659002339418226
16801,0.27875187749158814
16802,0.11725999855014796
16803,0.3042565138668158
16815,0.2168382856324412
16816,0.10257721479327453
16818,0.30984924130241837
16819,0.3544973488664009
16824,0.17253503793714198
16829,0.18007322484933816
16833,0.18828613759156684
16834,0.17459295171874104
16846,0.2379946888807929
16847,0.2696543242166502
16848,0.18388167731218816
16852,0.16311136717768837
16853,0.25243382164348793
16857,0.19091381985185998
16858,0.337775393712096
16861,0.21202898985504304
16862,0.315865546620208
16867,0.1350802574166724
16869,0.19968900411911575
16870,0.22065423504895826
16872,0.2221161410140286
16877,0.10305701982796428
16883,0.1374792825901212
16890,0.08983989051299474
16893,0.1524169627716736
16894,0.0751308674182867
16897,0.1252255118213647
16901,0.13969463239872787
16902,0.09904989809293806
16906,0.040614892735291924
16910,0.06144892697596145
16911,0.39188840528070074
16921,0.10824866024238085
16926,0.3105914397154541
16928,0.2922426456154042
16932,0.3511649529614071
16933,0.18039934233385388
16935,0.2597695908066744
16943,0.26912953745995827
16947,0.046488755933407996
16948,0.19689638887814798
16949,0.06794503732844082
16953,0.2688334077901107
16954,0.21532764946853516
16956,0.18616824818063157
16958,0.05403069132243769
16962,0.21148171223735004
16969,0.07610172291816678
16970,0.04376361327544349
16979,0.17786162351756504
16981,0.23293424515554934
16983,0.2787743683525892
16984,0.11323788290778768
16985,0.13923356974820567
16987,0.3312867803132836
16989,0.39176470554519477
16990,0.24220797684166237
16992,0.24113966094411096
16995,0.1775542484172169
16997,0.39746239033213565
17000,0.31964775974522336
17002,0.26462761678290825
17003,0.33542884721431626
17006,0.37232510468659236
17007,0.30178251915669674
17008,0.04219300148220122
17014,0.2088352875928893
17015,0.27667896980265505
17018,0.33946595676401065
17020,0.09449175026338533
17024,0.3903327873947925
17026,0.36874530931058663
17028,0.21777540484081967
17035,0.19156980329772488
17038,0.2077594747416709
17041,0.38398286763882017
17046,0.3249406090341448
17052,0.08317884717984078
17053,0.09455922284638857
17056,0.10204867955974907
17063,0.15591804013417543
17068,0.13287240456173277
17073,0.06535858831331631
17077,0.24606141102651458
17078,0.1579234752401053
17081,0.2108744589903208
17083,0.23171973866149087
17085,0.13678206589908765
17086,0.31096253892197195
17087,0.19020910620715942
17088,0.19956905286044327
17090,0.23478974118813867
17093,0.06539982155848496
17094,0.07807342173259502
17095,0.1620617936643045
17096,0.07793097961292149
17099,0.33279366800035615
17101,0.2691107950757907
17102,0.2716560108457466
17104,0.23977146689987844
17105,0.2298642426289016
17115,0.16004886160470763
17116,0.2722070369402731
17122,0.05464918999996747
17123,0.06509244645813683
17127,0.3203224855752558
17128,0.2727768054189672
17131,0.2973968012614856
17136,0.26880341997544255
17140,0.08492188890742468
17141,0.23424246357044565
17146,0.10691795096648346
17147,0.0570819514649179
17149,0.34559471638680567
17155,0.25675206695569586
17158,0.36527047128591944
17159,0.14301953135005457
17163,0.2508519644197451
17164,0.1353426507950184
17165,0.297093174637971
17169,0.3671297157953422
17170,0.12895149779387738
17171,0.31229324819786936
17172,0.1042902687061903
17175,0.3997002310017434
17177,0.16049867882472926
17181,0.11498467311220509
17183,0.040123842270101615
17188,0.1409841084294566
17189,0.2060501693055886
17191,0.13085947250213592
17192,0.12304014982742618
17194,0.16450954903658901
17210,0.12823928719550975
17212,0.34349931783687143
17219,0.3891782565300702
17220,0.2270191487122646
17225,0.3088671403720378
17227,0.295721232116905
17228,0.052002765355506755
17229,0.06488253175546006
17231,0.19845575524088968
17232,0.30481503691500933
17233,0.04075358637813193
17237,0.14148265584831393
17240,0.2928236595245988
17241,0.21641095927342063
17243,0.10485254023121739
17246,0.357001331391188
17247,0.1074464862000089
17251,0.3926118613095689
17253,0.11114248435785348
17254,0.04690108838509451
17256,0.05757300193010821
17257,0.18137769478740093
17262,0.1173274711331512
17267,0.086376297918828
17268,0.2085091701083736
17269,0.1848225449974001
17270,0.2910881147506819
17275,0.32816055063413313
17276,0.3469141802322025
17277,0.3883948248718659
17279,0.11511212132454456
17283,0.07151358727394591
17287,0.20369237737730841
17288,0.07185844714262918
17294,0.15954281723218328
17295,0.05456672350963017
17298,0.2131347905209296
17300,0.04738089341978427
17302,0.30897209772337614
17303,0.21262874614840527
17305,0.23569687258184902
17307,0.3430420036631828
17310,0.13419186840712966
17312,0.08864037792627033
17316,0.20838921884970119
17317,0.13884747663435373
17318,0.04653748613224368
17320,0.05405318218343878
17323,0.1611659077010947
17324,0.1402044252480857
17328,0.37112184362303435
17332,0.25157167197177976
17333,0.12044620385863465
17335,0.06100285823277331
17338,0.1672609310323881
17340,0.3010965478961637
17344,0.28298015935979165
17345,0.3454860105586338
17349,0.28603516797910544
17351,0.20949501951558774
17352,0.15693387735605768
17354,0.07662276119802519
17356,0.3681530499708915
17357,0.25775665874707754
17361,0.07541950013446727
17362,0.3534327814456829
17363,0.28155573816305646
17366,0.2136108470787859
17367,0.15959904438468597
17369,0.088419217793093
17371,0.33434178893259736
17373,0.28203554319774615
17378,0.3271784497037525
17380,0.30701914129311547
17382,0.29778664285217105
17383,0.22815868566965278
17387,0.1567239626533809
17389,0.18309074870031675
17391,0.0988437318670948
17398,0.25255002442532687
17402,0.18804248659738843
17405,0.3794697015312696
17407,0.058581342198323415
17409,0.18354431439717192
17411,0.2612015089570766
17412,0.043932294732951606
17413,0.21221266521988522
17415,0.23702383338091287
17420,0.16183313657746015
17421,0.21261000376423767
17422,0.24217049207332725
17428,0.2812033813407061
17430,0.09952595465079431
17433,0.17253503793714198
17435,0.319827686633232
17438,0.11044901614365343
17440,0.05889621425233857
17442,0.19272808263928068
17444,0.2317759658139936
17448,0.26294080220782706
17449,0.3680818289110548
17462,0.29189403726988744
17464,0.19790098066952966
17466,0.071536078134947
17468,0.3342068437665908
17469,0.265647202481624
17472,0.10590211374460123
17473,0.1886609852749182
17475,0.24444206903443658
17479,0.05431557556178475
17481,0.12888027673404062
17482,0.23557317284634302
17485,0.054904086424646406
17486,0.3896955463330951
17488,0.2619474558469459
17489,0.06373549784440485
17490,0.11116497521885456
17491,0.08191935896378014
17492,0.19958404676777733
17494,0.09723938378235092
17497,0.3771793821859927
17500,0.21052585064480403
17506,0.2765777609281501
17507,0.2683048725565853
17508,0.3906101746804725
17510,0.10622823122911693
17512,0.3741880976728487
17513,0.3031919464460979
17515,0.2706064373323627
17520,0.3236661269107501
17521,0.21390322827179994
17522,0.28348620373231603
17523,0.13581495887604111
17524,0.13403068390328857
17530,0.3841665430036623
17535,0.22776509560213382
17536,0.21783538047015588
17545,0.16136832545010446
17548,0.3337007993940665
17549,0.22923075004403773
17553,0.26178252286627135
17555,0.3362647575481899
17557,0.22071046220146096
17558,0.19201587204091303
17559,0.285529123606581
17562,0.32799186917662504
17564,0.05717191490892223
17565,0.36624132678579946
17566,0.3084173231520161
17567,0.3087172012986972
17568,0.06842109388629705
17569,0.222622185386553
17572,0.12275526558807913
17573,0.3410815502792551
17575,0.18796751706071815
17577,0.2931872617774497
17578,0.1675870485169038
17580,0.14900584885317605
17581,0.33778663914259643
17585,0.19141986422438434
17586,0.3424047626014854
17591,0.24862162070380445
17594,0.3086797165303621
17596,0.11402506304282557
17599,0.38193619928772166
17602,0.2619811921384475
17603,0.341475140346774
17606,0.08593772612930689
17614,0.3301697342168965
17621,0.31138236832732546
17624,0.35554692237978475
17626,0.3761448025799429
17628,0.05606986271986919
17629,0.19562940370842033
17630,0.34548975903546725
17631,0.22872095719467989
17633,0.0952751819215897
17636,0.3394284719956755
17641,0.22465011135348392
17642,0.3901228726921157
17645,0.3218218763086613
17646,0.36095597445054506
17650,0.1748778359580881
17655,0.22527610698468073
17659,0.11445238940184614
17660,0.18919326898527716
17662,0.23587679946985765
17664,0.08510931274910036
17671,0.04230170731037312
17673,0.2500422934237062
17676,0.3248319032059729
17679,0.3551270929744312
17685,0.32623758201854053
17705,0.34945189904849133
17708,0.2252423706931791
17711,0.2973368256321494
17714,0.3475664152012339
17715,0.05825897319064123
17721,0.18818118024022845
17724,0.3861682296327587
17726,0.26281335399548755
17728,0.17608484549847955
17730,0.1383714200764975
17732,0.14923075746318687
17735,0.3884885367927038
17737,0.11541199947122566
17738,0.29224264561540414
17739,0.2906008127623252
17747,0.25599862311215954
17749,0.2571681478842158
17752,0.2205155414061182
17753,0.30856351374852314
17756,0.18322569386632323
17758,0.09313855012648685
17760,0.23400630952993426
17762,0.21901989914954625
17763,0.3799082733207907
17769,0.06952314607535011
17775,0.2687584382534405
17776,0.07006292673937609
17781,0.3280668387132953
17782,0.14617200036703965
17783,0.04753458096995834
17784,0.34097284445108317
17785,0.19096255005069568
17798,0.11395384198298879
17799,0.29192777356138905
17800,0.3926268552169029
17803,0.15083135707109727
17804,0.06570344818199958
17805,0.10697792659581969
17808,0.3233100216115663
17817,0.14929823004619014
17823,0.3946885174753355
17824,0.24374860082023656
17825,0.2108444711756527
17827,0.058716287364329905
17828,0.2680499761319063
17831,0.18117152856155772
17834,0.18396789227935897
17835,0.39070388660131034
17837,0.14375798128625678
17838,0.3303796489195733
17839,0.19307294250796392
17843,0.3480837050042588
17846,0.3990180082180439
17847,0.25971336365417175
17848,0.28197556756840997
17853,0.0866162004361729
17856,0.23223702846451577
17859,0.21164289674119113
17863,0.07875939299312804
17868,0.05711943623325305
17869,0.14989798633955237
17870,0.3620467812090976
17875,0.07177598065229188
17876,0.2293806891173783
17877,0.25937225226232197
17879,0.333712044824567
17884,0.22773135931063224
17885,0.08664993672767451
17886,0.05619356245537514
17890,0.2817319165742316
17897,0.09433806271321125
17900,0.09481786774790102
17902,0.21480286271184323
17903,0.22808746460981602
17908,0.2371212937785842
17914,0.3000094896144447
17915,0.2624834880341384
17916,0.05566877569868321
17920,0.24985861805886397
17921,0.35510085363659655
17924,0.24613263208635133
17925,0.1056472173199223
17926,0.09825896948106665
17928,0.36522548956391726
17930,0.12204680346654503
17932,0.10627321295111909
17933,0.267420232023876
17939,0.3171812619887713
17941,0.3847887901580256
17943,0.37107686190103223
17947,0.07269435747650276
17948,0.18876219414942308
17950,0.23177596581399357
17956,0.28498184598888804
17959,0.18178627876225395
17970,0.3337082963477335
17973,0.19334658131681043
17974,0.30960559030824
17975,0.14415906830744274
17976,0.278575699080413
17980,0.10008822617582137
17986,0.33183030945414305
17987,0.0731929048953601
17990,0.368287995136898
17994,0.19001043693498318
17999,0.18041808471802143
18002,0.0694144402471782
18003,0.04436336956880569
18005,0.3628939369734717
18007,0.3731347756826313
18013,0.11815963299019125
18015,0.04378610413644457
18016,0.1705783330300478
18018,0.15047525177191345
18019,0.21132427621034247
18026,0.219638397827076
18030,0.2878719216275271
18032,0.30395663572013476
18035,0.24869284176364126
18039,0.2438160734032398
18042,0.17514397781326757
18044,0.25503901304278004
18045,0.12761329156431298
18046,0.30092036948498857
18052,0.1567764413290501
18054,0.07855697524411828
18055,0.3122370210453666
18059,0.10897211627124902
18066,0.12513554837736038
18072,0.3357812040366666
18073,0.04904146865703087
18077,0.2956725019180693
18081,0.05259502469520193
18083,0.13759923384879366
18084,0.2655309996997851
18085,0.1541150227772553
18086,0.14388542949859628
18087,0.2717497227665844
18092,0.29030093461564405
18093,0.10379546976416648
18095,0.05689452762324222
18097,0.14970681402104313
18100,0.28359490956048794
18101,0.1313467744904927
18103,0.3105164701787838
18104,0.30481503691500933
18105,0.16392103817372736
18109,0.11230826065307625
18110,0.3562066543024831
18113,0.35438114608456195
18117,0.08287522055632615
18119,0.18690669811683377
18126,0.35266809217164613
18127,0.05044339899276502
18128,0.05582996020252431
18129,0.2302053540207513
18130,0.13020723753310448
18137,0.40198680187018687
18142,0.2707151431605346
18144,0.055331412783666975
18145,0.12341499751077756
18146,0.24997482084070294
18149,0.35503338105359333
18152,0.04898898998136168
18153,0.364873132741567
18154,0.23679892477090206
18155,0.20845669143270443
18156,0.32839670467464444
18161,0.31197837614385415
18163,0.09067205237003478
18165,0.07073015561574154
18166,0.23938537378602653
18168,0.27929165815561413
18172,0.04237292837020988
18174,0.2860651557937735
18176,0.0783957907402772
18177,0.08580278096330039
18179,0.3108913178621352
18181,0.3142424561512965
18182,0.047433372095453466
18183,0.26400536962854493
18187,0.18555349797993528
18188,0.3791173447089193
18189,0.2987387559678836
18194,0.2534871436337054
18196,0.2593909946464895
18197,0.24850916639879905
18198,0.09812027583822665
18199,0.31028406461510594
18201,0.2855591114212491
18205,0.1830495154551481
18206,0.2242940060543001
18207,0.29247505117908207
18210,0.12879781024370332
18212,0.16669491103052755
18214,0.13512149066184106
18215,0.13815400842015368
18216,0.2415257540579629
18220,0.09127930561706402
18221,0.38006570934779826
18222,0.0514180029694786
18223,0.36018753669967474
18227,0.24885777474431578
18228,0.35112746819307195
18229,0.06654685546954017
18232,0.3487884186489594
18234,0.3001706741182858
18239,0.22240477373020917
18243,0.3130804283329072
18244,0.07176098674495782
18245,0.34347307849903685
18246,0.10014820180515759
18248,0.2774249166925242
18250,0.3866630285747825
18253,0.3838929041948158
18254,0.17651966881116712
18256,0.17996077054433277
18257,0.17364833555669557
18263,0.06915204686883224
18264,0.03865443935136422
18266,0.19114247693870434
18267,0.03577935762005916
18268,0.1563940966920317
18269,0.3143736528404694
18270,0.2996383904079269
18271,0.388139928447187
18272,0.11555069311406567
18276,0.30089038167032045
18277,0.0796777698173389
18280,0.17517771410476918
18282,0.06494625586162979
18285,0.280210034979825
18288,0.39877060874703196
18295,0.04795441037531188
18298,0.12748959182880704
18300,0.149399438920695
18301,0.16640627831434698
18302,0.11701259907913604
18304,0.07170475959245512
18305,0.23305794489105527
18306,0.3739744344933384
18307,0.07457234437009315
18308,0.0660070748055142
18309,0.1585719617323032
18311,0.29392196323681835
18313,0.3023185513438892
18314,0.2769900933798367
18318,0.32588147671935674
18320,0.37020721527565703
18321,0.15276931959402387
18330,0.3049050003590137
18334,0.14292956790605024
18336,0.05148172707564834
18337,0.12071609419064765
18338,0.11059520674016046
18339,0.2077782171258384
18341,0.38422651863299856
18347,0.0792691858424859
18354,0.055338909737334005
18355,0.055515088148509154
18356,0.17347965409918745
18358,0.1504265215730778
18360,0.33725060695540404
18361,0.19656277443996525
18363,0.31543822026118734
18364,0.3831469573049466
18367,0.1751289839059335
18380,0.056800815702404375
18383,0.15353026039122716
18384,0.13602487357871787
18385,0.3184857319268341
18387,0.4019905503470203
18390,0.24359116479322898
18391,0.3476488816915712
18392,0.21653091053209308
18395,0.40121836411931644
18396,0.3332434852203778
18397,0.12295768333708888
18399,0.2850080853267226
18400,0.37393320124816976
18403,0.3420786451169697
18404,0.20106094664018176
18406,0.14896461560800742
18407,0.3831694481659477
18413,0.20621135380942968
18415,0.2868223481141433
18417,0.33688700470255317
18420,0.05305608734572412
18422,0.11850824133570803
18425,0.07579434781781863
18426,0.40309635101290686
18427,0.04223423472736987
18428,0.2291970137525361
18429,0.3092382395785556
18430,0.13100941157547646
18431,0.19980145842412114
18432,0.3342630709190935
18433,0.4032575355167479
18435,0.1814489158472377
18436,0.10411034181818164
18437,0.04423592135646622
18439,0.12815682070517248
18444,0.20927011090557693
18446,0.25837890590144086
18448,0.2893825577914332
18455,0.10080793372785601
18457,0.19170099998689788
18459,0.34746520632672906
18463,0.35901426345078497
18464,0.15327536396654823
18467,0.18219486273710697
18469,0.3179646936469757
18471,0.06523488857781035
18475,0.18466136049355902
18476,0.04526675248568251
18477,0.1389711763698597
18483,0.25863380232611977
18488,0.3387987278876452
18489,0.08235043379963422
18490,0.15320414290671147
18492,0.3861757265864257
18493,0.19972274041061736
18494,0.3065168453974247
18498,0.10024566220282895
18502,0.213517135157948
18503,0.05739307504209955
18504,0.3234712061154074
18506,0.1636361539343803
18507,0.27339905257333047
18508,0.1857746581131126
18512,0.20201680823272777
18515,0.05674833702673518
18517,0.3038704207529639
18518,0.21424433966364967
18520,0.23105250978512543
18521,0.12626758838108154
18522,0.26956061229581235
18523,0.1723701049564674
18524,0.07974524240034214
18530,0.16757205460956975
18531,0.2887453167297358
18532,0.05342343807540847
18533,0.2322407769413493
18534,0.3366845869535434
18540,0.18093537452104633
18542,0.17562378284795732
18543,0.18242351982395133
18544,0.27230824581477797
18547,0.22768637758863008
18549,0.05591242669286161
18552,0.31573434993103494
18553,0.35556566476395224
18555,0.27264186025296067
18558,0.3329511040273637
18565,0.062033689361989594
18568,0.38649809559410786
18572,0.15042277309624427
18575,0.26682797268418085
18576,0.3054110447315381
18579,0.21295861210975447
18581,0.3245207796287913
18583,0.09939475796162132
18584,0.051245573035136965
18585,0.06168508101647282
18590,0.05969089134104349
18594,0.22365301651576927
18595,0.14396789598893356
18598,0.12792816361832815
18600,0.3613233251802294
18601,0.3959442572145626
18602,0.13094568746930674
18603,0.3747728600588768
18604,0.05668086444373193
18610,0.209292601766578
18611,0.24787942229076873
18615,0.29220516084706905
18617,0.15126992886061838
18619,0.32915014851818075
18623,0.058180255177137444
18630,0.14307201002572376
18631,0.34404659545456445
18632,0.06234856141600475
18633,0.21260250681057064
18638,0.2549453011219422
18639,0.1267773812304394
18640,0.169266366138318
18641,0.07155107204228106
18645,0.32820553235613525
18648,0.10071422180701818
18649,0.18872470938108796
18651,0.11335783416646013
18653,0.09252379992579057
18656,0.31943409656571303
18657,0.13409065953262478
18658,0.22997294845707347
18659,0.17206272985611926
18661,0.2599120329263479
18663,0.38817741321552207
18668,0.3025134721392319
18669,0.13179659171051436
18671,0.18023066087634573
18672,0.09425184774604045
18673,0.2676676314948879
18679,0.23640158622654958
18689,0.24202804995365373
18690,0.2579928127875889
18692,0.22625820791506132
18694,0.23981644862188062
18695,0.35763107549921835
18698,0.2655309996997851
18699,0.2347147716514684
18704,0.2818743586939051
18706,0.3955506671470437
18709,0.3164653029135701
18712,0.33394445038824483
18713,0.35121368316024276
18717,0.3016550709443573
18719,0.4048131534026562
18724,0.14988299243221825
18725,0.07881187166879722
18728,0.29982581424960253
18729,0.16755331222540218
18732,0.06163635081763713
18733,0.21085946508298675
18734,0.07421623907090935
18735,0.31599674330938093
18736,0.32101595378945585
18739,0.11771356424700312
18740,0.2901847318338051
18742,0.29790659411084347
18743,0.3833868598222915
18749,0.05184158085166565
18750,0.28726091990366437
18751,0.13130554124532406
18755,0.14962059905387232
18756,0.06107407929261007
18759,0.2917853314417155
18760,0.0890677042852909
18762,0.3073902404996333
18765,0.26898709534028475
18766,0.1786413066989359
18769,0.13800781782364663
18772,0.19705007642832204
18773,0.06700791812006238
18774,0.21856258497585757
18778,0.2453904336733156
18780,0.0836511552608635
18782,0.23184343839699684
18784,0.23758610490593993
18785,0.3168701384115897
18786,0.2574005534478937
18801,0.09669960311832493
18804,0.19088383203719186
18807,0.2930260772736086
18810,0.37140297938554795
18811,0.11356774886913688
18815,0.14236354790418965
18816,0.3168776353652567
18818,0.29228013038373934
18819,0.3478962811625831
18820,0.3287153252054931
18821,0.388139928447187
18822,0.3554682043662809
18825,0.26662180645833755
18827,0.37806402271870193
18831,0.18956436819179504
18832,0.2652798517519397
18834,0.36970866785679973
18836,0.13563503198803245
18837,0.1580584204061118
18840,0.08028877154120165
18842,0.10110781187453712
18847,0.17603986377647737
18849,0.18518239877341744
18852,0.16273651949433698
18854,0.30312822233992814
18855,0.15870690689830969
18857,0.1701472581941937
18859,0.333712044824567
18860,0.3335583572743929
18861,0.2796665058389655
18862,0.06186125942764796
18864,0.20827676454469576
18868,0.14426027718194764
18870,0.23565938781351384
18871,0.07052773786673179
18874,0.21695448841428014
18880,0.35594800940097066
18882,0.233245368732731
18884,0.16953625647033096
18889,0.34303075823268225
18892,0.3315529221684631
18894,0.3804817902763183
18895,0.2786919018622519
18897,0.3555094376114496
18898,0.047928171037477284
18900,0.36138330080956566
18902,0.2940569084028249
18907,0.32371110863275226
18909,0.3466855231453581
18910,0.3962441353612437
18914,0.2503759078618889
18917,0.18275713426213402
18918,0.13414313820829396
18921,0.38640813215010356
18924,0.2558899172839877
18925,0.1252480026823658
18927,0.2681811728210793
18928,0.05470541715247018
18929,0.12465574334267061
18930,0.20575403963574102
18932,0.2816044683618921
18935,0.04408598228312567
18938,0.07993641471885135
18940,0.11543823880906026
18941,0.2551814551624535
18942,0.3138938478057797
18944,0.07377017032772121
18946,0.31207583654152554
18949,0.16715222520421621
18954,0.0586862995496618
18956,0.3204461853107618
18957,0.0732266411868617
18959,0.33830767742245493
18960,0.1007479580985198
18962,0.2582477092122678
18963,0.3490508120273053
18964,0.3943399091298187
18965,0.25128678773243274
18967,0.13004605302926342
18969,0.2586487962334538
18971,0.3663350387066373
18973,0.25341967105070207
18977,0.17792159914690128
18978,0.30538105691686995
18981,0.29082946984916946
18982,0.0852555033456074
18983,0.2618687378334421
18984,0.14954188104036853
18985,0.20913891421640393
18986,0.31986891987840066
18987,0.16068610266640496
18988,0.12923263355639092
18991,0.0902409775341807
18992,0.19224078065092387
18993,0.23585430860885653
18994,0.3905427020974693
18995,0.16599394586266047
18997,0.20316384214378297
18999,0.18864973984441766
19002,0.11563690808123649
19004,0.1455047714906742
19005,0.11597427099625271
19007,0.10623572818278396
19010,0.22829363083565926
19012,0.18399413161719355
19014,0.15670522026921335
19016,0.2607479432602215
19017,0.3524806683299705
19018,0.20078355935450173
19019,0.2036061624101376
19022,0.3628864400198047
19023,0.3943174182688176
19024,0.37745302099483913
19028,0.21858507583685863
19029,0.049262628790208186
19030,0.06872472050981168
19031,0.34939567189598864
19034,0.27824583311906376
19035,0.04041997193994921
19036,0.3232013157833944
19037,0.21285365475841608
19038,0.3166677206625799
19040,0.05270373052337382
19042,0.37886994523790735
19043,0.15122119866178269
19044,0.11932540928541403
19047,0.37099439541069495
19048,0.3456659374466424
19049,0.23836578808731076
19051,0.30824114474084097
19053,0.17707819185936066
19054,0.3897742643465989
19056,0.13722063768860876
19057,0.28547664493091185
19058,0.21846137610135266
19059,0.1196402813394292
19060,0.22301952393090543
19062,0.30552349903654347
19064,0.28629381288061784
19071,0.3859133332080798
19078,0.13153044985533485
19079,0.239374128355526
19080,0.11776229444583879
19081,0.06983426965253176
19085,0.27844450239124
19088,0.26925323719546423
19089,0.313020452703571
19090,0.2800338565686498
19091,0.39106374037732766
19092,0.1268598477207767
19094,0.21982207319191818
19099,0.32800686308395904
19100,0.2500835266688748
19101,0.06815120355428406
19103,0.19874438795707025
19104,0.30718032579695653
19106,0.2279112861986409
19107,0.38073668670099725
19108,0.3032294312144331
19109,0.038725660411200985
19111,0.13147422270283216
19112,0.30947814209590047
19113,0.14010321637358086
19114,0.24166069922396938
19116,0.32746708241993305
19117,0.3271859466574195
19121,0.2203431114717766
19125,0.37511771992756016
19127,0.3600488430568347
19128,0.2206654804794588
19136,0.1707207751497213
19137,0.14914454249601605
19142,0.3044701770463261
19143,0.16302890068735104
19144,0.18951563799295937
19146,0.2781633666287265
19147,0.13753550974262393
19152,0.09077700972137318
19154,0.05357712562558253
19157,0.22413282155045902
19160,0.2941918535688314
19161,0.06792629494427324
19162,0.3763509688057861
19165,0.05728811769076116
19167,0.043523710758098605
19168,0.295998619402585
19171,0.07499967072911373
19172,0.047658280705464295
19173,0.293153525485948
19174,0.24581776003233616
19176,0.17921107517763002
19177,0.22445519055814123
19178,0.04766952613596483
19179,0.37130177051104307
19180,0.36509429287474426
19182,0.29609233132342283
19184,0.2810571907441991
19185,0.046814873417923696
19187,0.0854466756641166
19189,0.3727186947541113
19191,0.1067342756016413
19193,0.181385191741068
19194,0.3353538776776461
19197,0.3576610633138865
19198,0.19916796583925728
19200,0.33834141371395654
19202,0.060245665912403525
19204,0.09634724629597463
19205,0.2666442973193387
19206,0.14113029902596363
19212,0.04846420322466975
19213,0.19346653257548288
19214,0.40284520306506144
19222,0.27298297164481045
19223,0.28828425407921365
19225,0.3732884632328054
19228,0.2931872617774497
19230,0.40341497154375555
19236,0.2427852422740235
19240,0.2676076558655517
19241,0.2855478659907486
19242,0.2378260074232848
19243,0.39914170795354986
19244,0.1715341946225938
19248,0.17913610564095975
19249,0.33981831358636094
19250,0.22225108618003508
19251,0.31217704541603036
19254,0.2901697379264711
19255,0.2276301504361274
19258,0.300084459151115
19259,0.2578541191447489
19260,0.3867117587736182
19261,0.12447956493149546
19262,0.07138613906160646
19264,0.17811277146541046
19265,0.3528217797218202
19266,0.29392196323681835
19270,0.172812425222822
19271,0.18104782882605175
19274,0.28092974253185965
19275,0.2777622796075405
19276,0.09755425583636607
19278,0.052763706152710046
19280,0.14044807624226413
19282,0.26364551585252766
19287,0.3409466051132486
19288,0.19457233324136944
19290,0.2889065012335769
19293,0.3126006232982175
19295,0.36909016917926996
19298,0.36579525804261137
19299,0.3627215070391301
19300,0.06237105227700583
19301,0.13745304325228663
19304,0.25564251781297576
19305,0.31872563444417895
19306,0.1231301132714305
19309,0.33712315874306453
19310,0.14836111083781167
19311,0.37115183143770253
19313,0.3578934688775643
19317,0.289337576069431
19320,0.3388324641791468
19322,0.04655997699324476
19324,0.323628642142415
19325,0.25988954206534687
19326,0.11918296716574052
19328,0.25250879118015823
19330,0.29302982575044206
19331,0.40516551022500646
19332,0.2431375990963738
19334,0.23019410859025077
19337,0.1983283070285502
19338,0.2002512756441428
19340,0.11696386888030037
19341,0.15871815232881023
19342,0.2603393592853685
19343,0.3310356323654382
19347,0.3996215129882396
19348,0.3350352571467974
19349,0.37073575050918256
19354,0.2985925653713765
19356,0.2451167948644691
19357,0.18333814817132865
19358,0.36603141208312273
19361,0.12273652320391157
19362,0.2639416455223752
19365,0.21302608469275774
19366,0.1554194927153181
19367,0.32336624876406905
19369,0.18208615690893507
19372,0.23320788396439585
19376,0.04799564362048053
19377,0.24777821341626388
19382,0.07517959761712238
19383,0.38261842207142116
19384,0.3386787766289728
19385,0.20531921632305342
19386,0.3357512162219985
19388,0.26761515281921877
19392,0.24395851552291334
19393,0.3219230851831662
19394,0.18831987388306848
19395,0.3687865425557553
19396,0.2564147040406796
19397,0.11453860436901694
19399,0.3150858634388371
19400,0.3373143310615737
19402,0.24123337286494884
19403,0.31940410875104497
19404,0.126664926925434
19405,0.19514210172006352
19406,0.18426777042604006
19408,0.11568188980323865
19412,0.3282954958001396
19414,0.26341685876568327
19419,0.38321442988794985
19421,0.32567156201668
19424,0.12668366930960157
19429,0.4034299654510896
19431,0.2592785403414841
19432,0.2512792907787657
19434,0.051219333697302374
19435,0.20215550187556777
19436,0.20077231392400122
19438,0.1870303978523397
19439,0.3850811713510397
19441,0.07386388224855905
19442,0.06738276580341374
19443,0.21650467119425848
19447,0.10917078554342523
19448,0.16838547408244225
19449,0.15443739178493748
19450,0.3010703085583291
19452,0.23905175934784378
19455,0.38933194408024435
19458,0.19920545060759245
19459,0.3464231297670122
19460,0.20534920413772154
19461,0.052463828006028945
19462,0.15800969020727612
19463,0.2135358775421156
19468,0.2995746663017571
19469,0.04076108333179896
19470,0.40345995326575773
19471,0.3723101107792583
19472,0.22935444977954367
19474,0.2657521598329624
19475,0.15439615853976885
19477,0.23695261232107612
19478,0.22888214169852092
19479,0.3900104183871103
19482,0.2767689332466594
19484,0.3906626533561417
19487,0.16813807461143032
19492,0.19866941842039998
19495,0.18499872340857526
19502,0.23031405984892325
19505,0.11720377139764523
19506,0.15936663882100813
19507,0.1296299721007434
19510,0.1194266181599189
19511,0.40352367737192746
19512,0.0601294631305646
19515,0.24891775037365205
19520,0.32384605379875875
19521,0.26292955677732655
19526,0.3266049327482249
19527,0.23840327285564591
19531,0.3922145227652164
19532,0.15142361641079244
19534,0.288913998187244
19538,0.3118059462095125
19539,0.05597989927586486
19542,0.10286209903262157
19543,0.1355675594050292
19545,0.2882130330193769
19546,0.3045601404903305
19548,0.3531216578685013
19550,0.336718323245045
19552,0.1568813986803885
19553,0.03457234807966773
19554,0.15517959019797323
19555,0.16661994149385725
19556,0.29827019636369434
19557,0.23517958277882406
19561,0.290825721372336
19563,0.24750082613058388
19570,0.1553332777481473
19572,0.23439989959745322
19574,0.3782027163615419
19578,0.15962903219935407
19579,0.281180890479705
19582,0.3505127179923757
19586,0.06140769373079279
19587,0.09811277888455963
19589,0.13469041582598695
19590,0.05448050854245935
19592,0.216231032385412
19594,0.08745960772371349
19596,0.37350962336598265
19599,0.14773511520661486
19600,0.12069360332964656
19603,0.10867223812456792
19604,0.1899392158751464
19605,0.34526485042545646
19607,0.11120620846402322
19616,0.059214834783187245
19618,0.06304577810703832
19619,0.06177129598364363
19620,0.18641189917480996
19623,0.15877437948131295
19624,0.3502990548128654
19625,0.30088663319348696
19626,0.359977621996998
19628,0.2176442081516467
19629,0.34200742405713297
19631,0.13625727914239572
19633,0.20329503883295597
19634,0.21050710826063643
19635,0.3912024340201677
19636,0.2754007392024268
19637,0.18387418035852113
19639,0.3372468584785705
19643,0.25789910086675105
19644,0.3056097140037143
19645,0.35565187973112306
19647,0.33438677065459943
19649,0.301456401672181
19650,0.22893462037419016
19652,0.30913703070405074
19653,0.3340906409847519
19656,0.1964465716581263
19660,0.31516832992917443
19663,0.2565159129151845
19664,0.32645124519805085
19666,0.29932726683074523
19668,0.1651355446677858
19671,0.12579153182322528
19672,0.23395008237743156
19674,0.364610739363221
19675,0.23618042609337225
19676,0.2904471252121511
19678,0.31662273894057774
19679,0.25904613477780625
19680,0.3599513826591634
19681,0.3128405258155624
19682,0.18422278870403794
19683,0.24331752598438244
19684,0.13805279954564884
19686,0.1657577918221491
19687,0.33202897872631937
19691,0.20344872638313005
19692,0.16819055328709953
19698,0.3653866740677583
19699,0.22976678223123018
19700,0.21635098364408445
19702,0.1918959207822406
19706,0.2870697475851552
19707,0.39968523709440934
19708,0.16344873009270464
19709,0.33054833037708137
19710,0.1367070963624174
19711,0.25237384601415175
19713,0.09417687820937015
19714,0.1620055665118018
19716,0.3345854399267757
19718,0.12079106372731792
19719,0.33440551303876703
19720,0.11729373484164958
19724,0.059091135047681285
19726,0.3870191338739663
19727,0.2506083134255668
19728,0.054304330131284204
19729,0.2718659255484233
19731,0.37906111755641664
19733,0.2887940469285715
19735,0.14891963388600524
19736,0.2882130330193769
19743,0.23791971934412262
19744,0.18995420978248048
19746,0.14107782035029443
19748,0.2683873390469226
19750,0.27562939628927113
19751,0.3691726356696073
19753,0.16437835234741602
19754,0.2403262414712385
19758,0.12086228478715468
19760,0.3474202246047269
19766,0.06794503732844082
19769,0.050106036077748786
19770,0.2865936910272989
19775,0.26422652976172223
19778,0.13563503198803245
19779,0.04788318931547512
19781,0.1838329471133525
19782,0.4012108671656494
19783,0.18064299332803224
19784,0.045086825597673845
19785,0.3821461139903984
19788,0.37759921159134624
19790,0.14977428660404637
19791,0.06720283891540507
19792,0.045210525333179805
19793,0.18987174329214318
19795,0.11717003510614363
19797,0.38509991373520724
19802,0.08150702651209363
19803,0.34114902286225834
19805,0.3022510787608859
19806,0.28365863366665767
19810,0.3395409263006809
19813,0.06476632897362113
19818,0.14277962883270967
19819,0.29650466377510937
19820,0.3347016427086147
19824,0.3583995132500887
19828,0.10327443148430808
19830,0.21584868774839358
19831,0.38047804179948475
19832,0.05248257039019651
19833,0.3375654790094192
19834,0.29463042535835243
19835,0.15492094529646078
19836,0.1510112839591059
19838,0.24142079670662453
19839,0.28841919924522014
19841,0.2861663646682784
19843,0.12197183392987475
19844,0.19784475351702696
19845,0.26634441917265755
19847,0.3678831596388785
19848,0.3423785232636508
19851,0.3650080779075735
19853,0.29367831224263996
19855,0.23735744781909557
19857,0.31306918290240665
19858,0.2143867817833232
19861,0.07126243932610049
19867,0.2929248683991037
19868,0.29315352548594803
19871,0.1416625827363226
19875,0.29449548019234595
19878,0.21872751795653217
19879,0.07571188132748133
19881,0.32665366294706055
19882,0.18866098527491823
19883,0.18567719771544128
19884,0.37600610893710285
19887,0.40117713087414786
19889,0.26111529398990585
19890,0.25228763104698093
19893,0.36661242599231736
19894,0.3840091069766548
19896,0.18202618127959885
19898,0.4008360194822981
19900,0.3843652122758386
19901,0.2925725115767534
19904,0.307986248316162
19906,0.40252658253421275
19914,0.05484411079531019
19916,0.07275433310583898
19920,0.3790686145100836
19921,0.054461766158291784
19922,0.14737526143059754
19924,0.3925968674022348
19925,0.28573903830925784
19926,0.31754486424162215
19935,0.05142549992314563
19937,0.11828333272569719
19938,0.15543073814581865
19941,0.24308512042070463
19943,0.12863662573986223
19946,0.2654560301631148
19949,0.07991392385785027
19953,0.27176471667391844
19955,0.23249942184286176
19957,0.33684202298055105
19958,0.30128772021467287
19959,0.3368682623183856
19960,0.25169162323045224
19963,0.1902128546839929
19964,0.39805090119499736
19965,0.34736774592905767
19966,0.2823804030664295
19967,0.145306102218498
19968,0.3363997027141964
19969,0.04530798573085116
19970,0.058622575443492066
19972,0.10566221122725636
19973,0.18091288366004526
19974,0.10408410248034705
19975,0.2613551965072507
19977,0.3911012251456628
19983,0.05427434231661609
19984,0.09332972244499606
19986,0.3847288145286894
19987,0.300894130147154
19988,0.23495842264564676
19989,0.12174692531986393
19993,0.10975554792945338
19995,0.1250343395028555
19996,0.32572404069234917
20001,0.2660257986418089
20003,0.15049399415608103
20004,0.32460324611912855
20011,0.3925406402497321
20016,0.3644345609520459
20019,0.291504195679202
20020,0.10935446090826742
20024,0.27081635203503945
20025,0.3907076350781438
20027,0.2899073445481251
20030,0.3449087451262726
20031,0.044558290364148406
20032,0.17987455557716192
20034,0.277912218680881
20035,0.22827863692832526
20037,0.09074327342987154
20039,0.17117808932341
20040,0.25812400947676184
20041,0.2200769696165971
20042,0.29205147329689496
20043,0.32765450626160875
20045,0.1378541302734726
20047,0.32172441591099
20048,0.3755000645645785
20049,0.21324724482593502
20051,0.3942274548248133
20053,0.254892822446273
20055,0.30988297759392003
20057,0.3847962871116926
20058,0.29624601887359686
20061,0.27816711510556
20065,0.28522549698306643
20066,0.1626015743283305
20067,0.2626784088294811
20068,0.04745211447962104
20070,0.34697415586153874
20072,0.20821304043852604
20073,0.3241234410844388
20075,0.3496205805059995
20077,0.36965244070429704
20078,0.2025490919430867
20079,0.3033981126719411
20083,0.1383939109374986
20084,0.09899367094043536
20085,0.20683360096379297
20086,0.07615045311700244
20088,0.1521545693933276
20089,0.2983751537150327
20090,0.059443491870031576
20091,0.3943436576066522
20094,0.3477163542745745
20096,0.17340093608568366
20098,0.1320852244266949
20100,0.16384606863705706
20102,0.3604686724621883
20103,0.31023533441627027
20104,0.3038479298919628
20106,0.14857852249415548
20108,0.4049968287674984
20110,0.3001781710719528
20117,0.3493581871276535
20118,0.39862816662735845
20119,0.24015381153689683
20120,0.39186966289653313
20126,0.1183358114013664
20127,0.16395102598839545
20133,0.12322007671543485
20138,0.1593928781588427
20141,0.228627245273842
20145,0.34526485042545646
20146,0.07431744794541421
20148,0.2718321892569217
20150,0.2914592139571998
20151,0.2580452914632581
20152,0.2999157776936069
20156,0.1537064388024023
20158,0.2935021338314648
20160,0.2910693723665144
20161,0.07863944173445558
20162,0.22040683557794633
20164,0.35726747324636754
20167,0.10737526514017214
20169,0.3052910934728656
20170,0.28048742226550505
20171,0.2333053443620672
20172,0.06675302169538343
20174,0.11556568702139973
20175,0.2630607534664995
20178,0.2067848707649573
20181,0.21800031345083049
20184,0.04787194388497457
20187,0.39212455932121204
20189,0.21406441277564103
20190,0.28850541421239095
20191,0.1955619311254171
20192,0.30540729625470453
20193,0.2914929502487014
20197,0.3760323482749375
20198,0.15270559548785417
20199,0.18458639095688875
20201,0.22872095719467983
20202,0.11091382727100914
20203,0.25800780669492296
20204,0.2536895613827151
20205,0.32529671433332863
20208,0.06504371625930115
20210,0.21969087650274516
20211,0.21556755198588004
20212,0.2138919828412994
20213,0.28321256492346947
20214,0.34085289319241074
20217,0.16862162812295362
20218,0.23444488131945537
20220,0.26271214512098273
20221,0.13450299198431126
20225,0.2218949808808513
20226,0.30695541718694574
20229,0.1962516508627836
20234,0.352761804092484
20238,0.23315915376556012
20241,0.07367270993004985
20242,0.278174612059227
20243,0.3375017549032494
20245,0.2777772735148746
20248,0.3220655273028397
20250,0.34408782869973314
20251,0.3743005519778541
20252,0.24526298546097614
20255,0.07286678741084439
20256,0.22927573176603988
20259,0.07068142541690586
20260,0.07073390409257505
20261,0.1820449236637664
20262,0.17404192562421453
20263,0.1396459021998922
20265,0.04365490744727159
20266,0.38637064738176846
20269,0.04952127369172063
20270,0.2850418216182242
20274,0.11361273059113905
20276,0.36513927459674644
20277,0.3868242130786236
20278,0.1652442504959577
20282,0.17255752879814307
20285,0.20851666706204064
20286,0.34480753625176774
20287,0.07732372636589226
20288,0.3849499746618667
20291,0.3765159017864607
20292,0.0901585110438434
20293,0.32413468651493926
20296,0.2941581172773297
20300,0.21731809066713098
20302,0.2100797819016159
20303,0.2684623085835928
20305,0.3433906120086995
20306,0.3046613493648353
20309,0.1327562017798939
20314,0.38109279200018104
20315,0.16911642706497743
20316,0.2022454653195721
20317,0.1649968510249458
20318,0.3076826216926474
20319,0.1330073497277393
20320,0.3415950916054465
20323,0.2760754650324593
20324,0.06235230989283827
20325,0.07032157164088854
20326,0.062067425653491215
20327,0.16460700943426038
20330,0.1591792149793324
20331,0.2437036190982344
20342,0.31122493230031795
20343,0.17222766283679386
20345,0.35327159694184185
20347,0.08332878625318131
20348,0.1761110848363141
20352,0.10756643745868133
20354,0.06384420367257675
20355,0.2515304387266112
20356,0.38767511731983123
20357,0.2672403051358674
20359,0.15414875906875694
20361,0.3103365432907752
20363,0.06818493984578569
20365,0.3029520439287531
20367,0.3962328899307431
20370,0.06867599031097599
20372,0.10684298142981319
20373,0.25412438469540266
20375,0.39927290464272286
20376,0.2046107542015193
20379,0.08218550081895962
20380,0.2501734901128792
20383,0.1659227248028237
20384,0.34760389996956903
20385,0.11918671564257403
20386,0.16322007300586028
20387,0.3471540827495474
20389,0.18815119242556033
20391,0.3414976312077751
20392,0.09306358058981656
20395,0.24823927606678603
20396,0.36951749553829055
20398,0.39484595350234303
20401,0.2390442623941768
20403,0.26632192831165646
20404,0.2241628093651271
20406,0.37591614549309854
20407,0.29666959675578397
20409,0.2657221720182943
20411,0.1882524013000652
20412,0.29710067159163805
20418,0.2503421715703873
20419,0.2445995050614442
20420,0.06452642645627625
20423,0.23950157656786544
20430,0.3485410191779475
20432,0.14605954606203422
20433,0.4027927243893923
20434,0.3828733184961001
20437,0.2086403667975466
20438,0.3140287929717862
20439,0.1970163401368204
20440,0.13370081794193933
20442,0.1551496023833051
20444,0.38578213651890675
20446,0.1669573044088735
20449,0.34068796021173614
20452,0.1546548034412813
20454,0.2201369452459333
20455,0.2704902345505238
20456,0.14924575137052093
20458,0.29996450789244256
20462,0.2579253402045857
20464,0.29119307210202033
20465,0.1631975821448592
20467,0.2654560301631148
20468,0.048595399913842735
20472,0.35528827747827224
20473,0.06522364314730981
20475,0.1560942185453506
20477,0.30889337970987235
20482,0.13730685265577958
20483,0.39168973600852447
20486,0.38250971624324925
20487,0.34083415080824314
20490,0.22490875625499634
20491,0.19386761959666884
20494,0.08648875222383341
20495,0.2692195009039626
20496,0.1618368850542937
20497,0.13822897795682398
20498,0.36570904307544055
20499,0.2240803428747898
20507,0.10694793878115157
20508,0.24125586372594993
20509,0.09561629331343946
20510,0.1844364518835482
20511,0.23865067232665785
20512,0.06369426459923619
20513,0.337366809737243
20517,0.27658150940498366
20518,0.39184717203553204
20522,0.32834047752214174
20525,0.25973960299200627
20526,0.16840421646660983
20531,0.37100564084119547
20534,0.32518051155148964
20536,0.18129147982023014
20540,0.1746191910565756
20544,0.2941243809858281
20546,0.32147701643997806
20548,0.054184378872611766
20549,0.2331666507192272
20550,0.07367645840688336
20551,0.13105814177431213
20552,0.22746896593228624
20553,0.13822522947999044
20555,0.3733446903853081
20559,0.34474006366876453
20560,0.22877718434718258
20561,0.3868017222176225
20562,0.2056415853307356
20563,0.24259406995551433
20565,0.30027188299279073
20567,0.23880061139999836
20568,0.35209457521611853
20569,0.2314910815746465
20572,0.23575684821118517
20580,0.3165927511259096
20582,0.2788980680880952
20584,0.39249191005089645
20585,0.2930598135651102
20588,0.03935540451923129
20591,0.28462199221287066
20596,0.23739493258743075
20597,0.0481493311706546
20600,0.25289113581717665
20602,0.3673546244053531
20606,0.062307328170836104
20609,0.2649949675125926
20610,0.3303871458732403
20611,0.2505633317035646
20613,0.1843502369163774
20616,0.3718527966055696
20619,0.052298895025354335
20622,0.27905550411510277
20627,0.16903770905147364
20630,0.15562940741799489
20631,0.05402694284560418
20637,0.12131210200717633
20641,0.39143858806067905
20643,0.39173096925369316
20645,0.29277492932576316
20647,0.12109094187399902
20650,0.2930673105187772
20651,0.1506026999842529
20653,0.3449874631397764
20654,0.3037579664479585
20655,0.05427059383978258
20656,0.3155506745661928
20657,0.18670428036782402
20659,0.0531610446970625
20661,0.08918765554396334
20662,0.07047900766789611
20663,0.19594052728560196
20666,0.26547102407044887
20667,0.1058383896384315
20668,0.26487126777708664
20669,0.3781577346395398
20673,0.07774730424807931
20675,0.30478504910034127
20676,0.3572112460938648
20677,0.22960559772738912
20681,0.12398101751263814
20684,0.15300922211136875
20686,0.2811996328638726
20687,0.249450034084011
20689,0.19504464132239216
20690,0.2839397694291712
20691,0.2600957082911901
20692,0.17458920324190752
20694,0.1420186880355064
20695,0.3175935944404578
20696,0.08576904467179879
20698,0.24388729446307655
20700,0.3499916797125173
20703,0.2190348930568803
20704,0.40487312903199235
20705,0.23571186648918302
20706,0.10427152632202275
20707,0.2660220501649754
20710,0.3917197238231926
20711,0.12420592612264897
20712,0.09048462852835909
20713,0.24354993154806034
20714,0.3148197215836576
20715,0.19043026634033672
20716,0.3456884283076435
20722,0.2167820584799385
20724,0.35426494330272296
20726,0.3810553072318459
20728,0.34667427771485765
20729,0.3856097065845651
20730,0.3035105669769466
20734,0.22081541955279932
20735,0.048820308523853564
20736,0.1744430126454005
20737,0.10435774128919356
20738,0.30303451041909035
20742,0.3798408007377874
20743,0.05900492008051047
20744,0.14861975573932415
20745,0.2029164426727711
20746,0.28512428810856155
20751,0.09927105822611537
20754,0.19511586238222894
20756,0.3789411662977441
20758,0.15428745271159697
20759,0.1372281346422758
20760,0.2957774592694077
20761,0.36428087340187176
20762,0.1533503335032185
20763,0.09721314444451631
20764,0.15752988517258637
20767,0.38797124698967883
20769,0.09218268853394085
20770,0.28106093922103265
20773,0.1882973830220674
20775,0.39675767668743506
20776,0.11485722489986562
20777,0.3777941323866889
20778,0.07289302674867898
20782,0.15502215417096565
20783,0.14400163228043517
20784,0.13737432523878285
20786,0.10779509454552567
20787,0.20453953314168255
20788,0.1609934777667531
20789,0.054128151720109055
20790,0.07505589788161643
20791,0.2728592719093045
20800,0.3898942156052714
20801,0.14475132764713794
20804,0.28399224810484036
20807,0.359985118950665
20809,0.08548041195561822
20810,0.39848197603085145
20812,0.403411223066922
20814,0.22888963865218795
20815,0.23840702133247943
20818,0.04894400825935952
20819,0.3272496707635893
20820,0.2686272415642675
20821,0.21186405687436843
20823,0.24119213961978014
20826,0.34150512816144213
20827,0.3945910570776642
20828,0.2783245511325676
20829,0.12597895566490097
20830,0.3282205262634693
20831,0.1852348774490866
20833,0.22651310433974023
20835,0.07468854715193207
20836,0.16719720692621837
20837,0.32795438440828983
20838,0.23543822768033654
20841,0.2589824106716365
20842,0.22833111560399444
20843,0.253119792904021
20844,0.11617294026842896
20845,0.21848386696235375
20849,0.3746116755550357
20850,0.1370931894762693
20851,0.24262405777018242
20852,0.3086684710998615
20853,0.3049837183725175
20854,0.169405059781158
20855,0.26381794578686923
20857,0.06544105480365361
20859,0.3009953390216588
20861,0.18213113863093724
20863,0.33431180111792924
20864,0.38909579003973294
20865,0.17372705357019935
20866,0.08846045103826167
20867,0.368411694872404
20868,0.36778195076437364
20869,0.33898240325248735
20872,0.3320214817726523
20874,0.04244040095321312
20875,0.30130646259884053
20876,0.19834330093588426
20878,0.31320787654524673
20879,0.2823429182980943
20880,0.06565471798316388
20882,0.38066546564116044
20883,0.3747391237673752
20885,0.04267655499372449
20886,0.26051178921971013
20887,0.07610547139500029
20888,0.2569994664267078
20889,0.19022035163765996
20891,0.1592017058403335
20892,0.30624320658857807
20893,0.2359442720528609
20896,0.1527468287330228
20897,0.056808312656071405
20899,0.2744448776098808
20900,0.3874014785109847
20901,0.21648592881009088
20902,0.27137862356006653
20903,0.1371456681519385
20905,0.15307294621753847
20906,0.3719352630959069
20911,0.2086366183207131
20912,0.306475612152256
20913,0.3269010624180725
20915,0.1391586002115354
20916,0.3472253038093841
20917,0.3980021709961617
20921,0.13700322603226497
20924,0.11750364954432634
20925,0.29103563607501276
20926,0.2532622350236945
20930,0.29280866561726476
20932,0.23788973152945453
20933,0.21203273833187655
20935,0.2730804320424818
20937,0.09958967875696405
20940,0.3464156328133452
20941,0.048854044815355185
20943,0.13814276298965317
20944,0.07364272211538174
20946,0.09798907914905367
20947,0.24028875670290337
20949,0.213655828800788
20950,0.1229651802907559
20955,0.1370069745090985
20957,0.27956529696446064
20958,0.2829951532671257
20960,0.32152199816198024
20965,0.3701210003084862
20973,0.3814863820677
20975,0.1295512540872396
20976,0.31201211243535576
20984,0.3265562025493892
20985,0.16894024865380228
20991,0.3921845349505483
20994,0.06653561003903963
20997,0.26093161862506364
20998,0.22910705030853176
21003,0.25515896430145246
21004,0.3013252049830081
21006,0.10647563070012885
21008,0.19966651325811466
21009,0.0769526271593744
21010,0.2264568771872376
21013,0.38480003558852616
21014,0.3458533612883181
21016,0.2538919791317248
21017,0.16487689976627334
21021,0.05300735714688844
21023,0.18306450936248217
21024,0.22908081097069719
21025,0.12694981116478105
21027,0.33498652694796166
21029,0.08608016824898043
21030,0.0840072605600473
21031,0.045529145864028474
21032,0.33343090906205347
21033,0.3248169092986388
21034,0.36901145116576617
21035,0.054026942845604185
21038,0.26103657597640206
21039,0.10972181163795175
21042,0.30429025015831745
21046,0.20495186559336906
21047,0.25716439940738234
21050,0.06512243427280494
21051,0.37585991834059584
21052,0.26259969081597734
21054,0.050117281508249324
21056,0.32645124519805085
21057,0.20984737633793804
21058,0.23513834953365542
21059,0.10945566978277227
21060,0.07602300490466299
21063,0.05026347210475636
21066,0.06456016274777787
21074,0.2943005593970033
21076,0.24822803063628554
21077,0.2924525603180809
21078,0.12693106878061347
21080,0.19436991549235969
21084,0.04140582134716332
21090,0.37217141713641827
21093,0.16884653673296446
21094,0.21684203410927472
21095,0.3701135033548192
21096,0.2761729254301307
21097,0.3649593477087378
21098,0.07112374568326049
21099,0.25402317582089784
21102,0.29416186575416325
21103,0.3079750028856615
21104,0.19529578927023758
21105,0.2154700915882087
21106,0.3706757748798463
21107,0.359175447954626
21108,0.3046838402258364
21109,0.07052024091306476
21114,0.05113311873013156
21119,0.19604173616010684
21120,0.18503245970007687
21121,0.1846801028777266
21125,0.3276620032152758
21128,0.2635218161170217
21129,0.08868535964827248
21130,0.21632849278308333
21131,0.19128866753521134
21133,0.3801556727918026
21134,0.23221828608034822
21135,0.15857945868597023
21137,0.11758986451149717
21138,0.17639222059882767
21139,0.06237105227700583
21140,0.21007603342478237
21141,0.19308793641529798
21142,0.2171081759644542
21143,0.29365956985847236
21144,0.12762453699481352
21146,0.10452642274670167
21147,0.3171025439752675
21149,0.22351057439609573
21150,0.2582477092122678
21152,0.3807516806083313
21153,0.28174691048156564
21155,0.09016225952067691
21158,0.12652248480576048
21159,0.19442239416802887
21161,0.3217619006793251
21162,0.19417124622018345
21163,0.2545217232397551
21166,0.24531546413664532
21167,0.34251346842965735
21173,0.12392479036013543
21174,0.26976303004482216
21177,0.2982626994100273
21178,0.24035997776274012
21180,0.3832369207489509
21181,0.05397446416993498
21182,0.06564347255266335
21183,0.29741179516881966
21184,0.2117178662778614
21186,0.13016225581110236
21187,0.37184155117506906
21188,0.19996639140479575
21189,0.2931497770091145
21192,0.2906532914379943
21193,0.29780538523633865
21196,0.0607554587617614
21198,0.2890264524922494
21199,0.20844544600220388
21200,0.31908173974336274
21204,0.3203412279594234
21206,0.1816588305499145
21207,0.18245725611545294
21208,0.334960287610127
21210,0.19595926966976954
21211,0.059668400480042405
21212,0.16375985366988627
21213,0.12253410545490183
21214,0.23125117905730164
21216,0.37272994018461186
21217,0.08003762359335623
21218,0.32129334107513585
21219,0.3770894187419883
21220,0.16339999989386894
21223,0.38391164657898336
21224,0.3326699682648502
21226,0.39325659932493323
21227,0.15071515428925836
21229,0.057936604182959046
21231,0.3292213695780175
21232,0.3212296169689661
21233,0.2282636430209912
21237,0.17506151132293024
21240,0.14834236845364412
21245,0.3766808347671353
21246,0.30873969215969826
21248,0.303638015189286
21251,0.13750927040478933
21252,0.1592879208075043
21254,0.1678007116964141
21256,0.2829764108829581
21257,0.22111154922264695
21258,0.3505014725618752
21259,0.38093160749634
21260,0.2954213539702239
21262,0.19370268661599424
21263,0.3525856256813088
21264,0.3444289400915829
21265,0.2820842733965818
21268,0.0634243742672232
21269,0.04208804413086283
21271,0.38101407398667725
21272,0.3765271472169613
21274,0.3284191955356456
21276,0.138506365242504
21279,0.20252285260525213
21281,0.14102159319779173
21283,0.3638235592281831
21285,0.1111762206493551
21288,0.154564839997277
21289,0.3698960916984754
21291,0.19652903814846362
21292,0.07672771854936357
21294,0.35558440714811984
21296,0.1717740971399387
21299,0.22518239506384286
21300,0.25733682934172397
21304,0.051028161378793166
21306,0.09166914720774946
21307,0.11726374702698147
21309,0.3098717321634194
21312,0.21978833690041655
21314,0.2551027371489497
21315,0.3974548933784687
21316,0.14754394288810568
21317,0.11696761735713389
21318,0.09637723411064274
21319,0.2914742078645339
21320,0.28337000095047715
21321,0.22462762049248283
21322,0.3680068593743845
21323,0.32377858121575553
21324,0.13846888047416886
21326,0.386929170429962
21327,0.31486095482882626
21328,0.3258627343351892
21330,0.14167007968998963
21331,0.22486002605616068
21332,0.37533138310707037
21333,0.23212457415951038
21334,0.2685372781202631
21339,0.07797596133492365
21340,0.0427590214840618
21342,0.054761644304972885
21344,0.3390648697428247
21345,0.3863369110902668
21346,0.3794022289482663
21347,0.08611765301731555
21348,0.05058584111243855
21349,0.18675301056665972
21350,0.2956762503949028
21352,0.04965247038089361
21355,0.0643502480451011
21359,0.3566302321846702
21361,0.16000387988270545
21362,0.2024328891612478
21364,0.1715079552847592
21366,0.10373549413483027
21367,0.3030869890947595
21368,0.212422579922562
21374,0.3696187044127954
21379,0.11241696648124815
21380,0.0914892203197408
21382,0.13631725477173195
21383,0.10523863334506929
21385,0.22515240724917476
21388,0.33751674881058347
21391,0.32369986320225175
21393,0.18188373915992534
21394,0.37224638667308857
21395,0.1761373241741487
21398,0.27982394186597304
21399,0.06111906101461223
21400,0.33431180111792924
21401,0.2085054216315401
21402,0.37753173900834297
21403,0.37180781488356746
21404,0.0642153028790946
21406,0.23229700409385198
21409,0.14293331638288376
21410,0.2663819039409927
21412,0.35948282305497414
21413,0.1261701279834102
21414,0.2801800471651569
21415,0.30392289942863315
21417,0.03996640624309404
21418,0.2596009093491663
21419,0.11325287681512174
21420,0.1773031004693715
21421,0.37452920906469844
21422,0.15383013853790828
21423,0.06524613400831089
21426,0.34548975903546725
21429,0.0446107690398176
21432,0.22376547082077466
21433,0.24507931009613396
21434,0.22297454220890325
21435,0.28554411751391506
21436,0.043415004929926705
21437,0.36774821447287204
21438,0.24181438677414346
21443,0.33636596642269473
21445,0.3004967916028015
21446,0.1147710099326948
21448,0.32092973882228504
21450,0.04852417885400597
21451,0.21048086892280188
21452,0.22955311905171993
21453,0.24395851552291334
21455,0.3383564076212906
21456,0.3247194489009675
21458,0.0411546733993179
21459,0.2864100156624568
21463,0.2532697319773616
21464,0.4003374720634407
21466,0.06116779121344791
21468,0.19977521908628654
21470,0.10969182382328364
21473,0.3029407984982525
21474,0.23294549058604988
21476,0.23896179590383945
21478,0.10571843837975906
21479,0.27877061987575574
21482,0.1491070577276809
21486,0.12505308188702308
21487,0.24350120134922468
21488,0.11878937709822157
21489,0.06695918792122668
21490,0.23666772808172903
21492,0.3909138013039871
21493,0.38641188062693704
21495,0.2515866658791138
21499,0.25190903488679606
21500,0.1338470085384464
21503,0.264421450557065
21504,0.3424422473698206
21511,0.05799283133546175
21513,0.30971804461324537
21514,0.050844486013950994
21515,0.39026906328862276
21516,0.17745303954271205
21517,0.055481351857007526
21519,0.1696037290533342
21521,0.24885777474431584
21522,0.39346276555077647
21525,0.08911643448412657
21526,0.38415154909632826
21527,0.16256408955999535
21529,0.2684210753384242
21530,0.10140394154438472
21531,0.3922257681957169
21532,0.3686665912970829
21533,0.15330910025804986
21534,0.34836858924360586
21538,0.10202993717558151
21540,0.20571655486740587
21542,0.1208098061114855
21544,0.284427071417528
21545,0.08491439195375763
21547,0.16977990746450936
21548,0.20209552624623156
21551,0.13544760814635676
21552,0.32399599287209935
21556,0.12085853631032117
21557,0.171046892634237
21558,0.13149671356383325
21559,0.3642283947262026
21560,0.10655809719046615
21563,0.08652623699216856
21567,0.2668279726841808
21568,0.1700385523660218
21570,0.07784476464575067
21575,0.17129804058208245
21576,0.40123335802665056
21577,0.057044466696582766
21579,0.1582233533867864
21580,0.045615360831199284
21581,0.1963603566909555
21582,0.14995046501522152
21586,0.30338686724144065
21588,0.276109201323961
21589,0.28073482173651687
21590,0.16859913726195253
21592,0.22315446909691192
21593,0.3064868575827565
21594,0.3536014629031911
21595,0.09460795304522425
21596,0.23893555656600488
21597,0.1837354867156811
21599,0.21270371568507554
21600,0.0733878256907028
21604,0.06797502514310892
21605,0.23076012859211134
21606,0.3964203137724188
21607,0.3039678811506352
21608,0.328531649840651
21611,0.07214333138197623
21612,0.3880462165263491
21613,0.32645499367488434
21614,0.3301097585875603
21617,0.2293357073953761
21618,0.19460981800970456
21621,0.2559199050986558
21623,0.30942941189706485
21624,0.16242539591715535
21625,0.4023878888913728
21626,0.21377952853629398
21634,0.1815763640595772
21636,0.29129053249969167
21638,0.2803187408079969
21641,0.2196046615355744
21643,0.3263275454625449
21645,0.049221395545039535
21646,0.06495375281529682
21649,0.26054552551121174
21650,0.21139549727017923
21651,0.058296457958976367
21652,0.1797808436563241
21653,0.2675964104350511
21654,0.33880622484131223
21659,0.19973023736428439
21660,0.047125996995105335
21661,0.12703602613195186
21664,0.23125492753413518
21665,0.14538107175516823
21666,0.4045994902231459
21669,0.2714798324345714
21671,0.1510300263432735
21673,0.380800410807167
21675,0.2618012652504389
21676,0.18321819691265623
21677,0.10365302764449298
21678,0.3681418045403909
21680,0.2545104778092546
21681,0.2783695328545698
21683,0.12795815143299624
21684,0.12379734214779597
21685,0.05785038921578823
21686,0.3225115960460278
21688,0.2100797819016159
21689,0.28122962067854074
21690,0.30510366963118996
21692,0.3046576008880018
21693,0.22036185385594415
21694,0.07967027286367187
21695,0.13710818338360337
21696,0.15701634384639498
21697,0.22331565360075303
21698,0.37932725941159606
21699,0.16034124279772166
21705,0.22638565612740078
21709,0.20701352785180163
21710,0.3492044995774794
21711,0.3943136697919841
21714,0.2391529682223487
21715,0.34331189399519574
21716,0.1816363396889134
21719,0.37866377901206416
21721,0.3424984745223233
21723,0.35826081960724865
21727,0.381771266307047
21728,0.11115372978835401
21729,0.2093450804422472
21730,0.045697827321536585
21731,0.3478213116259128
21732,0.09734808961052281
21733,0.20225671075007265
21734,0.2644964200937353
21736,0.19729372742250043
21737,0.2217150539928426
21738,0.33728809172373914
21739,0.3517872001157704
21741,0.3452798443327905
21742,0.19454984238036832
21745,0.37870126378039926
21746,0.058708790410662876
21747,0.25133551793126846
21750,0.15359023602056338
21751,0.11496218225120401
21754,0.2409035069035996
21756,0.32502307552448206
21757,0.27397631800569155
21758,0.27477849204806354
21760,0.1564503238445344
21765,0.2251374133418407
21767,0.14162884644482096
21768,0.16548790149013612
21769,0.3104752369336152
21770,0.10892338607241334
21771,0.11393884807565474
21772,0.3212633532604678
21773,0.2444907992332723
21774,0.33031592481340355
21775,0.10732278646450295
21780,0.2834562159176479
21781,0.35824582569991464
21782,0.29821396921119164
21790,0.24977240309169316
21791,0.31438489827097
21792,0.2473208992425752
21793,0.3711743222987036
21794,0.10295206247662589
21796,0.06231857360133664
21798,0.30207864882654434
21799,0.15259688965968224
21800,0.23378889787359047
21802,0.2306064410419373
21803,0.22001699398726088
21804,0.2754007392024268
21805,0.15708381642939823
21806,0.30081166365681666
21807,0.3691801326232743
21808,0.2748122283395652
21812,0.1322501574073695
21813,0.046976057921764784
21816,0.31667521761624695
21817,0.11421623536133477
21819,0.25476162575710004
21821,0.06048931690658192
21823,0.29320225568478375
21826,0.2513879966069376
21827,0.16438210082424953
21828,0.2483292395107904
21829,0.11460232847518668
21831,0.24641751632569836
21833,0.20250785869791807
21836,0.3793797380872652
21837,0.3335058785987237
21838,0.21088570442082136
21839,0.27072638859103515
21840,0.13655340881224332
21844,0.28041620120566824
21846,0.25205147700646957
21847,0.33258375329767936
21848,0.3770032037748175
21851,0.2909006909090063
21852,0.35908548451062167
21853,0.3528705099206559
21855,0.11887184358855886
21856,0.38138892167002864
21859,0.30050803703330203
21862,0.1002831469711641
21864,0.08600145023547663
21866,0.38216110789773244
21867,0.264567641153572
21868,0.27063267667019736
21869,0.16778946626591354
21870,0.19194465098107627
21871,0.3592691598754639
21872,0.07860945391978748
21873,0.3697723919629695
21874,0.1313430260136592
21876,0.10636692487195694
21877,0.3796196406046102
21879,0.33570998297682986
21882,0.37910984775525225
21885,0.23215831045101198
21886,0.10068798246918358
21887,0.23281054542004337
21888,0.33053708494658085
21889,0.20008259418663468
21890,0.22503245599050228
21893,0.24464073830661284
21894,0.18069172352686794
21895,0.14064299703760685
21896,0.37900114192708034
21899,0.38593582406908084
21900,0.2865637032126308
21901,0.18012195504817385
21903,0.16521051420445607
21905,0.2605305316038777
21906,0.3774830088095073
21908,0.10252848459443883
21910,0.28757954043451306
21911,0.14347684552374323
21913,0.32068983630494013
21914,0.14307950697939079
21916,0.13908737915169864
21918,0.0634506136050578
21919,0.13504277264833728
21921,0.3200713376274104
21923,0.15010790104222912
21925,0.07595928079849325
21926,0.33307480376286963
21927,0.2787631229220887
21928,0.17774916921255965
21930,0.2111443493223338
21931,0.18521613506491905
21934,0.286353788509954
21935,0.26876218673027397
21936,0.40185185670418033
21937,0.14313948260872703
21938,0.3864156291037706
21939,0.3980696435791649
21941,0.13573249238570378
21942,0.19216206263742008
21945,0.3328311527686913
21946,0.14410284115494004
21947,0.35028031242869784
21948,0.29276743237209607
21952,0.0635855587710643
21953,0.33834141371395654
21957,0.2861138859926092
21958,0.04411222162096027
21959,0.2306589197176065
21961,0.18006572789567116
21962,0.28490312797538425
21963,0.07130367257126914
21964,0.31471851270915274
21967,0.33275243475518745
21969,0.051253069988803995
21970,0.21494530483151675
21971,0.06646813745603639
21973,0.35868814596626925
21974,0.12441209234849221
21980,0.14455640685179522
21981,0.07687390914587061
21983,0.1592017058403335
21984,0.102434772673601
21985,0.16529672917162688
21986,0.2748834493994019
21990,0.30080041822631615
21991,0.17145547660909002
21992,0.15754862755675392
21994,0.29497153675020216
21995,0.10889714673457873
21996,0.07201213469280324
21997,0.21949220723056898
21998,0.3435368026052066
21999,0.17182282733877435
22002,0.048914020444691404
22004,0.1950296474150581
22005,0.3922332651493839
22007,0.26406909373471465
22008,0.2015032669065364
22009,0.12224172426188774
22012,0.40071606822362565
22013,0.1630963732703543
22015,0.08341500122035214
22016,0.2378035165622837
22017,0.05058209263560503
22019,0.36770323275086986
22020,0.32820553235613525
22021,0.04483192917299491
22022,0.15940787206617676
22023,0.3209672235906202
22025,0.34834984685943826
22027,0.34172253981778594
22028,0.06799376752727648
22033,0.18417780698203576
22034,0.355352001584442
22035,0.26235978829863243
22036,0.19678018609630904
22038,0.04742962361861995
22039,0.3177547789442989
22042,0.3757699548965915
22044,0.11294175323794008
22045,0.2307188953469427
22048,0.3755825310549158
22049,0.12205804889704557
22051,0.15796096000844045
22052,0.08799563991090595
22053,0.2716785017067476
22054,0.30198868538254
22055,0.1682430319627687
22056,0.19300172144812716
22058,0.3791173447089193
22059,0.22278336989039405
22061,0.07242071866765626
22062,0.24062237114108606
22065,0.21831143702801212
22066,0.16455078228175768
22068,0.36660492903865033
22069,0.25123056057993004
22074,0.35529202595510573
22076,0.2724094546892828
22077,0.16918764812481418
22078,0.2792354310031114
22079,0.38398286763882017
22080,0.2989936523925625
22082,0.057325602459096306
22084,0.27036278633818434
22085,0.2722670125696093
22086,0.2861888555292794
22090,0.3780602742418684
22091,0.3062244642044106
22093,0.1948159842355478
22095,0.044768205066825176
22098,0.20612513884225886
22099,0.07255191535682923
22100,0.09708944470901036
22101,0.30556098380487856
22102,0.4047119445281513
22103,0.11261938423025791
22106,0.265793393078131
22107,0.2700853990525043
22111,0.20525174374005015
22112,0.36614011791129464
22116,0.09030845011718394
22121,0.36998605514247973
22123,0.05860008458249098
22124,0.08016882028252921
22125,0.14679799599823645
22126,0.31170098885817416
22127,0.1002831469711641
22130,0.24500059208263017
22131,0.3568663862251815
22132,0.07826084557427071
22134,0.38239351346141026
22135,0.3377454058974278
22136,0.38134768842486
22137,0.3364971631118677
22141,0.32826175950863795
22143,0.19724124874683124
22146,0.2575917257664029
22147,0.1631413549923565
22148,0.37798530470519814
22149,0.1397696019353981
22151,0.2804236981593353
22152,0.23342154714390612
22153,0.172411338201636
22154,0.22557973360819533
22156,0.3512286770675769
22158,0.1605848937919001
22159,0.3378541117255997
22160,0.28145827776538507
22161,0.25879123835312734
22163,0.09639597649481031
22164,0.37325472694130374
22166,0.25125305144093113
22167,0.07200838621596974
22168,0.39119868554333415
22169,0.3481811654019301
22172,0.3163416031780642
22175,0.21529391317703353
22176,0.0680799824944473
22177,0.11419374450033369
22178,0.39450484211049336
22181,0.22699665785126352
22182,0.16672115036836213
22183,0.06280212711285992
22184,0.18442895492988118
22186,0.39796843470466003
22187,0.3068279689746063
22190,0.35552817999561714
22193,0.1888109243482588
22194,0.1910300226336989
22195,0.3349827784711282
22196,0.05408316999810689
22197,0.3765308956937948
22198,0.05447676006562584
22199,0.3542424524417219
22200,0.2599457692178495
22202,0.37284614296645074
22203,0.22545978234952285
22204,0.24799187659577415
22205,0.13680080828325522
22206,0.28269527512044457
22208,0.20160447578104126
22210,0.13588617993587787
22212,0.37402316469217406
22214,0.25764795291890563
22216,0.31348526383092673
22219,0.29881747398138736
22222,0.31537449615501767
22223,0.39049397189863355
22224,0.21807528298750076
22225,0.2887453167297358
22226,0.053442180459576036
22227,0.37686825860881107
22229,0.13191279449235327
22231,0.23764982901210965
22233,0.2439960002912485
22234,0.3880387195726821
22235,0.17736307609870772
22236,0.29602860721725305
22237,0.32292018002088085
22240,0.1049687430130563
22241,0.34613074857399817
22242,0.2945517073448487
22243,0.2433175259843825
22245,0.3099991803757589
22248,0.33958965649951656
22249,0.21746802974047152
22250,0.3541937222428862
22251,0.26521237916893636
22252,0.052932387610218165
22253,0.265092427910264
22254,0.1276695187168157
22255,0.24810433090077955
22257,0.10664056368080345
22260,0.2784182630534054
22262,0.30767512473898034
22263,0.2914292261425317
22264,0.25768168921040724
22265,0.25565001476664273
22267,0.40186685061151434
22268,0.34837233772043935
22269,0.37067577487984626
22271,0.05460045980113179
22272,0.27706881139334044
22273,0.2236080347937671
22274,0.3503365395812006
22275,0.08005261750069029
22277,0.40374858598193825
22282,0.2652273730762704
22283,0.08786444322173298
22284,0.06736027494241266
22286,0.33783536934143216
22287,0.05278619701371112
22288,0.25061581037923375
22289,0.29416936270783023
22290,0.11032531640814748
22291,0.2189299357055419
22292,0.06987925137453391
22293,0.28691980851181464
22295,0.19248818012193578
22296,0.3228939406830463
22297,0.31474850052382086
22298,0.2483329879876239
22299,0.15420873469809315
22300,0.36483939645006536
22302,0.36794688374504825
22303,0.37401941621534057
22305,0.11523956953688402
22306,0.3167576841065842
22307,0.37809775901020354
22308,0.1700872825648575
22309,0.2735527401235045
22312,0.39469601442900254
22313,0.12379359367096245
22314,0.32860287090048773
22315,0.11028408316297883
22316,0.38095784683417455
22317,0.04324632347241859
22318,0.34858974937678316
22319,0.3872702818218117
22320,0.2920027430980593
22322,0.3530991670075002
22323,0.3798895309366231
22324,0.12366989393545649
22328,0.2871259747376579
22329,0.19129991296571192
22330,0.23496217112248027
22331,0.33486282721245575
22332,0.2399401483573866
22333,0.04301016943190722
22334,0.2616475777002648
22335,0.3098604867329189
22336,0.34946314447899185
22338,0.38675674049562037
22339,0.18354806287400544
22341,0.19712879444182582
22342,0.2839247755218371
22343,0.33862254947647
22344,0.0822379794946288
22345,0.34329690008786173
22346,0.1014526717432204
22350,0.16050617577839632
22351,0.2218537476356826
22353,0.20809308917985359
22354,0.34305699757051683
22355,0.2220599138615259
22358,0.243182580818376
22362,0.3411227835244237
22365,0.28715221407549246
22366,0.3086909619608626
22368,0.1519034214454822
22369,0.1975036421251772
22370,0.04813808574015405
22371,0.13538013556335352
22372,0.3865430773161101
22373,0.18665555016898833
22374,0.12858414706419302
22375,0.23503714065915055
22376,0.34519737784245313
22377,0.12044245538180114
22378,0.23288176647988015
22379,0.3123044936283698
22382,0.1754775922514503
22386,0.17579996125913247
22387,0.366522462548313
22388,0.1512774258142854
22390,0.2181989827230067
22391,0.11001794130779935
22392,0.12457327685233333
22393,0.3965290196005907
22394,0.3625490771047884
22395,0.28280772942545007
22397,0.3209184933917845
22399,0.35931414159746605
22401,0.21062331104247536
22402,0.3247756760534702
22403,0.24751207156108437
22405,0.37326222389497077
22406,0.19116871627653892
22407,0.3586581581516011
22408,0.3012652293536718
22409,0.06833113044229272
22410,0.17663587159300603
22411,0.3948609474096771
22413,0.3476788695062393
22415,0.2820205492904121
22416,0.34195494538146376
22419,0.3388099733181457
22422,0.3378766025866008
22424,0.3174923855659529
22425,0.3889645933505599
22426,0.22634067440539862
22427,0.3354138533069822
22428,0.30299327717392166
22429,0.31076761812662923
22430,0.11483098556203102
22431,0.2117703449535306
22432,0.17549258615878435
22433,0.05233263131685596
22436,0.10966933296228258
22437,0.18989423415314427
22438,0.26171130180643454
22439,0.16339625141703543
22440,0.32973491090420887
22441,0.14005823465157868
22442,0.138513862196171
22443,0.2766114972196518
22444,0.1222567181692218
22446,0.05313855383606142
22447,0.2071709638788092
22448,0.2953051511883849
22449,0.23421247575577755
22450,0.27647280357681175
22451,0.2640840876420487
22452,0.37906486603325007
22454,0.04940132243304819
22455,0.40381231008810803
22457,0.20246287697591592
22459,0.13315728880107985
22460,0.27299421707531096
22461,0.1871353552036781
22462,0.342685898363999
22464,0.22967681878722587
22465,0.22096161014930635
22466,0.3753276346302369
22470,0.3715266791210539
22474,0.35876311550293954
22476,0.11628539457343437
22477,0.30963182964607455
22479,0.28675487553114004
22480,0.38831985533519564
22482,0.21583369384105955
22485,0.13419561688396314
22486,0.33074699964925763
22487,0.1627065316796689
22488,0.08800313686457298
22489,0.1350727604630054
22492,0.24955499143534937
22493,0.33400442601758107
22495,0.21840140047201645
22497,0.3309531658751009
22499,0.17397070456437774
22500,0.14499123016448284
22502,0.32582524956685405
22507,0.2792129401421103
22508,0.043816091951112676
22510,0.11095131203934427
22512,0.30240476631106006
22513,0.19748864821784312
22515,0.305542241420711
22518,0.2699054721644957
22519,0.2059452119542502
22520,0.23868815709499297
22521,0.09792535504288392
22523,0.33689825013305374
22524,0.40505680439683456
22525,0.3084997896423534
22526,0.3883610885803642
22527,0.18487877214990284
22528,0.17993827968333168
22529,0.10257721479327452
22530,0.3606523478270305
22531,0.20105344968651476
22533,0.30227731809872055
22538,0.16515428705195337
22540,0.04214801976019905
22542,0.28308511671113
22544,0.2422979402856667
22546,0.09468292258189454
22547,0.3775842176840122
22549,0.17363709012619502
22550,0.39587303615472585
22551,0.39362020157778405
22552,0.21716065464012338
22553,0.04502310149150411
22554,0.36576527022794325
22558,0.07776229815541336
22560,0.11344779761046446
22561,0.36186685432108895
22562,0.35504087800726036
22563,0.3922145227652164
22564,0.3685054067932418
22565,0.23408127906660453
22566,0.2133522021772734
22567,0.279539057626626
22570,0.15339156674838716
22573,0.3183995169596633
22577,0.34346933002220337
22580,0.21585618470206058
22581,0.3199288955077369
22583,0.37023345461349166
22584,0.329749904811543
22585,0.10770513110152134
22587,0.11174973760488272
22588,0.2001275759086368
22591,0.3833643689612904
22592,0.36310010319931496
22593,0.35228949601146126
22595,0.3687078245422516
22596,0.3684829159322407
22597,0.3062169672507435
22598,0.27205709786693255
22599,0.05338220483023981
22600,0.24655995844537187
22601,0.2400750935233931
22602,0.3272046890415871
22603,0.37302232137762587
22604,0.37919606272242307
22605,0.15485722119029105
22606,0.09208522813626949
22607,0.21643719861125524
22608,0.20787192904667628
22609,0.19635285973728847
22610,0.34525735347178943
22611,0.3036792484344547
22612,0.2852479878440675
22613,0.3914011032923439
22614,0.38003947000996374
22615,0.08407098466621704
22618,0.1559892611940122
22621,0.2028714609507689
22622,0.17791785067006777
22624,0.11480849470102995
22626,0.33888119437798253
22627,0.1386113225938424
22628,0.14884841282616848
22629,0.20816431023969034
22630,0.12618887036757775
22631,0.11126993257019294
22633,0.2008023017386693
22634,0.17268872548731606
22635,0.2684773024909269
22637,0.13710068642993634
22639,0.35796468993740105
22641,0.1865056110956478
22642,0.3543324158857263
22643,0.3220242940576711
22644,0.4046857051903167
22646,0.1874877120260284
22647,0.37088568958252305
22648,0.22477381108898986
22650,0.3804930357068188
22652,0.1516597704513038
22653,0.24615512294735242
22655,0.38948938010725187
22657,0.05169164177832511
22658,0.24319757472571002
22662,0.2572955960965553
22663,0.18785131427887922
22664,0.3825846857799195
22665,0.3007891727958156
22666,0.38763388407466254
22668,0.3293263269293559
22669,0.2712549238245606
22670,0.35746239404171026
22671,0.33384324151374
22672,0.10639691268662504
22673,0.08467074095957924
22676,0.1626090712819975
22678,0.27179845296542005
22682,0.293963196481987
22683,0.2150727530438562
22684,0.1425434747921983
22685,0.17826645901558452
22686,0.30848479573501936
22687,0.38188372061205245
22688,0.13511774218500755
22690,0.26433148711306065
22691,0.20099722253401203
22692,0.24761702891242274
22694,0.23739493258743075
22695,0.2932472374067858
22696,0.04538670374435495
22697,0.3945123390641604
22699,0.3819099599498871
22702,0.3917384662073602
22704,0.0987312775620894
22705,0.2777098009318713
22706,0.3381614868259479
22709,0.05790286789145742
22711,0.37031217262699545
22712,0.22397913400028496
22714,0.31482347006049116
22715,0.19228951084975954
22716,0.14581214659102232
22717,0.3663650265213054
22718,0.058705041933829374
22720,0.3965177741700902
22721,0.08828427262708652
22724,0.20617012056426104
22725,0.2734365373416656
22726,0.39162601190235474
22728,0.12646625765325775
22729,0.09735933504102336
22730,0.3315004434927939
22732,0.3257202922155157
22733,0.37271119780044426
22734,0.28881278931273907
22735,0.39965150080290773
22736,0.215143974103693
22737,0.2230082785004049
22738,0.054128151720109055
22739,0.39045648713029846
22740,0.39171597534635905
22742,0.25441301741158323
22743,0.3257990102290194
22745,0.21517771039519462
22746,0.0653548398364828
22748,0.4051055345956703
22749,0.3690564328877684
22751,0.09446176244871721
22752,0.269200758519795
22753,0.40294266346273283
22756,0.10637067334879045
22757,0.04337002320792454
22758,0.37198399329474263
22759,0.17096817462073324
22762,0.2135358775421156
22763,0.3783713978190501
22764,0.2523363612458166
22766,0.08909019514629198
22768,0.04915017448520277
22769,0.14908456686667987
22770,0.13335970655008958
22772,0.38402784936082235
22773,0.13873127385251482
22775,0.274351165689043
22776,0.3709681560728604
22777,0.20578777592724262
22779,0.08792067037423568
22780,0.3106176790532887
22781,0.40381980704177506
22783,0.36476067843656157
22784,0.31271307760322287
22786,0.3483161105679367
22789,0.2239641400929509
22791,0.07173474740712323
22793,0.313159146346411
22794,0.2824178878347646
22795,0.08510181579543333
22796,0.07704633908021224
22798,0.3183695291449952
22800,0.21618979914024333
22801,0.32440082837011885
22802,0.3486309826219518
22804,0.08420967830905705
22808,0.14569969228601692
22810,0.40083976795913157
22811,0.17901240590545375
22812,0.061823774659312825
22813,0.26646437043133
22814,0.3151046058230047
22816,0.14788880275678895
22818,0.23277306065170825
22820,0.382033659685393
22821,0.05520021609449399
22823,0.20712973063364054
22824,0.26376921558803357
22825,0.21060456865830782
22826,0.3935414835642803
22828,0.19211708091541793
22829,0.3805230235214869
22830,0.3579984262289027
22831,0.3299485740837192
22832,0.26285083876382276
22833,0.05186407171266674
22836,0.25044338044489217
22839,0.12703227765511835
22840,0.076300392190343
22841,0.24647374347820106
22842,0.16193434545196506
22845,0.3698173736849716
22846,0.14716534672792078
22847,0.2971494017904737
22848,0.16126336809876607
22851,0.22790004076814036
22853,0.12787943341949246
22855,0.25511398257945034
22859,0.2275664263299576
22860,0.4026390368392182
22861,0.15043401852674482
22862,0.37623851450078066
22864,0.2333015958852337
22865,0.05206274098484297
22870,0.2949640397965352
22871,0.3054897627450418
22873,0.17175535475577114
22874,0.2813908051823818
22875,0.22264842472438753
22876,0.28712222626082434
22877,0.39661523456776154
22878,0.15614294874418627
22879,0.39733869059662974
22880,0.27301670793631205
22882,0.15947534464918003
22883,0.392233265149384
22884,0.25221266151031063
22886,0.051110627869130475
22887,0.17662462616250552
22888,0.21520020125619568
22889,0.33255001700617776
22890,0.3658964669171162
22891,0.062116155852326896
22894,0.2970669353001364
22897,0.3224778597545262
22898,0.38081540471450104
22899,0.0700104480637069
22900,0.053475916751077664
22901,0.1268560992439432
22904,0.11088383945634103
22905,0.3383676530517911
22906,0.35114621057723955
22907,0.3511312166699055
22908,0.2613139632620821
22909,0.08953626388948013
22910,0.3113898652809925
22911,0.31390134475944675
22913,0.3100816468660962
22915,0.2840072420121744
22918,0.12021379829495679
22919,0.38411781280482665
22921,0.3846763358530202
22922,0.06229608274033556
22923,0.1745254791357378
22925,0.31974147166606115
22926,0.10585338354576555
22927,0.31645405748306965
22928,0.2242152880407963
22929,0.37089693501302357
22930,0.10748022249151053
22933,0.21246006469089712
22934,0.3281268143426315
22935,0.1232088312849343
22936,0.3589018091457795
22937,0.1491258001118485
22938,0.2875045708978428
22940,0.14017068895658413
22941,0.40266902465388626
22943,0.2361691806628717
22945,0.1315941739615046
22946,0.22615325056372296
22947,0.36669114400582115
22948,0.37600985741393633
22949,0.38317319664278116
22950,0.30942191494339777
22951,0.10851855057439383
22952,0.2877594673225217
22953,0.27727497761918374
22954,0.15787099656443612
22955,0.39969273404807637
22957,0.4044083179046367
22958,0.15243570515584115
22959,0.1440653563866049
22961,0.28390228466083606
22962,0.15777728464359828
22963,0.14047806405693225
22964,0.31499589999483274
22965,0.2804349435898358
22966,0.24123712134178235
22967,0.3216456978974862
22968,0.40175439630650894
22969,0.1599101679618676
22970,0.1344317709244745
22971,0.3154419687380209
22972,0.39748488119313674
22973,0.3554794497967815
22974,0.37742678165700455
22976,0.1987331425265697
22977,0.11764609166399986
22978,0.28159322293139155
22980,0.1535864875437299
22981,0.09715691729201362
22983,0.16770699977557624
22986,0.19508212609072728
22988,0.3458571097651516
22989,0.4003187296792732
22990,0.19320039072030337
22992,0.16967120163633748
22993,0.05192029886516945
22995,0.2229632967784027
22996,0.0977566735853758
22997,0.08069360703922113
22998,0.24135707260045478
23002,0.18499872340857526
23003,0.16533796241679555
23005,0.36474193605239397
23006,0.1720252450877841
23007,0.14070672114377658
23008,0.3024534965098957
23010,0.2783995206692378
23011,0.09603987119562651
23012,0.321330825843471
23013,0.3814826335908665
23014,0.11110125111268483
23015,0.25449923237875405
23020,0.26085290061155986
23021,0.2912605446850236
23022,0.36495559923190424
23023,0.07734246875005983
23025,0.3727336886614453
23028,0.3872777787754788
23031,0.29582618946824335
23032,0.39951655563690125
23033,0.2562085378148363
23034,0.19459482410237053
23035,0.2978578639120078
23036,0.3389186791463176
23037,0.07544948794913536
23039,0.3980658951023314
23040,0.13764046709396233
23041,0.17960841372198247
23043,0.1290039764695466
23046,0.22014444219960033
23048,0.061906241149650126
23051,0.3068617052661079
23052,0.23897678981117357
23053,0.27158478978590983
23055,0.352638104356978
23056,0.19577184582809382
23059,0.3469704073847052
23060,0.1362460337118952
23062,0.21073576534748079
23063,0.16496311473344416
23065,0.23484596834064136
23066,0.17762172100022017
23067,0.11567439284957161
23070,0.3388099733181457
23072,0.1897780313713053
23073,0.17004230084285535
23074,0.17247506230780574
23075,0.20284897008976782
23078,0.24545790625631883
23079,0.33089319024576463
23080,0.2981090118598532
23081,0.04939757395621468
23082,0.37951093477643827
23084,0.1350765089398389
23087,0.15361272688156447
23088,0.29979957491176795
23089,0.3326512258806826
23090,0.31131864422115574
23095,0.21309730575259445
23097,0.22861599984334147
23098,0.05050712309893476
23099,0.17822147729358237
23100,0.271768465150752
23101,0.3326324834965151
23102,0.34718032208738203
23103,0.37833766152754844
23105,0.11590304993641597
23106,0.1092719944179301
23108,0.05758049888377524
23109,0.28739211659283737
23110,0.3631863181664858
23111,0.12983238984975312
23112,0.11390136330731962
23113,0.07673146702619707
23114,0.2714161083284017
23115,0.39415623376497655
23116,0.08338501340568402
23118,0.3710243832253631
23119,0.14422279241361247
23120,0.2588886987507987
23122,0.3489271122917994
23123,0.2194509739854003
23124,0.19008915494848694
23125,0.11763859471033283
23126,0.23283678475787797
23128,0.2562160347685034
23129,0.387615141690495
23131,0.15633412106269545
23132,0.2821030157807494
23133,0.3892944593119092
23134,0.30558722314271325
23135,0.25266997568399935
23136,0.18254347108262373
23137,0.09525643953742213
23139,0.27021284726484374
23142,0.05218644072034892
23143,0.22104032816281016
23146,0.3282355201708034
23147,0.11457608913735208
23148,0.17821772881674888
23149,0.11853822915037615
23151,0.13994952882340678
23152,0.19796845325253293
23153,0.40037120835494233
23154,0.14838735017564628
23156,0.2727055843591304
23157,0.13158292853100406
23158,0.2272852905674441
23161,0.3031544616777628
23162,0.2955787899972314
23163,0.32396975353426477
23164,0.3629988943248101
23166,0.39457606317033006
23167,0.3151383421145063
23168,0.2229557998247357
23169,0.2481155763312801
23170,0.15826458663195506
23171,0.3061869794360754
23172,0.06746898077058455
23173,0.36865159738974884
23174,0.27335032237449475
23176,0.26834985427858743
23177,0.1180359332546853
23178,0.2208903890894696
23179,0.20008259418663468
23180,0.1908051140236881
23181,0.3980958829169995
23182,0.31545696264535494
23183,0.16304764307151864
23184,0.1672534340787211
23185,0.1479075451409565
23186,0.139593423524223
23187,0.3758374274795947
23188,0.24873032653197633
23191,0.25166913236945115
23192,0.2441346939340885
23193,0.25346465277270425
23194,0.16874907633529307
23196,0.12995234110842557
23197,0.14592085241919422
23198,0.2810122090221969
23199,0.07905177418614209
23201,0.37772291132685215
23202,0.3490583089809724
23203,0.20575029115890747
23204,0.06251349439667936
23205,0.3190405064981941
23206,0.19237197734009684
23207,0.06825616090562245
23209,0.2917178588587122
23211,0.31836952914499517
23212,0.08348247380335538
23214,0.2076845052050006
23215,0.17304108230966633
23216,0.3084698018276853
23218,0.37797031079786403
23219,0.2554813333091347
23220,0.31720375284977237
23221,0.06420780592542757
23222,0.2606542313393836
23224,0.27246568184178555
23225,0.2601369415363588
23227,0.17167663674226732
23228,0.2863425430794535
23229,0.3836904864458061
23230,0.18680174076549538
23231,0.3999438819959218
23233,0.34614574248133223
23234,0.22336063532275516
23236,0.2460089323508454
23238,0.15050523958658157
23239,0.09601363185779191
23240,0.2270753758647673
23241,0.24894773818832017
23242,0.40220421352653063
23245,0.3350577480077985
23246,0.17022972468453101
23248,0.3022173424693843
23249,0.3944186271433225
23250,0.2954026115860563
23251,0.3181371235813173
23254,0.30693667480277814
23255,0.2996796236530955
23257,0.3972149908611237
23258,0.33674456258287966
23259,0.2081755556701909
23260,0.237477399077768
23262,0.303499321546446
23264,0.27884184093559244
23267,0.35725622781586697
23270,0.2979928090780143
23271,0.27448236237821594
23273,0.33952968087018043
23274,0.16730216427755676
23275,0.25815399729142996
23276,0.30508867572385584
23277,0.2557774629789822
23278,0.219777091469916
23280,0.39228199534821967
23282,0.37865628205839713
23283,0.23663774026706094
23284,0.32754580043343684
23286,0.15526955364197756
23287,0.30327816141326874
23288,0.2051093016203766
23289,0.22768262911179657
23291,0.05116685502163318
23293,0.37229136839509075
23294,0.17581120668963302
23295,0.2741337540326992
23297,0.21878374510903487
23298,0.11436992291150884
23299,0.2809259940550261
23304,0.3779140836453614
23305,0.14217612406251395
23306,0.13728811027161203
23307,0.05539888536667023
23309,0.36442331552154533
23310,0.3244045768469523
23311,0.3342068437665908
23313,0.1871016189121765
23314,0.3469816528152057
23315,0.22521238287851097
23318,0.12924762746372498
23319,0.054184378872611766
23320,0.1931516605214677
23321,0.2712624207782276
23322,0.17921107517763
23323,0.298165239012356
23325,0.1399495288234068
23326,0.30201117624354107
23328,0.39697508834377887
23332,0.0356556578845532
23333,0.04873034507984923
23334,0.4041721638641253
23335,0.1837017504241795
23336,0.22237478591554102
23338,0.08611765301731555
23339,0.21555630655537952
23340,0.3523419746871304
23343,0.3641534251895323
23344,0.11822335709636098
23346,0.10048181624334032
23347,0.2863837763246222
23348,0.27371017615051213
23349,0.3777716415256878
23351,0.2659358351978046
23352,0.36754579672386234
23353,0.40376357988927236
23354,0.2613476995535837
23356,0.39415998224181004
23357,0.2865524577821303
23359,0.16080230544824387
23361,0.2923588483972431
23364,0.32206552730283977
23365,0.1674745942118984
23366,0.37948469543860364
23367,0.20730216056798217
23368,0.35432866740889274
23369,0.3635461719425031
23371,0.34480378777493426
23372,0.2408735190889315
23373,0.31134863203582386
23377,0.11777728835317285
23378,0.26658432169000246
23385,0.2700554112378363
23387,0.06427527850843083
23388,0.3697274102409673
23392,0.07646157669418409
23394,0.39862816662735845
23395,0.323628642142415
23397,0.3952620344308631
23398,0.06791130103693918
23399,0.25525642469912385
23401,0.2711499664732222
23402,0.2109831648184927
23404,0.3339219595272438
23407,0.37470163899904
23409,0.17238135038696792
23410,0.32945002666486184
23411,0.04449456625797867
23412,0.272739320650632
23413,0.09009103846084016
23415,0.2589186865654668
23416,0.2741375025095327
23417,0.14141518326531066
23419,0.15973024107385897
23421,0.08887653196678169
23422,0.15059520303058588
23423,0.27451609866971755
23426,0.22556473970086124
23427,0.23073763773111025
23428,0.16012383114137788
23430,0.35430617654789165
23431,0.17824396815458346
23432,0.1588680914021508
23433,0.15581683125967055
23435,0.055575063777845365
23436,0.15139737707295783
23438,0.27562939628927113
23439,0.07500341920594725
23440,0.2275551808994571
23441,0.08483567394025385
23442,0.15697885907805986
23443,0.3122670088600348
23444,0.26688419983668354
23447,0.06657309480737478
23450,0.2857802715544264
23452,0.2311537186596303
23453,0.2764353188084766
23454,0.2134871473432799
23455,0.056358495436049746
23456,0.08608016824898043
23457,0.3456022133404727
23459,0.18869472156641984
23462,0.30530233890336617
23463,0.3650905443979108
23466,0.24437084797459982
23468,0.30397537810430225
23469,0.23690013364540688
23470,0.2140869036366421
23471,0.37061205077367654
23472,0.39046023560713194
23473,0.2557812114558157
23474,0.3770744248346543
23476,0.3235161878374096
23477,0.10436523824286059
23478,0.30225107876088597
23479,0.38379169532031093
23480,0.2923513514435761
23481,0.1922970078034266
23482,0.17908362696529057
23483,0.36693479499999954
23484,0.2828377172401182
23486,0.18722531864768246
23487,0.18055302988402794
23488,0.21687951887760987
23489,0.16905645143564121
23490,0.37564250668425203
23492,0.2515679234949463
23493,0.0471972180549421
23494,0.38698539758246475
23495,0.40187434756518137
23496,0.3009053755776545
23497,0.2538807337012243
23498,0.10383295453250163
23499,0.13936851491421215
23500,0.16286021922984295
23501,0.0421067865150304
23504,0.3468392106955322
23505,0.11701634755596954
23506,0.1451186783768223
23507,0.3813739277626946
23508,0.28117339352603804
23509,0.21455546324083133
23514,0.32548788665183787
23515,0.08177691684410662
23516,0.07407004847440231
23517,0.38632191718293274
23519,0.39064391097197415
23520,0.16997482825985208
23521,0.2190348930568803
23523,0.15256690184501415
23524,0.2590049015326376
23525,0.2608566490883934
23526,0.19941536531026924
23528,0.2240803428747898
23529,0.1858271367887818
23530,0.2225772036645508
23531,0.33179282468580795
23532,0.06340938035988915
23533,0.05609235358087027
23534,0.050709540847944504
23535,0.15803592954511075
23538,0.10752520421351269
23540,0.07430620251491367
23542,0.05175161740766133
23544,0.320914744914951
23550,0.38810994063251886
23551,0.3686778367275834
23552,0.36541291340559295
23553,0.18243851373128533
23554,0.2710075243535487
23556,0.2720233615754309
23557,0.32203553948817165
23560,0.2605942557100474
23561,0.13892244617102403
23564,0.19796470477569938
23565,0.2944317560861762
23566,0.21363708641662046
23568,0.39025032090445516
23569,0.05410191238227446
23571,0.3439079018117244
23572,0.04098224346497627
23573,0.19114997389237134
23574,0.2643914627423969
23575,0.1548459757597905
23576,0.34950812620099403
23577,0.22191372326501882
23578,0.3755675371475818
23581,0.3744692334353622
23582,0.23423496661677864
23583,0.28848292335138986
23584,0.2782758209337319
23585,0.10318446804030373
23586,0.2868523359288114
23590,0.10546354195508012
23592,0.07728624159755712
23593,0.18793378076921655
23596,0.3354738289363185
23598,0.27862068080241514
23599,0.12734714970913352
23602,0.15017912210206585
23603,0.39298670899292026
23604,0.371972747864242
23606,0.10732278646450295
23607,0.15009290713489504
23608,0.09978834802914027
23609,0.38369798339947314
23610,0.3152995266183474
23611,0.09509900351041453
23612,0.08510556427226684
23614,0.06476632897362114
23615,0.2008097986923363
23616,0.142730898633874
23618,0.2887528136834029
23619,0.22623571705406026
23621,0.16030375802938657
23622,0.24272526664468727
23625,0.2452030098316399
23626,0.22618323837839105
23629,0.22468009916815204
23632,0.2435949132700625
23633,0.22602955082821696
23634,0.18727779732335165
23636,0.27224452170860824
23642,0.22917827136836852
23643,0.1850137173159093
23645,0.2756331447661047
23646,0.33364082376473025
23647,0.26201492842994917
23649,0.382427249752912
23651,0.18101784101138363
23652,0.162189241876644
23653,0.10337564035881294
23654,0.39913795947671626
23655,0.2843108686356891
23656,0.31720000437293894
23659,0.22770886844963117
23661,0.07818587603760042
23662,0.2269629215597619
23663,0.3541075072757155
23664,0.33744552775074677
23665,0.15126992886061838
23666,0.34985673454651084
23667,0.21937600444873004
23668,0.06686547600038883
23669,0.3109512934914714
23670,0.1494256782585296
23671,0.2719596374692612
23673,0.20163821207254287
23674,0.16658245672552213
23675,0.2633493861826801
23676,0.3749602839005525
23679,0.3630101397553106
23680,0.30854102288752205
23681,0.17159417025193002
23684,0.39947532239173256
23686,0.30307949214109253
23687,0.16158198862961473
23688,0.03681018874927545
23689,0.3490358181199713
23692,0.40241037975237387
23693,0.16462575181842795
23694,0.33937599332000634
23696,0.11525081496738457
23697,0.2042284095645009
23698,0.2595521791503306
23700,0.11124369323235835
23701,0.2374998899387691
23703,0.35053895733021034
23704,0.14682423533607103
23706,0.07214707985880975
23707,0.17281992217648903
23711,0.2031863330047841
23713,0.3997377157700786
23714,0.2686984626241042
23716,0.14733402818542893
23719,0.3004218220661312
23721,0.19827582835288102
23722,0.20543916758172584
23723,0.3496880530890027
23724,0.26004697809235444
23726,0.053667089069586865
23728,0.12717097129795835
23729,0.39222951667255046
23730,0.4028527000187284
23731,0.23939661921652708
23733,0.22024565107410524
23735,0.24609139884118264
23736,0.09533890602775943
23737,0.09852136285941261
23738,0.38131020365652485
23740,0.25940973703065706
23742,0.23826832768963943
23743,0.37765543874384894
23744,0.15079387230276214
23745,0.38337936286862445
23748,0.28306637432696247
23749,0.3964090683419183
23751,0.3717253483932301
23752,0.38496496856920076
23753,0.1748291057592524
23754,0.27938911855328546
23755,0.09550009053160052
23756,0.16191185459096397
23758,0.28386854836933445
23759,0.3781914709310414
23760,0.2627608753198184
23761,0.3933840475372727
23763,0.062243604064666364
23764,0.3749302960858844
23765,0.11099254528451293
23767,0.1429708011512189
23768,0.1203749827987979
23769,0.18409159201486494
23771,0.326372527184547
23772,0.1332285098609166
23773,0.08618887407715232
23774,0.3933390658152705
23775,0.05114811263746562
23776,0.09430807489854315
23777,0.05571000894385186
23779,0.10954563322677661
23780,0.08713349023919778
23782,0.1301247710427672
23783,0.16837048017510817
23785,0.3678044416253747
23788,0.12801063010866545
23790,0.33193526680548147
23791,0.1713955009797538
23793,0.3521920356137899
23794,0.34437271293908017
23795,0.19855321563856107
23796,0.20095598928884337
23797,0.20805560441151846
23798,0.0368251826566095
23799,0.1361185854995557
23800,0.3693375686502819
23801,0.17459670019557455
23803,0.19074888687118538
23804,0.08825803328925191
23806,0.14241227810302534
23807,0.3475364273865658
23808,0.04979491250056714
23809,0.2106345564729759
23810,0.37027468785866036
23815,0.3557830764202961
23816,0.33620478191885367
23818,0.12692357182694644
23819,0.3981933433146709
23821,0.27161477760057795
23823,0.22430899996163414
23824,0.2151252317195254
23825,0.2974905131823235
23829,0.24904894706282502
23830,0.3446988304235959
23831,0.0474146297112859
23832,0.19017536991565778
23833,0.381610081803206
23835,0.17310105793900255
23836,0.15775104530576367
23837,0.3402831247137167
23839,0.09262126032346195
23843,0.38261842207142116
23844,0.26234104591446483
23846,0.3458796006261527
23847,0.16413844983007114
23848,0.17929729014480084
23852,0.3259526977791935
23853,0.19156605482089137
23854,0.21395570694746913
23856,0.1838929227426887
23858,0.27874812901475465
23859,0.4036548740611004
23861,0.2786956503390854
23863,0.21646343794908984
23864,0.24894398971148665
23865,0.2562235317221704
23866,0.2183264309353462
23867,0.1535677451595623
23868,0.2193385196803949
23869,0.04237292837020988
23872,0.28891774666407743
23875,0.12346372770961322
23876,0.27847823868274163
23878,0.1645058005597555
23879,0.1395371963717203
23880,0.3831656996891141
23881,0.28078730041218614
23883,0.3407441873642388
23884,0.1747916209909173
23885,0.333295963896047
23889,0.3789561602050782
23890,0.22557223665452833
23891,0.2398689272975498
23892,0.28250785127876893
23893,0.3614132886242338
23894,0.2719184042240925
23895,0.13362959688210257
23896,0.09769294947920608
23897,0.20621135380942968
23898,0.32402598068676747
23899,0.08449081407157058
23900,0.09759548908153472
23901,0.3006654730603096
23904,0.23047899282959783
23906,0.3870903549338031
23908,0.300215655840288
23909,0.22244975545221135
23910,0.37029343024282785
23911,0.3512099346834093
23912,0.28194557975374185
23913,0.344597621549091
23914,0.37347588707448104
23915,0.3119146520376844
23916,0.2364653103327193
23917,0.3164990392050718
23918,0.10089789717186035
23919,0.3787687363634025
23920,0.14092413280012037
23921,0.2332491172095645
23922,0.3780565257650349
23923,0.37461917250870275
23924,0.27431368092070785
23926,0.1783601709364224
23928,0.37857756404489334
23929,0.3899841790492757
23930,0.2590723741156409
23931,0.06199620459365446
23932,0.12817181461250654
23933,0.18937694435011934
23935,0.3262113426807059
23936,0.1824197713471178
23937,0.15881186424964805
23938,0.38896459335056
23939,0.2551477188709519
23940,0.39830579761967627
23941,0.2439735094302474
23942,0.16811933222726277
23943,0.055590057685179425
23945,0.3107338818351276
23946,0.13980708670373326
23947,0.22444769360447414
23948,0.39718125456962217
23949,0.3566339806615037
23950,0.22158010882683613
23951,0.20000012769629735
23953,0.2862225918207811
23955,0.0575167747776055
23956,0.2430551326060365
23957,0.3783976371568846
23958,0.2439772579070809
23959,0.40069732583945805
23960,0.1951421017200635
23961,0.2763303614571383
23962,0.10544105109407904
23963,0.24316758691104193
23965,0.23231949495485307
23966,0.049063959518031955
23967,0.2886403593783975
23968,0.10276838711178372
23969,0.11053897958765775
23970,0.38766387188933066
23971,0.208752821102552
23972,0.38550100075639326
23973,0.24561159380649286
23974,0.3589955210666174
23975,0.04967121276506119
23977,0.22214238035186318
23978,0.1382927020629937
23979,0.11470353734969156
23980,0.2003299936576466
23981,0.16203930280330345
23982,0.2530073385990156
23983,0.04164947234134172
23984,0.04776323805680267
23985,0.2992635427245755
23987,0.39340278992144023
23989,0.2712511753477271
23990,0.3927018247535732
23991,0.3748665719797147
23992,0.19213207482275196
23993,0.26115652723507454
23994,0.16781945408058166
23995,0.393196623695597
23996,0.36716720056367735
23998,0.210919440712323
23999,0.09417687820937017
24000,0.14007697703574626
24001,0.3668073467876601
24002,0.34420777995840557
24003,0.1311031234963143
24004,0.05731435702859576
24005,0.31974896861972824
24006,0.15586930993533976
24007,0.2562610164905055
24008,0.19761984490701612
24010,0.32069358478177373
24012,0.13322101290724958
24014,0.3700085460034808
24015,0.3959779935060642
24016,0.40105717961547543
24018,0.10808372726170623
24019,0.29586367423657844
24020,0.37429680350102057
24021,0.23320788396439585
24022,0.3718340542214021
24024,0.273410298003831
24026,0.35604546979864204
24028,0.20922512918357475
24029,0.29399693277348865
24030,0.3119971185280217
24031,0.30435772274132067
24033,0.051612923764821315
24034,0.4048618836014919
24035,0.38139641862369567
24036,0.17717565225703202
24038,0.19789723219269614
24039,0.2852404908904005
24040,0.04988862442140499
24041,0.20456202400268364
24043,0.3723850803159286
24045,0.3890358144103967
24046,0.2189861628580446
24047,0.34674175029786086
24048,0.38440644552100717
24049,0.3731872543583005
24050,0.4050717983041686
24053,0.04208804413086283
24054,0.060395604985744075
24055,0.284835655392381
24057,0.2341412546959408
24059,0.32599393102436214
24060,0.28754955261984494
24061,0.27385636674701913
24062,0.27886058331976005
24063,0.3527543071388169
24064,0.4003374720634407
24065,0.3740793918446768
24066,0.17695449212385472
24067,0.06170382340064039
24068,0.3217019250499889
24070,0.34884839427829556
24071,0.1469741744094116
24072,0.38565093982973375
24073,0.08176192293677256
24076,0.19661525311563444
24077,0.13599863424088326
24078,0.15290051628319684
24079,0.16345997552320515
24080,0.17217518416112465
24081,0.2776535737793686
24082,0.05302609953105601
24083,0.10941443653760363
24085,0.28936381540726563
24086,0.1601575674328795
24087,0.30295579240558657
24088,0.3320064878653183
24089,0.1829070733354746
24090,0.40439332399730266
24092,0.15920920279400053
24093,0.278976786101599
24094,0.06863850554264087
24096,0.19114997389237137
24097,0.3381952231174495
24098,0.25788785543625053
24099,0.1666874140768605
24100,0.24580276612500213
24101,0.16131584677443525
24102,0.3801631697454696
24103,0.2436548888993987
24104,0.13896742789302619
24105,0.1932791087338072
24106,0.3345254642974395
24107,0.2983751537150327
24108,0.12374486347212676
24109,0.32785692401061844
24110,0.04903397170336385
24111,0.21705944576561853
24112,0.2647663104257483
24113,0.07035155945555666
24114,0.21804154669599915
24115,0.28537918453324046
24116,0.08766577394955674
24117,0.23976396994621144
24118,0.20703601871280272
24119,0.3989205478203725
24120,0.10558724169058607
24122,0.045622857784866314
24123,0.21681579477144014
24124,0.19320039072030337
24126,0.34641188433651166
24127,0.38231479544790653
24128,0.39710628503295187
24129,0.22348058658142758
24130,0.2967220754314531
24131,0.04685235818625883
24132,0.3996327584187402
24133,0.05564253636084862
24135,0.25774541331657697
24136,0.10201119479141395
24137,0.19740993020433933
24138,0.38200367187072487
24139,0.24051366531291418
24140,0.19053897216850862
24141,0.09028970773301638
24143,0.2643839657887298
24144,0.11089508488684158
24145,0.2952151877443806
24146,0.06939194938617713
24147,0.3480912019579258
24148,0.3677332205655379
24149,0.15222953892999788
24150,0.3385438314629663
24151,0.23517208582515708
24152,0.3576235785455513
24153,0.20318258452795057
24154,0.2929248683991037
24155,0.1863969052674759
24156,0.19661900159246792
24157,0.2500460419005397
24158,0.39225200753355155
24159,0.38687294327745925
24160,0.3632163059811539
24161,0.21512898019635893
24162,0.08021755048136489
24163,0.22794877096697602
24166,0.40404471565178585
24167,0.1880050018290533
24168,0.381077798092847
24169,0.3460782698983289
24172,0.3269797804315763
24173,0.2572243750367186
24174,0.07978647564551081
24177,0.07516460370978834
24178,0.4047194414818183
24180,0.3958467968168913
24181,0.31226326038320124
24182,0.2526962150218339
24183,0.33274118932468694
24184,0.3268860685107384
24185,0.07280681178150816
24187,0.299544678487089
24189,0.32901520335217427
24190,0.3981296192085011
24191,0.3571062887425264
24193,0.06522739162414332
24195,0.3899054610357719
24196,0.26598081691980674
24198,0.29037590415231435
24200,0.4000788271619283
24201,0.2373836871569302
24203,0.20315259671328245
24204,0.3489233638149659
24206,0.3206710939207726
24207,0.3824085073687443
24208,0.16534171089362906
24209,0.22800499811947875
24210,0.14321070366856375
24212,0.1294987754115704
24213,0.3089533553392086
24214,0.3365084085423683
24215,0.3508463324305584
24216,0.3919746202478715
24219,0.1556931315241646
24220,0.2897199207064494
24223,0.37904987212591607
24224,0.17282741913015606
24225,0.19234198952542875
24226,0.3808453925291691
24227,0.12711474414545565
24228,0.1070379022251559
24229,0.13575498324670487
24230,0.1538901141672445
24231,0.374964032377386
24232,0.07703884212654522
24233,0.16240290505615426
24234,0.22086789822846853
24235,0.09286491131764035
24236,0.39944533457706444
24237,0.17265873767264792
24239,0.2751345973472473
24241,0.10534733917324118
24242,0.09453673198538748
24244,0.17440552787706537
24245,0.3927543034292424
24246,0.26962058792514854
24248,0.3350652449614655
24249,0.25389572760855833
24250,0.3645845000253864
24251,0.14299704048905348
24252,0.10679425123097751
24253,0.23634535907404688
24255,0.3924581737593948
24257,0.19445987893636404
24259,0.15809215669761345
24260,0.1852311289722531
24261,0.28354243088481873
24263,0.2192598016668911
24264,0.14777259997495004
24265,0.2226071914792189
24266,0.299413481797916
24267,0.26339436790468224
24268,0.3964840378785886
24270,0.3176273307319594
24271,0.31558815933452794
24272,0.08063737988671843
24274,0.3797171010022815
24275,0.2660257986418089
24277,0.32196431842833484
24278,0.08506807950393172
24280,0.12178441008819907
24281,0.21273745197657715
24283,0.28656745168946435
24286,0.3144036406551376
24287,0.27803591841638703
24288,0.2864250095697908
24289,0.18809871374989115
24291,0.21281242151324742
24292,0.35983517987732444
24293,0.04027003286660866
24295,0.14046681862643168
24296,0.18987174329214315
24297,0.374555448402533
24298,0.346625547516022
24299,0.34680922288086413
24300,0.19213582329958548
24301,0.1986206882215643
24302,0.23090257071178485
24303,0.4030476208140712
24304,0.38981924606860113
24305,0.2921789215092344
24306,0.32527422347232754
24307,0.172542534890809
24308,0.3488371488477951
24309,0.06203743783882311
24310,0.2376873137804448
24311,0.20288270638126946
24312,0.19839203113471995
24313,0.17252754098347495
24314,0.20261656452608995
24315,0.10278338101911778
24316,0.13181158561784842
24318,0.07129242714076861
24319,0.3913598700471752
24320,0.25168037779995167
24321,0.2221573742591973
24322,0.3952095557551939
24323,0.39127740355683793
24324,0.21749801755513964
24325,0.40020252689743424
24327,0.30739024049963337
24329,0.39050896580596756
24330,0.33434553740943085
24331,0.2902259650789738
24332,0.28913515832042125
24333,0.3985831849053563
24334,0.16556661950363988
24335,0.3644832911508815
24338,0.2023841589624121
24339,0.044693235530154904
24340,0.2624047700206346
24343,0.40046117179894675
24344,0.046916082292428565
24345,0.2017169300860467
24346,0.1911049921703692
24348,0.38857850023670804
24349,0.2566058763591888
24351,0.11582433192291218
24352,0.3785288338460576
24353,0.1360248735787179
24354,0.39989515179708607
24355,0.3140400384022867
24356,0.26384418512470387
24357,0.18382545015968546
24358,0.3793385048420966
24359,0.21158292111185492
24361,0.2723269881989455
24362,0.18695167983883593
24363,0.08426965393839327
24364,0.1468917079190743
24365,0.3874539571866539
24367,0.2724169516429499
24368,0.03612421748874243
24369,0.11489096119136726
24372,0.24457701420044312
24373,0.1419099822073345
24374,0.1427646349253756
24375,0.11281430502560062
24377,0.36969742242629916
24378,0.11558068092873378
24379,0.40068233193212394
24380,0.14460888552746443
24381,0.293824502839147
24382,0.17063456018255052
24383,0.3030420073727573
24384,0.08183689247344283
24385,0.12690108096594538
24386,0.08812683660007894
24387,0.2837111123423268
24388,0.28273650836561326
24389,0.13447300416964317
24390,0.08120714836541253
24392,0.1369507473565958
24394,0.2862413342049487
24395,0.380545514382488
24396,0.4050155711516659
24398,0.3392822813991685
24399,0.046113908250056616
24400,0.054630447615799896
24401,0.11902553113873293
24402,0.15980146213369573
24403,0.17669209874550876
24404,0.19233074409492817
24405,0.345006205523944
24406,0.3941187489966414
24407,0.25826270311960187
24408,0.27073013706786864
24409,0.3173274525852784
24410,0.06785132540760297
24411,0.10391167254600542
24412,0.05406067913710581
24413,0.05878375994733316
24414,0.20783069580150762
24416,0.3852236134707132
24417,0.279801451004972
24419,0.2045545270490166
24420,0.12992235329375745
24421,0.09267373899913114
24422,0.14083791783294958
24425,0.38789627745300853
24426,0.07643158887951598
24427,0.38014442736130205
24429,0.32893273686183694
24432,0.1449912301644828
24433,0.154842227282957
24434,0.20682610401012594
24435,0.40284895154189493
24436,0.331268037929116
24437,0.17684578629568282
24439,0.20139081260153097
24440,0.22515240724917476
24441,0.33238883250233664
24442,0.361210870875224
24443,0.12847918971285466
24444,0.22523112526267855
24445,0.25120432124209546
24446,0.19631537496895332
24447,0.3846388510846851
24449,0.20127460981969206
24450,0.19930291100526382
24451,0.29577371079257414
24452,0.28195682518424237
24453,0.2790892404066044
24454,0.07650655841618625
24456,0.3546547848934084
24457,0.161379570880605
24458,0.29505400324053954
24459,0.05736308722743144
24460,0.24726092361323895
24461,0.2872646683804979
24462,0.10960186037927933
24464,0.3330860491933702
24465,0.09100191833138399
24466,0.17351713886752257
24467,0.16158198862961476
24468,0.28371860929599385
24469,0.1629801704885154
24474,0.2965159092056099
24475,0.048336755012330285
24476,0.31612793999855393
24477,0.35059893295954647
24478,0.39296796660875266
24480,0.29595363768058286
24481,0.15373267814023692
24483,0.12293144399925428
24484,0.11821960861952747
24485,0.35550568913461605
24486,0.39036652368629415
24487,0.2806073735241774
24488,0.1746079456260751
24489,0.2625734514781427
24491,0.25912485279131003
24492,0.3633250118093258
24494,0.05189405952733485
24496,0.20706600652747081
24497,0.3047738036698407
24499,0.15395383827341422
24501,0.18788505057038088
24502,0.3762909931764499
24503,0.3987743572238655
24504,0.37909110537108465
24505,0.36982861911547216
24506,0.26457138963040555
24507,0.26119401200340964
24508,0.10472884049571142
24509,0.1813627008800669
24510,0.3420111725339665
24511,0.37169910905539555
24512,0.08870035355560654
24513,0.32566406506301293
24514,0.2150090289376865
24515,0.21254627965806794
24517,0.3848300234031942
24518,0.0856940751351285
24520,0.0827815086354883
24521,0.08296518400033048
24523,0.2769601055651686
24524,0.05045464442326556
24526,0.14753269745760517
24527,0.22735276315044733
24528,0.1778728689480656
24530,0.23233823733902065
24531,0.3539725621097089
24532,0.388571003283041
24533,0.3264137604297157
24534,0.2872384290426633
24535,0.3782889313287127
24536,0.3188530826565184
24538,0.2891613976582559
24539,0.13683454457475686
24540,0.39314414501992784
24541,0.2658946019526359
24543,0.33529015357147635
24544,0.30048179769546746
24546,0.2690358255391204
24547,0.3664849777799779
24548,0.2240466065832882
24549,0.3111462142868141
24550,0.40012755736076394
24551,0.2688821379889464
24552,0.26416280565555256
24554,0.38914826871540215
24555,0.381771266307047
24556,0.1818162665769221
24558,0.3626202981646252
24559,0.402732748760056
24560,0.21930478338889325
24561,0.12134958677551146
24562,0.3695399863992916
24563,0.36225294743494085
24564,0.2760754650324593
24567,0.20939381064108287
24568,0.15841452570529563
24569,0.3545460790652365
24570,0.35705381006685727
24571,0.1760773485448125
24572,0.3991229655693822
24573,0.38590583625441277
24575,0.3864905986404409
24576,0.2921751730324009
24577,0.31322287045258074
24578,0.3949321684695139
24579,0.10459014685287141
24581,0.18744647878085977
24582,0.21627601410741415
24583,0.11040403442165125
24587,0.2421667435964938
24588,0.22778758646313493
24589,0.3268448352655698
24591,0.2766002517891512
24592,0.06795253428210783
24593,0.17586368536530222
24594,0.3052311178435294
24595,0.38201491730122544
24596,0.21247131012139767
24597,0.1512249471386162
24599,0.12884654044253901
24600,0.291110605611683
24601,0.2550652523806146
24603,0.4021592318045284
24604,0.3020524094887097
24605,0.1876189087152014
24608,0.19119495561437352
24609,0.34288831611300874
24610,0.10809497269220678
24613,0.31856819841717143
24614,0.2477032438795936
24615,0.2489889714334888
24616,0.0816344747244331
24618,0.37084070786052087
24619,0.25411688774173563
24620,0.29337093714229184
24621,0.13305982840340846
24622,0.31769105483812915
24623,0.31699758662392913
24624,0.3480012385139215
24625,0.3424609897539881
24628,0.32989984388488347
24629,0.23025033574275347
24630,0.3641759160505334
24631,0.3780040470893657
24632,0.3710543710400312
24633,0.23274307283704013
24634,0.36368861406217656
24635,0.31647654834407074
24636,0.22651685281657374
24637,0.37488156588704874
24638,0.06123151531961765
24639,0.1532341307213796
24640,0.28938630626826667
24641,0.15743242477491504
24642,0.05933103756502617
24643,0.13400069608862045
24644,0.15907425762799404
24645,0.11025409534831072
24646,0.21237759820055985
24647,0.12108344492033199
24648,0.3837954437971445
24649,0.25678955172403095
24650,0.12423591393731709
24651,0.16497810864077822
24652,0.10987175071129232
24653,0.4037860707502734
24654,0.3932753417091008
24655,0.35347776316768514
24656,0.22012944829226627
24657,0.22287708181123192
24658,0.07117622435892967
24659,0.17862256431476836
24660,0.29833392046986407
24661,0.3961579203940728
24662,0.22449267532647635
24663,0.3870303793044668
24664,0.17302608840233227
24665,0.21025970878962455
24666,0.19172723932473248
24667,0.12420217764581545
24668,0.3519858693879467
24669,0.17078824773272455
24670,0.4039697461151156
24671,0.2825415875702706
24672,0.4040484641286194
24673,0.21475788098984105
24674,0.25300359012218204
24675,0.28429962320518853
24676,0.126664926925434
24677,0.39025032090445516
24678,0.1293338424308958
24679,0.1509550568066032
24680,0.1629764220116819
24681,0.2344486297962889
24682,0.12605017672473773
24683,0.3440953256534001
24684,0.38848103983903665
24685,0.17523768973410542
24686,0.32923636348535157
24687,0.3180021784153108
24688,0.14369425718008705
24689,0.12836298693101572
24690,0.2246201235388158
24691,0.24317883234154247
24692,0.09991579624147974
24693,0.34846979811811074
24694,0.19366145337082558
24695,0.37314227263629834
24696,0.2980452877536835
24697,0.29342716429479454
24698,0.25448048999458645
24699,0.10423779003052112
24700,0.057996579812295265
24701,0.2722970003842774
24702,0.4026315398855511
24703,0.17794783848473586
24704,0.23824208835180483
24705,0.39248441309722937
24706,0.3229464193587155
24707,0.13517771781434376
24708,0.20170943313237963
24709,0.17663962006983955
24710,0.18744273030402622
24711,0.32669864466906273
24712,0.29043587978165053
24713,0.270958794154713
24714,0.39887931457520387
24715,0.04673240692758639
24716,0.08512805513326793
24717,0.26386292750887147
24718,0.22713535149410352
24719,0.2070360187128027
24720,0.36825425884539637
24721,0.34624695135583705
24722,0.2606954645845523
24723,0.17320226681350742
24724,0.09509900351041456
24725,0.40017253908276607
24726,0.30099908749849236
24727,0.148312380638976
24728,0.11010415627497017
24729,0.263742976250199
24730,0.31115371124048113
24731,0.17439803092339834
24732,0.40076104994562783
24733,0.13552632615986054
24734,0.21744553887947046
24735,0.1836192839338422
24736,0.40165318743200407
24737,0.40197555643968624
24738,0.37001229448031436
24739,0.3561166908584788
24740,0.24402598810591658
24741,0.3030045226044222
24742,0.31111997494897947
24743,0.07878938080779614
24744,0.22634817135906563
24745,0.1656003557951415
24746,0.33252002919150964
24747,0.13664337225624767
24748,0.30903957030637935
24749,0.3288915036166683
24750,0.05687578523907465
24751,0.1749190692032567
24752,0.17593490642513895
24753,0.14819617785713707
24754,0.39410375508930734
24755,0.40269151551488735
24756,0.35299795813299534
24757,0.39293797879408454
24758,0.05911362590868237
24759,0.23950907352153247
24760,0.15052398197074912
24761,0.27849323259007563
24762,0.1763809751683271
24763,0.06370551002973673
24764,0.18322569386632323
24765,0.1782027349094148
24766,0.2763903370864744
24767,0.1638835534053922
24768,0.2947503766170249
24769,0.24643251023303242
24770,0.21929353795839274
24771,0.33893742153048523
24772,0.3373930490750775
24773,0.10395665426800758
24774,0.3408978749144129
24775,0.3690414389804343
24776,0.33100939302760357
24777,0.10125400247104416
24778,0.21229888018705606
24779,0.22886714779118691
24780,0.33593114311000716
24781,0.16723094321772
24782,0.07802469153375934
24783,0.10941443653760362
24784,0.3926268552169029
24785,0.1974811512641761
24786,0.2088615269307239
24787,0.1255741201668815
24788,0.39958777669673795
24789,0.16620760904217072
24790,0.35898427563611685
24791,0.3178409939114697
24792,0.3207872967026115
24793,0.2361429413250371
24794,0.36808182891105473
24795,0.3979909255656611
24796,0.10221361254042369
24797,0.27001042951583404
24798,0.18817743176339494
24799,0.2898511173956224
24800,0.396049214565901
24801,0.4016194511405024
24802,0.40212924398986033
24803,0.14128398657613767
24804,0.2023504226709105
24805,0.31301295574990395
24806,0.19640158993612417
24807,0.2512268121030965
24808,0.10380671519466704
24809,0.37367455634665725
24810,0.403002639092069
24811,0.40402972174445173
24812,0.13579996496870705
24813,0.1403056341225906
24814,0.2202643934582728
24815,0.2008285410765039
24816,0.17416562535972047
24817,0.18575966420577855
24818,0.12422092002998301
24819,0.2233793777069227
24820,0.06531735506814766
24821,0.40418715777145936
24822,0.13978459584273217
24823,0.38525360128538133
24824,0.21771542921148343
24825,0.36118838001422293
24826,0.11834330835503343
24827,0.3812689704113562
24828,0.3301884766010641
24829,0.16500434797861283
24830,0.17281617369965552
24831,0.3197002384208925
24832,0.12554413235221337
24833,0.15656277814953984
24834,0.24647374347820106
24835,0.10309450459629943
24836,0.2776123405341999
24837,0.37894491477457765
24838,0.17274495263981876
24839,0.39978644596891416
24840,0.20292019114960458
24841,0.23649529814738743
24842,0.05631351371404758
24843,0.20843794904853685
24844,0.2543268024444124
24845,0.08824678785875138
24846,0.17200275422678302
24847,0.3926530945547375
24848,0.30344684287077683
24849,0.31862442556967413
24850,0.17565377066262544
24851,0.2756218993356041
24852,0.15996639511437033
24853,0.25153418720344467
24854,0.18967307401996691
24855,0.07574561761898296
24856,0.1717740971399387
24857,0.4029126756480647
24858,0.0828339873111575
24859,0.4031563266422431
24860,0.3980021709961617
24861,0.21417686708064643
24862,0.3427908557153373
24863,0.37057831448217493
24864,0.403542419756095
24865,0.04819056441582325
24866,0.2695643607726459
24867,0.3710543710400312
24868,0.1386413104085105
24869,0.28238415154326296
24870,0.18915578421694204
24871,0.24254533975667864
24872,0.2330841842288899
24873,0.33165038256613444
24874,0.27486095853840087
24875,0.3753088922460693
24876,0.2876207736796817
24877,0.24266154253851754
24878,0.3994903162990667
24879,0.13772668206113314
24880,0.062292334263502044
24881,0.2976104644409959
24882,0.1744130248307324
24883,0.39004040620177843
24884,0.3272946524855914
24885,0.264421450557065
24886,0.34162507942011455
24887,0.12937882415289798
24888,0.15023160077773506
24889,0.16315634889969052
24890,0.3966752101970978
24891,0.22295579982473565
24892,0.38425275797083314
24893,0.0869723057353567
24894,0.2290245838181945
24895,0.15139737707295783
24896,0.3310693686569398
24897,0.07911549829231185
24898,0.3960342206585669
24899,0.268113700238076
24900,0.07457984132376018
24901,0.372373834885428
24902,0.13496030615799998
24903,0.28100471206852995
24904,0.06834237587279327
24905,0.2825790723386057
24906,0.10528361506707146
24907,0.21354712297261613
24908,0.36883902123142454
24909,0.15594427947201006
24910,0.2441346939340885
24911,0.34712784341171277
24912,0.054319324038618264
24913,0.30663679665609705
24914,0.07101503985508859
24915,0.18889339083859605
24916,0.042950193802571
24917,0.3143811497941365
24918,0.09559755092927189
24919,0.32786067248745204
24920,0.23435116939861755
24921,0.19827582835288102
24922,0.15494343615746187
24923,0.37289862164211995
24924,0.3619193329967581
24925,0.21929353795839274
24926,0.04868911183468058
24927,0.3759648756919342
24928,0.28757579195767957
24929,0.39918668967555204
24930,0.3849124898935316
24931,0.39549818847137447
24932,0.17304857926333336
24933,0.3270135167230779
24934,0.1745592154272394
24935,0.2606542313393837
24936,0.40489936836982704
24937,0.33106936865693976
24938,0.23593677509919386
24939,0.36784567487054337
24940,0.32054364570843313
24941,0.23639408927288255
24942,0.3548871904570863
24943,0.059627167234873754
24944,0.3797658312011172
24945,0.40172066001500734
24946,0.3743043004546876
24947,0.4018443597505133
24948,0.22008071809343066
24949,0.14285834684621346
24950,0.11966277220043027
24951,0.3996365068955737
24952,0.08878282004594384
24953,0.3424497443234876
24954,0.34292205240451035
24955,0.13161666482250567
24956,0.29698821728663266
24957,0.24169068703863753
24958,0.06003949968656027
24959,0.14568094990184935
24960,0.3185194682183357
24961,0.1912999129657119
24962,0.3989355417277066
24963,0.31134863203582386
24964,0.19533702251540622
24965,0.32675112334473194
24966,0.17615231808148277
24967,0.061655093201804706
24968,0.39741740861013347
24969,0.1727337072093182
24970,0.3740756433678433
24971,0.3427233831323341
24972,0.09615607397746542
24973,0.21058207779730673
24974,0.39838826411001355
24975,0.20030000584297847
24976,0.38794875612867774
24977,0.18437647625421197
24978,0.28427338386735396
24979,0.17391822588870856
24980,0.05160542681115429
24981,0.21271121263874254
24982,0.3950033895293506
24983,0.2663519161263246
24984,0.31960652650005467
24985,0.23140111813064224
24986,0.12291645009192022
24987,0.33671082629137805
24988,0.28997856560796187
24989,0.37555629171708127
24990,0.2554738363554676
24991,0.3734571446903135
24992,0.3671784459941779
24993,0.37582618204909424
24994,0.17323600310500906
24995,0.2240053733381195
24996,0.05253130058903219
24997,0.23583556622468896
24998,0.30661430579509596
24999,0.24932258587167155
25000,0.3101078862039308
25001,0.13029345250027533
25002,0.23079011640677943
25003,0.33104687779593867
25004,0.33333344866438214
25005,0.1398445714720684
25006,0.2767277000014907
25007,0.05037967488659528
25008,0.26985299348882646
25009,0.3185232166951692
25010,0.24273651207518787
25011,0.2554363515871325
25012,0.04584776639487714
25013,0.33465666098661245
25014,0.1995952921982779
25015,0.2419868167084851
25016,0.3670884825501736
25017,0.40255657034888087
25018,0.22039184167061227
25019,0.11804717868518584
25020,0.36434084903120806
25021,0.1361710641752249
25022,0.27042651044435406
25023,0.20443832426717767
25024,0.2857202959250902
25025,0.2983076811320295
25026,0.39805464967183085
25027,0.29798156364751377
25028,0.053176038604396555
25029,0.2781446242445589
25030,0.29849135649687164
25031,0.4016044572331684
25032,0.06962060647302146
25033,0.255024019135446
25034,0.36464072717788915
25035,0.25012850839087697
25036,0.10817743918254409
25037,0.4033175111460842
25038,0.21153044243618574
25039,0.39823457655983957
25040,0.09816525756022881
25041,0.39330532952376895
25042,0.35402878926221165
25043,0.18901334209726853
25044,0.30255095690756706
25045,0.2694444095139734
25046,0.3997452127237456
25047,0.06955313389001822
25048,0.381632572664207
25049,0.3987218785481963
25050,0.37780162934035594
25051,0.228627245273842
25052,0.2633981163815158
25053,0.05431557556178475
25054,0.3746079270782022
25055,0.27679142410766044
25056,0.3314779526317928
25057,0.3226390442583673
25058,0.16937507196648988
25059,0.31665272675524586
25060,0.39332032343110296
25061,0.12888402521087416
25062,0.23395008237743156
25063,0.3986431605346925
25064,0.37628724469961644
25065,0.05801907067329635
25066,0.32153324359248076
25067,0.11895431007889617
25068,0.29690575079629533
25069,0.28113216028086935
25070,0.3979084590753238
25071,0.21371580443012422
25072,0.29494529741236764
25073,0.3985981788126903
25074,0.28647748824546
25075,0.32391727485859556
25076,0.27869939881591893
25077,0.3048787610211791
25078,0.10517116076206605
25079,0.29427432005916865
25080,0.40280771829672635
25081,0.23096254634112107
25082,0.3660539029441238
25083,0.21223890455771982
25084,0.3236886177717512
25085,0.3973012058282946
25086,0.2483067486497893
25087,0.3996515008029077
25088,0.18752894527119704
25089,0.36519175327241565
25090,0.10377672737999892
25091,0.39718125456962217
25092,0.36670238943632166
25093,0.3970238185426146
25094,0.38339060829912497
25095,0.348945854675967
25096,0.20726092732281354
25097,0.400127557360764
25098,0.39128490051050496
25099,0.36355741737300357
25100,0.3843839546600062
25101,0.1729998490644977
25102,0.38027562405047505
25103,0.3567464349665091
25104,0.284412077510194
25105,0.19245069535360063
25106,0.10724406845099915
25107,0.24688607592988757
25108,0.39977145206158016
25109,0.1361673156983914
25110,0.24262780624701594
25111,0.16320882757535973
25112,0.3026446688284049
25113,0.370600805343176
25114,0.3176835578844621
25115,0.3871128457948042
25116,0.37405315250684223
25117,0.19216206263742008
25118,0.215143974103693
25119,0.2262207231467262
25120,0.08718222043803348
25121,0.12879781024370332
25122,0.3947185052900036
25123,0.3445563883039224
25124,0.2822829426687581
25125,0.25715315397688177
25126,0.38083789557550213
25127,0.3754175980742412
25128,0.40364737710743337
25129,0.25730684152705585
25130,0.28976490242845154
25131,0.1682955106384379
25132,0.15756736994092152
25133,0.3076526338779793
25134,0.052864915027214916
25135,0.24886902017481638
25136,0.24739586877924544
25137,0.1543211890030986
25138,0.22640065003473483
25139,0.13729185874844552
25140,0.1783376800754213
25141,0.24924011938133425
25142,0.21034592375679537
25143,0.051785353699162956
25144,0.13011352561226663
25145,0.3227589955170398
25146,0.36317882121281875
25147,0.33713065569673156
25148,0.36892148772176186
25149,0.3847737962506915
25150,0.15188467906131464
25151,0.1751739656279357
25152,0.0870810115635286
25153,0.18068797505003442
25154,0.40058487153445266
25155,0.22798625573531114
25156,0.2847456919483767
25157,0.133749548140775
25158,0.15295299495886605
25159,0.3007104547823118
25160,0.2033062842634565
25161,0.35230448991879537
25162,0.2668692059293495
25163,0.224001624861286
25164,0.21098691329532623
25165,0.12362116373662081
25166,0.06601457175918121
25167,0.3320964513093226
25168,0.35813711987174274
25169,0.06000201491822513
25170,0.21601736920590173
25171,0.35142359786291955
25172,0.21358460774095125
25173,0.08378610042686999
25174,0.3380865172892775
25175,0.29109186322751546
25176,0.07828708491210529
25177,0.23366144966125102
25178,0.14982676527971556
25179,0.2698305026278254
25180,0.2685897567959323
25181,0.1101453895201388
25182,0.39991389418125367
25183,0.19880811206323998
25184,0.13473164907115562
25185,0.21548133701870922
25186,0.31905175192869467
25187,0.13550383529885945
25188,0.26902083163178636
25189,0.1487771917663317
25190,0.34676424115886195
25191,0.395217052708861
25192,0.405030565059
25193,0.33510647820663414
25194,0.2816944318058965
25195,0.39607545390373555
25196,0.2717684651507519
25197,0.1585232315334675
25198,0.07679519113236682
25199,0.390898807396653
25200,0.1733109726416793
25201,0.39989515179708607
25202,0.11424247469916936
25203,0.127890678849993
25204,0.10871347136973655
25205,0.3745966816477017
25206,0.17878374881860945
25207,0.11505214569520833
25208,0.1688952669318001
25209,0.37563126125375146
25210,0.27793470954188215
25211,0.11546822662372838
25212,0.4019493171018516
25213,0.1063294401036218
25214,0.19778852636452424
25215,0.20128960372702612
25216,0.37295859727145614
25217,0.3634262206838306
25218,0.1795109533243111
25219,0.3001931649792869
25220,0.3114123561419936
25221,0.3929304818404175
25222,0.20770699606600168
25223,0.27687014212116423
25224,0.24831049712662281
25225,0.3395446747775144
25226,0.3958655392010588
25227,0.19485346900388295
25228,0.34559846486363915
25229,0.3189055613321876
25230,0.32094848120645264
25231,0.151989636412653
25232,0.11937413948424971
25233,0.3201538041177477
25234,0.3980059194729952
25235,0.21138050336284517
25236,0.29849135649687164
25237,0.4003262266329402
25238,0.3741281220435124
25239,0.15549821072882192
25240,0.39992888808858773
25241,0.21368581661545616
25242,0.11331285244445795
25243,0.16664618083169186
25244,0.402594055117216
25245,0.23378889787359047
25246,0.27419372966203537
25247,0.33459668535727627
25248,0.05714567557108764
25249,0.3108125998486314
25250,0.13936101796054512
25251,0.17385825025937235
25252,0.3645919969790534
25253,0.0689796169344906
25254,0.2761017043702939
25255,0.3782589435140446
25256,0.17915859650196084
25257,0.13824772034099156
25258,0.21960091305874088
25259,0.24362864956156413
25260,0.38074043517783074
25261,0.3824085073687444
25262,0.3450174509544446
25263,0.23334282913040236
25264,0.15303546144920335
25265,0.17426683423422534
25266,0.20034498756498062
25267,0.18818867719389548
25268,0.14873221004432954
25269,0.3775617268230111
25270,0.1482299141486387
25271,0.06701166659689588
25272,0.12593772241973233
25273,0.40135705776215647
25274,0.10645313983912776
25275,0.3933802990604392
25276,0.1800844702798387
25277,0.1636698902258819
25278,0.37124179488170683
25279,0.2132135085344334
25280,0.3957718272802209
25281,0.3789711541124123
25282,0.32299140108071767
25283,0.3594678291476401
25284,0.3651130352589118
25285,0.2749246826445706
25286,0.2830738712806295
25287,0.09106939091438726
25288,0.21084072269881918
25289,0.2867811148689746
25290,0.1916522697880622
25291,0.23474475946613652
25292,0.2055141371183961
25293,0.37224638667308857
25294,0.3934777594581106
25295,0.27686639364433074
25296,0.2862825674501173
25297,0.27056145561036055
25298,0.06208991651449229
25299,0.32854289527115155
25300,0.06598833242134662
25301,0.27531827271208953
25302,0.18407659810753088
25303,0.3181446205349843
25304,0.27638284013280745
25305,0.39101875865532554
25306,0.32131208345930345
25307,0.15188093058448113
25308,0.10873596223073763
25309,0.1699036072000153
25310,0.16626383619467344
25311,0.357811002387227
25312,0.14834986540731115
25313,0.23712879073225124
25314,0.2939894358198216
25315,0.28415718108551496
25316,0.05817650670030393
25317,0.09720939596768281
25318,0.3655291161874319
25319,0.1317853462800138
25320,0.36850915527007533
25321,0.2340962729739386
25322,0.27151731720290656
25323,0.33072825726509003
25324,0.3770669278809873
25325,0.19086508965302432
25326,0.38763013559782905
25327,0.37525641357040007
25328,0.3104752369336152
25329,0.20212176558406614
25330,0.2251036770503391
25331,0.059675897433709435
25332,0.35182843336093905
25333,0.20017630610747253
25334,0.3983657732490125
25335,0.36650746864097894
25336,0.3974961266236373
25337,0.3804892872299853
25338,0.09932353690178457
25339,0.3640109830698588
25340,0.1684042164666098
25341,0.3189430461005228
25342,0.13671459331608438
25343,0.39654776198475833
25344,0.36958496812129377
25345,0.28652246996746217
25346,0.35429493111739113
25347,0.3078737940111566
25348,0.3368045382122159
25349,0.21099066177215975
25350,0.2824253847884316
25351,0.14207491518800908
25352,0.08125587856424821
25353,0.2308725828971168
25354,0.2541768633710718
25355,0.3243183618797815
25356,0.14695543202524403
25357,0.04786444693130755
25358,0.37299608203979134
25359,0.4007048227931251
25360,0.1596627684908557
25361,0.18742398791985868
25362,0.37923729596759176
25363,0.12019505591078924
25364,0.1538263900610748
25365,0.21030843898846024
25366,0.4012108671656494
25367,0.2900835229593003
25368,0.1797621012721565
25369,0.1550071602636316
25370,0.2099673275966105
25371,0.2431113597585392
25372,0.18908456315710526
25373,0.3833381296234558
25374,0.3824459921370795
25375,0.3882186464606907
25376,0.21736307238913313
25377,0.40419090624829285
25378,0.14619074275120722
25379,0.16995983435251805
25380,0.05527518563116427
25381,0.08521427010043875
25382,0.22915578050736746
25383,0.3206261121987704
25384,0.10596958632760449
25385,0.15671646569971387
25386,0.39773602914098216
25387,0.11358649125330446
25388,0.3173461949694459
25389,0.12501559711868793
25390,0.38882589970771997
25391,0.12371862413429216
25392,0.22215362578236378
25393,0.16519177182028852
25394,0.11902927961556645
25395,0.39735743298079723
25396,0.2239079129404482
25397,0.07227827654798273
25398,0.3176160853014589
25399,0.24208052862932292
25400,0.22939943150154582
25401,0.3117834553485115
25402,0.36963369832012943
25403,0.3852760921463824
25404,0.20417967936566522
25405,0.16897773342213743
25406,0.10263344194577723
25407,0.28645874586129244
25408,0.26743147745437656
25409,0.27805091232372103
25410,0.39467352356800145
25411,0.14042183690442955
25412,0.4005473867661175
25413,0.2125837644264031
25414,0.3731235302521308
25415,0.27460606211372196
25416,0.23405129125193644
25417,0.261137784850907
25418,0.37029343024282785
25419,0.16266904691133374
25420,0.16055115750039844
25421,0.11473352516435967
25422,0.3709756530265274
25423,0.4047569262501535
25424,0.3359236461563401
25425,0.14012945571141547
25426,0.3892869623582422
25427,0.3052011300288613
25428,0.2623148065766302
25429,0.3838816587643153
25430,0.11326037376878877
25431,0.34503244486177864
25432,0.3506963933572179
25433,0.30764888540114577
25434,0.2536783159522146
25435,0.08667992454234263
25436,0.18300453373314593
25437,0.35836577695858707
25438,0.29483659158419573
25439,0.20432586996217222
25440,0.37193526309590685
25441,0.188323622359902
25442,0.24896648057248771
25443,0.12151451975618607
25444,0.3981746009305033
25445,0.20405972810699274
25446,0.4034786956499253
25447,0.1271859652052924
25448,0.16768450891457518
25449,0.3970238185426146
25450,0.18820367110122954
25451,0.36280397352946736
25452,0.07162979005578485
25453,0.10195121916207772
25454,0.19803217735870263
25455,0.20227920161107377
25456,0.28386854836933445
25457,0.18554225254943477
25458,0.13321726443041607
25459,0.3793497502725971
25460,0.05864506630449315
25461,0.16742586401306273
25462,0.20436335473050743
25463,0.26393040009187474
25464,0.3985232092760201
25465,0.40085851034329917
25466,0.3924394313752272
25467,0.18801624725955385
25468,0.2247550687048223
25469,0.2753707513877587
25470,0.3738057530358303
25471,0.3047588097625067
25472,0.14577466182268722
25473,0.2347522564198035
25474,0.17982582537832625
25475,0.3662413267857995
25476,0.24790941010543685
25477,0.40111715524481156
25478,0.19525830450190246
25479,0.40366237101476743
25480,0.38688044023112633
25481,0.2804012072983342
25482,0.38343559002112715
25483,0.1300947832280991
25484,0.2374399143094329
25485,0.2002025454453071
25486,0.36359490214133877
25487,0.4009334798799694
25488,0.37062329620417706
25489,0.16274776492483753
25490,0.13428183185113396
25491,0.13261375966022038
25492,0.28278898704128247
25493,0.3199963680907401
25494,0.2490714379238261
25495,0.10051180405800843
25496,0.09136177210740132
25497,0.284989342942555
25498,0.08561535712162471
25499,0.308657225669361
25500,0.3846425995615186
25501,0.09752426802169795
25502,0.22570718182053479
25503,0.31344028210892455
25504,0.3830757362451098
25505,0.07027284144205287
25506,0.265654699435291
25507,0.051714132639326185
25508,0.10761516765751702
25509,0.158796870342314
25510,0.33816898377961485
25511,0.2625846969086433
25512,0.3988193389458677
25513,0.3787387485487344
25514,0.36380481684401555
25515,0.2664381310934954
25516,0.33015474030956243
25517,0.06637817401203205
25518,0.3552582896636041
25519,0.2599907509398517
25520,0.2058365061260783
25521,0.1793122840521349
25522,0.2356743817208479
25523,0.37214142932175015
25524,0.23020535402075132
25525,0.16721969778721946
25526,0.052606270125702466
25527,0.1512849227679524
25528,0.36803309871221906
25529,0.23666023112806203
25530,0.07902553484830752
25531,0.21063830494980945
25532,0.14864599507715875
25533,0.12264281128307372
25534,0.21957092524407273
25535,0.3964952833090891
25536,0.37516645012639577
25537,0.38996168818827465
25538,0.14702290460824727
25539,0.350317797197033
25540,0.20750082984015844
25541,0.10896836779441547
25542,0.3012689778305054
25543,0.16067860571273793
25544,0.1790199028591208
25545,0.3258289980436876
25546,0.25372329767421675
25547,0.21618979914024333
25548,0.14207491518800908
25549,0.08102722147740388
25550,0.1751589717206016
25551,0.12904895819154874
25552,0.299398487890582
25553,0.4006373502101218
25554,0.0739051154937277
25555,0.09345342218050201
25556,0.20319008148161757
25557,0.31305793747190613
25558,0.15566314370949652
25559,0.34012943716354255
25560,0.2553538850967952
25561,0.06096912194127169
25562,0.3372056252334018
25563,0.14427152261244813
25564,0.10057927664101168
25565,0.14891588540917172
25566,0.19226327151192496
25567,0.1666311869243578
25568,0.1948347266197154
25569,0.2463725346036962
25570,0.2328967603872142
25571,0.39157353322668553
25572,0.22357055002543194
25573,0.36618509963329676
25574,0.1546210671497797
25575,0.34400536220939576
25576,0.19711005205765825
25577,0.2579478310655867
25578,0.30415905346914446
25579,0.1133540856896266
25580,0.3566602199993383
25581,0.38775383533333496
25582,0.17560878894062326
25583,0.14305701611838972
25584,0.3320627150178209
25585,0.16313010956185595
25586,0.37357334747215243
25587,0.372913615549454
25588,0.38229230458690544
25589,0.20400350095449005
25590,0.138914949217357
25591,0.25698447251937373
25592,0.14262968975936913
25593,0.2624085184974681
25594,0.2700816505756708
25595,0.09195777992393
25596,0.2358318177478555
25597,0.059927045381554855
25598,0.379458456100769
25599,0.1567764413290501
25600,0.32590021910352424
25601,0.14813620222780086
25602,0.27212831892676925
25603,0.37419934310334924
25604,0.2971419048368067
25605,0.0988437318670948
25606,0.21237384972372633
25607,0.12622635513591288
25608,0.37262123435643996
25609,0.13707069861526822
25610,0.1824497591617859
25611,0.10261844803844317
25612,0.19624040543228305
25613,0.30835359904584636
25614,0.3856546883065673
25615,0.12028127087796005
25616,0.16534171089362906
25617,0.3076451369243123
25618,0.3999776182874234
25619,0.37299983051662483
25620,0.3865505742697771
25621,0.25063830124023484
25622,0.28237665458959593
25623,0.20383856797381547
25624,0.11023910144097665
25625,0.28527047870506855
25626,0.259394743123323
25627,0.3984332458320158
25628,0.05591992364652863
25629,0.043231329565084534
25630,0.2390142745795087
25631,0.39008538792378056
25632,0.14470259744830224
25633,0.14769763043827974
25634,0.1940213071468429
25635,0.1408828995549517
25636,0.2979890606011808
25637,0.06076670419226194
25638,0.2755806660904355
25639,0.16937132348965636
25640,0.3168551445042556
25641,0.24456951724677609
25642,0.1375767429877926
25643,0.2915454289243707
25644,0.36524798042491835
25645,0.18442520645304766
25646,0.31768730636129566
25647,0.2555188180774698
25648,0.26832361494075285
25649,0.3653154530079216
25650,0.2520102437613009
25651,0.34280210114583787
25652,0.39432116674565115
25653,0.1525893927060152
25654,0.18580089745094722
25655,0.40152199074283107
25656,0.40312259035074144
25657,0.22196995041752157
25658,0.06788131322227108
25659,0.1275195796434751
25660,0.1182271055731945
25661,0.36926259911361164
25662,0.21722063026945962
25663,0.12306264068842726
25664,0.3786937668267322
25665,0.29154168044753714
25666,0.06095037955710411
25667,0.12286397141625102
25668,0.19168975455639733
25669,0.3705745660053414
25670,0.3355487984729887
25671,0.18977803137130533
25672,0.35138236461775085
25673,0.0521789437666819
25674,0.11957280875642594
25675,0.20192684478872344
25676,0.3622604443886079
25677,0.14575591943851962
25678,0.3499279556063476
25679,0.3477613359965766
25680,0.22438396949830441
25681,0.29470539489502273
25682,0.22576340897303748
25683,0.4046069871768129
25684,0.31281053800089426
25685,0.21807903146433427
25686,0.22005447875559603
25687,0.12017631352662166
25688,0.39037402063996113
25689,0.3223841478336884
25690,0.18267841624863027
25691,0.1667473897061967
25692,0.1363060093412314
25693,0.2776573222562021
25694,0.3588080972249417
25695,0.2726118724382926
25696,0.15186218820031355
25697,0.4011958732583154
25698,0.13397820522761938
25699,0.07285929045717736
25700,0.20242164373074725
25701,0.23648030424005337
25702,0.29560877781189954
25703,0.3862169598315944
25704,0.39646904397125454
25705,0.2845170348615323
25706,0.27010039295983834
25707,0.3744992212500303
25708,0.3775504813925105
25709,0.15034030660590697
25710,0.06483380155662438
25711,0.3727224432309448
25712,0.22746896593228627
25713,0.06795253428210785
25714,0.08027002915703407
25715,0.32241413564835647
25716,0.13642970907673738
25717,0.04371113459977429
25718,0.2609915942543999
25719,0.36151824597557214
25720,0.29342716429479454
25721,0.38201491730122544
25722,0.3989580325887077
25723,0.18088289584537715
25724,0.2552526762222903
25725,0.21208521700754573
25726,0.08024378981919948
25727,0.1720252450877841
25728,0.12706601394661998
25729,0.12877906785953575
25730,0.2947578735706919
25731,0.28645874586129244
25732,0.26715783864553
25733,0.13531266298035027
25734,0.3735471081343178
25735,0.12963746905441043
25736,0.2941731111846638
25737,0.18000950074316843
25738,0.3676919873203693
25739,0.06172631426164146
25740,0.19604923311377384
25741,0.20035248451864768
25742,0.11450111960068181
25743,0.21416937012697942
25744,0.10659558195880127
25745,0.10752520421351268
25746,0.29817273596602295
25747,0.15237947800333845
25748,0.26532108499710827
25749,0.3832968963782871
25750,0.21600612377540115
25751,0.3970350639731151
25752,0.27149857481873896
25753,0.3988418298068687
25754,0.17065330256671807
25755,0.06150515412846415
25756,0.35740991536604105
25757,0.33104687779593867
25758,0.1065730910978002
25759,0.3660051727452881
25760,0.16132709220493582
25761,0.1927168372087801
25762,0.10030188935533167
25763,0.10514866990106496
25764,0.1475139550734376
25765,0.20552538254889668
25766,0.1285466622958579
25767,0.405161761748173
25768,0.133472160855095
25769,0.24983237872102942
25770,0.06763391375125916
25771,0.37367080786982376
25772,0.1151533545697132
25773,0.23982769405238116
25774,0.4009147374958019
25775,0.30682796897460624
25776,0.1236474030744554
25777,0.36614761486496167
25778,0.350850080907392
25779,0.2722595156159423
25780,0.36759827539953144
25781,0.2343961511206197
25782,0.16560410427197506
25783,0.2872384290426633
25784,0.30797875136249503
25785,0.06117528816711494
25786,0.1675833000400703
25787,0.16339250294020188
25788,0.39613917800990534
25789,0.1683479893141071
25790,0.1993853774956011
25791,0.133472160855095
25792,0.2707188916373681
25793,0.33663585675470775
25794,0.21187155382803546
25795,0.35531826529294036
25796,0.25146671462044146
25797,0.3602849970973461
25798,0.19144610356221894
25799,0.38417778843416284
25800,0.32300639498805167
25801,0.21744928735630398
25802,0.3824947223359152
25803,0.3011040448498307
25804,0.04731342083678103
25805,0.16016881286338006
25806,0.12322382519226836
25807,0.40289768174073065
25808,0.22771261692646463
25809,0.11839203855386911
25810,0.27634910384130584
25811,0.04581028162654201
25812,0.15958779895418543
25813,0.1554419835763192
25814,0.3966639647665972
25815,0.19668272569863768
25816,0.20440833645250955
25817,0.39782974106182
25818,0.07731997788905876
25819,0.3570650554973578
25820,0.17933852338996947
25821,0.14849230752698467
25822,0.2257896483108721
25823,0.2523663490604847
25824,0.07218456462714488
25825,0.28640251870878974
25826,0.21889245093720677
25827,0.05630601676038056
25828,0.37624601145444775
25829,0.0925537877404587
25830,0.16966745315950393
25831,0.2220074351858567
25832,0.21232886800172415
25833,0.17780914484189586
25834,0.3649031205562351
25835,0.3080124876539966
25836,0.3975336113919724
25837,0.3634337176374977
25838,0.15859820107013778
25839,0.25356961012404267
25840,0.3121995362770315
25841,0.3293000875915213
25842,0.1660314306309956
25843,0.17364458707986205
25844,0.36427712492503833
25845,0.3809203620658394
25846,0.08094475498706656
25847,0.16327630015836297
25848,0.09207398270576894
25849,0.12581402268422637
25850,0.19437741244602671
25851,0.15005542236655992
25852,0.19041902090983617
25853,0.07156981442644862
25854,0.17775666616622665
25855,0.27029906223201455
25856,0.24079854955226124
25857,0.35103750474906764
25858,0.38315070578178007
25859,0.12548040824604365
25860,0.24655246149170484
25861,0.40063360173328827
25862,0.3101491194490994
25863,0.10231856989176207
25864,0.1495343840867015
25865,0.1838666834048541
25866,0.38769760818083226
25867,0.18769387825187164
25868,0.36933007169661486
25869,0.29169536799771123
25870,0.3540737709842138
25871,0.38702288235079985
25872,0.0870247844110259
25873,0.2581914820597651
25874,0.19958779524461084
25875,0.13733309199361418
25876,0.17389198655087396
25877,0.195408243575243
25878,0.37077323527751765
25879,0.3540925133683814
25880,0.31450484952964247
25881,0.04911643819370115
25882,0.3050699333396883
25883,0.26041432882203874
25884,0.15790848133277124
25885,0.37474287224420877
25886,0.39954279497473577
25887,0.3346716548939465
25888,0.2454091760574832
25889,0.22294455439423516
25890,0.24677362162488212
25891,0.17252004402980792
25892,0.29615230695275907
25893,0.22857476659817283
25894,0.3992841500732233
25895,0.13220892416220087
25896,0.37230261382559127
25897,0.3935902137631159
25898,0.23326411111689857
25899,0.08980240574465959
25900,0.21430806376981942
25901,0.21175909952303004
25902,0.23579058450268686
25903,0.12212552148004882
25904,0.2928424019087664
25905,0.28400349353534093
25906,0.18738650315152353
25907,0.1783376800754213
25908,0.22939943150154588
25909,0.27173098038241683
25910,0.2220936501530275
25911,0.24650373129286918
25912,0.24965994878668776
25913,0.38728152725231224
25914,0.2731816409169867
25915,0.20973492203293262
25916,0.28060362504734393
25917,0.12997108349259315
25918,0.15262687747435036
25919,0.07884560796029885
25920,0.1586619251763075
25921,0.3663500326139714
25922,0.21634348669041742
25923,0.19776228702668966
25924,0.36708473407334014
25925,0.22778758646313496
25926,0.35758609377721623
25927,0.23106750369245949
25928,0.36723842162351417
25929,0.16351995115254137
25930,0.2764765520536453
25931,0.1728274191301561
25932,0.3013139595525075
25933,0.3199101531235693
25934,0.1907263960101843
25935,0.07337283178336876
25936,0.31750737947328694
25937,0.11721501682814578
25938,0.0537308131757566
25939,0.37186404203607015
25940,0.3011302841876653
25941,0.16225296598281372
25942,0.13697323821759688
25943,0.17247506230780577
25944,0.3885147761305383
25945,0.12443833168632681
25946,0.21842014285618402
25947,0.37164288190289285
25948,0.27562939628927113
25949,0.3994228437160634
25950,0.10844732951455709
25951,0.20991859739777477
25952,0.30985673825608534
25953,0.30061674286147394
25954,0.0559911447063654
25955,0.32439707989328526
25956,0.23121744276580003
25957,0.24870033871730823
25958,0.23727872980559184
25959,0.3306195514369181
25960,0.2081493163323563
25961,0.24259781843234782
25962,0.3778466110623581
25963,0.15150233442429623
25964,0.3421011359779708
25965,0.24353118916389277
25966,0.15510087218446944
25967,0.238688157094993
25968,0.1899954430276491
25969,0.14293706485971724
25970,0.23260812767103362
25971,0.08414595420288731
25972,0.3952807768150307
25973,0.08045745299870977
25974,0.2522014160798101
25975,0.20517677420337987
25976,0.2526025031009961
25977,0.3909287952113211
25978,0.3549958962852582
25979,0.29373828787197614
25980,0.3746454118465374
25981,0.39992888808858773
25982,0.04620012321722744
25983,0.06945567349234685
25984,0.058892465775505054
25985,0.38626194155359656
25986,0.19318164833613585
25987,0.14140768631164363
25988,0.18874720024208902
25989,0.12493313062835064
25990,0.17910986630312514
25991,0.33503900562363087
25992,0.11677644503862468
25993,0.37554504628658064
25994,0.28052490703384014
25995,0.20080605021550282
25996,0.2110918706466646
25997,0.28584024718376266
25998,0.13803780563831478
25999,0.3154832019831896
26000,0.254075654496567
26001,0.11048275243515505
26002,0.16066736028223738
26003,0.1999551459742952
26004,0.18788505057038085
26005,0.22204117147735833
26006,0.3175823490099573
26007,0.169273863091985
26008,0.3427833587616704
26009,0.2421892344574948
26010,0.31079760594129735
26011,0.053033596484723035
26012,0.10477007374088007
26013,0.20443082731351067
26014,0.17625352695598764
26015,0.31765731854662754
26016,0.37153042759788746
26017,0.37749050576317433
26018,0.22554224883986015
26019,0.054176881918944736
26020,0.10149015651155553
26021,0.3666948924826547
26022,0.22638565612740078
26023,0.15461731867294615
26024,0.09879125319142562
26025,0.29724686218814506
26026,0.3768870009929786
26027,0.3966414739055961
26028,0.07080887362924533
26029,0.04233919207870825
26030,0.12322007671543485
26031,0.22875844196301498
26032,0.40476067472698696
26033,0.16588524003448854
26034,0.29122305991668845
26035,0.07594803536799272
26036,0.20566407619173668
26037,0.371972747864242
26038,0.18050429968519227
26039,0.3259526977791935
26040,0.3864868501636074
26041,0.27830580874839994
26042,0.06789630712960514
26043,0.1407104696206101
26044,0.18199244498809722
26045,0.2743024354902073
26046,0.29241507554974583
26047,0.3785100914618901
26048,0.25023721421904893
26049,0.38024563623580687
26050,0.32531170824066263
26051,0.1484173379903144
26052,0.07715129643155064
26053,0.31196713071335364
26054,0.07693388477520682
26055,0.2734402858184991
26056,0.3896168283195914
26057,0.1284042201761844
26058,0.36832173142839963
26059,0.26122025134124427
26060,0.29431555330433734
26061,0.13135427144415973
26062,0.21520394973302923
26063,0.2808435275646888
26064,0.2337364191979213
26065,0.35234572316396395
26066,0.309481890572734
26067,0.07649906146251922
26068,0.33849510126413057
26069,0.2623822791596335
26070,0.36700976453666984
26071,0.14803124487646246
26072,0.21776415941031912
26073,0.3302559491840673
26074,0.26598081691980674
26075,0.2328180423737104
26076,0.19378890158316506
26077,0.38205240206956054
26078,0.3970725487414502
26079,0.3129379862132337
26080,0.3324150718401713
26081,0.2791117312676054
26082,0.17077325382539052
26083,0.27205334939009906
26084,0.16792066295508654
26085,0.1275083342129746
26086,0.14037310670559383
26087,0.103529327908987
26088,0.14408035029393895
26089,0.28687482678981246
26090,0.2989486706705603
26091,0.1690826907734758
26092,0.390475229514466
26093,0.19689264040131443
26094,0.23648030424005337
26095,0.07745117457823172
26096,0.21371580443012422
26097,0.40099720398613914
26098,0.4040034824066172
26099,0.2021854896902359
26100,0.1804930542546917
26101,0.0777398072944123
26102,0.20583650612607832
26103,0.36894772705959644
26104,0.3974586418553021
26105,0.07755988040640363
26106,0.060864164589933295
26107,0.2768176634454951
26108,0.08417594201755543
26109,0.2933034645592885
26110,0.32855788917848555
26111,0.15155856157679892
26112,0.17740056086704287
26113,0.18792628381554952
26114,0.32081353604044616
26115,0.13011352561226663
26116,0.17589742165680383
26117,0.16775947845124545
26118,0.30203366710454216
26119,0.2557287327801465
26120,0.4045432630706432
26121,0.16675113818303022
26122,0.2531760200565236
26123,0.27733870172535346
26124,0.37969086166444693
26125,0.2701978533575097
26126,0.1674783426887319
26127,0.11229701522257572
26128,0.0790780135239767
26129,0.14396789598893356
26130,0.037773547295488485
26131,0.30883715255736965
26132,0.08609516215631448
26133,0.3946885174753355
26134,0.13502028178733616
26135,0.2222548346568686
26136,0.21632849278308336
26137,0.22568843943636724
26138,0.2097799037549348
26139,0.23826832768963943
26140,0.3763734596667872
26141,0.08105346081523845
26142,0.39206083521504237
26143,0.27903676173093517
26144,0.31952031153288385
26145,0.27629662516563663
26146,0.1865918260628186
26147,0.06625822275335962
26148,0.2386731631876589
26149,0.23421622423261107
26150,0.08272902995981912
26151,0.14852979229531982
26152,0.1956518945694214
26153,0.1085897716342306
26154,0.372096447599748
26155,0.26617948619198295
26156,0.16654122348035347
26157,0.2734965129710018
26158,0.07441490834308556
26159,0.2653473243349429
26160,0.19620292066394793
26161,0.3781577346395398
26162,0.20030375431981198
26163,0.1945123576120332
26164,0.38978550977709947
26165,0.28537918453324046
26166,0.2413345817394537
26167,0.12025878001695897
26168,0.3594190989488044
26169,0.0882242969977503
26170,0.22275713055255944
26171,0.32744459155893196
26172,0.37441675475969305
26173,0.24255658518717918
26174,0.4040934458506215
26175,0.08895524998028548
26176,0.31325285826724886
26177,0.39952780106740177
26178,0.09302234734464793
26179,0.26062799200154907
26180,0.15547571986782083
26181,0.2142255972794821
26182,0.3944786027726587
26183,0.21916234126921977
26184,0.2534234195275356
26185,0.3857184124127371
26186,0.2859601984424351
26187,0.26617948619198295
26188,0.3397770803411923
26189,0.063641785923567
26190,0.3257915132753524
26191,0.19964777087394706
26192,0.12360242135245324
26193,0.2699354599791638
26194,0.24080979498276178
26195,0.1017825377045696
26196,0.06278713320552587
26197,0.14064674551444034
26198,0.2926549780670907
26199,0.22733027228944627
26200,0.3833531235307899
26201,0.11918671564257403
26202,0.3892607230204076
26203,0.36927384454411216
26204,0.20796189249068062
26205,0.3919896141552056
26206,0.1705783330300478
26207,0.35922792663029524
26208,0.40004509087042667
26209,0.3680068593743845
26210,0.3006767184908102
26211,0.40459199326947887
26212,0.07570438437381431
26213,0.369382550372284
26214,0.4051730071786735
26215,0.3177322880832978
26216,0.31281053800089426
26217,0.2741112631716981
26218,0.12199057631404232
26219,0.2950165184722044
26220,0.2040447341996587
26221,0.23964776716437253
26222,0.26981176024365777
26223,0.18406910115386385
26224,0.2839472663828382
26225,0.21939849530973113
26226,0.1559330340415095
26227,0.2690170831549529
26228,0.2952151877443806
26229,0.32560783791051023
26230,0.38487875360202994
26231,0.06814745507745056
26232,0.2637167369123644
26233,0.288258014741379
26234,0.1355450685440281
26235,0.3819886779633908
26236,0.13272621396522577
26237,0.1534815301923915
26238,0.19986893100712438
26239,0.39040025997779576
26240,0.14655809348089155
26241,0.168996475806305
26242,0.1326812322432236
26243,0.3023597845890578
26244,0.27803966689322057
26245,0.2104358872007997
26246,0.27657401245131663
26247,0.2189899113348781
26248,0.25473913489609895
26249,0.39403628250630407
26250,0.18771636911287276
26251,0.37066078097251226
26252,0.18162884273524638
26253,0.26573716592562835
26254,0.3284154470588121
26255,0.33922230576983226
26256,0.3866405377137814
26257,0.10697042964215266
26258,0.3787087607340663
26259,0.3988230874227012
26260,0.276255391920468
26261,0.3183545352376611
26262,0.21888870246037326
26263,0.32501557857081503
26264,0.175256432118273
26265,0.23473351403563597
26266,0.17278993436182088
26267,0.3422735659123125
26268,0.2605417770343782
26269,0.1423785418115237
26270,0.18512242314408123
26271,0.37476536310520975
26272,0.3612221163057246
26273,0.32250035061552734
26274,0.20697229460663297
26275,0.15317415509204338
26276,0.29405690840282483
26277,0.35785223563239565
26278,0.26267091187581404
26279,0.15810340212811397
26280,0.32345621220807336
26281,0.09098317594721643
26282,0.31854945603300383
26283,0.3755000645645785
26284,0.1697686620340088
26285,0.37130551898787656
26286,0.06041059889307813
26287,0.26226982485462813
26288,0.3651017898284113
26289,0.21051460521430349
26290,0.20024003021364226
26291,0.1754551013904492
26292,0.3510637440869023
26293,0.30761514910964416
26294,0.39862816662735845
26295,0.04991861223607309
26296,0.16323506691319434
26297,0.12616263102974315
26298,0.08265406042314885
26299,0.11728248941114902
26300,0.182610943665627
26301,0.3662225844016319
26302,0.2171306668254553
26303,0.20897772971256284
26304,0.14112655054913012
26305,0.3777566476183538
26306,0.2136783196617891
26307,0.15052773044758266
26308,0.3878025655321707
26309,0.37881371808540465
26310,0.33792533278543646
26311,0.4028002213430593
26312,0.23454983867079382
26313,0.07472978039710072
26314,0.11592928927425056
26315,0.3086984589145296
26316,0.17271871330198416
26317,0.4048431412173243
26318,0.30646061824492193
26319,0.29909486126706736
26320,0.24431462082209712
26321,0.25393696085372697
26322,0.20182938439105205
26323,0.33576621012933255
26324,0.2769975903335037
26325,0.3429670341265125
26326,0.05157543899648618
26327,0.06415157877292488
26328,0.20432586996217225
26329,0.2125950098569036
26330,0.24045368968357794
26331,0.4052817130068454
26332,0.2992110640489063
26333,0.08295393856982994
26334,0.2055328795025637
26335,0.3679656261292158
26336,0.3528667614438224
26337,0.22273838816839192
26338,0.18457889400322172
26339,0.25657963702135417
26340,0.041945602011189305
26341,0.04744461752595401
26342,0.39990639722758664
26343,0.19582432450376305
26344,0.27670520914048957
26345,0.29614106152225844
26346,0.33102438693493763
26347,0.13749427649745527
26348,0.19553944026441597
26349,0.10580465334692987
26350,0.3670285069208374
26351,0.26476256194891473
26352,0.3479787476529204
26353,0.08666118215817506
26354,0.057887873984123366
26355,0.2899635717006278
26356,0.23539324595833439
26357,0.14059051836193764
26358,0.2035761745954695
26359,0.04409722771362621
26360,0.350587687529046
26361,0.1223391846595591
26362,0.20956998905225802
26363,0.07881187166879722
26364,0.28117339352603804
26365,0.19582807298059657
26366,0.15278056502452442
26367,0.3480462202359237
26368,0.40118462782781483
26369,0.2173818147733007
26370,0.26862349308743394
26371,0.06487503480179303
26372,0.39271681866090724
26373,0.12019880438762276
26374,0.23976396994621144
26375,0.22672301904241704
26376,0.14985300461755016
26377,0.050049808925246075
26378,0.17777915702722777
26379,0.13109937501948077
26380,0.1520721029029903
26381,0.3710206347485296
26382,0.3245732583044605
26383,0.3935302381337797
26384,0.06281712102019398
26385,0.39222951667255046
26386,0.3436455084333785
26387,0.3947185052900036
26388,0.20677737381129027
26389,0.18729279123068568
26390,0.24257157909451324
26391,0.07114998502109507
26392,0.2030888726071127
26393,0.16251535936115968
26394,0.1521995511153298
26395,0.10724406845099915
26396,0.2918940372698874
26397,0.1755113285429519
26398,0.19784850199386048
26399,0.3512174316370763
26400,0.05149297250614888
26401,0.28400349353534093
26402,0.3795184317301053
26403,0.2792054431884433
26404,0.19634911126045496
26405,0.0599382908120554
26406,0.3640072345930253
26407,0.18619448751846615
26408,0.2768888845053318
26409,0.27657401245131663
26410,0.16734714599955894
26411,0.26605203797964344
26412,0.054589214370631245
26413,0.22192871717235294
26414,0.3721526747522507
26415,0.11756737365049608
26416,0.28447580161636365
26417,0.3648506418805659
26418,0.33765919093025704
26419,0.4053604310203492
26420,0.25204398005280254
26421,0.39212455932121204
26422,0.15917171802566538
26423,0.21314978442826366
26424,0.37278991581394805
26425,0.16206179366430454
26426,0.16030750650622008
26427,0.3677931961948742
26428,0.24383856426424086
26429,0.1480874720289652
26430,0.28229793657609215
26431,0.1360811007312206
26432,0.11111999349685239
26433,0.2020168082327278
26434,0.1359836403335492
26435,0.07489846185460886
26436,0.2701716140196751
26437,0.19003667627281778
26438,0.23853446954481888
26439,0.3035143154537801
26440,0.12145454412684986
26441,0.28237665458959593
26442,0.3324488081316728
26443,0.19736494848233718
26444,0.20942004997891747
26445,0.110467758527821
26446,0.32022127670075096
26447,0.29987829292527174
26448,0.15242820820217412
26449,0.12575779553172367
26450,0.05782414987795363
26451,0.3434393422075352
26452,0.16786068732575032
26453,0.3926455976010705
26454,0.11315916489428389
26455,0.0485579151455076
26456,0.38323692074895094
26457,0.17309730946216903
26458,0.248231779113119
26459,0.3703046756733284
26460,0.18753644222486407
26461,0.3546697788007425
26462,0.23465479602213213
26463,0.40080228319079647
26464,0.19834704941271777
26465,0.17119683170757757
26466,0.3749827747615536
26467,0.3832631600867855
