id_cliente,prediccion
2,0.19199599325516803
3,0.0780412925494409
7,0.2240453996749336
10,0.06386240611737726
11,0.22678398905753455
12,0.046300777916983886
14,0.11554904286932867
16,0.16595490879585456
25,0.19165696568373186
32,0.12412644042666367
38,0.1436167588112272
42,0.32487219942004913
63,0.15927983261157808
65,0.20210654882999773
70,0.20119870833315195
74,0.3262961152200811
76,0.16305433957356735
83,0.05579731689021247
90,0.09336910575137154
98,0.35681989756838384
104,0.14061824829052516
121,0.06881220866034529
124,0.28167255287304976
125,0.35015988927617114
137,0.3129459628515281
143,0.0733627120636218
144,0.30801499517363984
157,0.26503760003458193
163,0.2076741349475827
197,0.09398688932598855
203,0.3317506921471874
205,0.16982359008324283
209,0.04442859232805306
228,0.3366816598250756
231,0.26007649657256604
237,0.28805757213509753
243,0.08102096820506319
247,0.2321142558751143
249,0.07688483183354197
253,0.3400493337013415
261,0.17006844332928006
263,0.037406954626308477
275,0.04361869312962222
279,0.34320229011569786
280,0.2359264325672632
292,0.20125521292839132
297,0.1872081705518862
299,0.14728579052876972
302,0.061760435174473036
304,0.24591644500558218
308,0.376879028878357
318,0.2928340939193315
319,0.3269817043089853
323,0.07857996969072281
325,0.2769337008189754
339,0.23463436082278977
340,0.1932541622424978
355,0.18793896331698196
359,0.26738819119653934
368,0.28974894301926246
371,0.1351938071475465
378,0.20871381949998696
390,0.26591153777428406
392,0.22454264011303993
409,0.14561325450968465
412,0.08306643455272805
420,0.3240585332486024
422,0.12351995777109452
428,0.2627623483329437
429,0.05173651997901041
430,0.29299230678600174
434,0.06623559911743042
437,0.32137644846124075
447,0.07355106071441968
464,0.05160844289646786
466,0.334349903528198
468,0.3806196330832027
470,0.3080714997688792
473,0.19618863422192862
475,0.07621431063670156
476,0.34568472533321376
480,0.06339153449038258
483,0.24668867447385345
487,0.3540850751587988
495,0.30379975236878354
496,0.3354875293790171
499,0.22072669644787507
502,0.08142026734475469
504,0.2506816658707683
508,0.0828592510368504
514,0.1598712473750834
515,0.3172252441976557
538,0.12268368976155199
548,0.22449366946383248
551,0.22024075692881656
553,0.24779239756752897
560,0.05617778116482418
564,0.22013904865738576
572,0.0613121653855741
577,0.04659460181222856
578,0.3801336935641441
591,0.06359118406022833
593,0.18826668996937024
604,0.17784724260723206
606,0.23919616514511421
614,0.30439493410530477
616,0.07928062667169089
622,0.22467071719558246
626,0.06294703167449961
632,0.0786590761240579
637,0.04840651583290407
640,0.09396428748789282
647,0.12192276121232858
648,0.0728692385985314
653,0.1988179813870669
654,0.0454419080693456
659,0.29046843486531027
661,0.04644015591857431
670,0.07572837111764305
671,0.04716718171065409
673,0.17421588061984916
674,0.10200677487696184
682,0.1954314726457212
683,0.22154789656535379
687,0.193947285277434
688,0.0725867156223346
689,0.3066287491037675
701,0.14485232596046124
705,0.21932914945895493
707,0.13704715787139754
710,0.12080397022658923
714,0.15113563695107818
716,0.1965803994155882
717,0.3036792092322729
729,0.07996621576059512
732,0.1712286710181949
734,0.3493424561317084
736,0.2446545090452365
742,0.045999420075707294
750,0.23413335341166747
764,0.2732872709395286
767,0.11824996252177011
768,0.2348905149878749
774,0.3330615987567406
777,0.06656332576981872
784,0.21061614087304542
785,0.24014544234513552
786,0.16284715605768973
787,0.36790233218133056
788,0.22607203115751867
790,0.2947816189685815
794,0.05290051464094124
796,0.16390567547517376
802,0.05833248972995181
812,0.24827833708658748
814,0.05751128961247309
816,0.0601368698045954
817,0.20229489748079554
834,0.18987895442019997
835,0.29591924481940063
836,0.13771767906823795
837,0.18358057553751922
840,0.047773664366223226
841,0.062223772855435795
854,0.05467099195844122
858,0.16800037514351945
859,0.05373301567746783
883,0.16490392332440246
887,0.07172407880168034
902,0.24126046635785886
913,0.21188561077942308
915,0.13096726342364232
916,0.31065187628481006
917,0.1523260004241207
924,0.1556861403543547
929,0.28441490922866675
933,0.2988424158797836
936,0.3114730764022887
941,0.0600125596950688
946,0.08505916327816952
948,0.06613765781901554
952,0.18958513052495535
959,0.18299669472004582
963,0.2869124123382465
965,0.10036060766898847
970,0.33818091508542664
975,0.3431457855204585
979,0.19377023754568395
982,0.11345837284547232
986,0.04095544320734034
992,0.24013414142608758
1003,0.03893634567078718
1004,0.25026353186599704
1007,0.16607168495934926
1014,0.09748640725781296
1017,0.05511549477432419
1018,0.15238250501936007
1043,0.08159731507650467
1046,0.21705766473033256
1052,0.23617881975933236
1061,0.06471750899199959
1063,0.2767641870332573
1064,0.23209165403701854
1067,0.1562172835496047
1070,0.09767852288162679
1075,0.055665472834653965
1105,0.044733717142345614
1116,0.37774543267202715
1117,0.3593475364620913
1123,0.237889025508577
1125,0.1875019944471309
1132,0.1347681391967433
1160,0.05204917873933487
1161,0.33810557562510746
1165,0.0768998997256058
1171,0.37918064939110696
1181,0.09331260115613217
1185,0.26401675034725747
1197,0.34472038024112867
1202,0.3019200328338208
1205,0.061410106683988996
1206,0.3053404443323101
1213,0.219140800808157
1216,0.06162859111891452
1228,0.2617678674567309
1232,0.3121322966800813
1238,0.11025644578190853
1241,0.08651321486232907
1246,0.12446923497111578
1258,0.10987221453428088
1263,0.3537573485064105
1289,0.17068622690389706
1301,0.3220469696580811
1302,0.06270217842846239
1303,0.3342180594726395
1312,0.14227948339056234
1314,0.22232012603362505
1322,0.09323726169581302
1326,0.06573459170630809
1328,0.06894405271590379
1334,0.1926137768297851
1336,0.2912708001177092
1337,0.061956317771302824
1338,0.11265224062005744
1340,0.2570553842137682
1361,0.3208076355358312
1365,0.35274403276511795
1368,0.39540876914385137
1370,0.09425057743710556
1378,0.3021460512147782
1381,0.33169042057893205
1388,0.33077127916303845
1393,0.23177522830367808
1395,0.1234144825266477
1400,0.17180125091662046
1404,0.07301238357313777
1405,0.0795706835939196
1411,0.3013210841242835
1414,0.29838284517183683
1415,0.0471219780344626
1420,0.10439503576907883
1425,0.09251776984976516
1434,0.3627378121764529
1453,0.3130213023118472
1455,0.38096242762765475
1460,0.3049524461116665
1465,0.39534473060258013
1474,0.28621175535727844
1475,0.03989315681684036
1476,0.07595815647161645
1477,0.16230471194339186
1489,0.09671041081652575
1495,0.1537499162241526
1496,0.07723516032402601
1501,0.21284995587150818
1504,0.061617290199866656
1506,0.30875708885778347
1516,0.28421525965882105
1535,0.09237462487515877
1541,0.0770505786462441
1546,0.049216415031334906
1552,0.06451409244913789
1558,0.24659073317543856
1559,0.14886791919547182
1564,0.1277389675489668
1566,0.2073275734301146
1567,0.35183995924128814
1573,0.3470935732411819
1576,0.0722401541048665
1577,0.07070699608737185
1578,0.12985977335695081
1586,0.20014018891566793
1587,0.09381360856725451
1589,0.26422016689011923
1591,0.15784084891948236
1592,0.08867922434650458
1598,0.05241834209489869
1602,0.3287710164915651
1604,0.08287431892891424
1606,0.08467493203054186
1614,0.05048211796469659
1615,0.3662561649733571
1619,0.18809717618365213
1623,0.2252169282828963
1631,0.21831206674464643
1639,0.06503016775232406
1648,0.052930650425068906
1659,0.2820454832016296
1669,0.2925553379161507
1673,0.17325530250078003
1678,0.27258661395856054
1682,0.38217539293879305
1683,0.17688666448816293
1692,0.21224347321593906
1693,0.3499866085174372
1695,0.330368213050331
1698,0.3075403565736292
1706,0.3877994836516174
1709,0.16798154027843964
1710,0.31496506038808125
1719,0.2219208268939336
1720,0.055759647160052904
1726,0.15971680148142914
1730,0.23559870591487492
1732,0.1621351981576738
1733,0.20696971099359868
1736,0.0949022637688662
1743,0.2309464942401675
1751,0.21490295616520494
1752,0.22857330124011438
1754,0.3325530573995863
1756,0.06031391753634539
1760,0.12866187593787637
1765,0.07306888816837714
1776,0.12501544605842962
1778,0.05721369874421246
1779,0.25272336524541716
1781,0.06270217842846239
1795,0.13173195894588166
1808,0.036856976565978694
1809,0.32250654036602794
1814,0.21358074863660387
1821,0.21406668815566243
1822,0.1170935018058712
1824,0.3069753106212356
1827,0.1936685292742531
1834,0.3029333485751133
1844,0.362376182766921
1851,0.31573728985635247
1867,0.3108741276927515
1869,0.11715754034714249
1875,0.3843376354499526
1882,0.25613247582485865
1897,0.208355957063471
1910,0.13940528297938687
1917,0.23227246874178453
1918,0.11064821097556811
1935,0.18223199919780647
1936,0.25765809989632144
1937,0.047144579872558344
1949,0.2219547296510772
1952,0.053646375298100804
1956,0.25441096915656614
1969,0.0452121227153722
1970,0.1502767671034399
1971,0.1670850007006418
1977,0.33819974995050645
1982,0.18629656308202447
1995,0.13113301023634444
2002,0.3058640535815282
2004,0.23341009459260365
2011,0.32662384187246934
2013,0.2855412341604381
2014,0.20322157284272108
2026,0.2061296760110402
2040,0.17808079493422146
2043,0.22057225055422086
2060,0.14319109086042403
2069,0.10579258275799902
2073,0.09723402006574382
2076,0.051352288731382756
2082,0.18447334814230115
2089,0.05418881941239867
2091,0.3200429400135918
2103,0.08849464266872266
2109,0.06641641382219637
2112,0.24184811414834823
2113,0.29900439571946974
2119,0.06492845948089321
2121,0.27370163797128394
2125,0.2992756177766187
2127,0.3877655808944738
2128,0.2541133782883055
2132,0.2830060613206988
2146,0.24806361962467793
2148,0.06414869606659002
2149,0.35058932419999034
2156,0.07280143308424417
2157,0.2554468867359544
2159,0.13430480151578056
2160,0.16396594704342904
2169,0.2861364158969593
2170,0.08422289526862697
2186,0.08262569870986106
2188,0.04912977465196789
2190,0.1315850469982593
2203,0.11861912587733396
2204,0.3066438169958313
2205,0.31442638324679933
2207,0.2918094772589911
2209,0.06282648853798897
2211,0.09958837820071718
2220,0.05873178886964329
2226,0.320641888723129
2229,0.1498624000716846
2234,0.1649641948926578
2237,0.3216250686802939
2240,0.17809962979930122
2249,0.06392267768563259
2252,0.30564933611961864
2264,0.33287325010594265
2269,0.25539414911373104
2272,0.060102967047451786
2283,0.14063708315560491
2284,0.2676481123346404
2287,0.32845459075822464
2290,0.15527554029561536
2298,0.07185215588422289
2328,0.21744189597796026
2329,0.3317130224170278
2330,0.3368398726917458
2336,0.19074159124085427
2338,0.25867518261062994
2341,0.37216277866237835
2353,0.3508341774460276
2356,0.057741074966446496
2366,0.20491294372688595
2401,0.16264750648784398
2404,0.04866643697100513
2408,0.15670699004167918
2409,0.1804916576644342
2410,0.22013904865738576
2421,0.3825068865641973
2425,0.2970493367241879
2427,0.3563490259413892
2429,0.3434659782268149
2432,0.31499896314522485
2435,0.13185626905540823
2436,0.16457996364503014
2447,0.15311706475747178
2449,0.06355351433006876
2454,0.08099083242093555
2460,0.06580239722059532
2472,0.2911314221161188
2479,0.13239871316970608
2483,0.2948343565908049
2484,0.22361973172413036
2492,0.33655358274253305
2493,0.07514449030016966
2495,0.16969174602768433
2498,0.3596262924652721
2501,0.18408911689467344
2510,0.18543392626137023
2512,0.04233038835816479
2516,0.05662228398070715
2517,0.24897146012152366
2538,0.04879828102656364
2561,0.25336751763114596
2563,0.18658662000425325
2567,0.2816725528730498
2569,0.10160747573727036
2576,0.2273302001448484
2588,0.23801333561810356
2592,0.041772876351803094
2593,0.30165634472270375
2604,0.13207852046334972
2613,0.11354878019785529
2620,0.14163156403181765
2626,0.07960458635106321
2629,0.06497743013010066
2634,0.07193879626358991
2637,0.31277644906581
2649,0.3083690906371398
2653,0.3527138969809903
2661,0.1981512271632424
2662,0.1042820265786001
2668,0.10138522432932888
2684,0.2123075117572103
2686,0.15048395061931752
2706,0.1669682245371471
2709,0.20609200628088065
2710,0.1822282322247905
2712,0.1006581985372491
2717,0.16586826841648755
2718,0.27454543992685837
2720,0.15552416051466855
2726,0.32023505563740556
2732,0.29776882857023573
2735,0.32353869097240023
2736,0.1806122008009448
2754,0.13949192335875388
2755,0.06686091663807935
2758,0.30400693588466116
2759,0.08588413036866419
2768,0.3226044816644429
2769,0.3281117962137725
2770,0.2672714150330447
2776,0.0509228538075636
2779,0.36975568290518157
2790,0.06417129790468577
2794,0.16400738374660462
2796,0.05203411084727104
2801,0.30088788222744844
2810,0.10083901324201505
2813,0.2767754879523052
2820,0.31599721099445355
2822,0.2989742599353421
2830,0.3191539343818259
2831,0.28343172927150195
2835,0.28615901773505503
2837,0.2901331742668901
2852,0.28514946896677845
2861,0.17820510504374804
2864,0.05512679569337206
2869,0.04276359025499989
2870,0.3986521329105907
2883,0.04670761100270729
2890,0.05061019504723915
2892,0.052772437558398694
2895,0.3245859094708364
2908,0.32646939597881514
2911,0.04110235515496268
2918,0.14536463429063146
2931,0.32026519142153326
2936,0.28286668331910825
2938,0.3757037332973783
2940,0.3160763174277887
2942,0.1979666454854605
2943,0.0466360385154041
2945,0.3272529263661343
2949,0.059684833042680505
2959,0.26170006194244366
2966,0.32167027235648543
2969,0.32340307994382583
2970,0.1434773808096368
2975,0.1261116352060732
2976,0.22074553131295488
2987,0.13090699185538698
2993,0.07570200230653136
2995,0.06348194184276557
2998,0.051269415325031695
3002,0.2268668624638856
3004,0.16730725210858327
3008,0.2821471914730604
3010,0.1535578006003388
3019,0.07568316744145157
3027,0.0692077408270208
3030,0.29797224511309744
3031,0.3049336112465867
3037,0.2427258188610663
3038,0.1237083064218924
3039,0.07354352676838777
3043,0.22312625825903998
3048,0.06235184993797835
3049,0.13738618544283368
3053,0.04709937619636685
3054,0.06715097356030807
3056,0.10701684898818518
3069,0.3836482793880324
3071,0.34874727439518716
3072,0.32626221246293746
3075,0.25983541029954477
3078,0.25330724606289057
3080,0.11807668176303608
3104,0.29495489972731553
3109,0.27271845801411904
3126,0.09734702925622254
3137,0.05433196438700505
3139,0.12407746977745623
3142,0.2368907776593483
3147,0.058227014485505
3168,0.13815841491110498
3169,0.29589664298130486
3172,0.12335797793140836
3174,0.23978004596258756
3178,0.3497605901364797
3179,0.05981667709823901
3181,0.10700554806913731
3190,0.21658679310333795
3192,0.3058226168783526
3196,0.30128718136713994
3197,0.3223294926342779
3206,0.3398459171584798
3208,0.05202657690123912
3210,0.1113827707136798
3214,0.37785090791647397
3220,0.09320712591168537
3228,0.05268203020601571
3232,0.11544356762488187
3247,0.20796795884282743
3253,0.08897304824174926
3256,0.06167379479510601
3257,0.15905758120363656
3262,0.10945031355649365
3269,0.07453800764460052
3276,0.07956691662090365
3279,0.38947201967070255
3282,0.09848465510704169
3284,0.08069700852569087
3285,0.2980777203575442
3295,0.16325022217039714
3297,0.09831137434830764
3298,0.2081902102507689
3311,0.05524357185686674
3313,0.23305976610211965
3321,0.13044742114744015
3325,0.13706222576346133
3329,0.36890434700357516
3345,0.3457035601982935
3347,0.11109271379145107
3349,0.2196380412462634
3350,0.10106503162297249
3354,0.3135336106420174
3356,0.3853434172452132
3363,0.12621334347750407
3372,0.1173345880788925
3376,0.14908640363039735
3380,0.150092185425658
3383,0.2225386104685506
3385,0.29452923177651236
3387,0.26353081082819896
3395,0.05690857392991991
3396,0.05319057156316996
3397,0.1735754952071364
3411,0.09203183033070667
3413,0.051284483217095514
3415,0.09735456320225445
3444,0.3021272163496984
3446,0.2681453527727468
3447,0.05983927893633476
3448,0.10828631889456282
3454,0.06875947103812188
3466,0.1730104492547428
3471,0.3057811801751771
3474,0.07249630826995161
3488,0.27361499759191693
3496,0.08830629401792481
3498,0.27311775715381054
3508,0.1816104486501735
3511,0.08004908916694618
3514,0.09168526881323857
3524,0.08875079683380777
3526,0.10980064204697768
3529,0.061862143445903885
3552,0.056335994031494384
3561,0.06697769280157403
3564,0.36587193372572946
3566,0.05177795668218594
3576,0.2612932288567203
3581,0.0681115516793772
3582,0.1949003294504712
3583,0.3759749553545272
3587,0.16230847891640782
3589,0.24414596768808222
3590,0.10606380481514796
3592,0.2609768031233799
3594,0.07210077610327609
3598,0.18939678187415743
3605,0.25465582240260337
3608,0.33657995155364473
3610,0.3163400055389057
3619,0.13861798561905175
3622,0.13649341283805178
3623,0.35989374754940506
3628,0.19032722420909892
3629,0.2523617358358853
3647,0.060080365209356036
3653,0.35730207011442644
3657,0.34044863284103305
3658,0.10580765065006285
3661,0.053205639455233794
3665,0.3193648848707195
3668,0.08224146746223339
3670,0.09465741052282896
3672,0.04663603851540409
3675,0.1365009467840837
3680,0.045261093364579646
3697,0.07718995664783453
3698,0.04529876309473922
3699,0.25353326444384805
3703,0.04848938923925513
3711,0.1827028708248012
3712,0.31494622552300144
3716,0.15081167727170586
3717,0.3452515234363787
3721,0.3472216503237244
3726,0.22936059860044944
3735,0.3475004063269052
3736,0.383071932516591
3740,0.16150234669099295
3748,0.10793222343106282
3751,0.09886888635466932
3753,0.09636384929905766
3754,0.0967405466006534
3755,0.0599598220728454
3764,0.14756831350496652
3768,0.21536252687315177
3781,0.2020123745045988
3782,0.3361919533330011
3787,0.08646047724010567
3800,0.18950979106463617
3804,0.08912372716238756
3820,0.33674946533936284
3821,0.345752530847501
3824,0.09611146210698851
3825,0.2869048783922146
3826,0.3464268190173574
3831,0.13394693907926458
3834,0.13193537548874334
3835,0.21288762560166774
3836,0.1601349354862004
3840,0.1008691490261427
3841,0.3207925676437673
3848,0.3486455661237563
3863,0.329219286280464
3869,0.12132381250279137
3875,0.23613361608314082
3877,0.38636803390555363
3878,0.2765946732475393
3879,0.34459983710461806
3881,0.302341933811608
3882,0.059884482612526255
3887,0.2684203418029117
3890,0.18619862178360963
3904,0.04449263086932434
3905,0.3927304513295057
3908,0.2890595869573422
3917,0.35423952105245304
3927,0.27958564982220935
3931,0.3479863458459637
3938,0.30568700584977815
3944,0.25193983485809807
3947,0.15429612731146647
3950,0.2954031695162145
3971,0.19192442076786487
3982,0.0888713399703184
3991,0.048527058969414706
3992,0.1993528915553328
3997,0.09901956527530763
4005,0.052422109067914655
4008,0.23790032642762488
4016,0.06426923920310065
4018,0.1879879339661894
4020,0.35518503127945833
4027,0.091470551351329
4038,0.19303944478058827
4045,0.15038977629391864
4048,0.25682936583281074
4051,0.13009332568394016
4054,0.2028486425141413
4055,0.23313133858942275
4065,0.18638320346139153
4066,0.1444944635239453
4073,0.11516857859471698
4079,0.05087765013137212
4084,0.13195421035382313
4087,0.3610389073462561
4089,0.061176554356999646
4091,0.3729312411576336
4092,0.12586678196003598
4102,0.3817120552578303
4108,0.30505038741008134
4113,0.27984557096031043
4116,0.30048858308775694
4117,0.048527058969414706
4124,0.21943085773038573
4125,0.17748184622468421
4128,0.2269459688972208
4129,0.2767641870332573
4130,0.2678967325536936
4134,0.23076567953540156
4144,0.20200860753158278
4147,0.36596234107811243
4150,0.07102342182071228
4158,0.33852747660289473
4162,0.16311837811483865
4163,0.13057549822998274
4166,0.04366389680581371
4167,0.17120606918009917
4168,0.22937566649251329
4175,0.05418881941239867
4179,0.08695018373218014
4180,0.3425506037839372
4189,0.21477864605567837
4192,0.3485363239062935
4195,0.1978687041870456
4197,0.2555523619804012
4198,0.2076929698126625
4202,0.12720405738070084
4208,0.19217680795993403
4222,0.2664916516187415
4225,0.04201772959784033
4227,0.27976646452697534
4229,0.17750068108976402
4230,0.2541849507756087
4244,0.38227333423720794
4247,0.15826274989726957
4249,0.27343794986016695
4258,0.24226248118010352
4266,0.32947920741856507
4283,0.10299372180714268
4286,0.11230944607560532
4287,0.14532319758745593
4289,0.10279407223729695
4291,0.31099090385624617
4292,0.27675665308722536
4296,0.049423598547212566
4309,0.050783475805973186
4323,0.2595152175931884
4324,0.3286203375709268
4327,0.15833432238457276
4328,0.25132205128348106
4330,0.07414247547792499
4334,0.07071453003340375
4338,0.07000633910640378
4341,0.31454692638330994
4343,0.37122103540838897
4349,0.07344181849695691
4366,0.11687878434396162
4367,0.08011689468123342
4373,0.10215368682458419
4374,0.36201832033040504
4384,0.34869076979994773
4390,0.154687892505126
4403,0.2801092590714275
4409,0.10109516740710014
4419,0.2953391309749432
4427,0.12562946266003067
4428,0.34488612705383076
4429,0.20058845870456687
4430,0.050474584018664684
4431,0.2803541123174647
4433,0.06604725046663254
4434,0.1662864024212588
4442,0.04468474649313817
4444,0.1054045845373554
4456,0.06789683421746763
4457,0.15346739324795583
4459,0.24664347079766197
4463,0.34289716530140535
4465,0.2834731659746774
4466,0.09036306128463753
4469,0.09571969691332895
4486,0.15106783143679092
4488,0.2564639694502629
4490,0.2298503050925239
4492,0.18074027788348734
4500,0.06747870021269636
4502,0.298804746149624
4507,0.21338109906675817
4511,0.20458521707449767
4512,0.12425451750920621
4516,0.20883059566348167
4520,0.21856068696369962
4536,0.09773879444988212
4538,0.06059267353952624
4549,0.07164497236834524
4554,0.18461649311690753
4561,0.33850110779178305
4564,0.12148202536946157
4566,0.20437803355862
4568,0.31922550686912904
4580,0.2456075532182737
4586,0.0742743195334835
4594,0.2838423293302413
4598,0.1412134300270464
4602,0.2162892022350773
4609,0.2822300648794115
4610,0.14268631647628574
4611,0.15202464258284415
4619,0.26705669757113515
4624,0.3029295816020973
4627,0.18609691351217877
4631,0.16317111573706206
4632,0.23883830270859824
4635,0.07112513009214311
4637,0.2842265605778689
4641,0.23384329648943875
4643,0.08310033730987168
4660,0.042774891174047765
4665,0.29299230678600174
4667,0.055627803104494396
4668,0.17521412846907786
4670,0.24098924430070995
4674,0.04601448796777113
4676,0.21766038041288577
4683,0.35658257826837847
4684,0.07842929077008451
4687,0.18537742166613091
4704,0.1780129894199342
4706,0.19279082456153507
4732,0.3103693533086132
4734,0.3459559473903627
4735,0.16288105881483333
4744,0.06170016360621772
4755,0.1311970487776157
4759,0.0527799715044306
4762,0.0557069095378295
4765,0.34421937283000636
4767,0.1992662511759658
4775,0.25749235308361923
4780,0.2957459640606666
4789,0.11183857444861063
4794,0.3496023772698095
4795,0.17240773357218958
4797,0.22557479071941228
4803,0.046538097216989205
4810,0.2991061039909006
4812,0.35197180329684663
4814,0.2267199505162633
4818,0.1445924048223602
4820,0.07327230471123883
4822,0.21433414323979538
4827,0.09588544372603107
4828,0.07784917692562707
4831,0.05430936254890931
4839,0.24984163088820982
4841,0.2410193800848376
4842,0.06503393472534001
4844,0.1822282322247905
4852,0.055650404942590145
4861,0.08456945678609507
4863,0.3701474480988411
4878,0.17442306413572678
4881,0.17297277952458323
4883,0.3474439017316659
4884,0.1609222328465355
4890,0.25731153837885334
4894,0.04468474649313817
4895,0.34626107220465524
4898,0.23284504864021005
4899,0.05984681288236668
4901,0.08626836161629184
4902,0.04010410730573397
4919,0.15591592570832813
4934,0.07702797680814835
4937,0.14943296514786544
4939,0.056151412353712474
4945,0.06088649743477091
4952,0.10405600819764267
4953,0.29684215320831026
4954,0.18553563453280114
4955,0.12387028626157857
4967,0.06404322082214323
4970,0.32111652732313967
4979,0.22613983667180587
4983,0.16819249076733322
4989,0.13481710984595074
4995,0.25019949332472574
5004,0.3363350983076075
5007,0.329927477207464
5009,0.0650264007793081
5010,0.13585302742533906
5016,0.20379791971416256
5033,0.061459077333196444
5038,0.04768325701384025
5045,0.10213108498648844
5049,0.06664619917616978
5051,0.043856012429627535
5055,0.18646230989472662
5058,0.08298732811939295
5059,0.06736192404920169
5073,0.23440457546881638
5074,0.37904503836253245
5076,0.2938813124177677
5078,0.0791374816970845
5081,0.14693922901130163
5082,0.14970418720501438
5084,0.04355088761533499
5105,0.2330635330751356
5107,0.20828061760315186
5111,0.09123323205132369
5120,0.047400734037643444
5121,0.17259608222298745
5123,0.2263319522956197
5141,0.1950623092901574
5144,0.2727335259061829
5147,0.32917784957728846
5149,0.047694557932888126
5152,0.05346556059333485
5160,0.1492483834700835
5170,0.2536462736343268
5171,0.24833107470881088
5176,0.34360158925538936
5178,0.3617282634081763
5192,0.04413853540582434
5195,0.07923542299549938
5204,0.2125561319762635
5208,0.1886509212169979
5211,0.1010650316229725
5216,0.059677299096648595
5217,0.3045757488100707
5225,0.2999988765956825
5228,0.35072493522856474
5239,0.04458303822170731
5241,0.0774574117319675
5243,0.3204874428294748
5246,0.33069217272970336
5247,0.3526008877905116
5249,0.05971120185379221
5251,0.3510865646380967
5255,0.2579217880074384
5257,0.33526527797107564
5259,0.09182464681482899
5260,0.26623926442667234
5269,0.2869199462842784
5281,0.2186510943160826
5284,0.2910786844938954
5286,0.08860011791316946
5292,0.07922788904946747
5293,0.2536839433644863
5299,0.16155508431321636
5301,0.14160896219372193
5303,0.10951811907078089
5305,0.1641053250450195
5319,0.1076949041310575
5325,0.052689564152047626
5331,0.1389042755682645
5333,0.09641658692128108
5335,0.21625529947793365
5339,0.10169788308965333
5340,0.14111172175561554
5341,0.11088929724858937
5343,0.09815692845465337
5347,0.35582918366518707
5353,0.2886904236017784
5355,0.14407632951917404
5363,0.1878523229376149
5365,0.33550259727108095
5373,0.12676332153783385
5377,0.2946347070209591
5379,0.08024120479076002
5385,0.31016216979273553
5386,0.0547350304997125
5387,0.2336323460005451
5389,0.04996604266151043
5390,0.08600844047819078
5396,0.07359626439061118
5397,0.04648912656778176
5404,0.18097759718349266
5407,0.23064890337190685
5410,0.043381373829616904
5411,0.05204917873933487
5412,0.12018241967895626
5413,0.046794251382074305
5418,0.3117518324054696
5424,0.18190050557240223
5427,0.3410099118204107
5428,0.22756751944485376
5433,0.2621181959472149
5441,0.34444915818397975
5448,0.14957987709548778
5456,0.2757734731300605
5460,0.04846678740115939
5465,0.33551389819012883
5468,0.07389762223188776
5470,0.2902386495113369
5475,0.15134282046695585
5487,0.30006668210996973
5501,0.06784786356826018
5504,0.1905570095630723
5508,0.24373536762934284
5510,0.1004359471293076
5514,0.05044068126152106
5528,0.2702322558235872
5540,0.15456358239559942
5543,0.17821640596279592
5545,0.11605381725346697
5546,0.16493029213551413
5548,0.060792323109371986
5551,0.3920523961866334
5553,0.1547330961813175
5556,0.18714413201061492
5560,0.2909920441145284
5563,0.20536874746181683
5569,0.05398163589652101
5572,0.07354729374140373
5576,0.07028886208260057
5582,0.2219886324082208
5586,0.07253774497312715
5598,0.04840651583290407
5605,0.17378644569603002
5608,0.19767658856323184
5610,0.18401001046133836
5622,0.09199792757356304
5628,0.3502276947904584
5632,0.24364496027695992
5640,0.06471374201898364
5641,0.09410366548948323
5647,0.05693117576801566
5654,0.3453230959236819
5665,0.2629921336869171
5667,0.1769092663262587
5674,0.09226161568468005
5691,0.19359695678694994
5694,0.22142358645582721
5706,0.20326677651891256
5716,0.09027642090527052
5722,0.0786251733669143
5738,0.2670001929758957
5745,0.2802599379920658
5746,0.10320090532302033
5755,0.2922464461288422
5756,0.04745723863288281
5760,0.2719010248696563
5761,0.3372090360473097
5762,0.06547843754122298
5763,0.049382161844037036
5765,0.35168928032064983
5773,0.2470201680992577
5781,0.2812920885984381
5786,0.2543393966692629
5789,0.30082761065919317
5802,0.1625684000545089
5808,0.2649358917631511
5811,0.13112547629031251
5812,0.3862625586611068
5813,0.18747185866300325
5821,0.2541246792073534
5829,0.32959598358205977
5838,0.2719612964379116
5842,0.3342670301218469
5861,0.18917453046621596
5864,0.1586394471988653
5871,0.302255293432241
5875,0.32389278643590025
5879,0.30655717661646437
5881,0.29935849118296975
5891,0.05650174084419651
5903,0.03961440081365951
5909,0.2206551239605719
5914,0.3606132393954529
5918,0.17788491233739162
5933,0.0669362560983985
5945,0.06396788136182406
5948,0.06562534948884532
5949,0.05216595490282955
5950,0.20661561553009872
5952,0.2502333960818694
5955,0.28638126914299655
5959,0.349643813972985
5961,0.17994544657712036
5964,0.08922543543381839
5966,0.35453334494769767
5978,0.17649489929450335
5980,0.17033966538642897
5983,0.3321085545837033
5985,0.2175172354382794
5995,0.19876147679182754
6009,0.2853792543207519
6016,0.09676314843874914
6021,0.2632219190408905
6023,0.12096218309325944
6029,0.29716987986069854
6033,0.2348302434196196
6036,0.05531891131718589
6039,0.1983471097600722
6046,0.3714206849782347
6047,0.103231041107148
6051,0.21912196594307726
6054,0.04508027865981369
6061,0.34452826461731484
6065,0.12038960319483392
6068,0.12078890233452541
6069,0.37673965087676653
6070,0.21572038930966775
6072,0.10244751071982885
6076,0.21179143645402415
6082,0.08261439779081317
6104,0.33464372742344267
6110,0.20618994757929554
6122,0.1471464125271793
6123,0.24890742158025236
6126,0.04455666941059561
6128,0.28160474735876256
6131,0.06821325995080806
6139,0.14108911991751982
6140,0.29435971799079425
6142,0.3791844163641229
6143,0.09801755045306296
6147,0.2987896782575602
6152,0.3491465735348786
6164,0.2223879315479123
6171,0.3562134149128147
6173,0.29715857894165065
6175,0.3380415370838362
6176,0.05649797387118055
6179,0.280681838969853
6181,0.21128289509686993
6191,0.08311917217495146
6200,0.18358057553751922
6201,0.28848324008590076
6208,0.320110745527879
6219,0.2356589774831302
6223,0.06423533644595704
6224,0.17557199090559378
6237,0.09005416949732903
6255,0.11794107073446163
6265,0.2869952857445976
6273,0.1605681373830355
6279,0.1442345423858442
6284,0.2482708031405556
6295,0.20237400391413068
6306,0.05806880161883479
6311,0.3666479301670167
6327,0.1174287624042914
6330,0.18946835436146064
6338,0.26592660566634785
6343,0.33257565923768206
6345,0.3795799485307984
6351,0.19656533152352434
6357,0.04872670853926045
6360,0.23292415507354514
6389,0.06732802129205806
6392,0.317289282738927
6404,0.18912179284399255
6406,0.055676773753701836
6407,0.32217881371363966
6414,0.08249008768128657
6419,0.19328806499964146
6425,0.2068265660189923
6428,0.060336519374441136
6431,0.14195552371119002
6435,0.2442213071484014
6436,0.07632355285416433
6440,0.10152083535790334
6446,0.21090619779527414
6465,0.15818741043695045
6473,0.1603195171639823
6476,0.07156963290802609
6477,0.10601106719292455
6478,0.3405955447886554
6494,0.17095744896104598
6501,0.2041746170157583
6502,0.36510723820349017
6503,0.20424995647607747
6514,0.0430988508534201
6516,0.13668176148884967
6534,0.293591255495539
6541,0.052617991664744436
6553,0.28538678826678376
6557,0.13791732863808367
6559,0.23641990603235358
6560,0.35812703720492106
6562,0.19630164341240736
6575,0.28241087958417743
6583,0.04981913071388809
6588,0.32822480540425125
6590,0.09607755934984491
6594,0.10525767258973306
6602,0.272371896496651
6603,0.16783839530383327
6606,0.11583533281854143
6614,0.33322734556944267
6618,0.12005057562339776
6628,0.24773965994530556
6633,0.06455176217929746
6639,0.10694150952786603
6648,0.23883830270859824
6654,0.12446923497111578
6656,0.060170772561739014
6657,0.36182997167960723
6663,0.054723729580664626
6664,0.11512714189154145
6666,0.04529499612172326
6670,0.11821229279161055
6671,0.119233142478935
6683,0.07187475772231863
6694,0.16744663011017374
6695,0.2996146453480549
6699,0.20640843201422104
6701,0.18280834606924795
6706,0.039878088924776525
6707,0.047705858851936
6720,0.15364820795272177
6721,0.0791374816970845
6726,0.2971585789416506
6735,0.18454492062960431
6745,0.22146125618598678
6746,0.12081527114563712
6751,0.05389876249016995
6759,0.3434207745506234
6760,0.10647817184690327
6765,0.29671407612576767
6774,0.08025250570980788
6776,0.2447675182357152
6779,0.27209690746648607
6789,0.1876413724487213
6792,0.3836746481991441
6797,0.05198137322504764
6807,0.19238399147581164
6808,0.3175944075532195
6811,0.3048130681100761
6813,0.0904723035021003
6814,0.19424110917267867
6817,0.2211674322907421
6826,0.21564881682236453
6830,0.0769187345906856
6832,0.319583369305645
6838,0.3633103920748785
6840,0.19944706588073174
6850,0.14814089340339207
6851,0.17915438224376928
6854,0.3719066244972932
6856,0.36335182877805394
6858,0.1084294638691692
6866,0.15635666155119515
6871,0.3094012412435122
6872,0.22196226359710908
6879,0.32080386856281523
6881,0.050937921699627436
6882,0.27270339012205524
6883,0.3043685652941931
6894,0.31505170076744826
6899,0.05737191161088267
6903,0.2880387372700178
6908,0.31198915170547487
6914,0.31719887538654395
6915,0.2613497334519596
6917,0.2466058010675024
6922,0.06592294035710596
6933,0.06659722852696232
6944,0.2190842962129177
6948,0.3084218282593632
6957,0.1112584606041532
6964,0.15072126991932286
6987,0.14461123968743997
6989,0.03900038421205845
6991,0.14658513354780167
6992,0.11399704998675424
7019,0.1354047576364401
7021,0.05940231006648371
7023,0.1286242062077168
7033,0.0707371318714995
7034,0.16144960906876954
7043,0.162203003671961
7047,0.14181991268261557
7050,0.14393318454456766
7057,0.09507931150061619
7069,0.0818421683225419
7070,0.08399687688766955
7072,0.33694534793619263
7081,0.11809174965509993
7082,0.08412118699719612
7088,0.28135612713970937
7093,0.3107046139070334
7100,0.2410080791657897
7104,0.09681965303398851
7109,0.05216595490282955
7111,0.2919337873685177
7113,0.044722416223297735
7119,0.14921824768595587
7122,0.04888492140593066
7134,0.3932879633358674
7147,0.0834883355305153
7155,0.21293659625087524
7156,0.24541543759445983
7163,0.38769400840717066
7173,0.09169656973228646
7177,0.19042516550751382
7179,0.3287069779502938
7191,0.30852353653079406
7196,0.32675568592802784
7197,0.046556932082068986
7205,0.05227519712029231
7209,0.08779021871473863
7215,0.08578995604326525
7216,0.10091435270233419
7217,0.23711302906728976
7224,0.18656401816615747
7230,0.26533895787585854
7235,0.35594972680169773
7237,0.34922567996821374
7245,0.2409402736515025
7246,0.13816218188412094
7252,0.08723270670837693
7257,0.154070108930509
7258,0.17113072971978005
7261,0.10879109327870111
7269,0.19857312814102968
7270,0.20747825235075296
7283,0.3261002326232513
7299,0.1530906959463601
7301,0.046820620193186
7304,0.23307106702116753
7311,0.28458065604136884
7314,0.30023619589568784
7332,0.19569139378382228
7333,0.3229585771279428
7335,0.2938662445257038
7336,0.08663375799883971
7337,0.31931214724849605
7344,0.12941150356805187
7348,0.3040295377227569
7351,0.1665124208022163
7352,0.07643656204464305
7371,0.2522261248073108
7373,0.2175888079255826
7376,0.0989329248959406
7383,0.36871223137976133
7390,0.0578465502108933
7391,0.08688614519090887
7392,0.23585486007995998
7395,0.05392136432826569
7400,0.22334097572094952
7403,0.19791390786323715
7404,0.17418574483572147
7414,0.16091093192748762
7429,0.2152193818985454
7435,0.2754796492348158
7436,0.16688911810381202
7438,0.161321531986227
7441,0.04508027865981369
7443,0.3865676834753994
7444,0.3586958501303306
7452,0.09514711701490342
7456,0.11191014693591383
7462,0.09577996848158427
7483,0.10151706838488739
7490,0.330364446077315
7492,0.22795551766549732
7504,0.08665259286391949
7507,0.22319029680031122
7511,0.06363638773641982
7519,0.27164487070457116
7520,0.39499063513908017
7522,0.05768833734422309
7530,0.05913108800933477
7536,0.26466466970600216
7541,0.2550475875962629
7543,0.07302368449218564
7545,0.24306484643250248
7558,0.3314380333868629
7560,0.23541789121010892
7561,0.18516647117723728
7571,0.14136034197466874
7579,0.18627772821694472
7580,0.1431308192921687
7581,0.2001966935109073
7586,0.20107439822362533
7590,0.35541104966041576
7592,0.25531504268039584
7594,0.16877260461179072
7595,0.3090396118339802
7601,0.16508097105615244
7602,0.21902402464466236
7603,0.20063742935377432
7611,0.2612367242614809
7617,0.04178041029783501
7618,0.34532686289669784
7619,0.26943365754420423
7625,0.05373301567746783
7628,0.14614063073191869
7630,0.05312276604888273
7631,0.04787160566463812
7633,0.3329598904853097
7634,0.19661806914574775
7641,0.34957977543171376
7642,0.3181519195595812
7646,0.10266976212777035
7662,0.30516339660056013
7666,0.18763760547570535
7674,0.10792468948503091
7676,0.11594457503600421
7679,0.2906040458938847
7681,0.24211556923248118
7686,0.06201282236654218
7696,0.3570835856795009
7707,0.07014195013497823
7708,0.046575766947148774
7712,0.05223376041711678
7715,0.17928245932631182
7716,0.07991347813837171
7717,0.3559384258826498
7719,0.06626573490155807
7723,0.08837033255919607
7726,0.2695353658156351
7734,0.3545898495429371
7739,0.10044348107533951
7743,0.189788547067817
7751,0.0694902638032176
7752,0.315605445800794
7755,0.24732905988656623
7758,0.056222984841015664
7761,0.24858346190088004
7767,0.06188851225701558
7773,0.12962998800297743
7779,0.08889017483539821
7785,0.08876209775285565
7792,0.07750638238117495
7800,0.2068906045602636
7801,0.17376384385793425
7802,0.13234974252049866
7808,0.3459371125252829
7811,0.1553508797559345
7816,0.07546468300652603
7822,0.09005040252431307
7823,0.0751670921382654
7832,0.16906266153401944
7833,0.24530996235001312
7838,0.08417015764640358
7840,0.14970042023199842
7857,0.17919958591996077
7877,0.07384488460966435
7885,0.3732702687290698
7900,0.21323042014611987
7907,0.19578933508223717
7910,0.048135293775755136
7918,0.3036603743671931
7919,0.07877585228755259
7928,0.1824768524438437
7933,0.30368297620528883
7941,0.21346020550009326
7947,0.09539950420697257
7955,0.2589652395328586
7956,0.28975647696529433
7957,0.1620033541021153
7964,0.2163231049922209
7968,0.1691342340213226
7980,0.07826354395738239
8004,0.39260990819299507
8016,0.23343269643069942
8017,0.07247747340487182
8024,0.3550569541969158
8031,0.12157243272184455
8032,0.05592162699973907
8035,0.18498188949945538
8036,0.23716953366252913
8037,0.060110500993483695
8052,0.22949244265600793
8055,0.062099462745909204
8059,0.23372275335292808
8063,0.16127256133701956
8064,0.1984337501394392
8068,0.1468638895509825
8070,0.07428938742554733
8072,0.27204416984426266
8085,0.30983067616733134
8089,0.20102542757441794
8097,0.05016945920437213
8100,0.25048578327393856
8102,0.30628972153233136
8105,0.07769849800498876
8114,0.17287483822616834
8117,0.2527798698406566
8120,0.15256331972412607
8126,0.1620071210751312
8128,0.08848334174967479
8135,0.08066310576854724
8137,0.17604662950560446
8148,0.09944146625309486
8169,0.051423861218685946
8173,0.05826468421566458
8178,0.25174771923428424
8179,0.3682940973749901
8182,0.042816327877223295
8184,0.11508947216138189
8186,0.22775586809565163
8189,0.2901482421589539
8196,0.2693545511108691
8216,0.2978931386797623
8219,0.15718539561470576
8221,0.2509378200358534
8227,0.08415508975433975
8232,0.2090905168015827
8245,0.17724829389769486
8248,0.18870742581223726
8249,0.2890181502541667
8250,0.20297295262366788
8256,0.04855342778052641
8258,0.3192820114643684
8259,0.04806372128845195
8268,0.1785139968310565
8271,0.27677548795230517
8273,0.306410264668842
8275,0.2688874464568904
8277,0.2961829329305177
8283,0.18706502557727983
8288,0.0660246486285368
8299,0.05921019444266988
8300,0.1342482969205412
8301,0.05418128546636676
8307,0.32244250182475664
8315,0.2245539410320878
8324,0.13554036866501457
8326,0.15634536063214727
8351,0.06334256384117515
8367,0.047916809340829605
8368,0.24086870116419928
8371,0.3610841110224476
8383,0.17199336654043423
8386,0.255303741761348
8402,0.05712329139182948
8404,0.2817817950905126
8421,0.31769611582465035
8422,0.06637121014600489
8425,0.322502773393012
8429,0.20783611478726888
8433,0.28535288550964016
8437,0.13051899363474337
8440,0.04686959084239345
8455,0.33734464707588413
8479,0.3511129334492084
8482,0.06911356650162187
8485,0.2993773260480495
8489,0.08073091128283447
8490,0.046022021913803036
8492,0.058471867731542226
8496,0.22027465968596022
8497,0.3078454813879218
8498,0.21909183015894956
8500,0.2961791659575017
8501,0.212868790736588
8508,0.3066551179148792
8512,0.35726816735728273
8522,0.3552942734969211
8536,0.049269152653558315
8545,0.22283620133681126
8546,0.1667309052371418
8554,0.25317163503431617
8556,0.2310444355385824
8557,0.24099677824674182
8559,0.21827816398750277
8560,0.2341408873576994
8563,0.21161815569529008
8565,0.2511412365787151
8574,0.11976051870116904
8578,0.07689613275258984
8585,0.04194239013752118
8602,0.32732073188042143
8605,0.10210094920236078
8609,0.1792598574882161
8614,0.10250401531506821
8619,0.26892511618704995
8629,0.2150875378429869
8632,0.29541823740827833
8635,0.059741337637919875
8639,0.04201019565180841
8642,0.07133984755405269
8643,0.15234860226221647
8655,0.2572248979994863
8657,0.15043497997011013
8662,0.29114649000818266
8666,0.28132599135558173
8674,0.06793827092064317
8676,0.2874096527763529
8686,0.23260396236718878
8691,0.1403997638555996
8702,0.312158665491193
8714,0.0509944262948668
8718,0.2314098319211303
8731,0.27791688077614024
8738,0.2641071576996405
8745,0.054505245145739095
8749,0.17769656368659376
8754,0.24466580996428433
8760,0.2235142564796836
8762,0.07043954100323888
8767,0.0395352943803244
8768,0.2291496481115558
8769,0.04537410255505837
8771,0.28467483036676783
8795,0.12666538023941895
8796,0.0638059015221379
8811,0.23538022147994936
8815,0.3359772358710916
8820,0.24294430329599181
8825,0.3068396995926611
8832,0.12237856494725945
8839,0.08788439304013757
8841,0.34722541729674034
8848,0.16059073922113126
8849,0.08762823887505247
8856,0.2656591505822149
8875,0.21495192681441244
8879,0.07634992166527602
8882,0.1335401059935412
8885,0.15447317504321645
8892,0.198633399709285
8897,0.16909279731814708
8905,0.059861880774430505
8921,0.05695001063309544
8928,0.1522920976669771
8935,0.1732816713118917
8939,0.06229157836972302
8941,0.22539020904163032
8942,0.03913222826761696
8949,0.10885889879298835
8951,0.05669385646801034
8958,0.28763190418429435
8964,0.07478286089063775
8972,0.04795447907098918
8978,0.3267255501439002
8979,0.0904270998259088
8988,0.3219979990088737
8997,0.18756226601538617
8998,0.04058251287876056
8999,0.29827736992738996
9006,0.0687218013079623
9012,0.3195645344405652
9024,0.14631767846366867
9026,0.17731609941198206
9030,0.2968496871543421
9034,0.061067312139536874
9036,0.33109147186939486
9038,0.07950287807963236
9040,0.30284294122273037
9041,0.09307904882914281
9042,0.07671155107480794
9046,0.07060905478895696
9051,0.3071787271640973
9054,0.3357700523552139
9057,0.05968106606966456
9062,0.08261439779081317
9072,0.19212783731072658
9075,0.13306170042051463
9079,0.25897277347889053
9081,0.0723380954032814
9091,0.16937532029434388
9110,0.06084882770461134
9113,0.30078994092903355
9116,0.22117873320978998
9120,0.07979293500186108
9126,0.35439396694610725
9133,0.2351918728291515
9135,0.3064479343990016
9144,0.11698049261539249
9146,0.21556217644299752
9153,0.13405618129672736
9155,0.07404076720649413
9160,0.09278145796088218
9165,0.27735936876977857
9172,0.2706390889093106
9174,0.05919889352362201
9179,0.09437488754663217
9180,0.153188637244775
9195,0.3883419277659153
9199,0.14614439770493465
9204,0.11044102745969045
9205,0.05135605570439872
9210,0.27701657422532644
9228,0.13146073688873272
9233,0.33953325839815535
9235,0.22573677055909847
9237,0.05462578828224973
9239,0.05681816657753694
9240,0.06128202960144645
9241,0.376434526062474
9242,0.15783331497345043
9246,0.07403323326046223
9248,0.24194982241977908
9253,0.21894868518434318
9254,0.20291644802842856
9260,0.116758241207451
9261,0.05719109690611671
9262,0.25264425881208213
9263,0.36177723405738377
9268,0.181391964215248
9275,0.06696262490951019
9278,0.19349901548853504
9287,0.15243147566856752
9292,0.31750023322782056
9308,0.34255060378393726
9309,0.2946761437241347
9310,0.30882866134508663
9312,0.09584777399587151
9314,0.06496612921105277
9316,0.07274869546202076
9318,0.19004093425988616
9322,0.30382612117989516
9325,0.30437233226720906
9327,0.22560869347655588
9336,0.13839196723809433
9340,0.2924912993748794
9342,0.2974674707289592
9346,0.11651715493442973
9351,0.3664219117860592
9357,0.16518644630059925
9372,0.21357698166358796
9374,0.06324085556974429
9378,0.36770268261148475
9385,0.09252153682278114
9413,0.08240344730191955
9418,0.2515254678263428
9420,0.16920957348164178
9422,0.08296849325431316
9423,0.1409045382397379
9425,0.17137181599280132
9426,0.33876479590290004
9434,0.2894099154478263
9436,0.15106029749075903
9439,0.056916107875951825
9446,0.08174799399714297
9460,0.1799642814422001
9461,0.27517452442052326
9467,0.18839476705191277
9472,0.30930329994509725
9483,0.11997900313609457
9485,0.25025223094694915
9492,0.09131987243069072
9500,0.16560834727838647
9507,0.3065157399132888
9514,0.2964729898527464
9516,0.3188412756215014
9520,0.09693266222446724
9542,0.16867089634035987
9544,0.3853848539483888
9548,0.3488376817475701
9556,0.07378084606839308
9558,0.2867994031477678
9565,0.31930838027548014
9571,0.3243523571438471
9575,0.22351048950666763
9587,0.20457014918243382
9602,0.3588126262938253
9609,0.051039629971058285
9618,0.10320843926905225
9622,0.27789051196502856
9624,0.20155657076966793
9648,0.28559397178266144
9658,0.3307599782439906
9668,0.12805916025532318
9702,0.04971365546944129
9705,0.20652520817771575
9706,0.07399933050331861
9707,0.27598819059197005
9708,0.09715491363240873
9710,0.35341455396195837
9726,0.25296821849145446
9753,0.06533152559360064
9757,0.10387896046589266
9761,0.06298470140465919
9765,0.3655743428574688
9768,0.3212747401898099
9769,0.2667666406489063
9775,0.04508404563282965
9778,0.29920404528931555
9788,0.09734326228320658
9789,0.32449550211845346
9792,0.2739992288395446
9815,0.1291704172950306
9816,0.06929061423337188
9822,0.07221755226677076
9823,0.2940847289606294
9827,0.11287449202799892
9835,0.25215455232000766
9840,0.04571313012649453
9841,0.1732176327706204
9849,0.19196962444405635
9853,0.23341009459260365
9869,0.08763577282108437
9873,0.06027624780618582
9881,0.04292557009468606
9892,0.30437233226720906
9898,0.23030610882745473
9899,0.26891381526800207
9915,0.2029277489474764
9936,0.3463175767998946
9940,0.24259774177852378
9941,0.0474572386328828
9947,0.03967090540889887
9957,0.2345401864973909
9962,0.07318189735885586
9963,0.20840492771267843
9964,0.24158065906421528
9965,0.2800037838269807
9968,0.32025765747550133
9971,0.10905478138981813
9973,0.32513965450418214
9980,0.0657157568412283
10002,0.3607300155589476
10005,0.07752521724625473
10007,0.11036192102635535
10010,0.2935686536574432
10013,0.28143146660002855
10014,0.07299354870805799
10017,0.2525199487025555
10024,0.3009142510385602
10030,0.09907606987054698
10037,0.2880877079192252
10046,0.10765346742788197
10051,0.16451215813074288
10063,0.19011250674718932
10067,0.16538232889742904
10073,0.0800038854907547
10096,0.05201527598219126
10099,0.07708448140338772
10100,0.059398543093467746
10101,0.23607334451488554
10103,0.07059021992387716
10110,0.2925026002939273
10113,0.26197505097260854
10116,0.06669140285236126
10124,0.3424036918363149
10127,0.10875342354854153
10129,0.3575356224414158
10139,0.31664513035319825
10140,0.3609899366970487
10145,0.3795347448546069
10149,0.11962490767259458
10151,0.35089068204126694
10165,0.05452031303780292
10166,0.04236429111530841
10168,0.23087492175286434
10174,0.09760318342130765
10186,0.07778890535737175
10189,0.17266765471029066
10193,0.27202156800616695
10197,0.05717602901405289
10201,0.14487869477157295
10206,0.24387474563093325
10211,0.14464890941759956
10216,0.19155525741230106
10224,0.12163647126311583
10234,0.3491654083999584
10236,0.22046300833675803
10239,0.3241602415200332
10247,0.07180318523501544
10250,0.049596879305946605
10253,0.2728616029887254
10254,0.1650395343529769
10263,0.3104032560657568
10264,0.32139151635330454
10265,0.21577689390490712
10275,0.04783016896146259
10280,0.21398004777629542
10286,0.2830098282937146
10287,0.3482123642269212
10293,0.1954540744838169
10294,0.1293851347569402
10303,0.06344427211260599
10308,0.32903470460268214
10311,0.20452494550624234
10318,0.2593494707804863
10323,0.30285424214177825
10324,0.1869520163868011
10327,0.1101359026453979
10330,0.18436787289785433
10331,0.15239757291142392
10333,0.06572329078726022
10334,0.3287145118963257
10335,0.3305791635392246
10338,0.22234272787172082
10339,0.25685950161693843
10348,0.07298601476202607
10354,0.38940044718339933
10356,0.12718898948863705
10367,0.08997506306399392
10375,0.16887807985623748
10384,0.3250153443946555
10386,0.07358496347156329
10389,0.16613195652760454
10393,0.1514520626844186
10404,0.2584604651487203
10408,0.05631339219339864
10416,0.13586056137137095
10434,0.3471086411332457
10448,0.35067596457935735
10449,0.0839818089956057
10452,0.051258114405983816
10453,0.20585468698087533
10454,0.28751136104778374
10461,0.1351222346602433
10462,0.05691234090293587
10472,0.0874210553591748
10474,0.3521563849746286
10476,0.3131456124213738
10478,0.048432884644015774
10483,0.10428202657860011
10492,0.14067475288576448
10493,0.35394569715720836
10499,0.07599582620177603
10501,0.050504719802792336
10509,0.18741535406776388
10512,0.2197887201669017
10513,0.11140537255177554
10516,0.18303436445020543
10517,0.21534745898108792
10525,0.2164549490477794
10529,0.1295885512998019
10532,0.21270304392388584
10537,0.19596638281398715
10541,0.2915118863907305
10545,0.1164757182312542
10548,0.12076630049642967
10552,0.044319350110590294
10554,0.32121446862155456
10557,0.2188884136160879
10564,0.3411831925791447
10574,0.05852837232678159
10591,0.19904023279500838
10596,0.20762893127139126
10600,0.36093719907482524
10606,0.04282386182325521
10611,0.13003305411568486
10622,0.05143516213773382
10626,0.11771505235350417
10629,0.0853266183623025
10630,0.22450873735589633
10631,0.31013580098162385
10633,0.061056011220488995
10638,0.21361465139374752
10639,0.3589972079716072
10640,0.0964843924355683
10657,0.3462648391776712
10663,0.20881929474443378
10664,0.17964408873584375
10667,0.21763024462875813
10671,0.2502484639739332
10672,0.14450576444299318
10675,0.14573756461921122
10679,0.31834780215641095
10681,0.18439800868198197
10683,0.07451917277952072
10688,0.13719406981901988
10701,0.30322340549734206
10704,0.3156280476388897
10709,0.3564432002667881
10715,0.2305961657496835
10718,0.05760923091088799
10724,0.17951224468028526
10731,0.07509928662397816
10733,0.16464023521328547
10737,0.28279887780482105
10744,0.05115640613455297
10750,0.12492880567906259
10770,0.12194913002344028
10776,0.29635998066226765
10780,0.057850317183909254
10782,0.3818627341784686
10789,0.298718105770257
10793,0.31229427651976743
10795,0.3258327775391183
10807,0.1832038782359235
10813,0.20776454229996572
10815,0.17847256012788099
10817,0.1868352402233064
10819,0.16418066450533864
10824,0.27414237381415096
10828,0.2965483293130655
10830,0.06582499905869106
10832,0.2248176291432048
10836,0.2807006738349328
10839,0.3174512625786131
10843,0.14644575554621123
10844,0.12617567374734448
10866,0.38435270334201643
10872,0.12173064558851476
10873,0.08074974614791426
10878,0.37085187205282516
10889,0.06953170050639314
10899,0.3434283084966553
10901,0.32855253205663953
10904,0.3297089927725385
10910,0.21927641183673152
10911,0.11585793465663717
10917,0.13318224355702524
10920,0.2267350184083271
10921,0.05173651997901041
10922,0.07943507256534513
10929,0.04960064627896256
10930,0.05588772424259546
10933,0.26965214197912973
10934,0.06623183214441446
10939,0.33604880835839473
10942,0.05482543785209547
10943,0.043743003239148814
10945,0.33251162069641077
10946,0.19077172702498185
10949,0.10074860588963205
10951,0.1838216618105405
10952,0.32437872595495876
10953,0.06194501685225495
10955,0.048692805782116835
10956,0.31841560767069815
10959,0.3506307609031658
10963,0.09765592104353106
10965,0.19825670240768922
10971,0.08058023236219618
10975,0.3016864805068314
10979,0.1338414638348178
10983,0.26295823092977344
10984,0.13917549762541348
10989,0.08250138860033446
10992,0.14940282936373778
11001,0.07519346094937711
11003,0.0788361238558079
11004,0.06026871386015391
11008,0.051359822677414665
11016,0.08278767854954722
11017,0.04369403258994137
11021,0.35785204817475613
11028,0.36625616497335706
11034,0.30291451371003353
11035,0.062408354533217705
11036,0.09365539570058429
11041,0.11692022104713717
11047,0.36200701941135716
11056,0.36010846501131466
11058,0.2762255098919754
11059,0.09871820743403104
11060,0.10504672210083946
11064,0.2521583192930236
11066,0.08739845352107907
11069,0.17237383081504598
11071,0.16923594229275346
11072,0.26550470468856063
11077,0.2365442161418802
11080,0.12055911698055201
11092,0.14325136242867936
11097,0.055386716831473115
11098,0.20186169558396044
11114,0.11959100491545097
11121,0.054316896494941216
11124,0.31489348790077804
11131,0.2617151298345075
11143,0.32446913330734173
11146,0.09716621455145659
11154,0.21141097217941246
11164,0.2994752673464644
11172,0.3134469702626504
11173,0.07887756055898343
11174,0.10859521068187133
11175,0.21051819957463058
11180,0.24637224874051306
11184,0.062163501287180484
11188,0.14174080624928045
11189,0.0790131715875579
11190,0.09895552673403635
11197,0.05462578828224973
11201,0.34264854508235215
11204,0.33036067910429917
11211,0.16228964405132806
11212,0.22082087077327406
11218,0.2045965179935455
11219,0.17537610830876404
11227,0.16955990197212578
11241,0.22866747556551326
11251,0.0633463308141911
11254,0.051857063115521046
11260,0.09163629816403114
11264,0.15801036270520044
11273,0.0864943799972493
11276,0.07644409599067495
11278,0.07212337794137183
11282,0.27073703020772544
11283,0.18875262948842875
11291,0.28076471237620404
11293,0.2659416735584117
11302,0.3507588379857084
11304,0.06705679923490912
11305,0.3031066293338473
11315,0.29331626646537406
11321,0.10158864087219056
11325,0.23221973111956112
11335,0.23441210941484836
11341,0.22745074328135906
11343,0.20481500242847106
11344,0.32901210276458637
11361,0.169100331264179
11375,0.14955350828437608
11377,0.08896174732270137
11379,0.35809313444777746
11380,0.34573746295543717
11391,0.27270339012205524
11393,0.2631503465535873
11394,0.31604241467064503
11398,0.26689095075843294
11399,0.26163602340117237
11408,0.12140291893612647
11412,0.19935665852834877
11420,0.30250014667827824
11421,0.3264015904645279
11430,0.07853853298754726
11437,0.17047527641500343
11446,0.3826048278626122
11471,0.13229700489827523
11472,0.24271075096900246
11475,0.07787931270975473
11483,0.15713265799248236
11492,0.18481614268675328
11497,0.19760124910291266
11498,0.10635762871039263
11502,0.2767491191411935
11504,0.38190040390862817
11511,0.36480964733522947
11512,0.1420195622524613
11514,0.0725678807572548
11522,0.30291074673701757
11524,0.22814009934327922
11533,0.30636506099265054
11534,0.09179451103070134
11541,0.1453420324525357
11542,0.16069621446557808
11547,0.1451310819636421
11548,0.09246879920055773
11566,0.3427841561109266
11572,0.21274824760007732
11574,0.10154343719599908
11576,0.1829552580168703
11577,0.05662981792673906
11580,0.19977479253312008
11598,0.09007300436240881
11603,0.12276279619488709
11613,0.31608385137382056
11614,0.23123655116239622
11620,0.18046528885332247
11621,0.32972782763761826
11622,0.05713835928389331
11626,0.0681379204904889
11630,0.2856467094048848
11636,0.23746712453078972
11637,0.07149429344770694
11639,0.09753161093400446
11647,0.2033797857093913
11653,0.12064199038690307
11654,0.05729280517754756
11660,0.16377383141961527
11664,0.28554876810646995
11667,0.23410321762753983
11679,0.11105881103430747
11687,0.33518617153774055
11691,0.06455176217929746
11696,0.26792686833782126
11702,0.34966264883806475
11703,0.056965078525159266
11705,0.3268498602534268
11711,0.25277233589462467
11716,0.10349472921826501
11717,0.2985749607956506
11722,0.06565548527297298
11724,0.1497719927193016
11728,0.30310286236083145
11737,0.11848728182177544
11738,0.15891066925601424
11744,0.17197076470233852
11747,0.04182184700101054
11753,0.07396919471919094
11757,0.26599441118063516
11758,0.0911089219417971
11760,0.0975805815832119
11762,0.19172853817103508
11764,0.22034246520024742
11768,0.07631225193511644
11773,0.09026135301320667
11774,0.35742261325093705
11783,0.12654107012989235
11785,0.1034871952722331
11787,0.2857634855683795
11791,0.13223673333001995
11796,0.05521343607273908
11797,0.09209586887197793
11798,0.04468851346615412
11803,0.06002762758713263
11808,0.21844391080020492
11810,0.16295263130213655
11814,0.23328955145609304
11822,0.17480352841033853
11824,0.07448527002237712
11829,0.2999160031893314
11846,0.24992827126757683
11847,0.17989270895489695
11850,0.3779450822418729
11853,0.050783475805973186
11854,0.08334519055590892
11857,0.17404636683413105
11862,0.1385803158888922
11883,0.06408465752531875
11890,0.15881272795759932
11909,0.039900690762872275
11913,0.3019426346719165
11917,0.2269610367892846
11919,0.14165416586991342
11920,0.07727283005418559
11921,0.2310105327814388
11928,0.11589183741378078
11929,0.2891838970668688
11935,0.06326345740784003
11936,0.04397655556613817
11939,0.05010918763611681
11942,0.054358333198116754
11943,0.1515876737129931
11946,0.17554185512146614
11947,0.1716317371309024
11952,0.35329024385243174
11956,0.21604811596205603
11959,0.38203224796418667
11969,0.1453269645604719
11973,0.33204451604243207
11974,0.21413072669693367
11975,0.27250750752522546
11993,0.31910119675960247
11994,0.31079878823243234
11995,0.09636384929905766
12002,0.2809003234047785
12006,0.09962228095786081
12007,0.14081789786037086
12014,0.28428306517310825
12017,0.3529700511460754
12021,0.2257480714781463
12023,0.3303644460773151
12024,0.18138443026921608
12027,0.34821613119993716
12034,0.24529489445794922
12040,0.14580913710651444
12048,0.18406651505657773
12052,0.07875325044945684
12057,0.3527477997381339
12058,0.3602742118240168
12061,0.1337698913475146
12062,0.18646230989472662
12064,0.08609131388454185
12071,0.320818936454879
12080,0.3567596260001285
12085,0.0605173340792071
12090,0.3562925213461498
12100,0.29811162311468786
12103,0.2498679996993215
12104,0.20914702139682206
12109,0.055880190296563534
12114,0.2829985273746668
12123,0.08994492727986628
12124,0.08005662311297809
12128,0.38041244956732495
12132,0.23575315180852918
12135,0.14985863309866862
12140,0.3905719757913621
12149,0.04523472455346794
12155,0.13945425362859432
12158,0.321436720029496
12161,0.3358077220853735
12163,0.25526230505817255
12164,0.19971452096486475
12174,0.055883957269579496
12175,0.22548438336702925
12179,0.3779563831609208
12183,0.21234894846038588
12184,0.28633983243982103
12186,0.07737453832561644
12190,0.1764308607532321
12193,0.31664889732621415
12195,0.05582745267434014
12196,0.04756648085034557
12205,0.2415241544689759
12213,0.3089190686974696
12220,0.2588484633693639
12221,0.24893379039136404
12222,0.08305136666066423
12224,0.20426125739512535
12230,0.2567125896693161
12239,0.13895701319048792
12242,0.17045267457690771
12244,0.21312117792865715
12245,0.3190635270294429
12247,0.24230768485629506
12254,0.3351258999694852
12258,0.18777698347729577
12266,0.07407843693665371
12267,0.31388393913250145
12272,0.33614298268379367
12273,0.19487396063935952
12276,0.29725652024006555
12277,0.1770411103818172
12283,0.19442945782347654
12289,0.05977524039506349
12297,0.27097058253471484
12300,0.39396978545175565
12302,0.08277261065748337
12310,0.09010314014653648
12312,0.18537742166613091
12314,0.05227519712029231
12315,0.03874423004697335
12327,0.12595718931241895
12329,0.18741535406776388
12332,0.2537668167708374
12342,0.0846372623003823
12346,0.22639222386387503
12347,0.3863152962833303
12349,0.07039057035403143
12350,0.14102131440323257
12354,0.23388850016563023
12356,0.04188211856926586
12359,0.1896039653900351
12360,0.31011696611654405
12369,0.21914456778117297
12372,0.07342675060489309
12373,0.03950515859619674
12375,0.2722325184950606
12376,0.29011057242879434
12379,0.06753520480793572
12382,0.17693940211038633
12387,0.083160608878127
12389,0.2592402285630235
12394,0.3484835862840701
12395,0.21310987700960926
12396,0.28919896495893266
12404,0.3267029483058045
12405,0.20744058262059334
12412,0.39402252307397906
12419,0.10731820682946176
12431,0.1750785174405034
12440,0.3056907728227941
12444,0.3191087307056344
12447,0.05701404917436672
12452,0.15884286374172701
12454,0.2192161402684762
12456,0.2613874031821192
12461,0.0738222827715686
12469,0.1963845168187584
12472,0.09062298242273858
12473,0.049269152653558315
12474,0.15394203184796645
12476,0.31511573930871956
12479,0.36469663814475073
12481,0.20316130127446574
12487,0.08190243989079724
12493,0.22314132615110382
12501,0.26496226057426275
12504,0.2039297637697211
12507,0.20753475694599227
12510,0.18807080737254045
12512,0.3901689096786547
12520,0.3091676889165228
12526,0.22349542161460378
12529,0.24907693536597048
12532,0.1331219719887699
12533,0.30706195100060263
12544,0.375108551560857
12546,0.20770803770472634
12551,0.2716863074077467
12555,0.3830116609483356
12576,0.19212407033771062
12581,0.2139725138302635
12588,0.21070278125241249
12593,0.09934352495467996
12594,0.1376423396079188
12598,0.14104768321434427
12599,0.32739607134074067
12601,0.1892913066297106
12610,0.3572983031414104
12622,0.0582797521077284
12624,0.1662977033403067
12625,0.22247833890029528
12629,0.3992058779439364
12632,0.04317042334072329
12634,0.06737699194126551
12635,0.19199599325516803
12638,0.30763453089902815
12640,0.05467852590447313
12641,0.2820643180667094
12643,0.15419818601305155
12644,0.0629394977284677
12647,0.1519907398257005
12651,0.35884276207795296
12657,0.2844337440937465
12658,0.30624828482915584
12660,0.23107457132271003
12661,0.11205705888353618
12666,0.14319485783344
12673,0.10388272743890863
12678,0.23690207857839618
12681,0.28113010875875194
12682,0.38142953228163345
12684,0.05460318644415398
12689,0.24867763622627898
12699,0.2628866584424703
12701,0.26940728873309255
12710,0.10111023529916398
12712,0.24488429439920983
12713,0.25642629972010333
12715,0.1488716861684878
12716,0.17261491708806725
12717,0.2630750070932681
12718,0.24526475867382158
12720,0.12764479322356787
12724,0.20270549753953493
12725,0.3085122356117462
12726,0.16453475996883865
12741,0.26945625938229995
12742,0.3604587935017987
12743,0.34346974519983087
12748,0.12107142531072222
12749,0.05763183274898373
12751,0.2546407545105395
12752,0.2607281829043267
12756,0.1841230196518171
12760,0.18367474986291815
12761,0.2368418070101408
12764,0.27844425699837433
12767,0.07651190150496219
12774,0.30092178498459204
12782,0.08905968862111627
12783,0.3795234439355591
12784,0.2626719409805607
12785,0.26400921640122554
12787,0.3513088160460382
12798,0.15387045936066324
12805,0.14586564170175376
12806,0.1613893375005142
12809,0.10406730911669054
12815,0.1996843851807371
12820,0.06300353626973898
12824,0.13335175734274332
12829,0.20349279489987
12833,0.21193458142863053
12841,0.2570064135645608
12843,0.11750410186461056
12847,0.1812940229168331
12848,0.22092257904470486
12849,0.1903837288043383
12852,0.19653896271241267
12855,0.27613886951260835
12864,0.3112922616975228
12872,0.07367160385093031
12873,0.34329269746808083
12874,0.32086790710408647
12877,0.38252948840229306
12879,0.19465547620443396
12885,0.16519774721964714
12893,0.21488035432710922
12894,0.322152444902528
12895,0.3712097344893411
12901,0.06093923505699432
12912,0.1271739215965732
12919,0.29881981404168784
12924,0.1386669562682592
12929,0.19762385094100843
12931,0.2289952022179016
12945,0.13805293966665816
12958,0.056731526198169915
12962,0.28746239039857624
12964,0.3141626951356823
12974,0.2784819267285339
12976,0.0597827743410954
12980,0.17741404071039696
12984,0.2014134257950615
12987,0.09445776095298322
12991,0.24253370323725243
12995,0.11925951129004671
13001,0.37270898974969213
13005,0.27688473016976795
13006,0.31520991363411843
13015,0.1930997163488436
13017,0.21869629799227408
13033,0.33001035061381506
13034,0.244605538396029
13035,0.20042647886488069
13038,0.36655752281463366
13044,0.06041185883476029
13045,0.19539003594254567
13052,0.06149298009034006
13059,0.27278249655539033
13060,0.0537443165965157
13061,0.17810716374533314
13066,0.3789056603609421
13080,0.3687084644067454
13082,0.3054195507656452
13105,0.2817629602254328
13106,0.37822383824505373
13121,0.3154698347722195
13123,0.2949172299971559
13125,0.06702666345078148
13129,0.17823900780089164
13130,0.10233826850236609
13132,0.35141429129048496
13133,0.26024977733130006
13135,0.33281674551070334
13141,0.1654652023037801
13145,0.3911784584469312
13149,0.07461334710491967
13153,0.33634639922665543
13158,0.23887220546574184
13159,0.2267651541924548
13169,0.399951738601096
13170,0.21556971038902945
13178,0.22953011238616755
13179,0.0836465483971855
13180,0.2189863549145028
13181,0.21594640769062518
13183,0.07338908087473352
13196,0.1698800946784822
13200,0.3176132424182993
13202,0.10095955637852569
13204,0.06110121489668049
13208,0.1837576232692692
13212,0.2067097898554976
13213,0.20243804245540192
13218,0.24162209576739074
13225,0.10820721246122772
13229,0.2492389152056566
13232,0.20874018831109864
13233,0.2655273065266564
13234,0.05223752739013274
13249,0.0813562288034834
13253,0.22475359060193356
13255,0.3382788563838416
13257,0.3708066683766336
13266,0.04413100145979243
13269,0.06426923920310065
13270,0.33784942146002245
13274,0.3055815306053314
13281,0.1675182025974769
13287,0.10186362990235547
13305,0.29022734859228905
13308,0.04987563530912745
13309,0.0716299044762814
13310,0.35460115046198487
13314,0.31611398715794825
13315,0.055379182885441205
13324,0.10177322254997248
13326,0.26551223863459256
13333,0.29244232872567194
13336,0.10273003369602565
13345,0.186255126378849
13348,0.3294528386074534
13350,0.3724076319084155
13354,0.2953014612447836
13360,0.3112357571022834
13364,0.2843621716064434
13366,0.270251090688667
13368,0.21223593926990714
13375,0.1031670025658767
13376,0.14110418780958364
13380,0.104025872413515
13382,0.03967467238191483
13384,0.31116418461498024
13387,0.2619712839995926
13390,0.09332390207518004
13398,0.21306844030643374
13403,0.11551890708520102
13404,0.10011198744993527
13405,0.1490411999542059
13409,0.3152965540134855
13411,0.1472104510684506
13414,0.26156068394085324
13416,0.1596226271560302
13417,0.07338531390171754
13418,0.17278066390076935
13422,0.07854606693357918
13430,0.38956242702308547
13435,0.03958426502953185
13439,0.20858574241744443
13446,0.1476963905875091
13448,0.07389762223188776
13449,0.1340712491887912
13451,0.17292004190235982
13455,0.23999853039751318
13468,0.25065153008664065
13470,0.06261930502211133
13474,0.060306383590313484
13478,0.26538416155205
13485,0.2311838135401728
13488,0.32363286529779917
13489,0.16568368673870565
13500,0.19076042610593402
13505,0.057985928212483724
13506,0.19769165645529563
13517,0.07344558546997287
13518,0.09628850983873852
13523,0.16416936358629075
13529,0.23102560067350264
13532,0.08003778824789831
13534,0.133558940858621
13539,0.2045965179935455
13547,0.18484251149786496
13548,0.28925546955417203
13550,0.3980757860391492
13554,0.29767088727182084
13555,0.35669558745885727
13556,0.2941450005288847
13558,0.07401816536839839
13562,0.17933519694853522
13566,0.21922367421450806
13574,0.08666389378296738
13576,0.23235157517511962
13577,0.3130213023118472
13580,0.06655202485077084
13586,0.363528876509804
13598,0.38057819638002716
13600,0.1183592047392329
13602,0.12645442975052534
13604,0.16462893429423758
13616,0.24452266498967795
13623,0.15230339858602499
13627,0.31524758336427805
13630,0.08113021042252597
13633,0.31557154304365037
13635,0.24682051852941195
13636,0.30736330884187923
13640,0.1669682245371471
13642,0.36761227525910173
13647,0.3127199444705706
13648,0.3920373282945695
13652,0.18644724200266277
13659,0.06044199461888794
13660,0.12524146443938705
13666,0.28418512387469336
13667,0.07077856857467503
13672,0.16258723491958865
13673,0.2570478502677363
13675,0.10835412440885006
13678,0.2217475461351996
13682,0.10123454540869059
13684,0.25944741207890115
13689,0.14938022752564203
13690,0.1386330535111156
13696,0.19453870004093926
13706,0.21773195290018899
13710,0.40406150616150555
13711,0.21012266740795504
13712,0.20982884351271036
13717,0.0538234230298508
13718,0.12694413624259981
13719,0.17980230160251398
13720,0.09840931564672252
13722,0.12778417122515828
13723,0.2718859569775925
13726,0.15501938613053026
13733,0.050207128934531706
13739,0.3027261650592357
13743,0.26733545357431593
13750,0.22113729650661446
13751,0.10829761981361069
13754,0.3423283523759958
13756,0.08554510279722803
13760,0.0578465502108933
13762,0.31560921277380993
13763,0.16520528116567906
13766,0.07724269427005792
13767,0.04702026976303175
13769,0.09718128244352042
13770,0.14123603186514216
13774,0.2842642303080285
13776,0.17449086965001404
13780,0.08311163822891954
13784,0.06894028574288782
13789,0.21492932497631667
13790,0.26895525197117764
13792,0.09217120833229708
13795,0.24047316899752375
13797,0.1325493920903444
13800,0.1375519322555358
13804,0.15180992512093455
13815,0.17432135586429592
13816,0.29647675682576236
13817,0.33684740663777774
13820,0.3714545877353783
13824,0.3041689157243473
13830,0.336915212152065
13838,0.159724335427461
13840,0.062182336152260265
13841,0.05563157007751035
13842,0.2852511772382093
13843,0.07130594479690908
13849,0.2741536747331988
13852,0.24995464007868856
13855,0.03794563176759038
13858,0.15303795832413666
13863,0.04835754518369662
13871,0.3820736846673622
13872,0.23846913935303443
13873,0.12947554210932316
13874,0.23618258673234832
13877,0.3123733829531026
13879,0.22782367360993883
13885,0.2627096107107203
13886,0.2853980891858316
13892,0.122947377872669
13895,0.06524865218724958
13906,0.28565801032393273
13907,0.2830211292127625
13908,0.05606477197434545
13909,0.14552661413031764
13911,0.1121964368851266
13918,0.3266690455486609
13919,0.19550681210604037
13927,0.3543600641889637
13930,0.0684656471428772
13931,0.27338521223794354
13933,0.32130110900092157
13938,0.3092053586466824
13943,0.051751587871074235
13944,0.09021991631003115
13946,0.21675253991604004
13949,0.09929078733245657
13952,0.36069611280180397
13957,0.30272616505923566
13958,0.09424681046408961
13965,0.10066196551026506
13970,0.04344917934390414
13972,0.30248131181319843
13981,0.2411700590054759
13983,0.0939379186767811
13985,0.14353765237789212
13986,0.11866432955352543
13993,0.2956856924924113
13995,0.16364575433707268
13998,0.10857260884377558
14000,0.05339398810603166
14002,0.04395395372804243
14003,0.08946275473382372
14019,0.2876997096985816
14021,0.400573289148729
14026,0.24648149095797578
14031,0.08010182678916959
14032,0.26496226057426275
14034,0.1542546906082909
14035,0.16708123372762584
14043,0.09041203193384498
14046,0.26247982535674685
14048,0.22994071244490694
14057,0.28823461986684756
14065,0.14392565059853574
14067,0.07924672391454726
14082,0.056584614250547574
14086,0.23945985325623126
14103,0.37096111427028794
14104,0.33201438025830443
14106,0.35145572799366054
14107,0.2288332223782154
14111,0.061767969120504945
14116,0.05590655910767524
14118,0.07980800289392491
14119,0.2510282273882364
14122,0.11727808348365312
14123,0.11885267820432331
14124,0.07448150304936116
14125,0.2776494256920073
14126,0.31557154304365037
14127,0.1605003318687483
14133,0.26910969786483185
14137,0.18579555567090217
14139,0.1693188156991045
14143,0.1515387030637856
14148,0.13945425362859432
14149,0.15200204074474838
14150,0.07159223474612184
14162,0.06542569991899957
14163,0.21994693303357193
14164,0.14624987294938147
14173,0.1302327036855306
14174,0.3375442966457298
14178,0.19145354914087015
14181,0.08056516447013234
14186,0.10575491302783945
14187,0.2644348843520288
14188,0.1355818053681901
14192,0.29332003343839
14193,0.16697199151016306
14198,0.38506466124203237
14200,0.3043572643751452
14201,0.13200318100303057
14208,0.3803333431339899
14214,0.13906248843493474
14220,0.10644803606277561
14224,0.2808212169714434
14229,0.1264054591013179
14233,0.10159240784520653
14241,0.0618433085808241
14242,0.24044680018641207
14246,0.1496326147177112
14247,0.12267992278853602
14250,0.08684470848773332
14251,0.3682413597527667
14254,0.3336153437900863
14257,0.06407712357928683
14259,0.2783312478078956
14261,0.22657680554165693
14281,0.11281422045974361
14282,0.2649999303044223
14285,0.05974510461093582
14286,0.2034588921427264
14293,0.21434921113185923
14297,0.0594738825537869
14298,0.11597471082013186
14301,0.06825846362699954
14308,0.13344216469512632
14311,0.27279003050142225
14313,0.3894155150754631
14314,0.056588381223563536
14315,0.04313275361056372
14320,0.17465661646271619
14325,0.042673182902616916
14333,0.18376515721530112
14336,0.24479388704682692
14338,0.26732038568225214
14354,0.20144732855220515
14359,0.29380597295744854
14361,0.13643690824281243
14362,0.24381824103569394
14363,0.28591039751600184
14369,0.07164497236834524
14370,0.3766530104973995
14376,0.14540230402079102
14382,0.3723096906100007
14387,0.1302402376315625
14389,0.33008945704715015
14390,0.1890012497074819
14392,0.21101544001273692
14393,0.10476796609765861
14396,0.20482630334751895
14407,0.15634912760516323
14412,0.10411627976589798
14413,0.32920798536141616
14414,0.05233546868854763
14416,0.22500974476701868
14417,0.18372748748514156
14423,0.32774639983122467
14427,0.2690192905124489
14430,0.34848358628407017
14433,0.14372223405567403
14434,0.14343594410646127
14435,0.35837942439699016
14436,0.12458224416159451
14438,0.04380327480740413
14439,0.19126520049007234
14442,0.12113169687897753
14444,0.10022122966739803
14446,0.1477754970208442
14449,0.37772659780694734
14451,0.12026152611229139
14459,0.2514049246898321
14464,0.20557593097769444
14467,0.16072635024970572
14469,0.3181594535056131
14470,0.06585890181583468
14471,0.2650225321425181
14476,0.04788290658368599
14477,0.2342162268180185
14479,0.05060266110120723
14480,0.31697662397860243
14481,0.03787405928028719
14485,0.12376857799014772
14486,0.19384557700600313
14493,0.17698460578657782
14504,0.3250605480708471
14508,0.1469316950652697
14509,0.2721986157379169
14516,0.29686852201942193
14520,0.18431136830261496
14522,0.28576725254139546
14523,0.14741386761131225
14529,0.290577677082773
14532,0.06131969933160602
14537,0.05070436937263808
14540,0.16173966599099826
14541,0.14461877363347186
14544,0.2096969994571518
14548,0.10360773840874374
14550,0.3438163067172989
14554,0.0630449729729145
14555,0.07148675950167503
14564,0.19722455180131693
14571,0.08768851044330779
14572,0.26312021076945963
14576,0.13604514304915286
14580,0.06315421519037727
14581,0.16814352011812583
14582,0.33517487061869267
14583,0.16905136061497156
14586,0.15290611426857817
14591,0.13123095153475933
14593,0.2746509151713052
14594,0.1568199992321579
14601,0.21423996891439645
14602,0.1299690155744136
14604,0.30996628719590574
14610,0.3482651018491446
14620,0.14320992572550384
14622,0.303754548692592
14628,0.06426923920310065
14629,0.3769053976894687
14630,0.1474138676113123
14632,0.4033420143154577
14634,0.16654255658634393
14646,0.05025233261072319
14648,0.2768169246554807
14651,0.1593401041798334
14658,0.38247298380705363
14661,0.20848780111902954
14666,0.05890506962837733
14672,0.33126851960114484
14673,0.13398837578244013
14680,0.1418952521429347
14685,0.3587824905096976
14688,0.25096418884696514
14694,0.21576182601284327
14695,0.350269131493634
14702,0.3028241063576505
14705,0.0411098891009946
14706,0.1870273558471202
14707,0.20803576435711463
14711,0.22740930657818348
14713,0.06509797326661129
14714,0.17129647653248214
14717,0.2613610343710075
14722,0.3775533170482133
14726,0.1817761954628756
14735,0.12162517034406796
14736,0.2715393954601244
14742,0.34660763372212333
14744,0.4067812606790268
14746,0.22225608749235382
14748,0.24065021672927378
14751,0.22921745362584306
14753,0.3037394808005282
14754,0.2550212187851512
14759,0.3439481507728574
14764,0.30605240223232605
14766,0.2595679552154118
14767,0.32138021543425666
14768,0.3103580523895653
14770,0.15470296039718984
14773,0.3467545456697457
14777,0.16269271016403547
14778,0.137800552474589
14779,0.11013966961841386
14782,0.20203497634269452
14783,0.3281683008090119
14784,0.1819570101676416
14793,0.04947256919642001
14795,0.13601124029200923
14797,0.2431100501086939
14800,0.05266696231395188
14802,0.22849419480677924
14803,0.07566809954938775
14805,0.33763847097112876
14808,0.38019773210541546
14809,0.08941755105763223
14812,0.4020650104630481
14813,0.3131945830705813
14814,0.29545214016542193
14818,0.2997879261067889
14819,0.095007739013313
14820,0.04219101035657437
14821,0.37996041280541015
14822,0.2029917874887477
14826,0.2568180649137629
14827,0.1355366016919986
14831,0.3137596290229749
14832,0.1933822393250404
14839,0.25898030742492245
14842,0.31018100465781534
14848,0.13917926459842944
14849,0.04434195194868604
14855,0.17308955568807788
14856,0.3181556865325971
14865,0.06398671622690386
14866,0.08524374495595144
14869,0.12620204255845618
14873,0.3171800405214642
14877,0.1622858770783121
14881,0.06504900261740384
14882,0.3737637421941602
14883,0.2801921324777785
14885,0.2817064556301934
14889,0.3380340031378043
14890,0.3358792945726767
14892,0.259729935055098
14893,0.05198137322504764
14894,0.0825842620066855
14897,0.3089228356704856
14901,0.10963489523427557
14904,0.05276113663935082
14908,0.2741649756522467
14914,0.18792766239793407
14916,0.10496008172147243
14917,0.05904444762996775
14918,0.16181877242433335
14923,0.17172967842931725
14927,0.19901009701088074
14929,0.23148893835446532
14931,0.18278574423115224
14935,0.3915589227215429
14948,0.3779940528910804
14950,0.19346511273139144
14951,0.22409437032414103
14952,0.05704041798547842
14954,0.37896593192919736
14960,0.07337777995568565
14962,0.0514539970028136
14970,0.16325775611642906
14973,0.165472736249812
14976,0.29597951638765596
14978,0.25443357099466185
14982,0.21231127873022626
14985,0.06306757481101025
14986,0.1767284516214927
14987,0.11553397497726484
14988,0.3507437700936445
14991,0.11058040546128087
14997,0.22963935460363033
14998,0.23014789596078455
14999,0.24638731663257685
15000,0.12645442975052534
15005,0.2969137256956134
15006,0.16092976679256743
15009,0.3374162195631873
15015,0.22250470771140696
15018,0.19821903267752966
15029,0.2871007609890444
15037,0.37418187619893145
15041,0.24723865253418326
15042,0.17525556517225338
15047,0.16123489160685994
15050,0.26403935218535324
15053,0.3357964211663256
15056,0.33286948313292675
15057,0.3253732068311715
15058,0.15189279852728563
15060,0.1319127736506476
15062,0.25917995699476815
15066,0.08528518165912696
15067,0.2858689608128263
15068,0.07888886147803131
15069,0.07074843279054738
15072,0.2578803513042629
15077,0.2275336166877101
15089,0.2520076403723853
15093,0.19932275577120517
15099,0.12886529248073808
15101,0.34042226402992126
15103,0.2801808315587307
15104,0.1877091779630085
15105,0.1348208768189667
15108,0.1373861854428337
15109,0.1165548246645893
15112,0.2504895502469545
15114,0.31981315465961835
15117,0.0508173785631168
15122,0.13900598383969537
15130,0.055379182885441205
15132,0.06358365011419642
15133,0.1361581522396316
15134,0.055028854394957166
15136,0.2773819706078743
15137,0.37168814006236767
15142,0.08280274644161104
15145,0.14349998264773253
15146,0.051420094245669984
15147,0.14699196663352504
15150,0.36775165326069215
15163,0.3401924786759479
15165,0.06180940582368048
15167,0.13509209887611562
15168,0.04490699790107965
15173,0.196685874660035
15181,0.1908696683233968
15183,0.33390916768533097
15185,0.29208069931614006
15186,0.33581525603140544
15189,0.10819214456916389
15190,0.07380344790648882
15191,0.11565451811377549
15193,0.2793935341983956
15196,0.1083239886247224
15199,0.27617653924276797
15200,0.28731171147793805
15201,0.33331398594880973
15204,0.3399890621330862
15207,0.06998373726830803
15209,0.3271248492835917
15212,0.14574509856524315
15213,0.18535105285501918
15214,0.21844767777322088
15215,0.30870811820857597
15216,0.3109683020181504
15222,0.226128535752758
15223,0.11563945022171164
15231,0.1438314762731368
15236,0.2364575757625132
15240,0.3478205990332616
15241,0.21281982008738054
15242,0.34979072592060734
15243,0.27602209334911365
15247,0.3190145563802354
15250,0.13118951483158378
15253,0.20976857194445503
15254,0.21618749396364645
15255,0.28956059436846454
15260,0.1154850043280574
15265,0.06143270852208474
15275,0.12057041789959988
15280,0.24460553839602905
15281,0.2962997090940123
15282,0.34082156316961276
15283,0.340090770404517
15284,0.3561719782096392
15292,0.3052161342227835
15293,0.1207625335234137
15300,0.3369943185854001
15301,0.1572871038861366
15302,0.40202734073288854
15303,0.180860821019998
15306,0.1305227606077593
15311,0.2352220086132792
15313,0.26258530060119367
15320,0.20613344298405617
15322,0.05853967324582947
15324,0.2368418070101408
15327,0.33176576003925123
15329,0.212955431115955
15340,0.38181376352926116
15349,0.2390567871435238
15355,0.10856507489774365
15356,0.2783199468888477
15359,0.4008294433138141
15360,0.11797497349160523
15361,0.09225784871166409
15364,0.25452774532006084
15367,0.0743458920207867
15368,0.3764156911973942
15372,0.37829541073235695
15374,0.07485820035095689
15377,0.3184796462119695
15383,0.30478293232594844
15386,0.049020532434505125
15391,0.23525967834343875
15394,0.04993967385039873
15395,0.2823280061778264
15396,0.0771033162684675
15397,0.19795911153942863
15400,0.09634501443397789
15404,0.21359581652866777
15408,0.14050523910004642
15409,0.06708316804602084
15411,0.38180999655624526
15414,0.3017392181290548
15416,0.11244129013116382
15421,0.09663883832922256
15423,0.12190769332026476
15425,0.05760923091088799
15426,0.31340930053249083
15428,0.304379866213241
15429,0.15901237752744507
15437,0.3235424579454162
15438,0.07743480989387175
15449,0.13474930433166354
15456,0.2760145594030818
15459,0.3541905504032456
15460,0.26844294364100746
15465,0.33568341197584695
15466,0.2852248084270976
15468,0.32341438086287366
15469,0.061037176355409214
15470,0.15017505883200905
15473,0.3634912067796444
15474,0.2823581419619541
15484,0.11768114959636057
15486,0.24687702312465132
15488,0.14579030224143463
15489,0.04232662138514884
15493,0.16861062477210453
15494,0.1754928844722587
15511,0.050640330831366806
15512,0.313303825288044
15517,0.3442796443982617
15518,0.21931784853990705
15522,0.05187966495361679
15524,0.2771634861729488
15526,0.15930996839570574
15527,0.1653521931133014
15528,0.11317208289625955
15534,0.23383199557039086
15537,0.3265598033311981
15538,0.23565897748313025
15541,0.05363507437905293
15544,0.2547047930518108
15545,0.22295297750030596
15546,0.04327213161215414
15547,0.07082000527785057
15548,0.3190597600564269
15549,0.3424413615664744
15550,0.1518061581479186
15551,0.0834958694765472
15552,0.060596440512542205
15553,0.20194456899031155
15562,0.10836542532789792
15563,0.36943172322580925
15564,0.303223405497342
15567,0.2758714144284754
15568,0.22199616635425273
15569,0.06394151255071237
15573,0.05925916509187733
15574,0.11241492132005212
15579,0.24306107945948646
15581,0.05399293681556888
15582,0.2635684805583586
15586,0.2428915656737684
15589,0.20160177444585936
15591,0.1345496547618178
15594,0.14323252756359958
15596,0.21241298700165712
15598,0.2476492525929226
15600,0.1707691003102481
15603,0.2838310284111934
15617,0.052689564152047626
15619,0.24348298043727373
15625,0.11011330080730215
15633,0.06915123623178145
15636,0.284659762474704
15637,0.29159099282406564
15640,0.18699722006299258
15641,0.1608506603592323
15642,0.17566993220400867
15643,0.09885381846260552
15650,0.11855885430907864
15653,0.09094694210211093
15655,0.33796243065050113
15661,0.32302261566921414
15663,0.23560623986090679
15665,0.07128334295881333
15667,0.27513685469036375
15671,0.04986056741706363
15673,0.3728483677512826
15676,0.05068553450755829
15679,0.287492526182704
15684,0.38119597995464416
15685,0.04724252117097323
15690,0.14493896633982828
15695,0.12515105708700408
15699,0.3607111806938678
15701,0.08717620211313758
15705,0.3775947537513889
15709,0.055699375591797586
15717,0.2924197268875762
15718,0.39378143680095784
15724,0.30169024747984735
15725,0.19312608515995527
15728,0.21647755088587517
15729,0.20112713584584874
15731,0.1561381771162696
15732,0.17785477655326398
15733,0.22792161490835372
15739,0.3724226998004794
15742,0.05687090419976034
15743,0.06333502989514322
15744,0.13078644871887632
15745,0.06357234919514854
15748,0.07132477966198886
15751,0.35886159694303277
15752,0.2288143875131356
15760,0.06754650572698359
15761,0.06913240136670165
15764,0.264766377977433
15766,0.3555541946350222
15770,0.06454422823326555
15773,0.06333126292212726
15777,0.2864528416302997
15778,0.33456462099010753
15780,0.08542455966071738
15782,0.402162951761463
15783,0.30338915231004415
15785,0.22410190427017296
15787,0.26757277287432124
15788,0.35347105855719774
15793,0.37774919964504317
15795,0.17288613914521622
15798,0.35175708583493714
15801,0.34760211459833606
15809,0.17843865737073739
15810,0.15235990318126433
15814,0.19985013199343926
15833,0.387663872623043
15835,0.3131644472864536
15837,0.05016945920437213
15841,0.14415166897949316
15842,0.06154571771256346
15845,0.20261885716016786
15849,0.07517085911128135
15850,0.08215859405588233
15851,0.054516546064786967
15853,0.12194536305042433
15854,0.29919274437026766
15857,0.07424418374935585
15861,0.3847369345896441
15868,0.36868962954166556
15871,0.20466809048084872
15873,0.11563191627567973
15876,0.1805707640977693
15883,0.18562227491216815
15884,0.12190015937423283
15887,0.09873704229911082
15888,0.13285828387765292
15890,0.1979327427283169
15891,0.3068849032688526
15892,0.18137689632318416
15893,0.16199205318306742
15897,0.1474289355033761
15898,0.38688034223572393
15902,0.3387007573616288
15903,0.07540817841128666
15905,0.2673166187092362
15910,0.2501166199183747
15911,0.22282490041776337
15912,0.17566993220400867
15916,0.06522228337613788
15917,0.047310326685260466
15924,0.33375848876469266
15930,0.35480456700484664
15932,0.3281494659439321
15937,0.16918320467053005
15940,0.22086984142248145
15942,0.22376287669873673
15943,0.38245791591498984
15946,0.17400116315793956
15948,0.04975509217261682
15949,0.06528632191740916
15952,0.12029919584245097
15954,0.047946945124957265
15956,0.22531863655432716
15957,0.10037190858803632
15960,0.08220003075905785
15962,0.16099757230685463
15965,0.16321255244023758
15968,0.31066694417687385
15969,0.22870891226868884
15975,0.13004058806171678
15977,0.372803164075091
15982,0.27220614968394885
15988,0.2772990972015233
15990,0.06199022052844643
15991,0.05824961632360075
15992,0.07201413572390905
15993,0.3627943167716922
15997,0.2622801757869011
16003,0.12732836749022744
16009,0.26870286477910843
16014,0.305615433362475
16015,0.29517338416224104
16016,0.05447887633462739
16019,0.21236401635244967
16026,0.13574378520787625
16029,0.315428398069044
16030,0.2725979148776084
16031,0.047589082688441316
16032,0.2033609508443115
16037,0.07389762223188776
16045,0.3288990935741076
16049,0.2890106163081348
16051,0.1826199974184501
16055,0.3568613342715594
16061,0.32639405651849596
16064,0.2866675590922093
16065,0.05855097416487733
16076,0.39354788447396843
16078,0.3805555945419314
16085,0.2625287960059543
16087,0.07951417899868024
16088,0.34263724416330427
16091,0.19421474036156694
16092,0.23143620073224197
16093,0.23966326979909292
16095,0.2439199493071248
16101,0.14000046471590816
16102,0.30111390060840587
16110,0.30883619529111855
16111,0.22719082214325798
16113,0.3426937487585436
16118,0.31969261152310774
16121,0.05873555584265925
16123,0.36496032625586783
16127,0.2179203015509868
16129,0.04404812805344136
16130,0.18613458324233834
16133,0.136651625704722
16135,0.16120098884971634
16136,0.14612556283985484
16137,0.3473497274062669
16138,0.07008544553973887
16140,0.3454285711681287
16141,0.2747827592268637
16142,0.18617978691852982
16145,0.2864867443874433
16147,0.31833650123736307
16148,0.3610050045891125
16149,0.23737295020539084
16163,0.3724113988814315
16166,0.04404059410740945
16169,0.14441159011759425
16172,0.2504594144628268
16173,0.33973290796800104
16176,0.3024850787862144
16177,0.25747728519155544
16179,0.2781768019142413
16181,0.053186804590154006
16182,0.39577416552639927
16197,0.34302900935696384
16198,0.17687159659609908
16199,0.1375707671206156
16203,0.101550971142031
16204,0.09526012620538216
16218,0.09768228985464275
16219,0.35559186436518175
16226,0.2634969080710553
16227,0.1245747102155626
16228,0.23801710259111952
16229,0.3231469257787407
16230,0.24566405781351303
16235,0.1478960401573548
16237,0.062329248099882606
16240,0.11942525810274883
16242,0.2382920916212844
16246,0.3210298869437726
16247,0.2895417595033848
16248,0.1895060240916202
16254,0.4062237486726651
16256,0.17340221444840231
16258,0.14432871671124317
16260,0.04720485144081366
16266,0.23270567063861958
16270,0.23635586749108234
16271,0.22671618354324735
16272,0.2293832004385452
16274,0.16721307778318434
16275,0.2949737345923954
16276,0.05295325226316465
16277,0.18588596302328514
16278,0.04791304236781365
16279,0.2253035686622633
16280,0.33260956199482566
16284,0.16552170689901946
16286,0.1291026117807434
16288,0.3424074588093308
16293,0.13621465683487094
16299,0.3831849417070697
16300,0.2775627853126403
16307,0.1501072533177218
16314,0.2967630467749751
16315,0.1973488619108435
16319,0.2431175840547259
16320,0.32937373217411825
16321,0.21297803295405077
16325,0.042157107599430754
16329,0.04890375627101044
16333,0.061963851717334734
16335,0.300213594057592
16336,0.2985109222543793
16342,0.2583549899042735
16343,0.3790525723085644
16346,0.2878503886192199
16347,0.1746980531658917
16348,0.3274827117201077
16350,0.07104602365880802
16352,0.14865320173356228
16354,0.25844163028364053
16356,0.2575789934629863
16357,0.34955340662060197
16358,0.1476436529652857
16362,0.16136296868940248
16364,0.04980029584880831
16367,0.22617750640196543
16371,0.12823997496008915
16374,0.24223987934200775
16376,0.27078600085693294
16377,0.3473836301634106
16378,0.32836041643282576
16381,0.0962282382704832
16384,0.21798057311924218
16386,0.2213181112113804
16388,0.13256069300939227
16391,0.32874088070743746
16394,0.25915358818365647
16397,0.06924917753019633
16398,0.29108621843992727
16400,0.2505385208961619
16404,0.32691389879469807
16409,0.14913914125262076
16411,0.10388649441192459
16418,0.3862550247150749
16420,0.1786307729945512
16421,0.27234552768553927
16425,0.12520002773621153
16426,0.17336454471824275
16429,0.31185354067690046
16430,0.2744738674395552
16431,0.05002631422976575
16437,0.07398426261125479
16438,0.0441423023788403
16439,0.12466888454096153
16440,0.056452770194989066
16441,0.2724510029299861
16451,0.14352258448582828
16461,0.13676086792218478
16464,0.37439659366084105
16466,0.3746376799338623
16467,0.15216402058443457
16468,0.30179195575127826
16469,0.23101429975445475
16470,0.28730041055889016
16483,0.3392545023949745
16488,0.05639249862673375
16490,0.06711707080316445
16496,0.33653098090443734
16502,0.07197269902073353
16511,0.05061019504723915
16512,0.3015659373703208
16513,0.24034885888799717
16514,0.036393638885015935
16515,0.04609736137412219
16517,0.27477145830781585
16520,0.0514539970028136
16525,0.3063499931005867
16529,0.19905530068707222
16532,0.17969682635806716
16536,0.38852650944369727
16540,0.08051242684790894
16542,0.20478109967132746
16548,0.17123620496422687
16549,0.12314702744251474
16551,0.39568752514703226
16552,0.137096128520605
16557,0.23342516248466744
16558,0.1152100152978925
16559,0.2868973444461827
16561,0.23223479901162497
16562,0.21278591733023688
16564,0.12252170992186581
16566,0.1522581949098335
16572,0.2820869199048051
16573,0.2945518336146081
16574,0.34530426105860207
16575,0.06817559022064848
16579,0.3547141596524636
16582,0.11744383029635524
16584,0.3424413615664745
16586,0.15516253110513664
16588,0.24031872310386948
16595,0.270782233883917
16597,0.14664540511605698
16600,0.2458185037071673
16601,0.24587877527542262
16606,0.40368480885990976
16608,0.051502967652021045
16611,0.26362875212661385
16613,0.3340523126599374
16619,0.24938582715327895
16622,0.2610709774487788
16624,0.18574281804867876
16626,0.30421035242752287
16628,0.18791636147888618
16630,0.20400510323004023
16631,0.0911089219417971
16634,0.23997592855941735
16638,0.3218096503580758
16643,0.1107009485977915
16645,0.3642973390050593
16649,0.27696383660310303
16651,0.2716486376775871
16652,0.18286108369147136
16653,0.1011177692451959
16669,0.2583662908233214
16672,0.27992467739364557
16677,0.3053743470894537
16679,0.2193366834049868
16680,0.28395533852071997
16681,0.05114887218852105
16684,0.03952399346127653
16685,0.16166432653067914
16686,0.33907368769020857
16689,0.12344461831077537
16690,0.03904182091523399
16692,0.14726695566368994
16693,0.048628767240845555
16696,0.06237068480305813
16703,0.3698121875004209
16704,0.05275736966633486
16707,0.12978066692361573
16711,0.11380116738992445
16713,0.13177339564905716
16714,0.4056700036393194
16716,0.11122455784700958
16717,0.30973650184193235
16718,0.18978101312178514
16720,0.053774452380643364
16723,0.15277427021301965
16724,0.3673033834717933
16728,0.39236505494695784
16730,0.21237908424451352
16743,0.10899827679457877
16744,0.05491207823146249
16748,0.23824688794509297
16750,0.22255744533363037
16752,0.3091413201054111
16753,0.14713887858114738
16755,0.3378456544870065
16756,0.061749134255425164
16760,0.21535499292711985
16764,0.04936332697895725
16771,0.20484890518561466
16772,0.3516440766444584
16776,0.22519055947178462
16777,0.07444383331920158
16780,0.3215911659231503
16781,0.20363970684749233
16788,0.2124694915968965
16792,0.15428482639241856
16794,0.3462535382586233
16795,0.05513432963940398
16796,0.0607998570554039
16798,0.179711894250131
16801,0.27349445445540627
16802,0.12446170102508387
16803,0.28121298216510293
16815,0.2175586721414549
16816,0.10150576746583952
16818,0.31676567348970885
16819,0.35802532893349026
16824,0.17452100543414167
16829,0.18599897221376388
16833,0.2084802671729976
16834,0.18373125445815752
16846,0.22684049365277392
16847,0.27239826530776273
16848,0.18631163097408832
16852,0.17741780768341292
16853,0.26443865132504474
16857,0.20373388117289126
16858,0.3318184976614746
16861,0.20543655297610403
16862,0.3249663737454481
16867,0.14858539621927502
16869,0.1946178064742744
16870,0.21429270653661986
16872,0.22247833890029528
16877,0.10182972714521184
16883,0.13503182730786034
16890,0.09160616237990347
16893,0.1689496523435407
16894,0.07340791573981331
16897,0.13913029394922197
16901,0.13775534879839751
16902,0.09874457624514274
16906,0.04145268364544672
16910,0.061379970899861344
16911,0.39270784949140997
16921,0.1110475101152596
16926,0.29173413779867197
16928,0.3016789465607995
16932,0.3490034285602723
16933,0.184838744524849
16935,0.24796567832626304
16943,0.24839511325008218
16947,0.048557194753542365
16948,0.1975786472648169
16949,0.06600958073647298
16953,0.2789038277063211
16954,0.21150891347782735
16956,0.1978008986727584
16958,0.05403060654572846
16962,0.2150574020588592
16969,0.07520852884144094
16970,0.04538917044712219
16979,0.17559459274368955
16981,0.23047562261317284
16983,0.2762292768649914
16984,0.11603121541537122
16985,0.1430441789128017
16987,0.32387018459780453
16989,0.3941430662104897
16990,0.23232143939099198
16992,0.24178030863406097
16995,0.16637680977364183
16997,0.3997897587614098
17000,0.31296103074359194
17002,0.2534579249835289
17003,0.32860526967886294
17006,0.3736620339227294
17007,0.3187508682691184
17008,0.0435847903724786
17014,0.22193212781298144
17015,0.2658173634488851
17018,0.33300132718848524
17020,0.09283796255612153
17024,0.3923236182437823
17026,0.3702416224242401
17028,0.22491557044161975
17035,0.18283471488035968
17038,0.1909186389726042
17041,0.38407018036581964
17046,0.32556908942800133
17052,0.08181203253841424
17053,0.09470261419902046
17056,0.10347212738016925
17063,0.15765626724170043
17068,0.14429104698108358
17073,0.06920397385400484
17077,0.2403262570499014
17078,0.15680116436707814
17081,0.21755867214145497
17083,0.23211048890209834
17085,0.14327773123979104
17086,0.3193272151405599
17087,0.20403523901416787
17088,0.2025585855919126
17090,0.24384460984680562
17093,0.06430314196024428
17094,0.07932206337486641
17095,0.15246161145269516
17096,0.07988710932726002
17099,0.33462489255836286
17101,0.2894551191240177
17102,0.2856128066477412
17104,0.21315508068580075
17105,0.22783120755597075
17115,0.1619543834529078
17116,0.2584265623915767
17122,0.06163235809193049
17123,0.06536542835074426
17127,0.31038442120067705
17128,0.28305879894292213
17131,0.2893006732303635
17136,0.2692001052172148
17140,0.08417769159243549
17141,0.25806869995506077
17146,0.1050165863167118
17147,0.05736437766485075
17149,0.3455152115474957
17155,0.24386344471188542
17158,0.36532948961143163
17159,0.14975315785422183
17163,0.24812012421991725
17164,0.1326661682538391
17165,0.3059318590958154
17169,0.3687310662448411
17170,0.1409233731048177
17171,0.3287182788693417
17172,0.10341185581191395
17175,0.4017824874868513
17177,0.1464306876541474
17181,0.11155605147241385
17183,0.04042806698510631
17188,0.13607151186026456
17189,0.21405538723661455
17191,0.1385351122127007
17192,0.12246520532662646
17194,0.17430252099921617
17210,0.12416034318380728
17212,0.3366665919330118
17219,0.3896528343754685
17220,0.23402034422118873
17225,0.29811162311468786
17227,0.3006091262242676
17228,0.05688973906484013
17229,0.06335009778720706
17231,0.19588350940763605
17232,0.3125353627927887
17233,0.04107975331686694
17237,0.1469316950652697
17240,0.28300229434768276
17241,0.22888972697345478
17243,0.10521246891354159
17246,0.350706100363485
17247,0.10450804495955755
17251,0.3926287430580749
17253,0.1132135195994351
17254,0.04641002013444665
17256,0.052772437558398694
17257,0.18081185037079056
17262,0.12538084244097747
17267,0.08724024065440886
17268,0.20537628140784875
17269,0.17830304634216293
17270,0.2935422848463315
17275,0.32179834943902796
17276,0.35289847865877216
17277,0.3896641352945163
17279,0.12797251987595618
17283,0.07235316329534523
17287,0.21215306586355603
17288,0.06979538861751015
17294,0.16108044571320568
17295,0.05233170171553168
17298,0.20227982958873175
17300,0.04308378296135627
17302,0.309325901783193
17303,0.21361841836676349
17305,0.21471837448742304
17307,0.34511214543478824
17310,0.13821868647936025
17312,0.08865662250840883
17316,0.21159555385719436
17317,0.14651732803351442
17318,0.04761545149955302
17320,0.05139749240757424
17323,0.16157391917829617
17324,0.1345383538427699
17328,0.3711042592448943
17332,0.2602196415471724
17333,0.12443533221397218
17335,0.06052863499825496
17338,0.1691116321832269
17340,0.2965633972051293
17344,0.2656892863663426
17345,0.34920307813011797
17349,0.27948394155077855
17351,0.21206265851117306
17352,0.16313721297991846
17354,0.07643656204464305
17356,0.36963890674168687
17357,0.22070409460977936
17361,0.07197269902073353
17362,0.35147079588572433
17363,0.2490015959056513
17366,0.18989778928527978
17367,0.15544128710831748
17369,0.0893045418671535
17371,0.3419742569124958
17373,0.2685521858584702
17378,0.3387271261727405
17380,0.3183252003183152
17382,0.3206644905612247
17383,0.25438083337243844
17387,0.1559083917622962
17389,0.1743778604595353
17391,0.09939249560388741
17398,0.2497022528866194
17402,0.1926476795869287
17405,0.3802881394577984
17407,0.0559630637029146
17409,0.19695332974416796
17411,0.2710270871299542
17412,0.04570559618046262
17413,0.22512275395749737
17415,0.2559968647962842
17420,0.16890068169433325
17421,0.23203514944177916
17422,0.2568406667518586
17428,0.2886301520335231
17430,0.10031917096581293
17433,0.16720177686413645
17435,0.326834792361363
17438,0.11301387002958935
17440,0.052226226471084866
17442,0.19878784560293922
17444,0.22386081799715163
17448,0.24038276164514077
17449,0.3704827086972613
17462,0.29268718197170923
17464,0.2167374720239762
17466,0.07195009718263778
17468,0.33483207607424054
17469,0.24806361962467793
17472,0.10755175915645113
17473,0.18977724614876917
17475,0.25220352296921505
17479,0.05488947639336675
17481,0.12540344427907324
17482,0.22745827722739098
17485,0.05639626559974971
17486,0.39036102530246847
17488,0.25911968542651287
17489,0.06329736016498365
17490,0.11658496044871695
17491,0.08329621990670145
17492,0.20399380231099234
17494,0.09969762041817996
17497,0.3706672903750432
17500,0.2163042701271411
17506,0.2600388268424065
17507,0.28483681020645396
17508,0.3919845906723461
17510,0.11056910454223301
17512,0.37866457408792076
17513,0.315074302605544
17515,0.2997992270258367
17520,0.31705949738495354
17521,0.2256350622876676
17522,0.2861288819509274
17523,0.12836051809659976
17524,0.13569104758565287
17530,0.3847972061578994
17535,0.2399043560721142
17536,0.24413089979601837
17545,0.17080677004040767
17548,0.3246348801200439
17549,0.21998083579071553
17553,0.2502936676501247
17555,0.33095586084082035
17557,0.2349959902323217
17558,0.2010517963855296
17559,0.30165257774968784
17562,0.34018117775690004
17564,0.05541685261560078
17565,0.3677742550987879
17566,0.31803137642307056
17567,0.3184043067516504
17568,0.06192618198717516
17569,0.22651276700038564
17572,0.13047002298553595
17573,0.34224924594266065
17575,0.1914196463837266
17577,0.29991223621631546
17578,0.1800283199834714
17580,0.15641316614643452
17581,0.33768744162033626
17585,0.18889200749001916
17586,0.34682235118403293
17591,0.2546332205645076
17594,0.31779405712306524
17596,0.11743252937730739
17599,0.3826349636467398
17602,0.27753641650152855
17603,0.34164653026010744
17606,0.08394413926544614
17614,0.3312421507900331
17621,0.3195683014135811
17624,0.3466227016141872
17626,0.3746226120417985
17628,0.05641510046482949
17629,0.19965424939660947
17630,0.34956847451266587
17631,0.22427141805589101
17633,0.09714361271336083
17636,0.34088560171088406
17641,0.23906808806257168
17642,0.3894682526976866
17645,0.32428078465654386
17646,0.35849620056048487
17650,0.16785723016891307
17655,0.24915604179930556
17659,0.11285189018990319
17660,0.2008672147077477
17662,0.23817908243080566
17664,0.08782788844489821
17671,0.04276359025499989
17673,0.2575074209756831
17676,0.32024635655645345
17679,0.3431796882776021
17685,0.31982445557866623
17705,0.35121464172063926
17708,0.23209918798305046
17711,0.29649559169084216
17714,0.3498999681380701
17715,0.06264567383322303
17721,0.20180519098872107
17724,0.38776934786748973
17726,0.2539853012057629
17728,0.19597391676001907
17730,0.13005942292679656
17732,0.16694185572603543
17735,0.3901839775707185
17737,0.11439258215342975
17738,0.28191363914607104
17739,0.2883174932731986
17747,0.24933308953105554
17749,0.25357846812003954
17752,0.21029971513970502
17753,0.2924046589955124
17756,0.17458504397541297
17758,0.0935499204561375
17760,0.21774325381923681
17762,0.24724241950719922
17763,0.3814031634705218
17769,0.06878207287621763
17775,0.2824560832603689
17776,0.07004400883656334
17781,0.3332235785964267
17782,0.14043743358575916
17783,0.04555491725982432
17784,0.34776032746500635
17785,0.18853791202651915
17798,0.1155377419502808
17799,0.30031153535600696
17800,0.39458756902637265
17803,0.1553245109448228
17804,0.06700406161268573
17805,0.10795482526915856
17808,0.30828621723078875
17817,0.15399476947018986
17823,0.39650495829149496
17824,0.24417987044522582
17825,0.2265278348924495
17827,0.0618433085808241
17828,0.26644268096953405
17831,0.18451478484547668
17834,0.19071522242974254
17835,0.3898487169722983
17837,0.1482614365399027
17838,0.3347718045059852
17839,0.18230733865812565
17843,0.34556041522368713
17846,0.40247184354877147
17847,0.2511450035517311
17848,0.2981718946829432
17853,0.08674300021630246
17856,0.21579949574300283
17859,0.21950619719070485
17863,0.07966485791931854
17868,0.06134230116970177
17869,0.154774532884493
17870,0.3636870893764741
17875,0.0728956074096431
17876,0.23274710734179516
17877,0.2550965582454704
17879,0.3218699219263311
17884,0.23537268753391744
17885,0.08450541824482377
17886,0.05395150011239336
17890,0.28103593443335295
17897,0.09336533877835557
17900,0.09317322315454174
17902,0.22997838217506644
17903,0.22863357280836966
17908,0.2356928802402738
17914,0.30670408856408665
17915,0.2741612086792308
17916,0.059688600015696466
17920,0.24361105751981627
17921,0.3541641815921339
17924,0.25756392557092245
17925,0.10639153146753624
17926,0.09751654304194061
17928,0.36578906031937836
17930,0.12443533221397216
17932,0.10729560499136602
17933,0.26764057838860855
17939,0.3150403998484004
17941,0.3866995275309579
17943,0.3697406150131177
17947,0.07346818730806862
17948,0.19432774955204568
17950,0.20712038991423698
17956,0.25617767950105014
17959,0.18455245457563624
17970,0.34151091923153304
17973,0.18671093011377982
17974,0.3062445178561399
17975,0.15601386700674302
17976,0.27683199254754454
17980,0.10021369572136613
17986,0.32562559402324065
17987,0.07365276898585052
17990,0.3699515655020113
17994,0.19885565111722647
17999,0.18261623044543412
18002,0.07425171769538776
18003,0.04548334477252113
18005,0.3653068877733358
18007,0.37450960285131973
18013,0.15385539146859942
18015,0.04384847848359562
18016,0.15572004311149834
18018,0.1583757590877483
18019,0.22390602167334311
18026,0.22634325321466753
18030,0.2917492056907358
18032,0.3144075483817195
18035,0.2506326952215609
18039,0.256539308910582
18042,0.17180125091662046
18044,0.273607463645885
18045,0.11661886320586057
18046,0.29628464120194853
18052,0.1524088738304718
18054,0.07746117870498345
18055,0.30786054927998563
18059,0.11142044044383938
18066,0.12617567374734448
18072,0.33641420474094264
18073,0.04914484254403172
18077,0.2990533663686772
18081,0.051751587871074235
18083,0.15076647359551437
18084,0.27266948736491164
18085,0.15673335885279085
18086,0.13672696516504113
18087,0.2875038271017518
18092,0.2976633533257889
18093,0.1026735291007863
18095,0.06089026440778687
18097,0.15726073507502492
18100,0.2847011991778795
18101,0.12911014572677532
18103,0.3230188486961982
18104,0.29749007256705484
18105,0.15554676235276427
18109,0.11126976152320107
18110,0.3570120131921976
18113,0.3524389079508254
18117,0.08176682886222275
18119,0.1848688803089767
18126,0.35189269686351154
18127,0.04786783869162216
18128,0.054358333198116754
18129,0.2446695769373003
18130,0.12060432065674351
18137,0.40442313557103743
18142,0.24274465372614606
18144,0.052719699936175285
18145,0.12250287505678603
18146,0.2552246353280129
18149,0.3556596698794689
18152,0.05146906489487743
18153,0.36693798708924535
18154,0.23565521051011423
18155,0.21804084468749751
18156,0.3421550716172617
18161,0.31575989169444824
18163,0.08944768684175988
18165,0.07111006220007929
18166,0.24604828906114068
18168,0.24947623450566192
18172,0.04445872811218072
18174,0.3033966862560761
18176,0.07688859880655793
18177,0.08690121308297269
18179,0.3076382978720441
18181,0.3241112708708258
18182,0.046733979813818986
18183,0.26444241829806064
18187,0.18193440832954588
18188,0.38014876145620796
18189,0.29738083034959206
18194,0.2372373391768164
18196,0.2553866151676991
18197,0.24336243730076312
18198,0.09739976687844595
18199,0.3097402688149483
18201,0.29297347192092194
18205,0.1857277501566149
18206,0.22185678835266232
18207,0.28649427833347524
18210,0.13782692128570068
18212,0.16004076116080146
18214,0.13635780180947732
18215,0.14214010538897193
18216,0.24259774177852372
18220,0.09254790563389281
18221,0.38322261143722924
18222,0.051069765755185945
18223,0.36047762836687847
18227,0.22738670474008776
18228,0.35115060317936797
18229,0.0641411621205581
18232,0.350084549815852
18234,0.2775288825554966
18239,0.21408928999375815
18243,0.3176622130675067
18244,0.06715850750633998
18245,0.34142804582518194
18246,0.10028903518168528
18248,0.28858118138431565
18250,0.3849026814023462
18253,0.38236374158959097
18254,0.16428990672280142
18256,0.1732100988245885
18257,0.1860856125931309
18263,0.07149429344770694
18264,0.03795693268663826
18266,0.1909337068646681
18267,0.036540550832638276
18268,0.15437523374480155
18269,0.31152204705149616
18270,0.3154359320150759
18271,0.3905719757913621
18272,0.11771881932652013
18276,0.3070092133783792
18277,0.07245487156677607
18280,0.1841380875438809
18282,0.06638251106505276
18285,0.28273483926354975
18288,0.40088971488206937
18295,0.049382161844037036
18298,0.12045364173610519
18300,0.14984733217962076
18301,0.18129778988984907
18302,0.11443401885660527
18304,0.0690306930952708
18305,0.23654421614188015
18306,0.37734990050535167
18307,0.07436849385888243
18308,0.06394151255071237
18309,0.15097365711139202
18311,0.2838423293302413
18313,0.3132397867467727
18314,0.27456804176495414
18318,0.3282587081613949
18320,0.3743476230116336
18321,0.1677818907085939
18330,0.3053404443323101
18334,0.15066099835106755
18336,0.052000208090127426
18337,0.1209584161202435
18338,0.11144680925495107
18339,0.21215306586355603
18341,0.38312467013881435
18347,0.07631601890813242
18354,0.058317421837887976
18355,0.05704041798547842
18356,0.19966178334264134
18358,0.14951960552723248
18360,0.33242121334402785
18361,0.19262884472184888
18363,0.32500404347560763
18364,0.3804388183784367
18367,0.1754928844722587
18380,0.054143615736207185
18383,0.1631033102227748
18384,0.144697880066807
18385,0.32372703962319815
18387,0.4045248438424683
18390,0.24854202519770452
18391,0.345839171226868
18392,0.2064762375285083
18395,0.4027242307408406
18396,0.32916654865824063
18397,0.12723042619181255
18399,0.25009778505329494
18400,0.37320246321478256
18403,0.3434358424426872
18404,0.20214045158714133
18406,0.15005828266851437
18407,0.3821452571546654
18413,0.2114411079635401
18415,0.30052248584490054
18417,0.3362559918742724
18420,0.05493091309654227
18422,0.12390418901872219
18425,0.07862894033993026
18426,0.40537241277105873
18427,0.04125303407560098
18428,0.21798057311924218
18429,0.31057276985147486
18430,0.1206306894678552
18431,0.21199861996990182
18432,0.3398120144013362
18433,0.4051991320123246
18435,0.2109551684444816
18436,0.1033101475404831
18437,0.045679227369350914
18439,0.1298371715188551
18444,0.20594132736024234
18446,0.2613459664789437
18448,0.29364776009077836
18455,0.10154343719599908
18457,0.1669004190228599
18459,0.346370314422118
18463,0.36006702830813914
18464,0.15882402887664723
18467,0.18030707598665224
18469,0.31390277399758126
18471,0.06268711053639855
18475,0.1896680039313064
18476,0.05055369045199978
18477,0.14237365771596128
18483,0.27104968896804993
18488,0.3395294914251394
18489,0.08443761273053656
18490,0.16163042377353548
18492,0.3909072363897823
18493,0.21028464724764123
18494,0.30439493410530477
18498,0.09993870669120122
18502,0.2225386104685506
18503,0.05662981792673906
18504,0.30596952882597495
18506,0.15939660877507278
18507,0.2791336130602945
18508,0.18671093011377982
18512,0.21776208868431662
18515,0.054305595575893345
18517,0.3100491606022568
18518,0.2161535912065028
18520,0.23747089150380568
18521,0.1191088323694084
18522,0.24523838986270985
18523,0.17907904278345016
18524,0.0811641131796696
18530,0.15774290762106746
18531,0.2722890230902999
18532,0.05453161395685079
18533,0.2267312514353112
18534,0.34540220235701696
18540,0.18047658977237035
18542,0.19697593158226373
18543,0.18178749638192349
18544,0.261760333510699
18547,0.24349804832933758
18549,0.0548932433663827
18552,0.3162307633214429
18553,0.356190813074719
18555,0.262204836326582
18558,0.33387526492818737
18565,0.05802359794264329
18568,0.38923470037069724
18572,0.15047641667328565
18575,0.2746848179284488
18576,0.3071259895418739
18579,0.21496699470647623
18581,0.3280364567534534
18583,0.10027396728962143
18584,0.05252005036632955
18585,0.061327233277637935
18590,0.06127072868239857
18594,0.22624154494323673
18595,0.1621238972386259
18598,0.13072617715062101
18600,0.36293746174629865
18601,0.39835077506931416
18602,0.1283755859886636
18603,0.37791494645774526
18604,0.06171523149828155
18610,0.20785118267933272
18611,0.26625433231873613
18615,0.28834762905732625
18617,0.1501976606701048
18619,0.32824364026933106
18623,0.05543192050766461
18630,0.14360545789217938
18631,0.34229821659186804
18632,0.059903317477606036
18633,0.19640711865685417
18638,0.26630330296794363
18639,0.12521886260129128
18640,0.18160291470414158
18641,0.06367029049356343
18645,0.31637014132303337
18648,0.10056402421185016
18649,0.19673861228225842
18651,0.11126222757716915
18653,0.09401325813710025
18656,0.32004670698660775
18657,0.14828780535101438
18658,0.23228376966083236
18659,0.19077549399799787
18661,0.22979003352426858
18663,0.38899361409767597
18668,0.29474771621143786
18669,0.1438653790302804
18671,0.18181009822001926
18672,0.0938851810545577
18673,0.2822526667175072
18679,0.2242638841098591
18689,0.2341107515735717
18690,0.2746998858205127
18692,0.24806361962467793
18694,0.24803725081356626
18695,0.3560891048032881
18698,0.26218976843451813
18699,0.2433360684896514
18704,0.27392388937922546
18706,0.3977518263597769
18709,0.3031028623608314
18712,0.33795866367748517
18713,0.35411144396991046
18717,0.31206825813881
18719,0.40661928083934057
18724,0.15622481749563663
18725,0.08175929491619084
18728,0.30211214845763457
18729,0.17704487735483315
18732,0.06174160030939324
18733,0.20175998731252964
18734,0.07816560265896749
18735,0.3203631327199482
18736,0.31100597174831
18739,0.1454588086160304
18740,0.2984167479289804
18742,0.29433334917968257
18743,0.38193430666577177
18749,0.05299468896634017
18750,0.31352607669598553
18751,0.13171312408080182
18755,0.15366704281780155
18756,0.06110121489668049
18759,0.3033326477148048
18760,0.08526634679404718
18762,0.3059921306640707
18765,0.27876821667774665
18766,0.17629901669767356
18769,0.14385031113821659
18772,0.2044420720998913
18773,0.06834887097938253
18774,0.21375026242232198
18778,0.2462366377119386
18780,0.08336025844797273
18782,0.22224478657330593
18784,0.24127553424992265
18785,0.30503908649103356
18786,0.26056243609162455
18801,0.0966162364911268
18804,0.19302437688852442
18807,0.2941751363130124
18810,0.3733230063512932
18811,0.11283682229783935
18815,0.1491278403335729
18816,0.3168485468960599
18818,0.3102262083340068
18819,0.34853255693327756
18820,0.30431959464498565
18821,0.3877015423532026
18822,0.35522646798263385
18825,0.2683412353695766
18827,0.37262988331635705
18831,0.19685915541876903
18832,0.2860121057874327
18834,0.3721100410401549
18836,0.12321859992981793
18837,0.15828158476234938
18840,0.08248632070827061
18842,0.10105749767694058
18847,0.17627264788656188
18849,0.18449594998039687
18852,0.16274921475927484
18854,0.3027412329512995
18855,0.15679739739406218
18857,0.1665463235593599
18859,0.3371412305330224
18860,0.3210750906199641
18861,0.29773869278610804
18862,0.06080739100143581
18864,0.2050937584316519
18868,0.1450067718541155
18870,0.24640615149765666
18871,0.06754273875396763
18874,0.22341254820825274
18880,0.3592495951636764
18882,0.23211802284813027
18884,0.1695146982959343
18889,0.3406859521410383
18892,0.34146194858232554
18894,0.38390443355311754
18895,0.2899523595621242
18897,0.3568123636223519
18898,0.0467415137598509
18900,0.3626172690399423
18902,0.2893383429605231
18907,0.30117793914967717
18909,0.33380369244088415
18910,0.4003472707677716
18914,0.25255761843271507
18917,0.16660282815459926
18918,0.13574378520787628
18921,0.3877693478674898
18924,0.25738687783917247
18925,0.12798758776802
18927,0.27780387158566155
18928,0.05712705836484544
18929,0.12591575260924343
18930,0.21188561077942308
18932,0.26002752592335865
18935,0.04272215355182436
18938,0.07852346509548344
18940,0.12057041789959988
18941,0.2575902943820342
18942,0.3102864799022621
18944,0.06431067590627619
18946,0.29769348910991655
18949,0.18081938431682243
18954,0.05795955940137203
18956,0.316931420302411
18957,0.07622937852876538
18959,0.3386404857933734
18960,0.10008561863882358
18962,0.26999493652358186
18963,0.34837811103962335
18964,0.39515638195178227
18965,0.2577673421137841
18967,0.1358379595332752
18969,0.2528250735168481
18971,0.3678797303432348
18973,0.2684015069378319
18977,0.16556314360219498
18978,0.31451302362616634
18981,0.27757785320470413
18982,0.08340546212416422
18983,0.25553352711532146
18984,0.1616492586386153
18985,0.2067060228824817
18986,0.31785809566433654
18987,0.16032705111001422
18988,0.12606643152988173
18991,0.08956822997827052
18992,0.1785441326151842
18993,0.22711548268293885
18994,0.3926739467342663
18995,0.1644518865624876
18997,0.21217190072863584
18999,0.1771917893024555
19002,0.11761334408207334
19004,0.16266257437990783
19005,0.11431347572009465
19007,0.10722026553104687
19010,0.22889349394647074
19012,0.1844582802502373
19014,0.15884286374172701
19016,0.25832108714712987
19017,0.3519793372428786
19018,0.21440948270011456
19019,0.2238043134019123
19022,0.3648774528495167
19023,0.3958419710406865
19024,0.3807590110847931
19028,0.22662577619086438
19029,0.0490582021646647
19030,0.06808894984128146
19031,0.3442457416411181
19034,0.25244084226922037
19035,0.041343441427983955
19036,0.33056409564716077
19037,0.2036962114427317
19038,0.3251019847740226
19040,0.051781723655201894
19042,0.3815199396340165
19043,0.1573511424274079
19044,0.11421553442167975
19047,0.3707426298353623
19048,0.3430892809252191
19049,0.24319292351504496
19051,0.28975647696529433
19053,0.17590725150401404
19054,0.38568244481664943
19056,0.14327396426677508
19057,0.30483190297515583
19058,0.21530225530489644
19059,0.13828272502063155
19060,0.20879292593332205
19062,0.30934850362128874
19064,0.2832810503508636
19071,0.3856899787626813
19078,0.13148333872682844
19079,0.2373126786371355
19080,0.12850366307120614
19081,0.07136244939214843
19085,0.2818835033619434
19088,0.26890251434895424
19089,0.30945397886573556
19090,0.2791863506825179
19091,0.391728436507261
19092,0.12622464439655193
19094,0.2340655478973802
19099,0.3341088172551767
19100,0.24041666440228443
19101,0.07099705300960057
19103,0.21501973232869964
19104,0.2991211718829644
19106,0.22050821201294957
19107,0.381568910283224
19108,0.2990797351797889
19109,0.03874799701998931
19111,0.14742516853036014
19112,0.30068823265760275
19113,0.1587034857401366
19114,0.2497399226167789
19116,0.3286542403280704
19117,0.3190710609754748
19121,0.23570418115932168
19125,0.3756811314592825
19127,0.3611104798335593
19128,0.21315131371278478
19136,0.18138819724223204
19137,0.15160650857807287
19142,0.3046096515672143
19143,0.15656761204008876
19144,0.18735884947252446
19146,0.2568745695090023
19147,0.1428219275048602
19152,0.09135000821481837
19154,0.05160844289646786
19157,0.23530111504661422
19160,0.2782747432126562
19161,0.0683677058444623
19162,0.3787964181434793
19165,0.0631429142713294
19167,0.042661881983569044
19168,0.28946265307004965
19171,0.07267712297471757
19172,0.046617203650324304
19173,0.2804407526968318
19174,0.2533750515771778
19176,0.1750483816563757
19177,0.23178652922272597
19178,0.04538917044712219
19179,0.3712662390845804
19180,0.3654462657749263
19182,0.29736576245752827
19184,0.27953667917300196
19185,0.046700077056675365
19187,0.08535298717341419
19189,0.3754099094021336
19191,0.11045609535175427
19193,0.18302306353115755
19194,0.3280665925375811
19197,0.35895953824144766
19198,0.21113221617623162
19200,0.34049760349024044
19202,0.05786915204898904
19204,0.09746003844670127
19205,0.2445904705039652
19206,0.15417181720193984
19212,0.050451982180568934
19213,0.20253598375381682
19214,0.4052481026615321
19222,0.2696973456553212
19223,0.29013317426689006
19225,0.37516882312911226
19228,0.30129471531317187
19230,0.40504845309168636
19236,0.2574697512455235
19240,0.2657570918806298
19241,0.2820341822825817
19242,0.24813142513896513
19243,0.4017485847297077
19244,0.17198583259440237
19248,0.18280081212321603
19249,0.3226157825834907
19250,0.21825932912242302
19251,0.30114780336554947
19254,0.28337145770324657
19255,0.2300989253115771
19258,0.2941336996098369
19259,0.2667666406489064
19260,0.3885830140389366
19261,0.13254562511732843
19262,0.07110252825404736
19264,0.16911539915624285
19265,0.3533015447714796
19266,0.2937984390114166
19270,0.17595998912623745
19271,0.18760370271856175
19274,0.27042060447438504
19275,0.2568896374010661
19276,0.09852985878323317
19278,0.05047081704564872
19280,0.13715263311584436
19282,0.26539169549808195
19287,0.3342067585535916
19288,0.1707464984721524
19290,0.3013323850433314
19293,0.3198357564977141
19295,0.3699854682591549
19298,0.3665725907066976
19299,0.3634460031034529
19300,0.05953038714902626
19301,0.1422493476064347
19304,0.2579217880074384
19305,0.30977793854510793
19306,0.12385521836951473
19309,0.33215375825989485
19310,0.14295753853343468
19311,0.37272782461477194
19313,0.3591667217573253
19317,0.2807873142142998
19320,0.32956584779793213
19322,0.04321562701691478
19324,0.3324325142630757
19325,0.2609994049614756
19326,0.11332276181689786
19328,0.250625161275529
19330,0.2757471043189488
19331,0.4068603671123619
19332,0.23816401453874186
19334,0.23294675691164085
19337,0.1931034833218595
19338,0.17125503982930662
19340,0.11653975677252545
19341,0.1793464978675831
19342,0.25568797300897567
19343,0.33348349973452773
19347,0.4015489351598619
19348,0.3391565610965596
19349,0.3695937030654954
19354,0.28023356918095405
19356,0.24120772873563545
19357,0.1858369923740777
19358,0.3679362349384741
19361,0.13538968974437626
19362,0.2466698396087737
19365,0.2125749668413433
19366,0.1535917033574824
19367,0.3269817043089854
19369,0.18675236681695534
19372,0.21705013078430063
19376,0.04971742244245724
19377,0.25833238806617775
19382,0.07707318048433984
19383,0.3852530098928303
19384,0.33225923350434167
19385,0.21338109906675817
19386,0.33938634645053306
19388,0.2667854755139861
19392,0.2549797820819757
19393,0.3235725937295439
19394,0.18009612549775866
19395,0.37041867015599006
19396,0.27286913693475734
19397,0.1109759376279564
19399,0.31145800851022487
19400,0.3422906826458362
19402,0.23517680493708765
19403,0.3085725071800015
19404,0.12539591033304132
19405,0.18711022925347132
19406,0.18830059272651384
19408,0.12220528418852539
19412,0.33004425337095866
19414,0.2548328701343534
19419,0.37524416258943144
19421,0.3290535394677619
19424,0.13700572116822202
19429,0.4047809980075534
19431,0.26183190599800216
19432,0.2550136848391193
19434,0.05612881051561673
19435,0.21084969320003483
19436,0.22033869822723146
19438,0.19171347027897123
19439,0.3825445562943569
19441,0.06667633496029743
19442,0.06906836282543038
19443,0.24223987934200775
19447,0.10886643273902026
19448,0.18434903803277453
19449,0.15250304815587074
19450,0.29758424689245383
19452,0.23310496977831108
19455,0.3890086819897398
19458,0.20410681150147109
19459,0.34973045435235206
19460,0.2100736967587476
19461,0.0509416886726434
19462,0.1482727374589506
19463,0.23418609103389088
19468,0.29702296791307614
19469,0.04220231127562224
19470,0.4052368017424842
19471,0.3686067561353145
19472,0.220734230393907
19474,0.25213195048191195
19475,0.1638341029878706
19477,0.24712941031672048
19478,0.24862866557707153
19479,0.3903685592485004
19482,0.28126195281431043
19484,0.3925684714898195
19487,0.16613195652760454
19492,0.19396235316949778
19495,0.1781975710977161
19502,0.22031232941611978
19505,0.11978688751228075
19506,0.1631673487640461
19507,0.13657628624440285
19510,0.11760581013604142
19511,0.40519159806629274
19512,0.060894031380802835
19515,0.23992319093719394
19520,0.32914394682014486
19521,0.27242086714585845
19526,0.3053027746021505
19527,0.23432170206246533
19531,0.39410162950731414
19532,0.14751934285575907
19534,0.2669625232457362
19538,0.31612905505001204
19539,0.060246112022058165
19542,0.10391286322303629
19543,0.13763480566188688
19545,0.2821735602841721
19546,0.2991211718829644
19548,0.35632265713027744
19550,0.3440799948284159
19552,0.1561645459273813
19553,0.034630695513547874
19554,0.15213388480030687
19555,0.17048281036103535
19556,0.30869681728952814
19557,0.2528552093009757
19561,0.28078354724128385
19563,0.24564522294843322
19570,0.15305679318921644
19572,0.23427273141325794
19574,0.38244661499594196
19578,0.1753083027944768
19579,0.3126069352800919
19582,0.35064206182221375
19586,0.062408354533217705
19587,0.09972398922929165
19589,0.12653353618386043
19590,0.05370664686635612
19592,0.2219208268939336
19594,0.08774501503854715
19596,0.37737626931646334
19599,0.15048395061931752
19600,0.12122210423136053
19603,0.10987974848031279
19604,0.1973789976949712
19605,0.3491541074809105
19607,0.12386275231554665
19616,0.058490702596622014
19618,0.06362885379038791
19619,0.061120049761760276
19620,0.19722078482830097
19623,0.17126257377533854
19624,0.3468713218332404
19625,0.2800979581523796
19626,0.35833798769381464
19628,0.25068543284378425
19629,0.34208349912995856
19631,0.1329147884728923
19633,0.21409305696677416
19634,0.2191897714573645
19635,0.392082531970761
19636,0.2764025576237254
19637,0.18043138609617887
19639,0.33749909296953834
19643,0.2595076836471565
19644,0.31727798181987904
19645,0.3578784169858679
19647,0.3244276966041662
19649,0.290408163297055
19650,0.23657058495299188
19652,0.3080074612276079
19653,0.34319098919665
19656,0.1821076890882799
19660,0.30628218758629944
19663,0.26531635603776277
19664,0.34108148430771384
19666,0.30047728216870906
19668,0.16690418599587586
19671,0.12542604611716895
19672,0.2278613433400984
19674,0.3670283944416284
19675,0.23173002462748665
19676,0.3035888018798899
19678,0.3122603737626238
19679,0.2613459664789437
19680,0.35283067314448496
19681,0.30651573991328884
19682,0.19530716253619462
19683,0.21853808512560385
19684,0.13370208583322737
19686,0.1852907812867639
19687,0.3357436835441022
19691,0.19949603652993925
19692,0.179711894250131
19698,0.3673636550400486
19699,0.24191215268961946
19700,0.22764285890517288
19702,0.17786607747231187
19706,0.27351705629350204
19707,0.4039409630249949
19708,0.1629488643291206
19709,0.3243297553057513
19710,0.14580913710651444
19711,0.24336620427377903
19713,0.09491733166093003
19714,0.17161666923883856
19716,0.33767237372827236
19718,0.12237103100122752
19719,0.3294603725534853
19720,0.11701439537253609
19724,0.06278505183481345
19726,0.38675979909921326
19727,0.25145389533903956
19728,0.051578307112340196
19729,0.24462060628809285
19731,0.38058196335304306
19733,0.291466682714539
19735,0.15445057320512068
19736,0.2821095217429008
19743,0.23166975305923138
19744,0.1962338378981201
19746,0.1302251697394987
19748,0.26419756505202346
19750,0.27135104680932653
19751,0.3704563398861496
19753,0.17070506176897687
19754,0.23928657249749719
19758,0.12078890233452541
19760,0.3343310686631182
19766,0.06141387365700496
19769,0.047012735816999836
19770,0.28687474260808693
19775,0.27941990300950725
19778,0.12729823170609977
19779,0.04767195609479238
19781,0.17621237631830655
19782,0.4035378969122874
19783,0.18548289691057773
19784,0.04581860537094134
19785,0.38852650944369727
19788,0.3805668954609792
19790,0.16728841724350352
19791,0.0707559667365793
19792,0.043498149993111586
19793,0.1818590688692267
19795,0.12457847718857855
19797,0.38810084149289403
19802,0.0818157995114302
19803,0.3384521371425756
19805,0.3022025558100176
19806,0.2992379480464591
19810,0.3285336971915598
19813,0.06426170525706874
19818,0.1381358130730092
19819,0.30676436013234193
19820,0.3286429394090225
19824,0.3598184080890859
19828,0.10500528539766393
19830,0.22158179932249739
19831,0.38312090316579833
19832,0.05368404502826038
19833,0.34068218516802234
19834,0.2902047467541933
19835,0.15775044156709936
19836,0.1533204813003335
19838,0.24347544649124175
19839,0.2833789916492785
19841,0.2790846424110871
19843,0.12084163995674882
19844,0.19160046108849255
19845,0.2611538508551299
19847,0.36815095240038365
19848,0.3344064081234373
19851,0.36737872293211243
19853,0.2952185878384325
19855,0.23633703262600259
19857,0.3149236236849057
19858,0.21301946965722623
19861,0.06702289647776552
19867,0.30174298510207076
19868,0.27167500648869886
19871,0.14234728890484957
19875,0.29040062935102307
19878,0.20780597900314124
19879,0.07003270791751548
19881,0.3007259023877623
19882,0.17367343650555128
19883,0.18960773236305106
19884,0.3800131504276335
19887,0.4042611557313513
19889,0.25226756151048635
19890,0.2524031725390608
19893,0.3678420606130752
19894,0.38660158623254304
19896,0.18449594998039687
19898,0.40345502350593637
19900,0.38866588744528763
19901,0.2867918692017359
19904,0.3061804793148686
19906,0.4045323777885002
19914,0.05366897713619655
19916,0.07212337794137183
19920,0.3798624715069952
19921,0.05584628753941992
19922,0.14386914600329637
19924,0.394120464372394
19925,0.27175034594901804
19926,0.3223144247422141
19935,0.051099901539313604
19937,0.12034816649165839
19938,0.1555015586765728
19941,0.2481201242199173
19943,0.13453081989673799
19946,0.2756981336697414
19949,0.0738222827715686
19953,0.2756114932903743
19955,0.23268306880052386
19957,0.3387760968219479
19958,0.27036033290612976
19959,0.33306536572975654
19960,0.2632934915281937
19963,0.17937663365171075
19964,0.4011571699662024
19965,0.34571486111734145
19966,0.2796798241476083
19967,0.15473686315433344
19968,0.3344478448266129
19969,0.046176467807457294
19970,0.060366655158568795
19972,0.10758566191359474
19973,0.16335946438785992
19974,0.10291084840079162
19975,0.2514614292850715
19977,0.39192055213107485
19983,0.05146906489487743
19984,0.09255543957992474
19986,0.37738380326249527
19987,0.29490969605112405
19988,0.24153545538802373
19989,0.12489866989493494
19993,0.11192521482797767
19995,0.15788228562265788
19996,0.32278906334222474
20001,0.2843998413366029
20003,0.1465625317097059
20004,0.33204828301544803
20011,0.3914911172072557
20016,0.3662486310273252
20019,0.2897037393430709
20020,0.10819591154217983
20024,0.2576580998963214
20025,0.3907753923342238
20027,0.2773141650935871
20030,0.3401924786759479
20031,0.04321562701691478
20032,0.17081807095945556
20034,0.29592677876543255
20035,0.21530225530489644
20037,0.09234072211801517
20039,0.19157409227738081
20040,0.24561132019128967
20041,0.21727991613827408
20042,0.27417627657129456
20043,0.32834534854076186
20045,0.14397838822075912
20047,0.3148859539547461
20048,0.3758242764338889
20049,0.23062253456079518
20051,0.3952279544390854
20053,0.2706805256124861
20055,0.3050579213561133
20057,0.3861005788214207
20058,0.27572450248085306
20061,0.27250750752522546
20065,0.286516880171571
20066,0.16257593400054077
20067,0.26545573403935324
20068,0.04614633202332963
20070,0.34743636778563397
20072,0.20683033299200826
20073,0.3266313758185013
20075,0.3506495957682456
20077,0.371661771251256
20078,0.19292643559010952
20079,0.27652310076023606
20083,0.1282701107442168
20084,0.0995620093896055
20085,0.20667212012533803
20086,0.07540441143827072
20088,0.1498171963954931
20089,0.30312169722591115
20090,0.05900301092679222
20091,0.39444819102478224
20094,0.3453569986808255
20096,0.16278311751641844
20098,0.12000160497419032
20100,0.1785139968310565
20102,0.3600218246319476
20103,0.30093308590363993
20104,0.2816989216841615
20106,0.1533694519495409
20108,0.40701857997903207
20110,0.27349068748239036
20117,0.3477264247078627
20118,0.4027129298217928
20119,0.22937189951949732
20120,0.3919883576453621
20126,0.11514220978360527
20127,0.15359547033049836
20133,0.12273266041075943
20138,0.15779564524329084
20141,0.2173853913827209
20145,0.3487359734761393
20146,0.07423288283030796
20148,0.28265573283021467
20150,0.27075586507280525
20151,0.2814578354111402
20152,0.2639790806170979
20156,0.17342858325951405
20158,0.29216733969550707
20160,0.2818269987667041
20161,0.07877961926056855
20162,0.23408438276246002
20164,0.35806676563666573
20167,0.10787571883582346
20169,0.3036415395021133
20170,0.2972301514289538
20171,0.2448767604531779
20172,0.06309017664910599
20174,0.12196796488852008
20175,0.26032511679161924
20178,0.20178635612364132
20181,0.2221393113288591
20184,0.046112429266186014
20187,0.3939509505866759
20189,0.21177636856196036
20190,0.2822828025016349
20191,0.2029804865696998
20192,0.2989667259893102
20193,0.2967442119098953
20197,0.3821678589927611
20198,0.16309577627674293
20199,0.17569253404210444
20201,0.2287352810798005
20202,0.11242998921211596
20203,0.2615870527519649
20204,0.24704276993735347
20205,0.30768726852125156
20208,0.06711330383014849
20210,0.21987159357325275
20211,0.21643611418269965
20212,0.20885696447459334
20213,0.2734831535363584
20214,0.3456583565221021
20217,0.1701324818705513
20218,0.22404539967493353
20220,0.26364758699169366
20221,0.14942543120183355
20225,0.24595411473574175
20226,0.3094351440006558
20229,0.19714921234099775
20234,0.3526799942238467
20238,0.213836902801689
20241,0.0758037105779622
20242,0.26498109543934256
20243,0.34041096311087343
20245,0.2719725973569595
20248,0.32473658839147473
20250,0.34038082732674574
20251,0.37561709291801126
20252,0.2424583637769333
20255,0.07282026794932395
20256,0.20511636026974767
20259,0.06758794243015913
20260,0.07010051343180271
20261,0.18349016818513625
20262,0.1662524996641152
20263,0.1392621380047805
20265,0.045012473145526456
20266,0.38864328560719197
20269,0.04853835988846258
20270,0.2844412780397784
20274,0.11782429457096694
20276,0.3651938785828572
20277,0.3882515204135324
20278,0.16526178576091843
20282,0.17669831583736506
20285,0.22095271482883255
20286,0.3404335649489692
20287,0.0806668727415632
20288,0.3848424098340909
20291,0.3762085076815166
20292,0.09114282469894072
20293,0.32196409625173006
20296,0.29322962608600706
20300,0.22643742754006652
20302,0.2044609069649711
20303,0.2642955063504383
20305,0.34326632865696916
20306,0.30039817573537403
20309,0.15201334166379626
20314,0.38329795089754837
20315,0.1642823727767695
20316,0.23126291997350795
20317,0.16876883763877476
20318,0.3172026423595599
20319,0.1301196944950519
20320,0.34490119494589466
20323,0.27185205422044884
20324,0.06952793353337719
20325,0.07190112653343034
20326,0.06153818376653154
20327,0.17935403181361503
20330,0.17087457555469493
20331,0.24941219596439068
20342,0.3150630016864961
20343,0.15939284180205682
20345,0.33816961416637875
20347,0.0786251733669143
20348,0.19101281329800318
20352,0.10936367317712664
20354,0.05828351908074436
20355,0.23660448771013554
20356,0.389607630699277
20357,0.26787789768861386
20359,0.1599239849973068
20361,0.3201295803929588
20363,0.06239328664115387
20365,0.31098336991021425
20367,0.39841858058360136
20370,0.06607361927774426
20372,0.10709595542152028
20373,0.2569725108074171
20375,0.4014622947804949
20376,0.20082201103155622
20379,0.08165005269872808
20380,0.23666099230537485
20383,0.16847878071654604
20384,0.342124935833134
20385,0.11843831117256799
20386,0.18401377743435432
20387,0.34761341551738395
20389,0.19516025058857228
20391,0.3376497718901767
20392,0.09191505416721199
20395,0.2449068962373056
20396,0.3729199402385857
20398,0.39648989039943117
20401,0.24002866618164082
20403,0.2676481123346404
20404,0.21567518563347626
20406,0.37957618155778244
20407,0.29139887720025176
20409,0.2910598496288156
20411,0.1944671275536361
20412,0.3031518330100389
20418,0.26374552829010856
20419,0.23153414203065686
20420,0.05925916509187732
20423,0.23415972222277914
20430,0.34667920620942655
20432,0.14926721833516332
20433,0.4048940071980321
20434,0.3839910739324845
20437,0.2048451382125987
20438,0.3213839824072726
20439,0.2144245505921784
20440,0.13261719760463161
20442,0.1508342791098016
20444,0.3871138945627132
20446,0.1721779482182162
20449,0.34180097615376176
20452,0.15469919342417388
20454,0.23180536408780578
20455,0.2709705825347148
20456,0.15582551835594513
20458,0.3113412323467302
20462,0.2725225754172893
20464,0.2839440376016721
20465,0.16936401937529605
20467,0.2670792994092308
20468,0.04721991933287749
20472,0.3563000552921817
20473,0.06753143783491977
20475,0.15417181720193984
20477,0.31513457417379936
20482,0.12367817063776473
20483,0.39264381095013867
20486,0.3809812624927345
20487,0.34585047214591597
20490,0.24175017284993333
20491,0.19287746494090208
20494,0.08311917217495146
20495,0.2621219629202309
20496,0.17543261290400336
20497,0.13869332507937093
20498,0.36858792127023476
20499,0.21264277235563056
20507,0.10815070786598836
20508,0.24769445626911407
20509,0.0966426053022385
20510,0.1857277501566149
20511,0.2413056700340503
20512,0.06545583570312724
20513,0.34026028419023513
20517,0.28481420836835825
20518,0.3938643102073089
20522,0.3260474950010279
20525,0.2755173189649754
20526,0.16254579821641313
20531,0.3723172245560326
20534,0.32400202865336303
20536,0.19984636502042324
20540,0.1724491702753651
20544,0.2962582723908368
20546,0.32209970728030457
20548,0.049947207796430644
20549,0.2276654607432686
20550,0.06930191515241974
20551,0.13063576979823804
20552,0.22493817227971546
20553,0.14814466037640803
20555,0.3744568652290964
20559,0.34160132658391595
20560,0.2236875372384176
20561,0.3851550685944154
20562,0.22891986275758242
20563,0.22566143109877929
20565,0.30668525369900684
20567,0.2316283163560558
20568,0.3533505154206871
20569,0.23067150521000263
20572,0.22697233770833247
20580,0.3208302373739269
20582,0.27456804176495414
20584,0.39374000009778226
20585,0.28351460267785294
20588,0.039294208107303136
20591,0.2903554256748316
20596,0.2481238911929332
20597,0.0480674882614679
20600,0.26078092052655005
20602,0.37198196395761235
20606,0.06210699669194111
20609,0.25487807381054484
20610,0.3150064970912568
20611,0.236559284033944
20613,0.20351539673796576
20616,0.3745472725814793
20619,0.05312653302189868
20622,0.27128700826805524
20627,0.18033344479776398
20630,0.13949192335875388
20631,0.05488570942035079
20637,0.1251058534108126
20641,0.3922897154866387
20643,0.39341604041840994
20645,0.2991739095051878
20647,0.1173157532138127
20650,0.2953918685971666
20651,0.1555467623527643
20653,0.3450066701903415
20654,0.3056757049307303
20655,0.05381965605683485
20656,0.3122001021943685
20657,0.19314492002503503
20659,0.05108860062026573
20661,0.0885624481830099
20662,0.07138128425722823
20663,0.19802315008069987
20666,0.25692730713122564
20667,0.10796235921519048
20668,0.24729892410243853
20669,0.3819606754768835
20673,0.07780774022245154
20675,0.3026809613830442
20676,0.35715515816680404
20677,0.22052704687802932
20681,0.13763480566188688
20684,0.16189787885766843
20686,0.26172643075355534
20687,0.2697689181426244
20689,0.21671110321286452
20690,0.27470741976654456
20691,0.23886467151970997
20692,0.1719632307563066
20694,0.1395597288730411
20695,0.30413877994021965
20696,0.08627589556232376
20698,0.24456786866586944
20700,0.3515687371841392
20703,0.2365253812768004
20704,0.40651757256790977
20705,0.22427518502890698
20706,0.10511076064211074
20707,0.2731930966141297
20710,0.39231985127076635
20711,0.13053782849982315
20712,0.0912596008624354
20713,0.24172003706580564
20714,0.3141739960547302
20715,0.21482384973186985
20716,0.3412585320394639
20722,0.19664443795685949
20724,0.3568311984874317
20726,0.3848009731309154
20728,0.34746273659674565
20729,0.3871138945627132
20730,0.2990232305845495
20734,0.21724978035414644
20735,0.046971299113824305
20736,0.17737260400722143
20737,0.10324234202619588
20738,0.3038035193417995
20742,0.38174972498798987
20743,0.06020090834586667
20744,0.14525162510015271
20745,0.2066608192062902
20746,0.2801092590714275
20751,0.10017602599120655
20754,0.1968365535806733
20756,0.3825558572134048
20758,0.15575017889562598
20759,0.13142683413158912
20760,0.30789821901014514
20761,0.36531065474635177
20762,0.15307939502731222
20763,0.09777269720702574
20764,0.1614646769608334
20767,0.38853027641671317
20769,0.093150621316446
20770,0.2676443453616245
20773,0.18834956337572129
20775,0.39844118242169707
20776,0.11590690530584465
20777,0.380860719356224
20778,0.07072583095245163
20782,0.1615023466909929
20783,0.15745285069883874
20784,0.13157374607921143
20786,0.10559293318815328
20787,0.201017893628386
20788,0.16135166777035465
20789,0.059601959636329443
20790,0.07022105656831334
20791,0.2664313800504862
20800,0.3911784584469313
20801,0.15036717445582287
20804,0.26770084995686383
20807,0.3619957184923093
20809,0.08727791038456842
20810,0.4002041257931651
20812,0.40408410799960126
20814,0.22061745423041235
20815,0.24928788585486406
20818,0.04829350664242535
20819,0.3303343102931874
20820,0.26370409158693303
20821,0.21297426598103475
20823,0.24778109664848108
20826,0.3456244537649585
20827,0.39614332888196313
20828,0.27888875981425726
20829,0.13134772769825398
20830,0.3292983927137991
20831,0.18404014624546605
20833,0.22295674447332187
20835,0.07383735066363245
20836,0.16780449254668967
20837,0.32998774877571935
20838,0.2261360696987899
20841,0.25754132373282673
20842,0.21569402049855602
20843,0.24126046635785886
20844,0.11495386113280742
20845,0.20638206320310937
20849,0.377052309637091
20850,0.14268631647628574
20851,0.22325810231459847
20852,0.3159369394261982
20853,0.3146486346547408
20854,0.15878635914648764
20855,0.23828455767525247
20857,0.06109744792366454
20859,0.2754231446395765
20861,0.19061351415831168
20863,0.3390058821759213
20864,0.39117469147391526
20865,0.18255219190416289
20866,0.08841930320840352
20867,0.3717069749274474
20868,0.367683847746405
20869,0.3411831925791447
20872,0.329750429475714
20874,0.04332486923437755
20875,0.2927700553780602
20876,0.21857575485576342
20878,0.30934473664827283
20879,0.28579362135250713
20880,0.06869919946986655
20882,0.3797230935054048
20883,0.37872484565617615
20885,0.04197252592164884
20886,0.2669888920568479
20887,0.07270725875884522
20888,0.25845293120268836
20889,0.19786117024101368
20891,0.1616379577195674
20892,0.3112018543451398
20893,0.23788902550857693
20896,0.15564847062419512
20897,0.05553362877909546
20899,0.28766203996842205
20900,0.3889710122595802
20901,0.22292284171617827
20902,0.26522971565839576
20903,0.13434623821895608
20905,0.16223690642910465
20906,0.37431748722750596
20911,0.21293282927785928
20912,0.3056229673085069
20913,0.3309370259757406
20915,0.15999932445762594
20916,0.34705967048403824
20917,0.4004527460122183
20921,0.1362636274840784
20924,0.11848728182177544
20925,0.27651556681420414
20926,0.24651539371511938
20930,0.30197277045604415
20932,0.2355271334275717
20933,0.20629165585072634
20935,0.28032397653333707
20937,0.10158487389917462
20940,0.3495345717555222
20941,0.04829350664242535
20943,0.13725434138727519
20944,0.0679345039476272
20946,0.09689499249430765
20947,0.22496077411781118
20949,0.22554088796226862
20950,0.11663769807094036
20955,0.13886660583810495
20957,0.2735584929966775
20958,0.2726657203918957
20960,0.3253054013168843
20965,0.3730819200782719
20973,0.38301166094833566
20975,0.12692153440450404
20976,0.31464486768172484
20984,0.32376094238034175
20985,0.16646721712602475
20991,0.39373246615175034
20994,0.06511680813169107
20997,0.25411337828830544
20998,0.22861097097027394
21003,0.24830847287071517
21004,0.29419397117809215
21006,0.10747641969613198
21008,0.20589989065706676
21009,0.07418014520808457
21010,0.2240529336209655
21013,0.38409654917693137
21014,0.34693159340149565
21016,0.2540945434232257
21017,0.16343103687516314
21021,0.05398540286953697
21023,0.1714961261023279
21024,0.22108455888439105
21025,0.12492503870604664
21027,0.32970522579952255
21029,0.08721763881631311
21030,0.08241851519398338
21031,0.04855342778052641
21032,0.33092949202970867
21033,0.32928709179475124
21034,0.37239633098936764
21035,0.0552737076409944
21038,0.25839265963443314
21039,0.11097970460097235
21042,0.30398810101958135
21046,0.19067755269958298
21047,0.24269568307693862
21050,0.06538049624280809
21051,0.373869217438607
21052,0.2721232762775978
21054,0.051917334683776364
21056,0.33522007429488415
21057,0.20344005727764658
21058,0.226663445921024
21059,0.11313818013911595
21060,0.07058645295086122
21063,0.050248565637707236
21066,0.0698631941317974
21074,0.29409979685269316
21076,0.24545310732461945
21077,0.29316182057171986
21078,0.12567466633622215
21080,0.18669586222171602
21084,0.038970248427930794
21090,0.3740349642513091
21093,0.17038110208960455
21094,0.21565635076839645
21095,0.3724754374227028
21096,0.2871007609890444
21097,0.36585309886064965
21098,0.07579617663193028
21099,0.2544034352105342
21102,0.2994865682655123
21103,0.31366545469757595
21104,0.18721570449791813
21105,0.22715691938611438
21106,0.3699666333940752
21107,0.35882769418588917
21108,0.3006241941163314
21109,0.07065049149213248
21114,0.05069683542660616
21119,0.19238022450279568
21120,0.19777452986164668
21121,0.1905381746979925
21125,0.33269243540117677
21128,0.2486361995231034
21129,0.08979801533224394
21130,0.22199616635425273
21131,0.17481859630240232
21133,0.3815274735800484
21134,0.24501990542778435
21135,0.156722057933743
21137,0.11535692724551486
21138,0.175643563392897
21139,0.06246485912845706
21140,0.24918994455644916
21141,0.18901631759954574
21142,0.21963427427324744
21143,0.2740255976506563
21144,0.12567466633622215
21146,0.10248141347697247
21147,0.3113412323467302
21149,0.2214047515907474
21150,0.2534616919565449
21152,0.3820171800721229
21153,0.2757998419411722
21155,0.08906345559413223
21158,0.12376481101713176
21159,0.18798416699317344
21161,0.3257800399168949
21162,0.20505232172847637
21163,0.2509265191168055
21166,0.24491066321032157
21167,0.34088560171088406
21173,0.12394185874888176
21174,0.26967097684420954
21177,0.29438231982889
21178,0.22020308719865705
21180,0.38539615486743667
21181,0.05536034802036142
21182,0.06615649268409532
21183,0.30705065008155474
21184,0.20706765229201363
21186,0.1290762429696317
21187,0.37600885811167084
21188,0.19823033359657755
21189,0.29253273607805497
21192,0.2798041342571349
21193,0.3097892394641558
21196,0.061832007661776225
21198,0.3008577464433208
21199,0.2027770700268381
21200,0.3286617742741023
21204,0.32217504674062364
21206,0.1929377365091574
21207,0.19271925207423185
21208,0.3354310247837778
21210,0.1876526733677692
21211,0.05637366376165396
21212,0.1574566176718547
21213,0.12125600698850414
21214,0.23932800920067276
21216,0.3734171806766921
21217,0.0772276263779941
21218,0.3314493343059108
21219,0.3772707940720165
21220,0.18805950645349256
21223,0.3831096022467505
21224,0.33993255753784685
21226,0.39528822600734076
21227,0.14758714837004633
21229,0.05805750069978692
21231,0.32300001383111837
21232,0.3137633959959908
21233,0.24481648888492263
21237,0.16386047179898228
21240,0.15215271966538668
21245,0.37596742140849526
21246,0.2952223548114485
21248,0.3049750479497622
21251,0.1362372586729667
21252,0.16106914479415785
21254,0.1554525880273654
21256,0.27728779628247535
21257,0.23499975720533767
21258,0.3472517861078521
21259,0.38132029006417073
21260,0.30520483330373566
21262,0.1794256043009182
21263,0.35225809324605944
21264,0.3482349660650169
21265,0.26667246632350744
21268,0.06517331272693043
21269,0.043724168374069027
21271,0.38341096008802705
21272,0.37983233572286756
21274,0.3214743897596556
21276,0.13485477957611033
21279,0.17982867041362566
21281,0.14760975020814204
21283,0.3662938347035167
21285,0.10893423825330749
21288,0.15729840480518448
21289,0.3694618590099369
21291,0.20646116963644445
21292,0.07314046065568033
21294,0.3563753947525009
21296,0.18001701906442352
21299,0.2225310765225187
21300,0.24807492054372576
21304,0.05181939338536147
21306,0.09254790563389281
21307,0.11956463610433925
21309,0.3256858655914959
21312,0.22861097097027394
21314,0.26748236552193827
21315,0.3989271219407556
21316,0.15497418245433875
21317,0.11447545555978081
21318,0.0958214051847598
21319,0.3009556877417357
21320,0.3064856041291611
21321,0.22254237744156657
21322,0.367766721152756
21323,0.322766461504129
21324,0.1394994573047858
21326,0.38996172616277697
21327,0.2864716764953795
21328,0.3254673811565704
21330,0.1440160579509187
21331,0.22683672667975796
21332,0.3829174866229367
21333,0.2233711115050772
21334,0.2732985718585765
21339,0.07405206812554202
21340,0.04100441385654779
21342,0.05648667295213268
21344,0.3440347911522244
21345,0.38609304487538876
21346,0.38572011454680893
21347,0.08472766965276526
21348,0.04966468482023384
21349,0.19701736828543925
21350,0.28573334978425186
21352,0.050380409693265744
21355,0.06420143368881343
21359,0.35662024799853814
21361,0.15645083587659406
21362,0.2159690095287209
21364,0.1716016013467747
21366,0.10472276242146712
21367,0.27193492762679994
21368,0.20621631639040722
21374,0.3726072814782613
21379,0.11488228864550422
21380,0.09105241734655774
21382,0.13366441610306778
21383,0.10531417718497244
21385,0.23979134688163545
21388,0.3302439029408044
21391,0.3154133301769802
21393,0.18041255123109906
21394,0.37559072410689953
21395,0.1796742245199714
21398,0.2790545066269594
21399,0.05341282297111145
21400,0.33589812943775643
21401,0.19741666742513075
21402,0.3793840659339686
21403,0.37053544631948476
21404,0.061067312139536874
21406,0.22381938129397616
21409,0.1399853968238443
21410,0.2750125445808371
21412,0.35842839504619767
21413,0.12854886674739763
21414,0.3011741721766612
21415,0.30010058486711333
21417,0.04139617905020736
21418,0.25076830625013535
21419,0.11927081220909459
21420,0.1865527172471096
21421,0.37685266006724527
21422,0.1586319132528334
21423,0.06396411438880811
21426,0.3444039545077883
21429,0.04304234625818074
21432,0.24628184138813008
21433,0.22876918383694417
21434,0.22965818946871014
21435,0.29547474200351764
21436,0.04404812805344136
21437,0.3705881839417081
21438,0.23455525438945474
21443,0.33936751158545325
21445,0.3083050520958685
21446,0.11476174550899358
21448,0.3137558620499589
21450,0.04755141295828174
21451,0.21342630274294966
21452,0.23045302077507707
21453,0.24978512629297045
21455,0.34291223319346914
21456,0.3243900268740066
21458,0.04239819387245203
21459,0.2909167046542092
21463,0.2624308547075394
21464,0.4033947519376811
21466,0.060860128623659214
21468,0.20009498523947644
21470,0.10946914842157343
21473,0.31982445557866623
21474,0.20408044269035935
21476,0.234174790114843
21478,0.10492994593734477
21479,0.2796421544174488
21482,0.15212635085427495
21486,0.1321576268966848
21487,0.2375085612339653
21488,0.1232562696599775
21489,0.06972758310322291
21490,0.21721587759700278
21492,0.3923951907310855
21493,0.38793509468019194
21495,0.22982016930839627
21499,0.2401605102371993
21500,0.135235243850722
21503,0.2307167088861941
21504,0.33620702122506496
21511,0.057492454747393305
21513,0.30944644491970363
21514,0.04971742244245724
21515,0.3918602805628195
21516,0.1885868826757266
21517,0.052391973283786995
21519,0.15694430934168446
21521,0.24423260806744923
21522,0.39493789751685676
21525,0.08832889585602054
21526,0.3775231812640857
21527,0.16699082637524287
21529,0.26022717549320434
21530,0.10329131267540331
21531,0.3922068420802876
21532,0.37174464465760704
21533,0.15489507602100366
21534,0.34679974934593716
21538,0.10192013449759482
21540,0.21691075278271021
21542,0.1153154905423393
21544,0.29089033584309754
21545,0.08523997798293548
21547,0.17015885068166303
21548,0.20708648715709338
21551,0.13059810006807848
21552,0.31753413598496416
21556,0.13077891477284442
21557,0.17288990611823213
21558,0.13233844160145078
21559,0.3680304092638731
21560,0.10546485610561074
21563,0.08762823887505247
21567,0.2486022967659598
21568,0.1617245980989344
21570,0.07606739868907922
21575,0.15805933335440786
21576,0.40391836118689917
21577,0.06055123683635071
21579,0.16770655124827477
21580,0.048545893834494494
21581,0.2107065482254284
21582,0.15292494913365795
21586,0.31136006721181
21588,0.27454167295384246
21589,0.27897916716664023
21590,0.17874754915804592
21592,0.21790900063193896
21593,0.3079660245244324
21594,0.35443163667626687
21595,0.09415640311170663
21596,0.24349428135632162
21597,0.1800735236596629
21599,0.19864093365531688
21600,0.0713210126889729
21604,0.07013441618894634
21605,0.22733020014484845
21606,0.39818879522962797
21607,0.2859556011921933
21608,0.3237835442184375
21611,0.07263568627154203
21612,0.38467666302138875
21613,0.3282323393502832
21614,0.3182197250738684
21617,0.22272319214633252
21618,0.2146430350271039
21621,0.2456414559754173
21623,0.320385734558044
21624,0.16522788300377478
21625,0.4042084181091279
21626,0.22342384912730062
21634,0.17776060222786505
21636,0.2917755745018475
21638,0.27728402930945945
21641,0.21339616695882202
21643,0.306941407864092
21645,0.04914484254403172
21646,0.06654072393172297
21649,0.2706503898283585
21650,0.21328692474135924
21651,0.059432445850611366
21652,0.18779958531539154
21653,0.2821208226619487
21654,0.33926957028703836
21659,0.17575657258337574
21660,0.0488811544329147
21661,0.1215234620726371
21664,0.22122393688598146
21665,0.14890935589864734
21666,0.4062953211599683
21669,0.26513930830601273
21671,0.15233730134316859
21673,0.38125625152289944
21675,0.2585659403931671
21676,0.17660414151196613
21677,0.1057586800008554
21678,0.36981595447343685
21680,0.2536990112565502
21681,0.27692616687294347
21683,0.11740616056619567
21684,0.13162648370143482
21685,0.05598566554101035
21686,0.2987105718242251
21688,0.20421605371893387
21689,0.29386247755268796
21690,0.29529769427176766
21692,0.2990382984766134
21693,0.21819152360813576
21694,0.08009429284313768
21695,0.14341334226836555
21696,0.16306940746563126
21697,0.20925626361428484
21698,0.3789546310101495
21699,0.16754833838160454
21705,0.22334474269396548
21709,0.2288332223782154
21710,0.34504810689351695
21711,0.39598511601529285
21714,0.24277855648328966
21715,0.3443248480744531
21716,0.18198714595176924
21719,0.3745246707433836
21721,0.3435978222823734
21723,0.35976943743987855
21727,0.38517767043251105
21728,0.11600861357727549
21729,0.22439196119240162
21730,0.04521965666140411
21731,0.3518248913492243
21732,0.09719635033558426
21733,0.2022459268315881
21734,0.269275444677534
21736,0.21157671899211455
21737,0.21516287730330602
21738,0.3319842444741767
21739,0.3529361483889317
21741,0.3482990046062882
21742,0.16740896038001413
21745,0.3830983013277026
21746,0.05093038775359553
21747,0.2525086477835076
21750,0.15893327109410998
21751,0.11722534586142971
21754,0.2514538953390396
21756,0.32115043008028327
21757,0.24967211710249176
21758,0.28310400261911356
21760,0.16169446231480678
21765,0.21348280733818903
21767,0.156190914738493
21768,0.16254203124339717
21769,0.3138575703213898
21770,0.10756682704851495
21771,0.11872836809479671
21772,0.32080386856281523
21773,0.2421871417197844
21774,0.3248420636359215
21775,0.10844076478821707
21780,0.2863624342779167
21781,0.35578774696201154
21782,0.29437101890984213
21790,0.25009778505329494
21791,0.3186152572405439
21792,0.2562341840962895
21793,0.37451336982433575
21794,0.10216498774363206
21796,0.059398543093467746
21798,0.2813485931936775
21799,0.14496156817792405
21800,0.24313265194678968
21802,0.23988552120703444
21803,0.20618618060627952
21804,0.2822149969873477
21805,0.15530567607974305
21806,0.3095782889752622
21807,0.36888174516547945
21808,0.2658550331790447
21812,0.12996524860139763
21813,0.04699390095192005
21816,0.30591679120375154
21817,0.12063445644087116
21819,0.24681298458338008
21821,0.06341790330149429
21823,0.28860378322241137
21826,0.2513747889057044
21827,0.17218171519123215
21828,0.2659981781536511
21829,0.11738355872809993
21831,0.23644250787044935
21833,0.20421228674591785
21836,0.3831171361927824
21837,0.3348885806694799
21838,0.2014774643363328
21839,0.25017312451361406
21840,0.13996279498574857
21844,0.2831755751064168
21846,0.24233028669439072
21847,0.31904845913737906
21848,0.37964022009905374
21851,0.30439493410530477
21852,0.3597317677097189
21853,0.35318100163496896
21855,0.11693152196618505
21856,0.38250688656419735
21859,0.2902612513494326
21862,0.1003568406959725
21864,0.08711593054488226
21866,0.38690294407381964
21867,0.24558495138017794
21868,0.261941148215465
21869,0.16716034016096093
21870,0.2047660317792636
21871,0.36021770722877744
21872,0.07723139335101006
21873,0.3716693051972879
21874,0.13255315906336035
21876,0.10781168029455218
21877,0.3838516959308941
21879,0.3337547217916767
21882,0.38305309765151113
21885,0.230196866609992
21886,0.10126091421980227
21887,0.22567273201782717
21888,0.3243222213597194
21889,0.19875770981881158
21890,0.23061876758777922
21893,0.2497549905088428
21894,0.1802053677152214
21895,0.13223673333001995
21896,0.3804877890276442
21899,0.38908402145005894
21900,0.2870254215287253
21901,0.18730987882331707
21903,0.15766380118773235
21905,0.2778641431539169
21906,0.38113194141337287
21908,0.10181089228013206
21910,0.26304110433612454
21911,0.1452968287763442
21913,0.3244201626581343
21914,0.14590707840492934
21916,0.14740256669226443
21918,0.06119538922207943
21919,0.13750672857934435
21921,0.32354245794541625
21923,0.14861553200340272
21925,0.07631601890813242
21926,0.33155104257734164
21927,0.27299344704428397
21928,0.19046660221068934
21930,0.2298804408766516
21931,0.19432398257902972
21934,0.26479274678854475
21935,0.2554883234391299
21936,0.4033759170726013
21937,0.1339205702681529
21938,0.3896867371326121
21939,0.4010554616947716
21941,0.1332500490713125
21942,0.20612214206500828
21945,0.32269865598984177
21946,0.15130138376378033
21947,0.3505855572269744
21948,0.29491346302414
21952,0.06461203374755278
21953,0.33669672771713943
21957,0.29572336222257084
21958,0.04692609543763281
21959,0.21639467747952412
21961,0.19692319396004032
21962,0.2843245018762838
21963,0.071223071390558
21964,0.31522874849919824
21967,0.34261840929822446
21969,0.05408711114096783
21970,0.23050199142428457
21971,0.06547090359519106
21973,0.35924206121764446
21974,0.12523393049335513
21980,0.1563528945781792
21981,0.0725415119461431
21983,0.1507740075415463
21984,0.10378478614049373
21985,0.15641316614643452
21986,0.2769337008189754
21990,0.3024624769481187
21991,0.16606038404030138
21992,0.15687650382739726
21994,0.28528884696836887
21995,0.10916402360728089
21996,0.0752461985716005
21997,0.22206397186854
21998,0.34212116886011806
21999,0.16715657318794497
22002,0.049909538066271075
22004,0.17362069888332787
22005,0.39510364432955886
22007,0.2673316866013
22008,0.19321272553932228
22009,0.12471785519016897
22012,0.40274306560592044
22013,0.17055438284833857
22015,0.08377462547972805
22016,0.2516008072866619
22017,0.052290265012356146
22019,0.3682639615908624
22020,0.31671293586748545
22021,0.04502754103759029
22022,0.15963769504809405
22023,0.31400071529599616
22025,0.3377703150266873
22027,0.3497831919745754
22028,0.06654072393172297
22033,0.19780843261879033
22034,0.35434122932388384
22035,0.2622236711916618
22036,0.18989778928527978
22038,0.04394265280899456
22039,0.31036181936258134
22042,0.37806562537838356
22044,0.11104374314224363
22045,0.21448858913344965
22048,0.379263522797458
22049,0.12394185874888176
22051,0.15742271491471105
22052,0.08494238711467483
22053,0.268480613371167
22054,0.29139134325421984
22055,0.15727956994010472
22056,0.1834600324010086
22058,0.3786834089530005
22059,0.20475473086021573
22061,0.07310279092552074
22062,0.23354193864816214
22065,0.2111246822301997
22066,0.16136673566241844
22068,0.36870093046071345
22069,0.2556390023597682
22074,0.35883146115890513
22076,0.247969445299279
22077,0.1729991483356949
22078,0.2792428552777573
22079,0.39047780146596317
22080,0.2953353640019272
22082,0.057236300582308205
22084,0.28271600439846994
22085,0.2677837233632149
22086,0.2750991849602042
22090,0.379173115445075
22091,0.3032535412814697
22093,0.2053310777316572
22095,0.045434374123313685
22098,0.19509244507428503
22099,0.07174291366676014
22100,0.09856376154037677
22101,0.2927813562971081
22102,0.406140875266314
22103,0.11276901678355211
22106,0.2659303726393638
22107,0.27872677997457107
22111,0.19325039526948184
22112,0.3685766203511868
22116,0.09093187421004711
22121,0.3731873953227187
22123,0.056821933550552886
22124,0.07461334710491968
22125,0.16016883824334405
22126,0.3041802166433952
22127,0.10000274523247252
22130,0.2377383465879387
22131,0.35689523702870296
22132,0.07469245353825477
22134,0.3873587478087504
22135,0.33240991242497997
22136,0.38298529213722393
22137,0.33953325839815535
22141,0.33187500225671396
22143,0.21240168608260923
22146,0.26314657958057136
22147,0.1650395343529769
22148,0.37699580504185165
22149,0.14146581721911555
22151,0.2947288813463581
22152,0.21769051619701346
22153,0.17496550825002466
22154,0.21746449781605598
22156,0.3519002308095435
22158,0.15385915844161538
22159,0.34196295599344784
22160,0.28382726143817744
22161,0.2682056243410021
22163,0.09583647307682364
22164,0.37603145994976656
22166,0.26620536166952874
22167,0.07391645709696754
22168,0.3937437670707982
22169,0.34720281545864456
22172,0.3119627828943632
22175,0.21385950463978476
22176,0.06623183214441446
22177,0.11609148698362654
22178,0.3948324222724099
22181,0.21045039406034333
22182,0.1693489514832322
22183,0.06275491605068578
22184,0.22089621023359318
22186,0.40064109466301623
22187,0.30657224450852816
22190,0.35640553053662855
22193,0.1645987985101099
22194,0.18535481982803514
22195,0.32687246209152254
22196,0.05452784698383484
22197,0.3758619461640485
22198,0.05315666880602635
22199,0.35389295953498495
22200,0.2722325184950606
22202,0.3741517404148038
22203,0.2203537661192953
22204,0.24684688734052368
22205,0.1317545607839774
22206,0.28213212358099654
22208,0.19995560723788602
22210,0.1534711602209718
22212,0.3748599313418038
22214,0.2503125025152045
22216,0.32703067495819277
22219,0.3063612940196345
22222,0.30659861331963983
22223,0.39132537039455356
22224,0.19819266386641793
22225,0.27958941679522537
22226,0.05280634031554231
22227,0.3733192393782772
22229,0.13165661948556248
22231,0.24038276164514077
22233,0.26770838390289575
22234,0.38821761765638874
22235,0.16999310386896088
22236,0.29214473785741135
22237,0.32358766162160774
22240,0.10558916621513732
22241,0.34214377069821383
22242,0.2971171422384751
22243,0.24002866618164082
22245,0.32049497677550665
22248,0.3348094742361448
22249,0.21913326686212514
22250,0.3535200292064052
22251,0.26921894008229463
22252,0.04842535069798386
22253,0.25872792023285324
22254,0.1327189058760625
22255,0.2569386080502735
22257,0.11829893317097757
22260,0.2739540251633531
22262,0.3158917357500068
22263,0.2782257725634487
22264,0.26559887901395957
22265,0.25872415325983733
22267,0.402513280251947
22268,0.3540097356984796
22269,0.3719668960655485
22271,0.056987680363255015
22272,0.26942235662515635
22273,0.23606581056885362
22274,0.33943531709974045
22275,0.0777399347081643
22277,0.40559466417900014
22282,0.2516987485850768
22283,0.08908229045921202
22284,0.06970874823814313
22286,0.333464664869448
22287,0.05248238063616997
22288,0.23571924905138553
22289,0.2751707574475073
22290,0.11072355043588725
22291,0.21383313582867308
22292,0.07095561630642504
22293,0.2833563898111827
22295,0.2145563946477369
22296,0.3142493355150493
22297,0.31173676451340576
22298,0.2199657678986517
22299,0.1618865779386206
22300,0.36579659426541034
22302,0.3696012370115273
22303,0.37675848574184634
22305,0.11711987061698291
22306,0.3050390864910335
22307,0.3794518714482559
22308,0.17359056309920023
22309,0.27585634653641156
22312,0.3960755233676758
22313,0.12478942767747216
22314,0.3317921288503629
22315,0.11921807458687117
22316,0.38155384239116014
22317,0.0443720877328137
22318,0.35162524177937865
22319,0.38878266360878233
22320,0.3051257268704005
22322,0.3487435074221712
22323,0.3838479289578781
22324,0.12886152550772212
22328,0.29668770731465594
22329,0.1979967812695882
22330,0.2298503050925239
22331,0.33553650002822455
22332,0.2448541586150822
22333,0.04568676131538283
22334,0.2337265203259441
22335,0.3056380352005707
22336,0.3468524869681606
22338,0.39000316286595255
22339,0.1896567030122585
22341,0.17046020852293964
22342,0.2856806121620284
22343,0.3286617742741023
22344,0.08347326763845145
22345,0.33815454627431496
22346,0.10107633254202036
22350,0.15936647299094509
22351,0.20409927755543916
22353,0.20570777503325294
22354,0.3471915145395967
22355,0.22503988055114632
22358,0.24248096561502908
22362,0.33453448520597995
22365,0.2910447817367518
22366,0.3009971244449112
22368,0.1502880680224878
22369,0.1561570119813494
22370,0.04824076902020194
22371,0.12700817478387105
22372,0.3885265094436972
22373,0.18980361495988085
22374,0.1314004653204774
22375,0.23928657249749719
22376,0.3333629565980171
22377,0.11900335712496161
22378,0.23696235014665146
22379,0.31287815733724084
22382,0.17730856546595014
22386,0.16975955154197153
22387,0.3715110923306177
22388,0.1683318687689237
22390,0.22735656895596013
22391,0.11037322194540321
22392,0.11505556940423825
22393,0.39760491441215456
22394,0.36227447449549016
22395,0.2719612964379116
22397,0.3096008908133579
22399,0.36060570544942105
22401,0.2089059351238008
22402,0.3318863031757619
22403,0.2203726009843751
22405,0.3745585735005272
22406,0.20023436324106686
22407,0.35957355484304865
22408,0.3097440357879643
22409,0.07129087690484524
22410,0.18376139024228516
22411,0.3960303196914844
22413,0.3499828415444211
22415,0.2959493806035283
22416,0.3400342658092777
22419,0.3370771919917511
22422,0.3381922160044745
22424,0.3096008908133579
22425,0.3908733336326387
22426,0.22727369554960902
22427,0.3329410556202299
22428,0.2874812252636561
22429,0.30805643187681536
22430,0.1143888151804138
22431,0.21443585151122624
22432,0.17172214448328532
22433,0.051389958461542325
22436,0.11281422045974361
22437,0.18393467100101923
22438,0.24324942811028438
22439,0.16160782193543977
22440,0.3242431149263843
22441,0.14063708315560491
22442,0.1419479897651581
22443,0.27141508535059783
22444,0.12329770636315304
22446,0.05195877138695189
22447,0.15936647299094509
22448,0.28866028781765074
22449,0.2557557785232629
22450,0.2905400073526135
22451,0.27122296972678395
22452,0.37992651004826655
22454,0.049773927037696605
22455,0.40587718715519694
22457,0.20322533981573704
22459,0.14236235679691342
22460,0.26481911559965643
22461,0.1826199974184501
22462,0.35381385310164987
22464,0.20984391140477415
22465,0.20827308365711994
22466,0.37744030785773464
22470,0.3762198086005644
22474,0.3594492447335221
22476,0.11612162276775419
22477,0.30926186324192173
22479,0.28804250424303374
22480,0.3916869998040855
22482,0.2187716374525932
22485,0.13362297939989226
22486,0.33180719674242676
22487,0.16073011722272168
22488,0.08776761687664289
22489,0.13794369744919538
22492,0.25068543284378425
22493,0.33036821305033104
22495,0.20224592683158815
22497,0.329309693632847
22499,0.169718114838796
22500,0.15057435797170055
22502,0.3277690016693204
22507,0.2714941917839329
22508,0.04278995906611159
22510,0.11167659460892447
22512,0.29690995872259746
22513,0.19528456069809885
22515,0.31363531891344826
22518,0.25867894958364585
22519,0.18921220019637552
22520,0.2421419380435929
22521,0.09936235981975976
22523,0.33774017924255967
22524,0.406935706572681
22525,0.2925779397542464
22526,0.3886282177151281
22527,0.17281079968489704
22528,0.16786853108796096
22529,0.10271873277697778
22530,0.36190907811294226
22531,0.2052783401094338
22533,0.297211316563874
22538,0.16191294674973228
22540,0.04329473345024988
22542,0.28446011290485823
22544,0.2691925712711829
22546,0.09609262724190873
22547,0.38171205525783036
22549,0.17740650676436504
22550,0.39773299149469715
22551,0.39490022778669714
22552,0.22600045867021545
22553,0.042929337067702016
22554,0.3679060991543464
22558,0.07483936548587711
22560,0.11631750536458399
22561,0.36333299391297413
22562,0.3550757890619956
22563,0.39453106443113334
22564,0.3711004922718783
22565,0.23952012482448654
22566,0.23513160126089616
22567,0.26794570320290106
22570,0.15680493134009404
22573,0.3152664182293578
22577,0.342396157890283
22580,0.2378287539403217
22581,0.32529033342482044
22583,0.36908892868135706
22584,0.3194025546008791
22585,0.1080414656485256
22587,0.11341316916928082
22588,0.21702376197318896
22591,0.377579685859325
22592,0.36477197760506985
22593,0.35301902179528283
22595,0.37288603748144217
22596,0.3696351397686709
22597,0.30462095248626225
22598,0.26769708298384787
22599,0.05395526708540931
22600,0.24979642721201833
22601,0.2441045309849067
22602,0.3250982178010066
22603,0.37200456579570806
22604,0.3808192826530484
22605,0.1539269639559026
22606,0.09236709092912687
22607,0.20322157284272108
22608,0.21173869883180074
22609,0.21106817763496033
22610,0.3398647520235596
22611,0.3032422403624218
22612,0.3016977814258793
22613,0.3932163908485642
22614,0.38233737277847923
22615,0.08100966728601532
22618,0.16072635024970572
22621,0.21703506289223684
22622,0.17292380887537573
22624,0.1177225862995361
22626,0.3356947128948948
22627,0.13049639179664763
22628,0.15241264080348774
22629,0.20566633833007741
22630,0.12058171881864775
22631,0.11172933223114788
22633,0.21617619304459856
22634,0.16903252574989175
22635,0.2443343163388801
22637,0.13465136303324862
22639,0.35871091802239446
22641,0.18743042195982768
22642,0.3559045231255062
22643,0.31064810931179404
22644,0.4063405248361598
22646,0.20256235256492855
22647,0.3726901548846123
22648,0.2207229294748591
22650,0.38344109587215475
22652,0.14993397255898777
22653,0.25517943165182144
22655,0.3911822254199472
22657,0.051224211648840196
22658,0.23675516663077384
22662,0.2544750076978374
22663,0.1918566152535776
22664,0.3840475785277239
22665,0.2971774138067304
22666,0.38757346527066006
22668,0.314810614494427
22669,0.27340781407603926
22670,0.35797635828428276
22671,0.3331633070281714
22672,0.10712232423263199
22673,0.08410235213211634
22676,0.1585716416845781
22678,0.28099826470319345
22682,0.3042178863735548
22683,0.21697102435096555
22684,0.1477415942637006
22685,0.18410041781372133
22686,0.3114919112673685
22687,0.3842472280975696
22688,0.13900598383969537
22690,0.26275858135992775
22691,0.19477225236792867
22692,0.23768184199269937
22694,0.22985783903855583
22695,0.2782672092666243
22696,0.04695246424874452
22697,0.3962638720184737
22699,0.3810528349800378
22702,0.3928321596009365
22704,0.1005075196166108
22705,0.26616392496635316
22706,0.3523974712476499
22709,0.05782771534581352
22711,0.37276172737191554
22712,0.2223690966828325
22714,0.3146561686007727
22715,0.19511127993936483
22716,0.13808684242380176
22717,0.36903619105913366
22718,0.05735684371881884
22720,0.3981285236613726
22721,0.08805390682585565
22724,0.17177488210550873
22725,0.2627096107107203
22726,0.3933294000390429
22728,0.1369605174920305
22729,0.09894422581498848
22730,0.33787202329811816
22732,0.3121661994372249
22733,0.37226825390682516
22734,0.28358617516515616
22735,0.3999291367630003
22736,0.22351802345269955
22737,0.22842262231947608
22738,0.05280634031554231
22739,0.39033088951834083
22740,0.3942334735628727
22742,0.27467728398241686
22743,0.3297805652598416
22745,0.22005617525103466
22746,0.0656441843539251
22748,0.40697714327585655
22749,0.3710251528115592
22751,0.09689875946732361
22752,0.2601556030059012
22753,0.40374508042816515
22756,0.10684356822945114
22757,0.0454419080693456
22758,0.3727127567227081
22759,0.1826199974184501
22762,0.22723225884643355
22763,0.3787097777641123
22764,0.2436411933039439
22766,0.08956822997827052
22768,0.05146529792186147
22769,0.14459617179537615
22770,0.13335552431575928
22772,0.3860214723880856
22773,0.13318977750305716
22775,0.2676179765505127
22776,0.3737072375989208
22777,0.2068265660189923
22779,0.08968123916874925
22780,0.3007748730369697
22781,0.40574534309963844
22783,0.36627123286542096
22784,0.3062445178561398
22786,0.3468487199951446
22789,0.2207982689351783
22791,0.07220625134772289
22793,0.3033062789036931
22794,0.2855600690255178
22795,0.08171409123999934
22796,0.07458697829380796
22798,0.3143171410293366
22800,0.21961167243515173
22801,0.32816076686297996
22802,0.3476699201126234
22804,0.08595193588295143
22808,0.14896209352087078
22810,0.40171468197256405
22811,0.16925854413084918
22812,0.05946634860775498
22813,0.26964837500611377
22814,0.31223023797849614
22816,0.14909393757642928
22818,0.2279668185845452
22820,0.3783330804625165
22821,0.05294195134411677
22823,0.22468955206066227
22824,0.27042060447438504
22825,0.21927264486371556
22826,0.3951111782755908
22828,0.22222595170822612
22829,0.38017513026731964
22830,0.35912528505414976
22831,0.3347642705599533
22832,0.2619901188646724
22833,0.0518871988996487
22836,0.2865733847668104
22839,0.12875228329025934
22840,0.07128710993182928
22841,0.25550339133119376
22842,0.1736508346674555
22845,0.3738616834925751
22846,0.14990760374787607
22847,0.3116614250530865
22848,0.1630995432497589
22851,0.22220711684314637
22853,0.12936629989186038
22855,0.25079090808823107
22859,0.23706029144506635
22860,0.40342488772180873
22861,0.14609166008271124
22862,0.3789696989022133
22864,0.2005658568664711
22865,0.052297798958388056
22870,0.2802260352349221
22871,0.2995845095639272
22873,0.1888882405170032
22874,0.27404819948875203
22875,0.23725617404189614
22876,0.2816009803857466
22877,0.3991682082137769
22878,0.14038469596353578
22879,0.39996680649315985
22880,0.2799058425285658
22882,0.16163419074655144
22883,0.39433518183430355
22884,0.253714079148614
22886,0.049999945418654046
22887,0.19083199859323718
22888,0.21819905755416769
22889,0.33108393792336294
22890,0.3699101287988358
22891,0.06261930502211133
22894,0.3065797784545601
22897,0.3098269091943153
22898,0.38277434164833035
22899,0.0678290287031804
22900,0.0527799715044306
22901,0.12940396962201997
22904,0.11201185520734468
22905,0.3336756153583416
22906,0.351941667512719
22907,0.34889041936979354
22908,0.2541322131533853
22909,0.09005040252431307
22910,0.31450172270711846
22911,0.3079321217672888
22913,0.3020933135925548
22915,0.261315830694816
22918,0.11817462306145096
22919,0.3883532286849632
22921,0.39011617205643123
22922,0.06187344436495175
22923,0.15816480859885468
22925,0.31736838917226207
22926,0.10770243807708942
22927,0.3153078549325333
22928,0.2322988375528962
22929,0.374046265170357
22930,0.11005302923904683
22933,0.22366870237333786
22934,0.3237119717311343
22935,0.12360659815046154
22936,0.35932116765097954
22937,0.15257085367015794
22938,0.2767792549253211
22940,0.14042236569369537
22941,0.40482243471072893
22943,0.23515797007200784
22945,0.13784198917776452
22946,0.21965310913832725
22947,0.3676650128813252
22948,0.38147096898480903
22949,0.3841944904753462
22950,0.31152204705149616
22951,0.1128594241359351
22952,0.2703151292299382
22953,0.28356357332706045
22954,0.15604776976388662
22955,0.401273946129697
22957,0.4057717119107502
22958,0.13322368026020076
22959,0.14787343831925906
22961,0.27876444970473063
22962,0.1567521937178707
22963,0.1437184670826581
22964,0.29145538179549113
22965,0.2620729922710235
22966,0.23855577973240144
22967,0.3151345741737993
22968,0.40250197933289916
22969,0.16183007334338123
22970,0.1378721249618922
22971,0.32242366695967684
22972,0.39941306145981414
22973,0.3546538880842084
22974,0.3796439870720697
22976,0.2005959926505988
22977,0.12094711520119562
22978,0.28085135275557105
22980,0.16094483468463122
22981,0.09688745854827574
22983,0.16691925388793966
22986,0.20776077532694975
22988,0.3465209933427563
22989,0.4028598417694151
22990,0.19672354439019457
22992,0.19584207270446052
22993,0.05194370349488806
22995,0.23663462349426317
22996,0.09897436159911613
22997,0.0753441398700154
22998,0.23068657310206642
23002,0.17127387469438643
23003,0.187309878823317
23005,0.3652842859352401
23006,0.1790112372691629
23007,0.14114939148577513
23008,0.2953353640019272
23010,0.2884380364097093
23011,0.09578750242761619
23012,0.32130864294695344
23013,0.3837688225245431
23014,0.11114168444065851
23015,0.24861736465802364
23020,0.26994219890135845
23021,0.2912858680097731
23022,0.36743899450036777
23023,0.0795443147828079
23025,0.37783207305139416
23028,0.38977337751197916
23031,0.2891386933906774
23032,0.4007390359614311
23033,0.2240793024320772
23034,0.2008333119506041
23035,0.2873192454239699
23036,0.34018871170293197
23037,0.07434589202078669
23039,0.3992096449169524
23040,0.15161404252410476
23041,0.18575411896772664
23043,0.1275091821949934
23046,0.23117251262112498
23048,0.06112381673477624
23051,0.29272108472885283
23052,0.23638977024822594
23053,0.2796270865253849
23055,0.35364433931593175
23056,0.18015639706601394
23059,0.34531179500463405
23060,0.13093712763951465
23062,0.21071408217146032
23063,0.16973694970387582
23065,0.22991057666077924
23066,0.1727957317928332
23067,0.1210375225535786
23070,0.33732204523778836
23072,0.17814860044850866
23073,0.1831247718025884
23074,0.18292512223274265
23075,0.19774062710450308
23078,0.24086870116419928
23079,0.3308616865154214
23080,0.2914064111462837
23081,0.05072697121073383
23082,0.3816178809324314
23084,0.14166169981594534
23087,0.16015000337826424
23088,0.31084399190862383
23089,0.32863540546299064
23090,0.31543216504205995
23095,0.2174079932208166
23097,0.2411926608435716
23098,0.04978522795674448
23099,0.19152888860118933
23100,0.25981657543446496
23101,0.32839808616298527
23102,0.34032055575849046
23103,0.377937548295841
23105,0.1149199583756638
23106,0.1099852237247596
23108,0.05918759260457414
23109,0.2765193337872201
23110,0.3648247152272933
23111,0.1321350250585891
23112,0.11499529783598295
23113,0.07686222999544623
23114,0.2557030409010395
23115,0.39577793249941523
23116,0.08333765660987699
23118,0.37549278280848464
23119,0.1546426888289345
23120,0.26239695195039575
23122,0.34585047214591585
23123,0.23917733028003446
23124,0.18382542878355645
23125,0.11846091301066375
23126,0.22151399380821019
23128,0.26604338182984255
23129,0.3904966363310429
23131,0.15771277183693977
23132,0.2835899421381721
23133,0.3875847661897079
23134,0.30607500407042176
23135,0.26329725850120966
23136,0.17217041427218427
23137,0.09642788784032894
23139,0.25686703556297036
23142,0.05001124633770192
23143,0.2264298935940346
23146,0.3111378158038685
23147,0.1106934146517596
23148,0.17951601165330122
23149,0.11994510037895094
23151,0.1421664742000836
23152,0.20283357462207746
23153,0.40244170776464383
23154,0.1401511436365464
23156,0.27552108593799135
23157,0.134971555739605
23158,0.21069524730638056
23161,0.31608008440080465
23162,0.29595691454956025
23163,0.3185022480500652
23164,0.3655291391812774
23166,0.39491152870574503
23167,0.3177563873929057
23168,0.21805214560654534
23169,0.23487168012279513
23170,0.17576787350242362
23171,0.29525625756859214
23172,0.06813415351747296
23173,0.36977075079724536
23174,0.2819927455794061
23176,0.2809078573508104
23177,0.11472030880581804
23178,0.2036962114427317
23179,0.20294281683954024
23180,0.18715919990267876
23181,0.39980482665347367
23182,0.32947167347253314
23183,0.16355911395770567
23184,0.17160913529280664
23185,0.1590500472576047
23186,0.13538215579834434
23187,0.37850636122125053
23188,0.2668834168124011
23191,0.2530812276819332
23192,0.2498340969421779
23193,0.23567027840217808
23194,0.1774291086024608
23196,0.12792354922674873
23197,0.1539118960638388
23198,0.2694374245172202
23199,0.07942377164629726
23201,0.3790262034974527
23202,0.3483027715793041
23203,0.20973466918731143
23204,0.06383603730626555
23205,0.315869133911911
23206,0.20480370150942317
23207,0.06801737735397827
23209,0.27162226886647545
23211,0.3059921306640707
23212,0.07964602305423873
23214,0.2127369466810295
23215,0.16406012136882803
23216,0.3049562130846824
23218,0.38133912492925054
23219,0.2514840311231672
23220,0.3169803909516184
23221,0.0649736631570847
23222,0.279355864468236
23224,0.26246852443769897
23225,0.26232537946309264
23227,0.1672168447562003
23228,0.2872439059636508
23229,0.38418695652931434
23230,0.19266274747899248
23231,0.40006851476459077
23233,0.3480918210904106
23234,0.2287013783226569
23236,0.26226510789483726
23238,0.14227194944453045
23239,0.09612652999905236
23240,0.22262148387490166
23241,0.2405070717546674
23242,0.4027355316598885
23245,0.33460982466629907
23246,0.1719632307563066
23248,0.2919375543415337
23249,0.3962073674232343
23250,0.31349594091185784
23251,0.31658109181192695
23254,0.30956322108319834
23255,0.3037131119894165
23257,0.39878020999313324
23258,0.32422804703432045
23259,0.20751968905392848
23260,0.23703392263395467
23262,0.2853039148604327
23264,0.2764100915697573
23267,0.35857907396683597
23270,0.2962469714717889
23271,0.2660735176139702
23273,0.3228380339914322
23274,0.17515008992780662
23275,0.25502875273118314
23276,0.30959712384034194
23277,0.25919502488683205
23278,0.20574544476341255
23280,0.3946139378374844
23282,0.3839006665801016
23283,0.2461499973325716
23284,0.325064315043863
23286,0.1594418124512642
23287,0.2904496000002305
23288,0.2002833338902743
23289,0.21206642548418903
23291,0.05441107082034016
23293,0.3747808249084687
23294,0.1720348032436098
23295,0.27764189174597537
23297,0.22729253041468883
23298,0.11893931858369033
23299,0.2920241947209007
23304,0.3831849417070697
23305,0.13404488037767948
23306,0.14791864199545057
23307,0.052783738477446565
23309,0.3673184513638571
23310,0.31597460915635783
23311,0.33780045081081495
23313,0.20119117438712003
23314,0.3426108753521926
23315,0.2155019048747422
23318,0.1284998960981902
23319,0.050173226177388085
23320,0.18884303684081172
23321,0.2676066756314649
23322,0.17508228441351936
23323,0.28860378322241137
23325,0.1456622251588921
23326,0.28554500113345394
23328,0.3978422337121599
23332,0.0360433103945319
23333,0.04738566614557962
23334,0.4059713614805959
23335,0.1706184213896098
23336,0.22352932437174744
23338,0.08269727119716425
23339,0.21866992918116235
23340,0.3536142035318041
23343,0.36544626577492634
23344,0.13005188898076464
23346,0.10150953443885546
23347,0.28032020956032105
23348,0.2562680868534331
23349,0.37934639620380906
23351,0.27370540494429985
23352,0.36910399657342086
23353,0.4058545853171013
23354,0.26305617222818833
23356,0.39493036357082484
23357,0.29501893826858683
23359,0.16588333630855134
23361,0.28348069992070934
23364,0.3158615999658791
23365,0.17013248187055136
23366,0.37649479763072935
23367,0.21254859803023157
23368,0.35500044960167637
23369,0.3604399586367189
23371,0.34304031027601173
23372,0.23643874089743339
23373,0.30285800911479416
23377,0.11841194236145629
23378,0.25749612005663525
23385,0.2716373367585393
23387,0.06137243695382942
23388,0.37079536745758584
23392,0.07442123148110583
23394,0.39902506323917053
23395,0.31948166103421416
23397,0.39692309229626627
23398,0.06830366730319104
23399,0.2508135099263268
23401,0.27682069162849665
23402,0.2160104462318964
23404,0.330458620402714
23407,0.37357162657034637
23409,0.16937155332132792
23410,0.3303531451582672
23411,0.043969021620106255
23412,0.2719349276267999
23413,0.0902425181481269
23415,0.2453061953769971
23416,0.2548931417026086
23417,0.138953246217472
23419,0.16492275818948227
23421,0.0877939856877546
23422,0.15421325390511537
23423,0.27624811173007113
23426,0.21883944296688046
23427,0.24161456182135888
23428,0.1479864475097378
23430,0.3536518732619637
23431,0.1818892046533544
23432,0.16487378754027482
23433,0.1420609989556368
23435,0.05610997565053694
23436,0.14864566778753036
23438,0.2735283572125499
23439,0.06893651876987186
23440,0.23874036141018334
23441,0.08276130973843551
23442,0.16112188241638126
23443,0.29914377372106016
23444,0.2592213936979437
23447,0.06593424127615383
23450,0.27760045504279984
23452,0.23719213550062485
23453,0.2868860435271348
23454,0.19980116134423176
23455,0.058520838380749673
23456,0.08710839659885035
23457,0.3186566939437195
23459,0.17497304219605658
23462,0.2971096082924432
23463,0.36844854326864435
23466,0.2297749656322048
23468,0.2970606376432357
23469,0.21674123899699216
23470,0.2185870557748113
23471,0.3748260285846602
23472,0.39297153760252695
23473,0.2546219196454597
23474,0.37685642704026123
23476,0.3226270835025386
23477,0.10533677902306818
23478,0.29559151816701235
23479,0.38702348721033025
23480,0.28056882977937425
23481,0.1860517098359873
23482,0.1885002422963596
23483,0.36879510478611244
23484,0.29364776009077836
23486,0.1871026953074394
23487,0.1856712455613756
23488,0.20783988176028484
23489,0.16538986284346097
23490,0.3750633478846655
23492,0.2515480696644385
23493,0.04620283661856899
23494,0.3878597552198728
23495,0.40426115573135124
23496,0.2922087763986826
23497,0.2533675176311459
23498,0.10254168504522779
23499,0.13814334701904113
23500,0.17191426010709915
23501,0.04274852236293607
23504,0.34912397169678283
23505,0.12054781606150414
23506,0.153094462919376
23507,0.37633281779104316
23508,0.28258792731592747
23509,0.19653896271241267
23514,0.32013334736597476
23515,0.07735570346053666
23516,0.07407466996363776
23517,0.38970933897070786
23519,0.39173973742630885
23520,0.16076401997986528
23521,0.19977102556010412
23523,0.158138439787743
23524,0.2697990539267521
23525,0.2583173201741139
23526,0.2001966935109073
23528,0.21691451975572618
23529,0.1832377809930671
23530,0.2348980489339068
23531,0.33074491035192677
23532,0.06258916923798366
23533,0.05468229287748909
23534,0.04989447017420724
23535,0.16092599981955147
23538,0.10889656852314793
23540,0.07711461718751536
23542,0.048402748859888114
23544,0.31926694357230456
23550,0.38184766628640476
23551,0.37307061915922407
23552,0.36894955067976665
23553,0.17751198200881185
23554,0.2544825416438693
23556,0.282448549314337
23557,0.3172139432786078
23560,0.23338749275450787
23561,0.143899281787424
23564,0.19748447293941795
23565,0.2912557322256454
23566,0.21570908839061986
23568,0.3925797724088674
23569,0.05380082119175506
23571,0.3476548522205595
23572,0.04277112420103181
23573,0.20440440236973173
23574,0.26138363620910327
23575,0.1460426894335038
23576,0.34091197052199573
23577,0.23380185978626322
23578,0.3786495061958569
23581,0.37372607246400064
23582,0.2542226205057682
23583,0.28395910549373593
23584,0.2873343133160337
23585,0.10347212738016927
23586,0.28824968775891135
23590,0.1053970505913235
23592,0.07674168685893559
23593,0.19219940979802974
23596,0.3422341780505968
23598,0.2856542433509167
23599,0.12505688276160515
23602,0.1583230214655249
23603,0.395261857196229
23604,0.37499177539736234
23606,0.10757436099454687
23607,0.15373108135907282
23608,0.10032293793882889
23609,0.38499685572774517
23610,0.3147880126563312
23611,0.09496253533712151
23612,0.08560160739246739
23614,0.06475894569517512
23615,0.18559967307407238
23616,0.16635797490856202
23618,0.2913084698478688
23619,0.23891740914193338
23621,0.17342481628649808
23622,0.23965196888004503
23625,0.23790786037365674
23626,0.23217076047035362
23629,0.23279984496401857
23632,0.2167224041319124
23633,0.23400150935610897
23634,0.2021931892093647
23636,0.26438968067583724
23642,0.24431548147380028
23643,0.19072652334879042
23645,0.28736821607317736
23646,0.33933737580132556
23647,0.22277216279553996
23649,0.3850495933499685
23651,0.1889334441931947
23652,0.16159652101639188
23653,0.10053012145470655
23654,0.4012626452106492
23655,0.29049103670340604
23656,0.31743619468654927
23659,0.22252354257648677
23661,0.07703927772719622
23662,0.23247211831163028
23663,0.3501222195460116
23664,0.3436844626617404
23665,0.13856148102381238
23666,0.35001674430156476
23667,0.22284373528284313
23668,0.06060774143159007
23669,0.3111679515879962
23670,0.15679363042104622
23671,0.2786552074872679
23673,0.20273940029667853
23674,0.16928114596894495
23675,0.26790803347274145
23676,0.37727832801804845
23679,0.3653219556653997
23680,0.307205095975209
23681,0.17626888091354592
23684,0.4010328598566758
23686,0.3096724633006611
23687,0.16310331022277486
23688,0.03818671804061166
23689,0.3497417552713999
23692,0.4033721500995853
23693,0.171929327999163
23694,0.33524267613297987
23696,0.11331146089784998
23697,0.20823541392696038
23698,0.25941350932175755
23700,0.11053520178508938
23701,0.23213685771321008
23703,0.3546237523000807
23704,0.14342087621439742
23706,0.07155456501596227
23707,0.16725451448635992
23711,0.19093370686466804
23713,0.4013492855900162
23714,0.2704997109077202
23716,0.14524785812713675
23719,0.3007937079020495
23721,0.18428499949150323
23722,0.1973375609917956
23723,0.3498660653809265
23724,0.25378188466290125
23726,0.05167624841075509
23728,0.1222919245678924
23729,0.39110688595962806
23730,0.40525940358058
23731,0.22530733563527933
23733,0.2080621331682263
23735,0.24114745716738012
23736,0.094476595818063
23737,0.09742613568955766
23738,0.38371231792930366
23740,0.2696182392219861
23742,0.23729761074507172
23743,0.3813654937403622
23744,0.13968027200955174
23745,0.3850797291340962
23748,0.28442244317469867
23749,0.39908533480742586
23751,0.3735791605163783
23752,0.38742278635002175
23753,0.1693602524022801
23754,0.29730925786228896
23755,0.09532039777363746
23756,0.15648473863373769
23758,0.27142638626964566
23759,0.378464924518075
23760,0.25632835842168844
23761,0.394644073621612
23763,0.06701159555871763
23764,0.3784536235990272
23765,0.11515351070265316
23767,0.1348660804951582
23768,0.1211882014742169
23769,0.17702604248975334
23771,0.324883500339097
23772,0.13189017181255186
23773,0.0839818089956057
23774,0.3961847655851386
23775,0.049721189415473196
23776,0.09631111167683426
23777,0.05771470615533479
23779,0.10915648966124897
23780,0.08896551429571734
23782,0.12984847243790298
23783,0.19937172642041262
23785,0.3682564276448305
23788,0.1300292871426689
23790,0.3367532323123788
23791,0.1820549514660565
23793,0.352389937301618
23794,0.3442043049379425
23795,0.1974656380743382
23796,0.1956687919457265
23797,0.21261263657150287
23798,0.038118912526324426
23799,0.1453533333715836
23800,0.3708933087560007
23801,0.17125880680232258
23803,0.19272678602026377
23804,0.088287459152845
23806,0.1479487777795782
23807,0.34415533428873507
23808,0.05000371239167001
23809,0.19611706173462545
23810,0.3708405711337773
23815,0.3540511724016551
23816,0.3129158270674004
23818,0.12466888454096152
23819,0.4002530964423726
23821,0.25383462228512466
23823,0.2050146519983168
23824,0.20638959714914124
23825,0.2925779397542464
23829,0.24613116246749178
23830,0.3426598460014
23831,0.04521588968838816
23832,0.18801053580428512
23833,0.3837575216054952
23835,0.18095499534539694
23836,0.15758092778138127
23837,0.33661762128380435
23839,0.09372320121487152
23843,0.381120640494325
23844,0.26588893593618834
23846,0.3468713218332404
23847,0.15716656074962598
23848,0.19364969440917335
23852,0.3257800399168949
23853,0.1845260857645245
23854,0.20322533981573704
23856,0.19011627372020534
23858,0.27176164686806586
23859,0.4055080237996332
23861,0.27966852322856045
23863,0.22071162855581128
23864,0.25597049598517246
23865,0.2575714595169544
23866,0.20553449427451892
23867,0.15072880386535478
23868,0.22488920163050802
23869,0.04268825079468074
23872,0.2779771523443956
23875,0.12237479797424347
23876,0.28302112921276257
23878,0.17021535527690235
23879,0.14462254060648783
23880,0.38374245371343135
23881,0.2827800429397413
23883,0.3371525314520703
23884,0.175730203772264
23885,0.3290196367106183
23889,0.3798021999387399
23890,0.2385896824895451
23891,0.23306353307513555
23892,0.2681491197457627
23893,0.3613251972954689
23894,0.27342664894111907
23895,0.13215009295065291
23896,0.0996411158229406
23897,0.20430646107131684
23898,0.3222692210660226
23899,0.08415508975433975
23900,0.09774632839591403
23901,0.3101094321705122
23904,0.22825687550677393
23906,0.3889182746373568
23908,0.30321587155131013
23909,0.20699231283169445
23910,0.3721138080131709
23911,0.35044994619839986
23912,0.28874692819701775
23913,0.34336050298236803
23914,0.3748222616116442
23915,0.31646431564843225
23916,0.24857969492786408
23917,0.3229472762088949
23918,0.10204821158013738
23919,0.382533255375309
23920,0.13943918573653047
23921,0.21954386692086447
23922,0.37460001020370276
23923,0.3763215168719953
23924,0.272285256117284
23926,0.18788622569475855
23928,0.37939913382603246
23929,0.3883758305230589
23930,0.2678891986076617
23931,0.059116020117270934
23932,0.13272643982209442
23933,0.1926552135329606
23935,0.3223935311755492
23936,0.17728219665483846
23937,0.15749428740201427
23938,0.39115208963581954
23939,0.2669474553536723
23940,0.4008181423947662
23941,0.26357224753137454
23942,0.17020405435785452
23943,0.05488947639336675
23945,0.30329121101162926
23946,0.13939774903335495
23947,0.22071162855581128
23948,0.39920211097092045
23949,0.3575318554683998
23950,0.21730628494938575
23951,0.2190729952938698
23953,0.2805198591301668
23955,0.059451280715691154
23956,0.24289533264678437
23957,0.3809096900054314
23958,0.23350803589101854
23959,0.4026300564154417
23960,0.19045530129164145
23961,0.2690230574854649
23962,0.10694904347389794
23963,0.2364123720863217
23965,0.2416258627404067
23966,0.050670466615494465
23967,0.2672149104378054
23968,0.102082114337281
23969,0.10847843451837665
23970,0.39004836654214403
23971,0.2057416777903966
23972,0.38881279939291
23973,0.24625547257701835
23974,0.36045879350179866
23975,0.05032767207104234
23977,0.21363348625882733
23978,0.1428595972350198
23979,0.12064199038690308
23980,0.21053703443971034
23981,0.17617093961513103
23982,0.257692002653465
23983,0.04258277555023394
23984,0.047897974475749824
23985,0.29368166284792196
23987,0.39489646081368124
23989,0.2695315988426191
23990,0.3948587910835216
23991,0.37400859544019743
23992,0.19075665913291806
23993,0.27891889559838495
23994,0.16609051982442907
23995,0.3946403066485961
23996,0.3695711012273996
23998,0.216138523314439
23999,0.09402079208313216
24000,0.14180484479055172
24001,0.3695824021464475
24002,0.3448522242966872
24003,0.12950944486646676
24004,0.06260047015703153
24005,0.3320633509075118
24006,0.16509980592123225
24007,0.24042419834831635
24008,0.21366738901597093
24010,0.3207134612104322
24012,0.12560686082193492
24014,0.37172204281951127
24015,0.3978196318740641
24016,0.4018239241900269
24018,0.10908868414696174
24019,0.288547278627172
24020,0.37511231853387295
24021,0.22619634126704524
24022,0.3800508201577931
24024,0.2534202552533693
24026,0.3576486316318945
24028,0.19580816994731692
24029,0.2780863945618584
24030,0.3156845522341291
24031,0.31108884515466106
24033,0.0537443165965157
24034,0.4069507744647448
24035,0.382533255375309
24036,0.1756096606357534
24038,0.212156832836572
24039,0.2779884532634435
24040,0.05139749240757424
24041,0.20755359181107208
24043,0.3732363659719262
24045,0.39094490611994187
24046,0.2233522766399974
24047,0.3423622551331394
24048,0.3871817000770005
24049,0.37590714984023993
24050,0.4066418826774364
24053,0.04147151851052651
24054,0.06280765367290919
24055,0.27187842303156057
24057,0.24204776371819398
24059,0.3349902889409107
24060,0.2869425481223742
24061,0.2848443441524859
24062,0.29376076928125705
24063,0.3490071955332882
24064,0.4027882692821119
24065,0.37908647506570803
24066,0.19538250199651375
24067,0.05956428990616987
24068,0.3244691333073417
24070,0.3433039983871287
24071,0.15067983321614736
24072,0.3878748231119366
24073,0.07798102098118558
24076,0.20060352659663072
24077,0.14247536598739213
24078,0.15012985515581756
24079,0.15861307838775363
24080,0.17007597727531193
24081,0.2637153925059809
24082,0.05199267414409551
24083,0.10958592458506812
24085,0.28704802336682095
24086,0.14660020143986546
24087,0.3002474968147357
24088,0.33686624150285754
24089,0.1905570095630723
24090,0.4059864293726598
24092,0.16451215813074288
24093,0.2679231013648053
24094,0.07012311526989845
24096,0.2048451382125987
24097,0.34134517241883083
24098,0.2653916954980819
24099,0.16841097520225878
24100,0.23298442664180047
24101,0.18316244153274797
24102,0.3819230057467239
24103,0.2268517945718218
24104,0.14177094203340812
24105,0.18695578335981705
24106,0.3297014588265066
24107,0.27310268926174674
24108,0.12805916025532318
24109,0.3332311125424587
24110,0.048545893834494494
24111,0.209241195722221
24112,0.25763549805822566
24113,0.07580747755097816
24114,0.22472345481780587
24115,0.277148418280885
24116,0.08766214163219607
24117,0.21489542221917307
24118,0.1989498254426254
24119,0.4012174415344577
24120,0.10426319171352032
24122,0.04471864925028178
24123,0.2311084740798537
24124,0.19346511273139144
24126,0.3475908136792882
24127,0.3851588355674313
24128,0.39916444124076095
24129,0.20903401220634338
24130,0.2855751369175817
24131,0.048380147021792365
24132,0.4021252820313035
24133,0.05563910402354227
24135,0.25256138540573103
24136,0.1014191270864725
24137,0.1941959054964872
24138,0.38247675078006965
24139,0.23571924905138553
24140,0.19004470123290212
24141,0.0901182080386003
24143,0.25032757040726833
24144,0.11116428627875427
24145,0.28215849239210833
24146,0.07126074112071759
24147,0.3469880979967351
24148,0.3723812630973038
24149,0.15180239117490266
24150,0.34522892159828295
24151,0.2342915662783377
24152,0.35573500933978813
24153,0.2069923128316944
24154,0.30290321279098564
24155,0.18560344004708834
24156,0.1977707628886307
24157,0.25406440763909804
24158,0.3938869120454046
24159,0.3900069298389685
24160,0.3657739924273146
24161,0.20447220788401893
24162,0.08046722317171745
24163,0.22508131725432184
24166,0.40643093218854276
24167,0.19931522182517325
24168,0.3839684720943887
24169,0.3464720226935489
24172,0.31895051783896416
24173,0.2499320382405928
24174,0.08101343425903128
24177,0.07674545383195155
24178,0.40583575045202147
24180,0.39774052544072896
24181,0.30793588874030475
24182,0.25594789414707675
24183,0.3406708842489745
24184,0.32322979918509176
24185,0.07430445531761115
24187,0.2858689608128263
24189,0.3227476266390492
24190,0.39961271102965984
24191,0.35970916587162316
24193,0.06652565603965914
24195,0.3894494178326068
24196,0.26186204178212985
24198,0.30066939779252294
24200,0.40252081419797897
24201,0.2558913895518374
24203,0.2031763691665296
24204,0.34576759873956486
24206,0.3067756610513898
24207,0.38439790701820786
24208,0.18049165766443415
24209,0.20618994757929549
24210,0.1466793078732006
24212,0.12849989609819018
24213,0.28509673134455504
24214,0.34159002566486807
24215,0.352566985033368
24216,0.3914798162882078
24219,0.15532074397180684
24220,0.28310400261911356
24223,0.3820134130991069
24224,0.17728596362785443
24225,0.18853037808048723
24226,0.38382156014676644
24227,0.1287296814521636
24228,0.10656481222627028
24229,0.13978951422701452
24230,0.15766380118773235
24231,0.37530066718467087
24232,0.07251891010804735
24233,0.1578596837845621
24234,0.22540527693369417
24235,0.09212223768308964
24236,0.39850522096296837
24237,0.18166318627239691
24239,0.2777699688285179
24241,0.10544602124053094
24242,0.09548991155935554
24244,0.1712776416674024
24245,0.3939923872898514
24246,0.27423278116653393
24248,0.3239078543279641
24249,0.2647475431123532
24250,0.3673749559590964
24251,0.13794369744919538
24252,0.10801132986439793
24253,0.21477111210964644
24255,0.3946742094057397
24257,0.1902330498837
24259,0.1662374317720514
24260,0.1787287142929661
24261,0.2616397903741884
24263,0.20520300064911468
24264,0.15856034076553022
24265,0.22748087906548675
24266,0.2912858680097731
24267,0.2500525813771034
24268,0.3984675512328088
24270,0.31167649294515043
24271,0.30898687421175686
24272,0.08274247487335572
24274,0.38107166984511753
24275,0.2497700584009066
24277,0.3239605919501875
24278,0.08432837051307379
24280,0.1316754543506423
24281,0.21446222032233792
24283,0.2831718081334008
24286,0.29588534206225703
24287,0.2726619534188797
24288,0.26591153777428406
24289,0.19396612014251374
24291,0.21328315776834328
24292,0.35995025214464443
24293,0.04017567979303716
24295,0.14228701733659427
24296,0.2009124183839392
24297,0.37504074604656973
24298,0.3524916455730488
24299,0.34679974934593716
24300,0.18846257256620003
24301,0.19409043025204037
24302,0.23984408450385886
24303,0.4047056585472343
24304,0.3930807798199897
24305,0.28959826409862416
24306,0.32403216443749067
24307,0.17285223638807257
24308,0.34867570190788394
24309,0.05928930087600499
24310,0.22600045867021545
24311,0.20392599679670514
24312,0.18693694849473724
24313,0.1736809704515832
24314,0.2015603377426839
24315,0.10887019971203622
24316,0.14314212021121658
24318,0.06848824898097294
24319,0.38981104724213866
24320,0.24921631336756084
24321,0.22184172046059847
24322,0.39691179137721844
24323,0.39403005702001104
24324,0.21181780526513588
24325,0.40283723993131937
24327,0.303664141340209
24329,0.39364959274539935
24330,0.33055279472811294
24331,0.2802938407492094
24332,0.30473396167674094
24333,0.4016581773773247
24334,0.17453984029922148
24335,0.36752186790671876
24338,0.2108760620111465
24339,0.04843665161703173
24340,0.2534616919565449
24343,0.401454760834463
24344,0.045178219958228585
24345,0.19417707063140738
24346,0.19280965942661482
24348,0.3912613318532823
24349,0.24223234539597582
24351,0.11733082110587653
24352,0.38258599299753243
24353,0.13276410955225398
24354,0.40206124349003214
24355,0.3166865670563737
24356,0.2599634873820873
24357,0.18666195946457237
24358,0.37840088597680377
24359,0.2035417655490775
24361,0.2784932276475817
24362,0.1695975717022854
24363,0.08202298302730787
24364,0.14983603126057288
24365,0.38915936091037806
24367,0.24659450014845452
24368,0.036785404078675504
24369,0.1180390120328765
24372,0.2338583643815026
24373,0.13560440720628583
24374,0.14062578223655706
24375,0.11090813211366916
24377,0.3746489808529102
24378,0.11542096578678611
24379,0.40207631138209604
24380,0.14069735472386025
24381,0.28832502721923053
24382,0.16592853998474288
24383,0.3004923500607729
24384,0.08140143247967488
24385,0.1419668246302379
24386,0.08863778764332905
24387,0.2732985718585765
24388,0.27553615383005525
24389,0.15100379289551966
24390,0.08195141054000468
24392,0.1463854839779559
24394,0.2993547242099538
24395,0.38304556370547926
24396,0.4067172221377555
24398,0.330808948893198
24399,0.04737436522653174
24400,0.053544667026669955
24401,0.11592950714394037
24402,0.14857409530022714
24403,0.16372109379739186
24404,0.20272056543159872
24405,0.3461179272300489
24406,0.3955933508216333
24407,0.2432381271912365
24408,0.261236724261481
24409,0.3274073722597885
24410,0.06617909452219106
24411,0.10537444875322774
24412,0.052037877820287
24413,0.05813284016010606
24414,0.20983261048572632
24416,0.387931327707176
24417,0.28469743220486354
24419,0.21672617110492837
24420,0.13852004432063686
24421,0.09226161568468007
24422,0.14010593996035492
24425,0.39037986016754833
24426,0.074937306784292
24427,0.37935769712285694
24429,0.32875594859950125
24432,0.15062709559392395
24433,0.14811829156529632
24434,0.2033270480871679
24435,0.40519159806629274
24436,0.30639896374979414
24437,0.1634837744973865
24439,0.19822656662356158
24440,0.2303588464496782
24441,0.3368624745298416
24442,0.3611556835097508
24443,0.1361393173745518
24444,0.22785380939406652
24445,0.24820299762626835
24446,0.19189051801072127
24447,0.38097749551971866
24449,0.20209148093793383
24450,0.19215797309485422
24451,0.30816567409427814
24452,0.28128078767939024
24453,0.28274614018259764
24454,0.0780940301716643
24456,0.3571815269779157
24457,0.15901614450046106
24458,0.26971241354738507
24459,0.0549911846647976
24460,0.23664592441331106
24461,0.2779771523443956
24462,0.10902841257870642
24464,0.3242845516295598
24465,0.08989218965764285
24466,0.167778123735578
24467,0.16048526397668444
24468,0.27924662225077324
24469,0.1573059387512164
24474,0.2749070693363903
24475,0.04799968274718067
24476,0.31724031208971953
24477,0.34456593434747446
24478,0.39483618924542585
24480,0.3045945836751505
24481,0.16260983675768442
24483,0.13052652758077526
24484,0.12047624357420095
24485,0.3563377250223413
24486,0.3925948403009312
24487,0.2627849501710394
24488,0.18747939260903512
24489,0.23782875394032166
24491,0.2566259492899491
24492,0.36462129868443155
24494,0.05195123744091998
24496,0.21271057786991776
24497,0.31351477577693765
24499,0.15223559307173773
24501,0.1766079084849821
24502,0.3766718453624793
24503,0.40091608369318116
24504,0.3809360588165431
24505,0.37278432921001126
24506,0.2653653266869702
24507,0.24700886718020987
24508,0.10398820268335543
24509,0.18934404425193407
24510,0.33456838796312355
24511,0.37220421536555387
24512,0.08849840964173862
24513,0.3189279160008684
24514,0.20606940444278488
24515,0.23814894664667802
24517,0.38099633038479835
24518,0.08528894863214292
24520,0.0817894307003185
24521,0.08134116091141957
24523,0.2820718520127413
24524,0.051352288731382756
24526,0.14916927703674843
24527,0.22222595170822612
24528,0.17214781243408855
24530,0.2230396178796729
24531,0.35745651600808065
24532,0.3898863867024579
24533,0.32319589642794816
24534,0.28326221548578384
24535,0.38139939649750587
24536,0.30616164444978883
24538,0.3006957666036346
24539,0.1312686212649189
24540,0.39429751210414393
24541,0.25639616393597564
24543,0.33621455517109694
24544,0.3052764057910388
24546,0.26459309721869895
24547,0.3667270366003518
24548,0.2238532840511197
24549,0.3064780701831292
24550,0.40197837008368104
24551,0.2559441271740608
24552,0.27460571149511376
24554,0.38800290019447914
24555,0.38460885750710155
24556,0.18141079908032776
24558,0.3637548948907614
24559,0.4036320712376864
24560,0.20955008750952947
24561,0.11921054064083926
24562,0.37589961589420806
24563,0.3638641371082242
24564,0.2670227948139915
24567,0.19147238400594996
24568,0.173876853048413
24569,0.35805546471761784
24570,0.3605605017732295
24571,0.1650508352720248
24572,0.40141332413128744
24573,0.3839082005261335
24575,0.38790495889606424
24576,0.27949147549681047
24577,0.3080564318768154
24578,0.3956837581740163
24579,0.10329131267540331
24581,0.186168485999482
24582,0.22697233770833247
24583,0.11618189433600952
24587,0.22711548268293885
24588,0.23580588943075254
24589,0.32679335565818746
24591,0.2774347082300977
24592,0.06670270377140913
24593,0.1785139968310565
24594,0.3043158276719697
24595,0.3810415340609899
24596,0.2052105345951466
24597,0.15305302621620048
24599,0.12410383858856791
24600,0.28450908355406573
24601,0.2533147800089225
24603,0.4035039941551439
24604,0.2785045285666296
24605,0.17982867041362566
24608,0.18447334814230115
24609,0.35011091862696375
24610,0.1051145276151267
24613,0.31563181461190565
24614,0.26497356149331064
24615,0.244692178775396
24616,0.07996621576059512
24618,0.373778810086224
24619,0.24827080314055555
24620,0.29801368181627297
24621,0.13184873510937634
24622,0.3176848149056025
24623,0.3145808291404536
24624,0.34924074786027753
24625,0.3364631753901501
24628,0.3269854712820013
24629,0.2392752715784493
24630,0.3669568219543252
24631,0.37577530578468143
24632,0.37603145994976656
24633,0.24219467566581632
24634,0.36692291919718156
24635,0.32554648758990556
24636,0.2357305499704334
24637,0.37624617741167615
24638,0.06196008474431878
24639,0.1546426888289345
24640,0.2942429418272996
24641,0.1474063336652804
24642,0.05913862195536669
24643,0.1355667374761263
24644,0.15102262776059944
24645,0.10935990620411067
24646,0.2067474595856572
24647,0.1221789153774137
24648,0.38143329925464947
24649,0.24632704506432151
24650,0.11996016827101479
24651,0.16069621446557802
24652,0.1091903924183926
24653,0.4046905906551704
24654,0.393762601935878
24655,0.3524389079508254
24656,0.22053458082406124
24657,0.2404430332133961
24658,0.06763691307936658
24659,0.1840288453264181
24660,0.2939491179320549
24661,0.3980833199851811
24662,0.20517286486498704
24663,0.3878635221928887
24664,0.18204741752002457
24665,0.19478732025999246
24666,0.17131907837057792
24667,0.12678969034894555
24668,0.34626483917767126
24669,0.16033081808303018
24670,0.40604670094091505
24671,0.2673015508171723
24672,0.40596759450757997
24673,0.20594132736024234
24674,0.23036638039571006
24675,0.2801808315587307
24676,0.15539985040514195
24677,0.3930732458739578
24678,0.13252679025224867
24679,0.1639019085021578
24680,0.16232731378148763
24681,0.22737917079405584
24682,0.12071732984722222
24683,0.33784942146002245
24684,0.39124626396121853
24685,0.17768902974056183
24686,0.3332160446503948
24687,0.32097714932154925
24688,0.13923953616668472
24689,0.1309521955315785
24690,0.2271795212242101
24691,0.22060615331136446
24692,0.09922674879118529
24693,0.348762342287251
24694,0.19227474925834886
24695,0.3744794670671921
24696,0.30580001504025683
24697,0.30267342743701225
24698,0.23833352832445998
24699,0.10284304288650438
24700,0.05719109690611672
24701,0.2741574417062148
24702,0.40249067841385133
24703,0.15400607038923772
24704,0.244786353100795
24705,0.39494543146288863
24706,0.3114730764022887
24707,0.12718522251562106
24708,0.19958644388232222
24709,0.17493913943891293
24710,0.1939133825202904
24711,0.2974712377019751
24712,0.2814653693571721
24713,0.2516535449088853
24714,0.4005280854725375
24715,0.046402486188414735
24716,0.08737208470996737
24717,0.26550470468856063
24718,0.2367099629545823
24719,0.19364216046314142
24720,0.3721401768242826
24721,0.3478469678443733
24722,0.27150172572996484
24723,0.17411040537540234
24724,0.09480808944346725
24725,0.40242663987258004
24726,0.3004245445464857
24727,0.1577692764321792
24728,0.11071224951683938
24729,0.24494456596746517
24730,0.3095180174070069
24731,0.16483988478313122
24732,0.4030406564741811
24733,0.13272643982209442
24734,0.23383199557039086
24735,0.18471066744230646
24736,0.4034361886408566
24737,0.40407657405356934
24738,0.37516128918308045
24739,0.35619834702075087
24740,0.2424583637769333
24741,0.2860196397334646
24742,0.313834968483294
24743,0.07592425371447284
24744,0.2143755799429709
24745,0.16260606978466846
24746,0.3192368077881769
24747,0.13705469181742944
24748,0.3112658928864111
24749,0.3329222207551501
24750,0.05761299788390395
24751,0.16319371757515777
24752,0.17782840774215225
24753,0.14645705646525908
24754,0.39528822600734076
24755,0.4043892328138938
24756,0.35940404105733065
24757,0.3921465705120323
24758,0.06190734712209538
24759,0.22792538188136968
24760,0.14999801110025907
24761,0.2787757506237786
24762,0.176615442431014
24763,0.0628340224840209
24764,0.1696013386753013
24765,0.15344102443684413
24766,0.26669130118858725
24767,0.1562549532797643
24768,0.2900389999414911
24769,0.2543732994264065
24770,0.22592135223688037
24771,0.3320181472313204
24772,0.3287710164915651
24773,0.10542718637545116
24774,0.3330050941615012
24775,0.37111556016394215
24776,0.33412388514724056
24777,0.10114790502932355
24778,0.20073913762520518
24779,0.2065967806650189
24780,0.33820728389653837
24781,0.1819381753025618
24782,0.08037681581933448
24783,0.10870445289933409
24784,0.3955142443882982
24785,0.18527571339470006
24786,0.23339879367355576
24787,0.12549008465844025
24788,0.40140955715827153
24789,0.16310707719579082
24790,0.3615361477843625
24791,0.3241979112501928
24792,0.32649576478992676
24793,0.23050952537031644
24794,0.3703056609655113
24795,0.4014886635916066
24796,0.10247764650395651
24797,0.28104723535240084
24798,0.17713528470721612
24799,0.2892931392843316
24800,0.3978987383073992
24801,0.4041519135138885
24802,0.4029238803106864
24803,0.14411023227631764
24804,0.22085854050343356
24805,0.3104409257959164
24806,0.2020613451538062
24807,0.24818039578817258
24808,0.10507309091195116
24809,0.3798587045339793
24810,0.405168996228197
24811,0.40622751564568105
24812,0.12730953262514766
24813,0.13277164349828588
24814,0.22544671363686974
24815,0.2095576214555614
24816,0.17747807925166825
24817,0.19334456959488078
24818,0.12962998800297743
24819,0.2069094394253434
24820,0.06116902041096772
24821,0.40646483494568636
24822,0.13490751719833372
24823,0.38691801196588343
24824,0.23033624461158242
24825,0.3628508213669316
24826,0.11770375143445631
24827,0.38573518243887284
24828,0.32440886173908645
24829,0.14860046411133887
24830,0.1902857875059234
24831,0.3351108320774213
24832,0.13025907249664231
24833,0.14301404312867405
24834,0.2600614286805022
24835,0.10337418608175439
24836,0.2750313794459169
24837,0.381648016716559
24838,0.17789998022945547
24839,0.4008445112058779
24840,0.2135091761493007
24841,0.23468333147199721
24842,0.054987417691781636
24843,0.1967536801743222
24844,0.23725617404189614
24845,0.08953809419414288
24846,0.1789924024040831
24847,0.39555568109147377
24848,0.30045468033061334
24849,0.32812686410583636
24850,0.1819796120057373
24851,0.27388245267604994
24852,0.15715149285756214
24853,0.234174790114843
24854,0.20286371040620516
24855,0.0746284149969835
24856,0.16106161084812592
24857,0.40355296480435127
24858,0.08292705655113763
24859,0.4049241429821598
24860,0.3991041696725056
24861,0.2249984438479708
24862,0.3414431137172458
24863,0.37308192007827184
24864,0.40536864579804277
24865,0.05253888523140933
24866,0.24251110139915671
24867,0.3730254154830326
24868,0.1322668691141476
24869,0.2699082961442148
24870,0.19019538015354043
24871,0.23185056776399732
24872,0.26041175717098625
24873,0.33811310957113944
24874,0.25178915593745976
24875,0.3753157350767347
24876,0.2910447817367518
24877,0.2480033480564226
24878,0.3995185367042609
24879,0.13241378106176993
24880,0.0629583325935475
24881,0.3100265587641611
24882,0.18380282694546074
24883,0.3932163908485642
24884,0.31916146832785774
24885,0.25909708358841715
24886,0.3441176645585755
24887,0.1235576275012541
24888,0.15362937308764196
24889,0.15997295564651426
24890,0.3985880943693194
24891,0.2250285796320985
24892,0.3864471403388888
24893,0.08741352141314289
24894,0.21959283757007192
24895,0.14821246589069523
24896,0.33468893109963416
24897,0.07878715320660046
24898,0.39865589988360667
24899,0.2900050971843475
24900,0.07608246658114305
24901,0.3750332121005379
24902,0.1327415077141582
24903,0.28956812831449646
24904,0.06890638298574422
24905,0.2821396575270285
24906,0.10704321779929686
24907,0.23948622206734294
24908,0.3704601068591655
24909,0.14435885249537084
24910,0.23505626180057704
24911,0.3483329073634318
24912,0.05667502160293055
24913,0.2951281804860496
24914,0.07105355760483993
24915,0.18637190254234365
24916,0.042096836031175436
24917,0.3165886257579589
24918,0.0967593814657332
24919,0.33521254034885223
24920,0.244341850284912
24921,0.20199730661253495
24922,0.174050133807147
24923,0.3805970312451069
24924,0.3645572601431603
24925,0.221619469052657
24926,0.04743840376780302
24927,0.3734699182989155
24928,0.2900879705906986
24929,0.40117977180429815
24930,0.38428489782772923
24931,0.3972809547327822
24932,0.16561588122441845
24933,0.31666019824526204
24934,0.17056945074040242
24935,0.28085511972858707
24936,0.40649120375679804
24937,0.304202818481491
24938,0.2419611233388269
24939,0.3689043470035752
24940,0.3021837209449378
24941,0.20662691644914655
24942,0.35740377838585724
24943,0.06270217842846237
24944,0.38604784119919733
24945,0.40351906204720767
24946,0.3731233567814474
24947,0.40421595205515976
24948,0.2230509187987208
24949,0.14287089815406767
24950,0.11945916085989244
24951,0.4004188432550747
24952,0.08763200584806843
24953,0.3415523559347085
24954,0.33929217212513413
24955,0.13379249318561032
24956,0.2939679527971347
24957,0.24922008034057685
24958,0.06122175803319113
24959,0.15244654356063136
24960,0.31864162605165564
24961,0.22022568903675277
24962,0.400305834064596
24963,0.30004031329885805
24964,0.20164321114903494
24965,0.3418047431267776
24966,0.1740425998611151
24967,0.06432197682532406
24968,0.39940176054076626
24969,0.18717803476775852
24970,0.375635927783091
24971,0.3469880979967351
24972,0.094830691281563
24973,0.22227492235743357
24974,0.39892712194075564
24975,0.193947285277434
24976,0.3860365402801494
24977,0.17965162268187568
24978,0.2871798674223795
24979,0.1740840365642906
24980,0.04940853065514874
24981,0.2226704545241091
24982,0.39681761705181945
24983,0.28180062995559235
24984,0.32430338649463963
24985,0.24153545538802373
24986,0.12110156109484987
24987,0.34261087535219253
24988,0.2999574398925069
24989,0.3778358400244101
24990,0.2501279208374225
24991,0.3744643991751283
24992,0.36919817089881984
24993,0.3770749114751868
24994,0.16138180355448228
24995,0.23390356805769408
24996,0.05088141710438808
24997,0.21799564101130597
24998,0.2958175365479698
24999,0.2472687883183109
25000,0.3107159148260813
25001,0.13175832775699337
25002,0.23372652032594404
25003,0.32827754302647466
25004,0.3364104377679267
25005,0.14054290883020598
25006,0.26682314524414574
25007,0.05179679154726573
25008,0.24952143818185346
25009,0.31624583121350675
25010,0.2342501295751621
25011,0.24340387400393865
25012,0.047476073497962595
25013,0.3347190668837618
25014,0.1965351957393967
25015,0.22597408985910372
25016,0.36726194676861773
25017,0.4044871741123087
25018,0.20661561553009872
25019,0.11779792575985523
25020,0.3656195465336603
25021,0.1413113713254613
25022,0.29220500942566663
25023,0.20327431046494449
25024,0.2885585795462199
25025,0.3058640535815282
25026,0.39903636415821836
25027,0.28132975832859763
25028,0.05510796082829228
25029,0.2758149098332361
25030,0.28754526380492734
25031,0.4036471391297502
25032,0.06961080693972824
25033,0.2151741782223539
25034,0.36687394854797417
25035,0.25828718438998627
25036,0.11050506600096173
25037,0.4051840641202608
25038,0.18610821443122666
25039,0.3993565568645747
25040,0.09781790088321722
25041,0.395619719632745
25042,0.35432992840483607
25043,0.18933651030590215
25044,0.29677058072100704
25045,0.2651845119822043
25046,0.4000911166026865
25047,0.068130386544457
25048,0.37605406178786227
25049,0.4000911166026864
25050,0.37858546765458573
25051,0.21469200567631136
25052,0.27175034594901804
25053,0.05518706726162738
25054,0.37861560343871337
25055,0.2656365487441192
25056,0.33464372742344267
25057,0.30711845559584194
25058,0.15565600457022705
25059,0.3032949779846452
25060,0.39537486638670777
25061,0.12814580063469022
25062,0.24479765401984288
25063,0.40082190936778217
25064,0.37972686047842075
25065,0.0573869795029465
25066,0.31603488072461317
25067,0.12537330849494555
25068,0.2875414968319114
25069,0.27584504561736367
25070,0.3987839769661492
25071,0.2108948968762263
25072,0.28237697682703383
25073,0.40063732769000027
25074,0.28563917545885287
25075,0.32663514279151723
25076,0.26144767475037456
25077,0.3105878377435387
25078,0.10488850923416924
25079,0.29130470287485283
25080,0.40447587319326084
25081,0.21590497098744965
25082,0.37075769772742617
25083,0.2041294133395668
25084,0.31428323827219296
25085,0.397744292413745
25086,0.25854710552808735
25087,0.401458527807479
25088,0.18518907301533305
25089,0.36763111012418154
25090,0.10566450567545647
25091,0.39891958799472366
25092,0.3693337819273943
25093,0.39789497133438323
25094,0.3856636099515696
25095,0.34498783532526167
25096,0.20513519513482742
25097,0.40061849282492046
25098,0.393495146851745
25099,0.3649490253368199
25100,0.3862738595801547
25101,0.18372372051212565
25102,0.38414175285312285
25103,0.35675209205409664
25104,0.2807458775111243
25105,0.1786646757516948
25106,0.1093147025279192
25107,0.26357978147740646
25108,0.40298038490592575
25109,0.1399477270936847
25110,0.2548366371073693
25111,0.18310970391052456
25112,0.2764816640570605
25113,0.3730367164020804
25114,0.3196963784961237
25115,0.38860561587703235
25116,0.37694683439264415
25117,0.20915455534285393
25118,0.25218092113111934
25119,0.22503988055114632
25120,0.08879223353698329
25121,0.13662148992059434
25122,0.3961696976930748
25123,0.3376271700520809
25124,0.29138004233517195
25125,0.25203777615651296
25126,0.379169348472059
25127,0.3782577410021974
25128,0.40537241277105873
25129,0.24763795167387476
25130,0.2739803939744648
25131,0.16648605199110456
25132,0.1493764605526261
25133,0.3138990070245653
25134,0.04989070320119128
25135,0.23404671303230046
25136,0.2133697981477103
25137,0.14640808581605164
25138,0.2302609051512633
25139,0.13508456493008372
25140,0.1774291086024608
25141,0.25550339133119376
25142,0.22111469466851869
25143,0.05051978769485617
25144,0.12806292722833915
25145,0.319847057416762
25146,0.3645572601431603
25147,0.3383504288711447
25148,0.37205730341793153
25149,0.3860440742261813
25150,0.16447448840058332
25151,0.17322516671665233
25152,0.08807650866395139
25153,0.18532845101692347
25154,0.4028297059852875
25155,0.24968718499455556
25156,0.2795479800920498
25157,0.12599862601559447
25158,0.16692302086095562
25159,0.3131795151785174
25160,0.21659432704936982
25161,0.34741376594753826
25162,0.2802185012888902
25163,0.2131249449016731
25164,0.20817137538568908
25165,0.12937760081090827
25166,0.0688009077412974
25167,0.335852925761565
25168,0.36045502652878275
25169,0.05926293206489328
25170,0.23470593331009298
25171,0.3533919521238626
25172,0.23519563980216746
25173,0.08595570285596738
25174,0.33768744162033626
25175,0.287221304125555
25176,0.07921282115740365
25177,0.25196243669619384
25178,0.15395333276701434
25179,0.2835937091111881
25180,0.2684504775870393
25181,0.1116841285549564
25182,0.40156023607890984
25183,0.19048543707576915
25184,0.13242508198081782
25185,0.22596655591307185
25186,0.3203367639088365
25187,0.13360414453481245
25188,0.27392388937922546
25189,0.145138615909674
25190,0.34750040632690526
25191,0.39673851061848436
25192,0.40593369175043637
25193,0.32555778850895345
25194,0.27961578560633704
25195,0.39772169057564927
25196,0.25812520455030014
25197,0.15223182609872177
25198,0.07417261126205266
25199,0.3931636532263408
25200,0.1768263929199076
25201,0.4011835387773141
25202,0.11270874521529681
25203,0.13249665446812098
25204,0.10847466754536068
25205,0.37912037782285163
25206,0.20244557640143385
25207,0.12196043094248817
25208,0.1749805761420885
25209,0.37645336092755377
25210,0.28181193087464024
25211,0.1179862744106531
25212,0.40317626750275554
25213,0.11168789552797234
25214,0.21190067867148693
25215,0.18838723310588085
25216,0.37234736034016025
25217,0.36515997582571347
25218,0.19195832352500847
25219,0.30340045322909204
25220,0.3077814428466505
25221,0.3940187561009631
25222,0.20833712219839123
25223,0.28110750692065617
25224,0.23560247288789082
25225,0.34712370902530953
25226,0.39798914565978216
25227,0.17599389188338105
25228,0.3478545017904052
25229,0.29419397117809215
25230,0.30760439511490045
25231,0.15229586463999306
25232,0.12579144249971683
25233,0.3221110081993524
25234,0.39908910178044177
25235,0.2056324355729338
25236,0.30643286650693774
25237,0.40042637720110663
25238,0.37603145994976656
25239,0.14740633366528036
25240,0.4017485847297077
25241,0.21823296031131129
25242,0.11330769392483402
25243,0.15556559721784408
25244,0.4055155577456651
25245,0.22748841301151862
25246,0.27462077938717755
25247,0.3141513942166344
25248,0.05489701033939866
25249,0.3020631778084271
25250,0.1388892076762007
25251,0.16801167606256734
25252,0.3684259414305486
25253,0.06800984340794636
25254,0.31193641408325146
25255,0.3787700493323676
25256,0.20129664963156685
25257,0.13625609353804646
25258,0.19923988236485413
25259,0.23347413313387494
25260,0.38174219104195795
25261,0.38445817858646325
25262,0.34585800609194783
25263,0.20852923782220506
25264,0.15112056905901436
25265,0.1703170635483332
25266,0.21421360010328477
25267,0.17641579286116826
25268,0.14849875583990801
25269,0.37913921268793144
25270,0.15078154148757816
25271,0.06862762698256336
25272,0.1292344558363019
25273,0.401631808566213
25274,0.10649700671198306
25275,0.3938869120454046
25276,0.1648662535942429
25277,0.18759240179951386
25278,0.37559825805293146
25279,0.20503348686339656
25280,0.3977141566296173
25281,0.38137302768639414
25282,0.3208905089421822
25283,0.3607375495049795
25284,0.36769891563846885
25285,0.28448648171596996
25286,0.25285144232795975
25287,0.09061921544972264
25288,0.20870251858093908
25289,0.27749121282533706
25290,0.20045661464900838
25291,0.22108079191137509
25292,0.20066003119187004
25293,0.371567596925857
25294,0.39571012698512803
25295,0.2882459207858954
25296,0.2884267354906614
25297,0.269011756566417
25298,0.0653089237555049
25299,0.3165584899738312
25300,0.06727905064285061
25301,0.28568061216202845
25302,0.17929752721837566
25303,0.3271248492835917
25304,0.2915985267700975
25305,0.3924177925691812
25306,0.3273471006915332
25307,0.16186020912750887
25308,0.10877602538663728
25309,0.15188903155426967
25310,0.18625135940583304
25311,0.359370138300187
25312,0.14481088925728572
25313,0.2191521017272049
25314,0.2845354523651774
25315,0.28756786564302306
25316,0.057812647453749685
25317,0.09691006038637148
25318,0.3656308474527082
25319,0.13299766187924333
25320,0.3717710134687187
25321,0.23738048415142277
25322,0.26246475746468306
25323,0.31643041289128865
25324,0.38258599299753243
25325,0.1925158355313702
25326,0.3831284371118303
25327,0.37760228769742077
25328,0.3229661110739747
25329,0.19955630809819452
25330,0.22021062114468892
25331,0.060336519374441136
25332,0.35187762897144775
25333,0.2055118924364232
25334,0.40051678455348966
25335,0.36902112316706986
25336,0.3999442046550641
25337,0.3805405266498676
25338,0.09885381846260552
25339,0.36486615193046884
25340,0.1583682251417164
25341,0.3274262071248683
25342,0.12802902447119552
25343,0.39795524290263856
25344,0.37399729452114955
25345,0.2917755745018475
25346,0.3529060126048041
25347,0.3100755294133686
25348,0.3411229210108894
25349,0.20610707417294444
25350,0.28082121697144347
25351,0.13922070130160494
25352,0.08373695574956848
25353,0.23206905219892282
25354,0.2547047930518108
25355,0.336738164420315
25356,0.14521772234300911
25357,0.05072320423771787
25358,0.3766228747132719
25359,0.4014020232122396
25360,0.1474929740446474
25361,0.18762630455665746
25362,0.3808004477879686
25363,0.12338434674252005
25364,0.14344724502550912
25365,0.21631933801920494
25366,0.40218555359955876
25367,0.2934443435479166
25368,0.16661036210063118
25369,0.15014115607486545
25370,0.2080244634380668
25371,0.2273490350099282
25372,0.1691455349403705
25373,0.3843376354499526
25374,0.3848009731309154
25375,0.3907753923342238
25376,0.22372897394159313
25377,0.40617477802345764
25378,0.14248289993342406
25379,0.1777945049850087
25380,0.055627803104494396
25381,0.08567694685278654
25382,0.21211162916038057
25383,0.30187859613064527
25384,0.10711479028660005
25385,0.15500808521148238
25386,0.39913053848361735
25387,0.11432477663914252
25388,0.32426194979146405
25389,0.1189506195027382
25390,0.39226711364854294
25391,0.1205327481694403
25392,0.21770935106209321
25393,0.14586940867476975
25394,0.11736472386302015
25395,0.3993640908106067
25396,0.21176883461592844
25397,0.0717805833969197
25398,0.3079434226863367
25399,0.2479732122722949
25400,0.21966064308435918
25401,0.3187697031341982
25402,0.3752064928592719
25403,0.3872156028341441
25404,0.2013343193617264
25405,0.169898929543562
25406,0.10229683179919057
25407,0.2895417595033848
25408,0.2681905564489383
25409,0.2558687877137416
25410,0.39657276380578227
25411,0.13404864735069544
25412,0.40145099386144706
25413,0.23855201275938548
25414,0.37271652369572406
25415,0.27427421786970946
25416,0.20776454229996572
25417,0.2554581876550023
25418,0.3722230502306336
25419,0.17635552129291293
25420,0.15448070898924834
25421,0.11769621748842438
25422,0.3739407899259102
25423,0.4065401744060055
25424,0.3348885806694799
25425,0.13800020204443475
25426,0.39224451181044717
25427,0.29888385258295913
25428,0.27986440582539024
25429,0.3857766191420483
25430,0.11142797438987129
25431,0.3466942741014904
25432,0.3530679924444903
25433,0.30720132900219305
25434,0.24294807026900778
25435,0.08679950481154183
25436,0.21256743289531138
25437,0.359456778679554
25438,0.303046357765592
25439,0.1998275301553435
25440,0.37233982639412827
25441,0.19638828379177437
25442,0.2382054512419174
25443,0.11812565241224354
25444,0.3995411385423567
25445,0.21382936885565712
25446,0.4053912476361385
25447,0.1259082186632115
25448,0.16663673091174286
25449,0.3988480155074205
25450,0.18872626067731701
25451,0.3655969446955646
25452,0.07445136726523349
25453,0.1028505768325363
25454,0.2052331364332423
25455,0.21535499292711985
25456,0.2775062807174009
25457,0.17216288032615235
25458,0.13221413149192418
25459,0.37999808253556966
25460,0.05189849981869657
25461,0.1499415065050197
25462,0.21963427427324744
25463,0.2434415437340982
25464,0.39925108162012796
25465,0.4017711865678034
25466,0.39466290848669183
25467,0.2078587166253646
25468,0.22274202701141232
25469,0.2695542006807149
25470,0.3723963309893677
25471,0.28909348971448584
25472,0.13790979469205178
25473,0.24857216098183216
25474,0.19383427608695525
25475,0.37073886286234636
25476,0.23563637564503448
25477,0.4025509499821066
25478,0.21022060870636994
25479,0.406054234886947
25480,0.3884511699833781
25481,0.2600162250043107
25482,0.38607797698332497
25483,0.12993511281727
25484,0.2414902517118323
25485,0.17497304219605658
25486,0.3647380748479263
25487,0.40289751149957465
25488,0.37414797344178785
25489,0.14697689874146122
25490,0.13852757826666878
25491,0.13732591387457838
25492,0.2902687852954645
25493,0.3147917796293472
25494,0.24043173229434822
25495,0.10168658217060547
25496,0.09010314014653646
25497,0.29391144820189535
25498,0.08483691187022804
25499,0.32413010573590556
25500,0.3855317658960111
25501,0.09993493971818528
25502,0.24394255114522057
25503,0.31999396936438435
25504,0.38199457823402716
25505,0.06787799935238784
25506,0.24903173168977893
25507,0.052606690745696565
25508,0.10781544726756814
25509,0.16311084416880672
25510,0.34024898327118724
25511,0.2713661147013903
25512,0.3998575642756971
25513,0.38005835410382505
25514,0.3672468788765539
25515,0.2592778982931831
25516,0.32281543215333647
25517,0.06718487631745168
25518,0.35013728743807543
25519,0.26045696084717773
25520,0.2035756683062211
25521,0.16642201344983332
25522,0.24925398309772046
25523,0.3727541934258836
25524,0.20831075338727956
25525,0.17633291945481722
25526,0.04767949004082429
25527,0.1490638017923016
25528,0.372810698021123
25529,0.2391547284419387
25530,0.08393660531941421
25531,0.20663821736819443
25532,0.14395955335567934
25533,0.1349979245507167
25534,0.21903909253672615
25535,0.39865589988360667
25536,0.3766191077402559
25537,0.39073018865803233
25538,0.14978706061136543
25539,0.3457864336046446
25540,0.18929507360272657
25541,0.1117444001232117
25542,0.29646545590671447
25543,0.1626362055687961
25544,0.16697199151016306
25545,0.3136164840483685
25546,0.2566033474518533
25547,0.22157049840344956
25548,0.14574509856524315
25549,0.08045592225266959
25550,0.16882534223401413
25551,0.1227175925186956
25552,0.29409602987967726
25553,0.40340228588371296
25554,0.0716826420985048
25555,0.0931430873704141
25556,0.20835219009045508
25557,0.30501271767992183
25558,0.1651713784085354
25559,0.33654228182348517
25560,0.2766285760046828
25561,0.06100704057128156
25562,0.3303531451582672
25563,0.14338320648423786
25564,0.10131741881504164
25565,0.15066853229709948
25566,0.18003208695648737
25567,0.16698329242921095
25568,0.1796779914929874
25569,0.26670260210763513
25570,0.24379563919759817
25571,0.3925835393818834
25572,0.19637698287272648
25573,0.3679814386146656
25574,0.1556899073273707
25575,0.3415184531775649
25576,0.1939698871155297
25577,0.24276348859122587
25578,0.313217184908677
25579,0.11071224951683938
25580,0.361845039571671
25581,0.38923470037069724
25582,0.15379135292732815
25583,0.15787851864964192
25584,0.33781175172986283
25585,0.1766418112421257
25586,0.37536847269895807
25587,0.3741894101449634
25588,0.3880556378167026
25589,0.21845897869226877
25590,0.14962508077167927
25591,0.2442891126626886
25592,0.14768132269544526
25593,0.2576241971391778
25594,0.2681453527727468
25595,0.09161746329895135
25596,0.24699003231513006
25597,0.059236563253781585
25598,0.38044258535145264
25599,0.14666800695415272
25600,0.3212333034866343
25601,0.14431741579219529
25602,0.24991697034852894
25603,0.3783858180847399
25604,0.27738197060787434
25605,0.09881238175942997
25606,0.22409060335112507
25607,0.12180598504883391
25608,0.37581297551484105
25609,0.13961623346828048
25610,0.2000648494553488
25611,0.10262832542459481
25612,0.17593738728814168
25613,0.30954438621811853
25614,0.3851550685944154
25615,0.12165907310121157
25616,0.15265749404952494
25617,0.3157749595865121
25618,0.4005582212566651
25619,0.37578283973071336
25620,0.38775427997542594
25621,0.22256874625267825
25622,0.28591039751600184
25623,0.21028464724764123
25624,0.11307037462482872
25625,0.28442244317469867
25626,0.2420929673943854
25627,0.3999065349249045
25628,0.055092892936228446
25629,0.0450350749836222
25630,0.23852941092128976
25631,0.39347254501364926
25632,0.14758338139703037
25633,0.1397292426587592
25634,0.20229113050777964
25635,0.13830909383174328
25636,0.2975767129464219
25637,0.05850577048868584
25638,0.26934701716483717
25639,0.16714527226889708
25640,0.32832274670266615
25641,0.26548963679649684
25642,0.14410646530330168
25643,0.2833752246762625
25644,0.36831293224006983
25645,0.1885002422963596
25646,0.3295168771487247
25647,0.25887106520745967
25648,0.26093913339322033
25649,0.36695305498130926
25650,0.24471854758650774
25651,0.34709357324118184
25652,0.39624503715339393
25653,0.1572871038861366
25654,0.1997182879378807
25655,0.40352282902022363
25656,0.4051463943901013
25657,0.20384689036337
25658,0.06880467471431337
25659,0.12089437757897221
25660,0.11554904286932867
25661,0.3700080700972507
25662,0.2192048393494283
25663,0.12503428092350938
25664,0.3802693045927186
25665,0.2829344888333955
25666,0.062189870098292174
25667,0.12641299304734982
25668,0.18871119278525322
25669,0.3724076319084155
25670,0.3370206873965118
25671,0.1808721219390459
25672,0.35174578491588926
25673,0.05413231481715931
25674,0.12251040900281794
25675,0.20716559359042847
25676,0.36369839029552203
25677,0.15229963161300902
25678,0.3485551587713733
25679,0.3469202924824478
25680,0.21169726212862522
25681,0.3015207336941293
25682,0.22180028375742294
25683,0.4068038625171225
25684,0.29762191662261334
25685,0.21107947855400822
25686,0.2582645825518905
25687,0.13260589668558376
25688,0.3933294000390429
25689,0.3025340494354218
25690,0.1896906057694021
25691,0.16872740093559924
25692,0.1453797021826953
25693,0.258490600932848
25694,0.36205222308754864
25695,0.2673806572505074
25696,0.17041500484674815
25697,0.4019444673265375
25698,0.13149463964587632
25699,0.07291067530170692
25700,0.18675236681695534
25701,0.2137690972874018
25702,0.29106361660183155
25703,0.3859988705499898
25704,0.39952607065029283
25705,0.30262822376082077
25706,0.2642126329440873
25707,0.3747883588545006
25708,0.37815979970378255
25709,0.13899091594763155
25710,0.05763936669501565
25711,0.37549278280848464
25712,0.2166244628334975
25713,0.06687975150315914
25714,0.08146923799396213
25715,0.31899948848817156
25716,0.15085688094789734
25717,0.04341904355977648
25718,0.27327597002048076
25719,0.3629788984494742
25720,0.2952939272987517
25721,0.38097749551971866
25722,0.40128148007572895
25723,0.1723286271388545
25724,0.22626037980831654
25725,0.22763532495914096
25726,0.08016586533044087
25727,0.16746923194826946
25728,0.12291347511552539
25729,0.12477059281239238
25730,0.2868333059049114
25731,0.29874447458136866
25732,0.24910330417708215
25733,0.1324363828998657
25734,0.38046142021653245
25735,0.13235727646653056
25736,0.2760672970253052
25737,0.1791280134326576
25738,0.36827902948292623
25739,0.06238951966813792
25740,0.18373502143117348
25741,0.21561491406522093
25742,0.13334799036972736
25743,0.19945459982676367
25744,0.10801132986439793
25745,0.10627852227705753
25746,0.3118761425149962
25747,0.15138425717013138
25748,0.25103199436125234
25749,0.3862663256341228
25750,0.21914833475418893
25751,0.39948463394711725
25752,0.2644047485679011
25753,0.40125887823763323
25754,0.16207869356243443
25755,0.06245355820940919
25756,0.3534371558000541
25757,0.336915212152065
25758,0.11009069896920642
25759,0.3684221744575326
25760,0.16319371757515777
25761,0.20148876525538068
25762,0.1013400206531374
25763,0.10599599930086073
25764,0.15054045521455695
25765,0.20369244446971574
25766,0.13626739445709435
25767,0.4070713176012555
25768,0.1423284540397698
25769,0.2723417607125233
25770,0.06501133288724426
25771,0.37449453495925594
25772,0.11476174550899358
25773,0.2498868345644013
25774,0.401100665370963
25775,0.3058941893656558
25776,0.1262434792616317
25777,0.3671451706051231
25778,0.3444981288331872
25779,0.2907321229764273
25780,0.36947692690200074
25781,0.24587877527542262
25782,0.16033081808303018
25783,0.301193007041741
25784,0.29426554366539537
25785,0.057492454747393305
25786,0.16811338433399814
25787,0.17703734340880123
25788,0.397740525440729
25789,0.17447956873096615
25790,0.20880045987935397
25791,0.12682359310608915
25792,0.28277250899370937
25793,0.33383759519802775
25794,0.21202122180799754
25795,0.3574037783858572
25796,0.24763795167387476
25797,0.36197311665421356
25798,0.17191802708011517
25799,0.3877354451103462
25800,0.32174937878982046
25801,0.20226852866968387
25802,0.38562970719442596
25803,0.2992379480464591
25804,0.04764182031066472
25805,0.15999932445762594
25806,0.1289330979950253
25807,0.40371494464403745
25808,0.2095237186984178
25809,0.11692398802015312
25810,0.28981674853354966
25811,0.04723122025192537
25812,0.15271399864476431
25813,0.1605869722481153
25814,0.3985014539899524
25815,0.19113712340752975
25816,0.22511522001146544
25817,0.39883294761535665
25818,0.07334387719854202
25819,0.35833798769381464
25820,0.1718765903769396
25821,0.1453947700747591
25822,0.22539397601464628
25823,0.2683638372076723
25824,0.06561404856979744
25825,0.29163996347327303
25826,0.23001605190522606
25827,0.05431689649494123
25828,0.38041998351335693
25829,0.09306774791009495
25830,0.16542753257362053
25831,0.23145880257033774
25832,0.23563637564503448
25833,0.1863229318931362
25834,0.36711503482099545
25835,0.30350969544655476
25836,0.39863706501852686
25837,0.36387920500028803
25838,0.18005092182156718
25839,0.2700514411188212
25840,0.2920580974780443
25841,0.3186755288087993
25842,0.16402621861168443
25843,0.17119100128803538
25844,0.36732221833687306
25845,0.383158572895958
25846,0.07747247962403134
25847,0.17709761497705656
25848,0.09364786175455239
25849,0.13500545849674864
25850,0.20705635137296569
25851,0.15252564999396645
25852,0.18867729002810957
25853,0.06609622111583999
25854,0.19334080262186482
25855,0.2812431179492306
25856,0.23444977914500792
25857,0.349643813972985
25858,0.38265379851181963
25859,0.13413152075704649
25860,0.26239318497737985
25861,0.4021026801932077
25862,0.29467991069715066
25863,0.10420668711828096
25864,0.14855902740816332
25865,0.17625381302148208
25866,0.38970557199769185
25867,0.1668363804815886
25868,0.37513115339895275
25869,0.28216979331115616
25870,0.3483969459047031
25871,0.38922339945164935
25872,0.08611014874962164
25873,0.2636852567218532
25874,0.19869743825055625
25875,0.12940396962201997
25876,0.1783068133151789
25877,0.22882568843218354
25878,0.37463391296084636
25879,0.3566767525937774
25880,0.3263337849502406
25881,0.043381373829616904
25882,0.31464486768172484
25883,0.2819889786063902
25884,0.15731723967026426
25885,0.3761331682211974
25886,0.40300298674402146
25887,0.3426146423252085
25888,0.2650941046298213
25889,0.21937812010816238
25890,0.22368000329238574
25891,0.18811224407571597
25892,0.29789690565277827
25893,0.22227868933044953
25894,0.40034350379475564
25895,0.13074501201570082
25896,0.3726223493703251
25897,0.3955481471454418
25898,0.21950243021768895
25899,0.090144576849712
25900,0.20427255831417318
25901,0.21443585151122624
25902,0.2242525831908112
25903,0.1295508815696423
25904,0.300484816114741
25905,0.301283414394124
25906,0.2010819321696573
25907,0.1881423798598436
25908,0.2323402742560718
25909,0.260788454472582
25910,0.21969454584150278
25911,0.22749594695755054
25912,0.23673633176569403
25913,0.3853396502721973
25914,0.27147535691885316
25915,0.17681132502784375
25916,0.28653571503665076
25917,0.12626231412671152
25918,0.16065854473541846
25919,0.08175929491619084
25920,0.16274168081324292
25921,0.36706606417178794
25922,0.21812748506686447
25923,0.18434903803277453
25924,0.36836190288927734
25925,0.24046563505149182
25926,0.3605492008541817
25927,0.20658171277295506
25928,0.36946185900993683
25929,0.1663316060974503
25930,0.2747865261998797
25931,0.16551040597997158
25932,0.30064679595442717
25933,0.32047237493741093
25934,0.18286861763750328
25935,0.0714980604207229
25936,0.2845580542032731
25937,0.12027282703133925
25938,0.050497185856760426
25939,0.37866080711490474
25940,0.31861525724054396
25941,0.16060580711319505
25942,0.1496740514208867
25943,0.15835315724965257
25944,0.38787859008495257
25945,0.1132926260327702
25946,0.19972205491089667
25947,0.3731421916465273
25948,0.26559511204094366
25949,0.4023776692233726
25950,0.1192519773440148
25951,0.22602306050831117
25952,0.3127312453896185
25953,0.31198538473245896
25954,0.056637351872770976
25955,0.3319352738249693
25956,0.25194736880413
25957,0.2281589342083591
25958,0.22029726152405593
25959,0.34087806776485213
25960,0.20087098168076367
25961,0.251325818256497
25962,0.38009979080700057
25963,0.16141570631162588
25964,0.342923534112517
25965,0.24051460570069932
25966,0.1462272711112857
25967,0.2502296291088534
25968,0.19513388177746055
25969,0.1417634080873762
25970,0.24918241061041724
25971,0.08068570760664298
25972,0.3968439858629312
25973,0.07894913304628662
25974,0.2212201699129655
25975,0.1943051477139499
25976,0.26384346958852345
25977,0.3917133686151972
25978,0.3522204235158999
25979,0.2915872258510496
25980,0.37886799063078247
25981,0.4006862983392077
25982,0.04619906964555304
25983,0.06873310222701018
25984,0.06315044821736132
25985,0.38870355717544725
25986,0.18607054470106704
25987,0.1443889882794985
25988,0.18589349696931706
25989,0.12959985221884976
25990,0.20207264607285408
25991,0.33901341612195324
25992,0.11702569629158398
25993,0.3770259408259793
25994,0.24385214379283754
25995,0.19735639585687542
25996,0.2218492544066304
25997,0.29540693648923044
25998,0.13088062304427528
25999,0.3199261638500971
26000,0.23156804478780052
26001,0.11078005503112662
26002,0.16274168081324292
26003,0.1827895112041682
26004,0.1943164486329978
26005,0.2548554719724491
26006,0.3152400494182461
26007,0.16590217117363115
26008,0.34150338528550106
26009,0.2337152194068962
26010,0.3190409251913471
26011,0.050749573048829565
26012,0.10298618786111076
26013,0.22680659089563038
26014,0.15439030163686537
26015,0.3145393924372781
26016,0.3723548942861921
26017,0.38076654503082497
26018,0.21630050315412513
26019,0.05231663382346785
26020,0.10220642444680758
26021,0.3692584424670752
26022,0.2510922659295077
26023,0.1789245968897959
26024,0.09897436159911614
26025,0.3213726814882248
26026,0.3812449506038516
26027,0.3987500742090056
26028,0.07236823118740907
26029,0.041339674454968
26030,0.1208002032535733
26031,0.2321481586322579
26032,0.4058884880742449
26033,0.1574227149147111
26034,0.28317557510641683
26035,0.07224392107788247
26036,0.20314623338240195
26037,0.370953580324256
26038,0.195536947890168
26039,0.3233503423216024
26040,0.38597626871189405
26041,0.2719725973569595
26042,0.0714453227984995
26043,0.14778679793989205
26044,0.1907415912408542
26045,0.2744248967903478
26046,0.3006995335766506
26047,0.377142716989474
26048,0.25847176606776817
26049,0.38454481896583026
26050,0.3172139432786078
26051,0.15527930726863132
26052,0.07459074526682392
26053,0.3256519628343524
26054,0.0783953880129409
26055,0.2586375128804703
26056,0.39198835764536205
26057,0.14087063548259426
26058,0.37003067193534644
26059,0.23231390544496006
26060,0.28744355553349654
26061,0.13743515609204116
26062,0.21817645571607197
26063,0.26806624633941173
26064,0.22525459801305586
26065,0.3516892803206499
26066,0.29337277106061344
26067,0.07683209421131856
26068,0.33126475262812893
26069,0.2616473243202203
26070,0.3691680351146922
26071,0.13723173954917944
26072,0.2230170160415772
26073,0.32482322877084174
26074,0.25956418824239585
26075,0.2271795212242101
26076,0.21715937300176347
26077,0.38631152931031426
26078,0.3988291806423407
26079,0.29495113275429957
26080,0.3365498157695171
26081,0.25846423212173625
26082,0.1628057193545142
26083,0.25109979987553954
26084,0.18479730782167347
26085,0.12127860882659987
26086,0.14021894915083366
26087,0.10482070371988202
26088,0.1356345429904135
26089,0.2844977826350178
26090,0.29898556085438993
26091,0.16217286788783336
26092,0.39268524765331414
26093,0.1712136031261311
26094,0.23605450964980573
26095,0.08235824362572808
26096,0.21563374893030068
26097,0.4027732013900481
26098,0.4050748219027981
26099,0.2035756683062211
26100,0.19162682989960422
26101,0.07887379358596748
26102,0.20451741156021042
26103,0.3711720647591815
26104,0.40041507628205875
26105,0.07708071443037176
26106,0.06590033851901021
26107,0.2810585362714487
26108,0.0831078712559036
26109,0.29218240758757086
26110,0.3213764484612407
26111,0.1471803152843229
26112,0.17050917917214709
26113,0.19535613318540207
26114,0.30716365927203343
26115,0.12396822755999345
26116,0.1824881533628916
26117,0.16022910981159932
26118,0.3075328226275973
26119,0.2701343145251723
26120,0.4061936128885374
26121,0.16317864968309398
26122,0.27272599196015096
26123,0.27144522113472547
26124,0.38301919489436753
26125,0.23808114113239082
26126,0.17280326573886512
26127,0.11447168858676486
26128,0.07821080633515898
26129,0.13851251037460494
26130,0.03898908329301058
26131,0.31458459611346956
26132,0.08496875592578654
26133,0.3962751729375216
26134,0.14484102504141338
26135,0.19763515186005626
26136,0.2043139950173487
26137,0.23070540796714623
26138,0.21285372284452414
26139,0.25328464422479485
26140,0.37933509528476117
26141,0.08029017543996746
26142,0.39339720555333013
26143,0.26093159944718836
26144,0.3317958958233789
26145,0.2844450450127944
26146,0.19027825355989147
26147,0.06410349239039853
26148,0.23502989298946536
26149,0.22679152300356653
26150,0.07787554573673877
26151,0.1398045821190783
26152,0.19850532262674242
26153,0.10793975737709474
26154,0.37326273478303784
26155,0.2802787728571456
26156,0.16255333216244505
26157,0.26856725375053403
26158,0.07581501149701007
26159,0.2678967325536936
26160,0.17650620021355123
26161,0.3788529227387187
26162,0.20064496329980624
26163,0.20476226480624765
26164,0.39206369710568123
26165,0.2873004105588901
26166,0.2228889389590346
26167,0.12456340929651473
26168,0.3602214742017934
26169,0.08668272864804716
26170,0.2117876694810082
26171,0.3290949761709374
26172,0.37910530993078784
26173,0.2471181093976726
26174,0.40579054677583
26175,0.09069832188305774
26176,0.29865406722898574
26177,0.4002794652534843
26178,0.09188491838308432
26179,0.2424696646959812
26180,0.14525915904618464
26181,0.19895735938865733
26182,0.3957553306613195
26183,0.2420364627991461
26184,0.22519055947178462
26185,0.3886734213913196
26186,0.2864453076842678
26187,0.2794651066856988
26188,0.34327009562998506
26189,0.06481168331739853
26190,0.3170632643579695
26191,0.19087720226942873
26192,0.12159126758692435
26193,0.26369279066788515
26194,0.2451856522404865
26195,0.10188999871346716
26196,0.059854346828398595
26197,0.14072372353497195
26198,0.2974222670527677
26199,0.23426143049421
26200,0.3832640481404047
26201,0.11627606866140845
26202,0.39184521267075567
26203,0.3692019378718358
26204,0.20577181357452423
26205,0.3932427596596759
26206,0.17481482932938636
26207,0.35938897316526675
26208,0.40144722688843115
26209,0.36845607721467627
26210,0.3073670758148952
26211,0.40646483494568636
26212,0.07572837111764305
26213,0.37059571788774004
26214,0.4071014533853831
26215,0.32483829666290553
26216,0.2985222231734272
26217,0.2681792555298904
26218,0.11462990145343506
26219,0.3037432477735441
26220,0.210744217955588
26221,0.24111732138325248
26222,0.2730235828284116
26223,0.18869612489318938
26224,0.29321455819394326
26225,0.22289270593205057
26226,0.15433756401464194
26227,0.2623253794630926
26228,0.27790557985709236
26229,0.33137399484559166
26230,0.3890086819897397
26231,0.06749376810476018
26232,0.2562115822581938
26233,0.26535779274093835
26234,0.13225180122208374
26235,0.38452975107376647
26236,0.12912521361883914
26237,0.1504274460240782
26238,0.20247571218556148
26239,0.3924780641374365
26240,0.15276296929397176
26241,0.1631522808719823
26242,0.1231507944155307
26243,0.28102086654128916
26244,0.274229014193518
26245,0.2213030433193166
26246,0.2561400097708905
26247,0.2144245505921784
26248,0.24572809635478432
26249,0.3945122295660536
26250,0.185456528099466
26251,0.37280316407509106
26252,0.1673147860546152
26253,0.2701682172823159
26254,0.3291816165503044
26255,0.3439293159077776
26256,0.3904514326548515
26257,0.11099100552002023
26258,0.37881525300855906
26259,0.4007013662312715
26260,0.28324714759371994
26261,0.312060724192778
26262,0.23282244680211428
26263,0.3283830182709215
26264,0.17270155746743426
26265,0.2230057151225293
26266,0.16367965709421628
26267,0.3471199420522935
26268,0.25852450368999164
26269,0.15189656550030156
26270,0.2013154844966466
26271,0.37231722455603256
26272,0.3618827093018306
26273,0.33253798950752245
26274,0.18244671665971607
26275,0.166535022640312
26276,0.30569453979581007
26277,0.35823627942238384
26278,0.27443619770939565
26279,0.16067737960049827
26280,0.3190333912453152
26281,0.08972644284494073
26282,0.31040702303877277
26283,0.37707114450217083
26284,0.16672337129110987
26285,0.37379764495130385
26286,0.061451543387164534
26287,0.2658851689631723
26288,0.36757083855592626
26289,0.19516778453460415
26290,0.19905530068707222
26291,0.16407142228787586
26292,0.34967018278409673
26293,0.31464486768172484
26294,0.40108559747889916
26295,0.05189849981869657
26296,0.1790978776485299
26297,0.1322819370062114
26298,0.078297446714526
26299,0.11725548164555737
26300,0.17417444391667358
26301,0.3681434184543518
26302,0.20352293068399768
26303,0.20985521232382204
26304,0.13527668055389755
26305,0.37950460907047934
26306,0.19659546730765204
26307,0.15592722662737596
26308,0.39018774454373445
26309,0.3803145082689101
26310,0.3486229642856606
26311,0.4046303190869151
26312,0.25597049598517246
26313,0.07027379419053675
26314,0.11134886795653617
26315,0.3268197244692992
26316,0.15791618837980148
26317,0.4067963285710906
26318,0.3144715869229908
26319,0.3177789892310014
26320,0.2111246822301997
26321,0.249649515264396
26322,0.18184776795017882
26323,0.3313250241963842
26324,0.29021604767324116
26325,0.3474099989745223
26326,0.04960818022499448
26327,0.0630374390268826
26328,0.22231635906060915
26329,0.20853677176823698
26330,0.2276654607432686
26331,0.40685283316633
26332,0.27543444555862434
26333,0.08192127475587702
26334,0.20540641719197633
26335,0.3703395637226549
26336,0.3522543262730435
26337,0.23714693182443342
26338,0.17340974839443424
26339,0.2571457915661512
26340,0.0390493548612659
26341,0.05226389620124444
26342,0.40269786192972895
26343,0.18307956812639692
26344,0.2631239777424756
26345,0.293941583986023
26346,0.33103873424717145
26347,0.13169428921572207
26348,0.1751274880897108
26349,0.10877602538663728
26350,0.3710025509734634
26351,0.25233160005175764
26352,0.34569225927924574
26353,0.08709332870678652
26354,0.05744725107120181
26355,0.29110505330500713
26356,0.2538233213660767
26357,0.1333103206395678
26358,0.2038581912824179
26359,0.04300844350103712
26360,0.3556898056635966
26361,0.12477435978540832
26362,0.1839196031089554
26363,0.0756982353335154
26364,0.2671621728155819
26365,0.18337715899465756
26366,0.18486511333596073
26367,0.34879247807137864
26368,0.40352282902022363
26369,0.22528850077019952
26370,0.2636249851535979
26371,0.06492845948089321
26372,0.39494543146288863
26373,0.12022008940911584
26374,0.23717706760856105
26375,0.22898013432583775
26376,0.15070620202725904
26377,0.05354843399968591
26378,0.17814860044850866
26379,0.14050147212703046
26380,0.15992021802429085
26381,0.37313842467351127
26382,0.3206946263453524
26383,0.3960077178533886
26384,0.05368781200127634
26385,0.3936571266914312
26386,0.3413564733378787
26387,0.3963505123978407
26388,0.20791898819361998
26389,0.1898864883662319
26390,0.263090074985332
26391,0.062913128917356
26392,0.21632687196523687
26393,0.17760615633421079
26394,0.1580932361115515
26395,0.10879862722473303
26396,0.2826067621810072
26397,0.17556822393257787
26398,0.1855883721550245
26399,0.35701201319219766
26400,0.05054238953295191
26401,0.30411617810212394
26402,0.3823486736975271
26403,0.27851959645869345
26404,0.1900183324217904
26405,0.06260047015703153
26406,0.3654387318288944
26407,0.18228850379304584
26408,0.27738573758089025
26409,0.27057505036803925
26410,0.1562097496035728
26411,0.2612969958297362
26412,0.05482920482511143
26413,0.23683427306410892
26414,0.3742948853894102
26415,0.11565075114075953
26416,0.2785874019729807
26417,0.36716023849718693
26418,0.33539335505361817
26419,0.40711275430443106
26420,0.25451644440101295
26421,0.3937211652327025
26422,0.16875753671972687
26423,0.2153926626572794
26424,0.3722418850957134
26425,0.15151986819870583
26426,0.1600256932687376
26427,0.3698498572305805
26428,0.24326072902933227
26429,0.15723059929089728
26430,0.26915113456800743
26431,0.13242508198081782
26432,0.1103393191882596
26433,0.20078810827441262
26434,0.14007580417622728
26435,0.07578864268589838
26436,0.2796383874444328
26437,0.21216059980958796
26438,0.24935569136915126
26439,0.2913160037939007
26440,0.11870953322971693
26441,0.3044815744846718
26442,0.33177706095829906
26443,0.19392091646632226
26444,0.21148631163973158
26445,0.11032801826921172
26446,0.3057623453100973
26447,0.29151942033676237
26448,0.1492483834700835
26449,0.12164400520914774
26450,0.05892767146647307
26451,0.34746273659674565
26452,0.168395907310195
26453,0.39392458177556416
26454,0.12168544191232326
26455,0.04717848262970196
26456,0.3888203333389419
26457,0.18888447354398724
26458,0.25858100828523095
26459,0.3733719770005007
26460,0.19597391676001907
26461,0.35387412466990514
26462,0.22071539552882724
26463,0.402068777436064
26464,0.19057584442815212
26465,0.18400247651530643
26466,0.37641945817041017
26467,0.38095112670860687
