id_cliente,prediccion
2,0.19619959948705978
3,0.07799805563560828
7,0.22820195532847176
10,0.049024871953564114
11,0.23111441043895353
12,0.03233251025898678
14,0.11050375375034077
16,0.17781119317585875
25,0.1801510052652439
32,0.1159019172613152
38,0.1430112755689621
42,0.32238531896386474
63,0.1318921529586881
65,0.18068352680078603
70,0.19696008400870724
74,0.23802442447377864
76,0.1458671958588898
83,0.04782852220248329
90,0.08473117039321557
98,0.33119198504308617
104,0.12243077718337213
121,0.05562668003117474
124,0.2573338012488452
125,0.3127689283579971
137,0.2600602385626651
143,0.06006375159272906
144,0.28612096713422736
157,0.2587252873160322
163,0.17323734382264122
197,0.08356217620046738
203,0.3279640291598346
205,0.15400638631479485
209,0.040292977733785214
228,0.30692942850592275
231,0.23194601941226584
237,0.25249186742396784
243,0.0629944437420993
247,0.17278506525820825
249,0.07330748923350483
253,0.3221628270894259
261,0.16865619965386835
263,0.02727902678300362
275,0.03283038142064083
279,0.3380874094468005
280,0.17070057171326103
292,0.2151369406688025
297,0.1518653579492935
299,0.13387634278974897
302,0.05400723097788241
304,0.22500500241133042
308,0.35459557704860467
318,0.3096430998925207
319,0.30005406484498576
323,0.07436341378514477
325,0.23819767634321865
339,0.22511260094077218
340,0.15649756582695395
355,0.15563677759142025
359,0.25407301869559445
368,0.28496291516481226
371,0.12441314331054414
378,0.18651937924508272
390,0.24984202567347935
392,0.22374664672802896
409,0.13672861567189898
412,0.07046068746302135
420,0.3172278843662175
422,0.10719190748820241
428,0.22544998616020806
429,0.03400667042894438
430,0.24709735132077104
434,0.046767126539176834
437,0.3175287955078766
447,0.06708318786088466
464,0.03513554313613802
466,0.3069804922148104
468,0.3540739977363957
470,0.24959035453681905
473,0.16705134023168677
475,0.0524443167451442
476,0.3000923626266514
480,0.06098472205659462
483,0.2521544822045319
487,0.31198108827801707
495,0.2882273451258407
496,0.2744948548428552
499,0.16208721824625688
502,0.07543575167178426
504,0.22008829672701052
508,0.07209472614742443
514,0.16446350441341895
515,0.28389240098206164
538,0.11371712000248163
548,0.18749323712172472
551,0.20809926736175854
553,0.19779351668590833
560,0.05032334912242013
564,0.1333474686619846
572,0.0527689360373582
577,0.03723280260830714
578,0.3659955500577605
591,0.04769903922637547
593,0.14606597958277368
604,0.15282280249093588
606,0.21207129443165795
614,0.2577696664782786
616,0.060939129459373555
622,0.16885315967386333
626,0.05758716171168065
632,0.06680780857366941
637,0.03757748264329842
640,0.08415487996434128
647,0.12083685998452359
648,0.052258298948482246
653,0.1915345649394002
654,0.049137941594672364
659,0.30601940026539026
661,0.046623053931958265
670,0.062445508871557635
671,0.049190829007448804
673,0.13563256963470452
674,0.08799560035424403
682,0.15638084877806807
683,0.24320739092586952
687,0.23123842230339486
688,0.062387150347114666
689,0.2908060624246643
701,0.11938336798511594
705,0.20649258423568806
707,0.12371648842500622
710,0.19374307034878868
714,0.1499960614632297
716,0.1689188130138617
717,0.27860730711219545
729,0.06977315109692765
732,0.15820090525913305
734,0.31824368743230297
736,0.25213077405397694
742,0.03866441016104867
750,0.22435394012301357
764,0.2490943070790539
767,0.11088673156699773
768,0.24646270236745382
774,0.2716462293684828
777,0.047527611060824246
784,0.20189137932413792
785,0.23915876829263877
786,0.17287807415653922
787,0.3583104618701773
788,0.19569625721373923
790,0.27049547221462306
794,0.050007848349650344
796,0.1373359090668836
802,0.050547664700747785
812,0.1547686945403311
814,0.046945849520283425
816,0.06312939782987365
817,0.21400259684994238
834,0.16111700777739257
835,0.2741902962934184
836,0.1103724470703441
837,0.18386041897515004
840,0.03755195078885462
841,0.05472394660619759
854,0.054767715499529815
858,0.13140157661258942
859,0.05491908292230376
883,0.1593516624129928
887,0.06842543392307289
902,0.2492347322784947
913,0.21867492621315743
915,0.1121487346580769
916,0.29018235569468015
917,0.16286229239901506
924,0.163152261317341
929,0.26778362453191396
933,0.21306338934718838
936,0.25591313591943676
941,0.03956714358602581
946,0.07736887779395754
948,0.0581233306550004
952,0.23772898444378604
959,0.15417234336867952
963,0.22797581604625522
965,0.09344482757410605
970,0.31308260542687805
975,0.32767041283373094
979,0.17396500167428947
982,0.0953341848029471
986,0.04127777783376028
992,0.26192771134484
1003,0.029358049216284314
1004,0.21808404615317234
1007,0.22442141716690078
1014,0.09049042727418086
1017,0.045990228682529846
1018,0.16284952647179313
1043,0.06328441266042528
1046,0.19644762321594245
1052,0.18227744399963458
1061,0.061535480631025125
1063,0.23067672150563123
1064,0.2290700383795608
1067,0.14372981490116615
1070,0.08571597049319064
1075,0.05848624772888011
1105,0.03952702210047128
1116,0.3590435908334921
1117,0.3370314848951605
1123,0.2072275369028917
1125,0.1988968575386582
1132,0.1293681467765298
1160,0.0444382566731247
1161,0.28918661337137197
1165,0.06221207477378577
1171,0.3566527150352193
1181,0.08284181316437453
1185,0.23462321672108694
1197,0.2867811479419885
1202,0.29946318478500067
1205,0.04895921861356578
1206,0.30825708493700027
1213,0.21950288777869198
1216,0.059332446333303125
1228,0.22190835320807556
1232,0.2428171182936572
1238,0.10744175492097387
1241,0.07375064927849362
1246,0.11514508014744548
1258,0.09777065319844097
1263,0.29401760497291635
1289,0.18630418218619926
1301,0.2662097680758427
1302,0.056104490450051524
1303,0.31132273117414483
1312,0.15247447504816697
1314,0.22204148359196102
1322,0.08492630670932175
1326,0.05887834406498129
1328,0.0607403457354897
1334,0.20143180594414956
1336,0.22936912581733104
1337,0.041480208965421816
1338,0.11503201050633724
1340,0.25719884716107083
1361,0.3278454884070598
1365,0.3246394169704743
1368,0.3770836697019242
1370,0.08413846662934168
1378,0.27653740319835896
1381,0.30850328496199403
1388,0.26598909990529274
1393,0.16423189401953592
1395,0.09970377932061424
1400,0.14114562649067602
1404,0.05761086986223561
1405,0.07031114374413625
1411,0.2974717001383844
1414,0.277383601802782
1415,0.03918781317714653
1420,0.09353601276854819
1425,0.0852144519237589
1434,0.34587280134827003
1453,0.29256228926961986
1455,0.3528740005775372
1460,0.28361155058317983
1465,0.37014994751654423
1474,0.24031682026205387
1475,0.032100899865103755
1476,0.07223697505075416
1477,0.1326872878542235
1489,0.08476582076710358
1495,0.14770913678662095
1496,0.06672938930644917
1501,0.18090054756355833
1504,0.04905952232745213
1506,0.30040239228775467
1516,0.25098366430789487
1535,0.07664486735008699
1541,0.07049716154079821
1546,0.04095498224543512
1552,0.049681405353547495
1558,0.2478541884346408
1559,0.12842529186599813
1564,0.10369221972551325
1566,0.1912281826860746
1567,0.3136333640013086
1573,0.31410205590074114
1576,0.06932451994027235
1577,0.06433486610039868
1578,0.10933111214981492
1586,0.18988046551221982
1587,0.07262907138685534
1589,0.28183343929155824
1591,0.11701620033739811
1592,0.08268132722215638
1598,0.04667047023306818
1602,0.30092579530385255
1604,0.07006312001525364
1606,0.06621510480979552
1614,0.036536147722769224
1615,0.3478569911793309
1619,0.22917034209344722
1623,0.22458737422078545
1631,0.21684575121264815
1639,0.05385039244344193
1648,0.03495864385892028
1659,0.22726821893738425
1669,0.2814468140671235
1673,0.20123119851637683
1678,0.1826166529229593
1682,0.35867155524016814
1683,0.19566525424762887
1692,0.1793595177774862
1693,0.32042301357946995
1695,0.23772351333211955
1698,0.2892978593085914
1706,0.36229343116340984
1709,0.16850300852720557
1710,0.2808066940021397
1719,0.18011453118746712
1720,0.04707533249639126
1726,0.13609943783024825
1730,0.1838440056401504
1732,0.17685739604199402
1733,0.19114976341885437
1736,0.0844849703682218
1743,0.1892804669327906
1751,0.19134307603107165
1752,0.22438859049690163
1754,0.30088749752218685
1756,0.0458516271869778
1760,0.11730434555183526
1765,0.05955129079996425
1776,0.13086540766926968
1778,0.03773614488162773
1779,0.22671016554739842
1781,0.052032159666265745
1795,0.21275883079775165
1808,0.02698905786467763
1809,0.2752589867722802
1814,0.18685858816840745
1821,0.17619356782645523
1822,0.10357915008440499
1824,0.29778720091115424
1827,0.181460424657433
1834,0.27919271606051393
1844,0.34212144244892057
1851,0.28136839479990333
1867,0.254900980261129
1869,0.10632747184489097
1875,0.3711912824370734
1882,0.23517397529551742
1897,0.24259462641921842
1910,0.16054801216407366
1917,0.24519340446081928
1918,0.09772688430510874
1935,0.19487011935209347
1936,0.27347722807288094
1937,0.04727593992416396
1949,0.20673148944512648
1952,0.0416844638009722
1956,0.2486529707379539
1969,0.03693553887442578
1970,0.13192315592479845
1971,0.1406532264406885
1977,0.2884115392186138
1982,0.19726099515036627
1995,0.13467877250083976
2002,0.3036595274332277
2004,0.17123856436046964
2011,0.269359304691874
2013,0.31167288232080265
2014,0.18758442231616684
2026,0.23860436231043058
2040,0.18300327814739398
2043,0.21940076036091682
2060,0.15131277567097412
2069,0.09463570621352034
2073,0.08858830411811791
2076,0.032897858464528015
2082,0.15798206079247196
2089,0.04613612499363726
2091,0.3232278701605101
2103,0.07874577423003379
2109,0.057718468391677324
2112,0.23181106532449147
2113,0.32081693361946
2119,0.05616284897449449
2121,0.24920920042405093
2125,0.25879094065603053
2127,0.36203081780341645
2128,0.23733506440379604
2132,0.2895568252608071
2146,0.24431985029806363
2148,0.0422224564481808
2149,0.32569169411433657
2156,0.06277012816377164
2157,0.2401745713587241
2159,0.1602616906535253
2160,0.1279839555248982
2169,0.2676286097013623
2170,0.07791234155283266
2186,0.06259322888655389
2188,0.039439484313806825
2190,0.14662220926887068
2203,0.10770983939263375
2204,0.29838172837891697
2205,0.2769185573111271
2207,0.2582839509749323
2209,0.04700785545250408
2211,0.09146975626248939
2220,0.044700870033118054
2226,0.2884936058936118
2229,0.19211267907216328
2234,0.15396444112535146
2237,0.27374348884065197
2240,0.14560458249889646
2249,0.05577804745394868
2252,0.2734954651117693
2264,0.30134707090217516
2269,0.22883478057790013
2272,0.04978900388298921
2283,0.12134567336951071
2284,0.23701044511158204
2287,0.32564792522100433
2290,0.12040646586675671
2298,0.05904612482275482
2328,0.22797216863847752
2329,0.3090193931625365
2330,0.30683824331148063
2336,0.21487797471658687
2338,0.2443016132591752
2341,0.3456193065077209
2353,0.33765701532903364
2356,0.04655740059195993
2366,0.16423736513120246
2401,0.15377477592091182
2404,0.04467533817867425
2408,0.13778454022353892
2409,0.2201047100620101
2410,0.1932999103037999
2421,0.36383263724559306
2425,0.24818792624629904
2427,0.3282813536364932
2429,0.2915100121257576
2432,0.23581409536050124
2435,0.13048607726039035
2436,0.16870361595497824
2447,0.1552775079253182
2449,0.05403641024010389
2454,0.06683516413200205
2460,0.05176772260238356
2472,0.2879866162125135
2479,0.12421800699443797
2483,0.27021279811185245
2484,0.19585127204429081
2492,0.30125406200384425
2493,0.06767589162475854
2495,0.17980814893414154
2498,0.3425062439694664
2501,0.1537182411003577
2510,0.18803852458448866
2512,0.03194953244232981
2516,0.04504555006810933
2517,0.21970896631813125
2538,0.0429865883776059
2561,0.21805669059483967
2563,0.14994682145823096
2567,0.2528274289395149
2569,0.09025334576863131
2576,0.19064095003386722
2588,0.2400669728292824
2592,0.03237810285620785
2593,0.235874277588833
2604,0.13394381983363615
2613,0.13226965966367854
2620,0.13364108498808824
2626,0.06659808262645249
2629,0.056491115674486184
2634,0.052427903410144625
2637,0.29466684355734435
2649,0.2905179172102272
2653,0.3251208747971288
2661,0.20261174236023077
2662,0.09199133557469842
2668,0.09190015038025627
2684,0.2047910685073978
2686,0.1569808473574973
2706,0.13819304989463965
2709,0.16728112692168096
2710,0.17746651314086748
2712,0.09081504656639486
2717,0.13776083207298395
2718,0.28920485041026045
2720,0.15131095196708533
2726,0.31222728830301083
2732,0.289569591188029
2735,0.2873209642930859
2736,0.11271043545584046
2754,0.13165507145313854
2755,0.05255738638625245
2758,0.2514870065812155
2759,0.07536097981234172
2768,0.30050269600164103
2769,0.2977343134983778
2770,0.2679386393624656
2776,0.04483400041700357
2779,0.34602416877104397
2790,0.05016103947631313
2794,0.14126963835511733
2796,0.04857076968524228
2801,0.251341110270108
2810,0.08667888614649959
2813,0.259817685945449
2820,0.25696723676718786
2822,0.28462370624148753
2830,0.2545727135611373
2831,0.27995320058216133
2835,0.22969009770176735
2837,0.29451000502290386
2852,0.21702447419375476
2861,0.14860639909993156
2864,0.046347674644743014
2869,0.04231546534651178
2870,0.37849886391966614
2883,0.03758660116274263
2890,0.034075971176720406
2892,0.048663778583573264
2895,0.3190607067745045
2908,0.2813702185037921
2911,0.03319329849452054
2918,0.16749267657278671
2931,0.3054285202054052
2936,0.26798970307135317
2938,0.36101136732955336
2940,0.3027732073432502
2942,0.16389997991176658
2943,0.038053469358286365
2945,0.2567958086016366
2949,0.05490084588341533
2959,0.2730906028484462
2966,0.30856893830199233
2969,0.2920170018068559
2970,0.13836083065241322
2975,0.11871953976957719
2976,0.21592113334100488
2987,0.11966239468010888
2993,0.07230627579853019
2995,0.048714842292460855
2998,0.042125800142072144
3002,0.1900646596049929
3004,0.1675090899077863
3008,0.24454781328416897
3010,0.19360082144545893
3019,0.06552574473981299
3027,0.07011965483580776
3030,0.3034862755637877
3031,0.3073415855848012
3037,0.2526104081767426
3038,0.1188563175612404
3039,0.0626059948137758
3043,0.1654081830278395
3048,0.04345163286926079
3049,0.14621369959776992
3053,0.04130513339209292
3054,0.05925402706608289
3056,0.09829223251064997
3069,0.36032383096345966
3071,0.30934948356641706
3072,0.245961183798022
3075,0.2605143408309869
3078,0.1756756359220239
3080,0.10460589537382345
3104,0.19011572331388055
3109,0.296583556344518
3126,0.08679925060316321
3137,0.039654681372690265
3139,0.10487580354937218
3142,0.23022809034897596
3147,0.05978107748995844
3168,0.1385869699346297
3169,0.23731135625324107
3172,0.0985621406861987
3174,0.197565553699803
3178,0.330951256129759
3179,0.0452625708308816
3181,0.09629345304847838
3190,0.21759164610318482
3192,0.2997166796255498
3196,0.26397573081201037
3197,0.3175452088428762
3206,0.26122558534763557
3208,0.04391120624924916
3210,0.10398948345939461
3214,0.3509809959409184
3220,0.0857743290176336
3228,0.04716469398694455
3232,0.12411040846499626
3247,0.1441638564267107
3253,0.078071003791162
3256,0.054023644312881994
3257,0.14037784715347323
3262,0.09609466932459451
3269,0.03513007202447149
3276,0.062286846633228324
3279,0.3656782255811019
3282,0.08834392779701299
3284,0.07407162116292992
3285,0.2906200446280024
3295,0.1712367406565808
3297,0.08787705960146926
3298,0.16195408786237137
3311,0.04602487905641786
3313,0.20582510861237163
3321,0.12413411661555121
3325,0.14564652768833986
3329,0.3503007543903801
3345,0.3062820136253836
3347,0.09823387398620702
3349,0.21194181145555013
3350,0.09228312819691324
3354,0.22218190879140193
3356,0.36220589337674536
3363,0.1104107448520098
3372,0.10746546307152884
3376,0.12081679924174633
3380,0.11568672020243177
3383,0.24414659842862363
3385,0.2755817823606054
3387,0.23224875425781372
3395,0.050646144710745286
3396,0.036643746252210944
3397,0.14378999712949797
3411,0.07859987791892636
3413,0.03497688089780871
3415,0.09043389245362674
3444,0.25849185321826035
3446,0.24574051562747207
3447,0.04655922429584877
3448,0.09642111232069736
3454,0.05815615732499958
3466,0.172996614909314
3471,0.3002291404183146
3474,0.05836223586443881
3488,0.2682395505041246
3496,0.0758296717117743
3498,0.25291679043006815
3508,0.1502094348182243
3511,0.06482179503871968
3514,0.08005336991833402
3524,0.07021448743802759
3526,0.09420713579964231
3529,0.04932760679911201
3552,0.05082122028407418
3561,0.05042000542852879
3564,0.3477712770965553
3566,0.044208469983130515
3576,0.2793842049688424
3581,0.05053489877352589
3582,0.1855455213684407
3583,0.3544624466647192
3587,0.13665384381245643
3589,0.24631498235245752
3590,0.09564421446405036
3592,0.2525739340989658
3594,0.06475249429094367
3598,0.1491516865626955
3605,0.24192350338812424
3608,0.335402917322424
3610,0.2701380262524099
3619,0.1646768777684135
3622,0.11870859754624415
3623,0.3429074588250118
3628,0.21305427082774414
3629,0.2546821357944679
3647,0.04074343259432936
3653,0.29190940327741416
3657,0.2812297933043512
3658,0.09294513270856314
3661,0.041166531896540876
3665,0.2562961137360937
3668,0.0398826443587956
3670,0.08632691129595295
3672,0.030125828553487093
3675,0.08923571899865707
3680,0.036060161007781276
3697,0.0679731553586399
3698,0.03028996190348294
3699,0.25842802358215083
3703,0.032629773992868136
3711,0.18343367226516083
3712,0.3155591953079264
3716,0.16285499758345967
3717,0.3088151383269861
3721,0.2777355766533286
3726,0.2252037861352143
3735,0.3151652752679364
3736,0.3700952363998789
3740,0.14751035306273708
3748,0.09577552114404704
3751,0.08144120857774334
3753,0.08657311132094672
3754,0.0869779735842698
3755,0.061905692520460194
3764,0.13280400490310945
3768,0.18728168747061896
3781,0.16843917889109605
3782,0.3077464478481242
3787,0.05679385052003407
3800,0.15778510077247693
3804,0.06323334895153769
3820,0.30997866140806773
3821,0.3168886754428928
3824,0.08675730541371983
3825,0.22793387085681188
3826,0.33889895767733547
3831,0.11638155138408085
3834,0.15660881176417335
3835,0.22327613112470757
3836,0.13218759298868063
3840,0.08875061376422491
3841,0.31719141028844067
3848,0.32974396415534507
3863,0.3002473774572031
3869,0.1482708375843845
3875,0.1192885353828961
3877,0.36199252002175075
3878,0.25906449623935696
3879,0.30319083553379517
3881,0.297940392037817
3882,0.05740661502668522
3887,0.21086764986502177
3890,0.1320544626047951
3904,0.034892990518921946
3905,0.3728016129709215
3908,0.24273322791477048
3917,0.3367907559818333
3927,0.27333680287344
3931,0.33441446981467127
3938,0.3040096785798856
3944,0.28852278515583324
3947,0.1488763072754803
3950,0.26650885551361286
3971,0.16295894870512373
3982,0.08099804853275455
3991,0.040688721477664086
3992,0.1438684163967182
3997,0.09318039051022386
4005,0.048570769685242286
4008,0.16837352555109775
4016,0.06662908559256282
4018,0.2323982979766988
4020,0.3125464364835583
4027,0.07856705124892721
4038,0.17647441822533705
4045,0.11260648433417643
4048,0.24014174468872496
4051,0.10749281862986147
4054,0.23775451629822986
4055,0.1822573832568573
4065,0.17947623482637215
4066,0.16021974546408196
4073,0.11559918241576732
4079,0.042196924593737
4084,0.12309460539891086
4087,0.33624182111129164
4089,0.043836434389806604
4091,0.3615767155350946
4092,0.11273231990250658
4102,0.3670624168327335
4108,0.33302845485915084
4113,0.30279691549380516
4116,0.2663921384647269
4117,0.0321756717245463
4124,0.17413460613595183
4125,0.19722634477647827
4128,0.248930173729058
4129,0.2850522766553656
4130,0.2047290625751772
4134,0.2423502500981135
4144,0.2041801277046355
4147,0.3479901215632164
4150,0.059545819688297724
4158,0.3228868375332965
4162,0.1786154465908384
4163,0.12538700118718615
4166,0.03918781317714653
4167,0.1531674825259272
4168,0.1924336509565996
4175,0.043991449220358234
4179,0.0810381700183091
4180,0.31946009792616104
4189,0.2149272147215856
4192,0.3231549220049563
4195,0.20015886062973737
4197,0.2559350203661029
4198,0.20878862743174104
4202,0.12160281561783752
4208,0.18141483206021197
4222,0.2746425748578514
4225,0.032626126585090454
4227,0.21056673872336268
4229,0.16257049977680021
4230,0.18796922383671266
4244,0.3568369091279924
4247,0.15982764912798075
4249,0.2320864446117067
4258,0.17690116493532626
4266,0.299331878105004
4283,0.0926952852757917
4286,0.12091345554785499
4287,0.15033527038655448
4289,0.09366731944854487
4291,0.29345590417515277
4292,0.27402251553564483
4296,0.04005224882045798
4309,0.044919714499779176
4323,0.2617708728103995
4324,0.2516456688195448
4327,0.09953052745117419
4328,0.23639403319715319
4330,0.06012211011717202
4334,0.055411482972291294
4338,0.06166131619935527
4341,0.23867548676209543
4343,0.3466788784671385
4349,0.056119080081162266
4366,0.11240405320251488
4367,0.06507346617537998
4373,0.09260592378523841
4374,0.34385943225498766
4384,0.31128443339247913
4390,0.18773761344282963
4403,0.22438494308912393
4409,0.08975912201475494
4419,0.30310329774713074
4427,0.1333693531086507
4428,0.2979713950039274
4429,0.17050543539715485
4430,0.03141518720289889
4431,0.16676319501724962
4433,0.05967530266440555
4434,0.16914859970385587
4442,0.033382963698960176
4444,0.09524117590461613
4456,0.06794579980030725
4457,0.1568696014202779
4459,0.21878617215037677
4463,0.30275132289658413
4465,0.2764370994844726
4466,0.07580231615344166
4469,0.08087586037220208
4486,0.1281462651710052
4488,0.20338316910521126
4490,0.1997266428080816
4492,0.18372728859126453
4500,0.06473060984427756
4502,0.25192104810676
4507,0.20688103316401157
4511,0.16645863646781284
4512,0.11960038874788823
4516,0.20568468341293078
4520,0.17504828178426202
4536,0.09234695783302274
4538,0.05044553728297259
4549,0.06722726046810322
4554,0.19428653410766383
4561,0.2629854596003688
4564,0.10715908081820325
4566,0.22814542050791758
4568,0.30838109680144155
4580,0.23138431861450226
4586,0.06224490144378494
4594,0.24507304000415564
4598,0.12987878386540577
4602,0.18256194180629404
4609,0.2793404360755102
4610,0.13598089707747346
4611,0.1513875475304167
4619,0.28633069308144427
4624,0.31788259406231206
4627,0.20260991865634193
4631,0.13094382693648993
4632,0.21882082252426482
4635,0.056947041646696867
4637,0.29378781828292216
4641,0.2331660773139016
4643,0.07348438851072256
4660,0.03463949567837281
4665,0.2702912173790727
4667,0.05117319513462083
4668,0.15388055074646467
4670,0.19729564552425427
4674,0.041006045954322716
4676,0.21085853134557758
4683,0.34044181116729644
4684,0.05662789346614938
4687,0.16603188975782368
4704,0.19409139779155765
4706,0.1858482562139886
4732,0.2310578756183994
4734,0.32263699010052505
4735,0.19335097401268747
4744,0.05302607828568503
4755,0.12018944510398442
4759,0.0430504180137154
4762,0.056979868316696033
4765,0.30019631374831546
4767,0.20030840434862246
4775,0.17814675469140578
4780,0.288409715514725
4789,0.12021862436620591
4794,0.3104455296036115
4795,0.13307573678254703
4797,0.20079715699083228
4803,0.042598139449282396
4810,0.30278232586269443
4812,0.30602487137705675
4814,0.18395525157736986
4818,0.1352167651480484
4820,0.06854397467584766
4822,0.22594603361797327
4827,0.08714210693426563
4828,0.06404124977429501
4831,0.04186683418985647
4839,0.23981712539651096
4841,0.12564231973162415
4842,0.053500241296784136
4844,0.14047632716347075
4852,0.03886866499659906
4861,0.07195977205965007
4863,0.3584381211423963
4878,0.20254791272412132
4881,0.217137543834863
4883,0.3136479536324193
4884,0.17256257338376946
4890,0.19892603680087967
4894,0.028446197271862955
4895,0.3004461611810869
4898,0.12018579769620674
4899,0.0400577199321245
4901,0.06981691999025988
4902,0.03186564206344304
4919,0.13779183503909428
4934,0.056334277140045706
4937,0.14532190839612583
4939,0.04646986280529548
4945,0.05602971859060897
4952,0.09313662161689164
4953,0.2447812473819408
4954,0.2033175157652129
4955,0.10969220551980578
4967,0.04771545256137505
4970,0.282821886799311
4979,0.23882320677709168
4983,0.162792991651239
4989,0.12440037738332224
4995,0.22652232404684758
5004,0.31007349401028755
5007,0.2626280136381556
5009,0.04524251008810433
5010,0.12803319552989692
5016,0.20376067581020169
5033,0.052763464925691686
5038,0.02975379296016318
5045,0.08844423151089933
5049,0.054940967368969876
5051,0.039226110958812226
5055,0.20693574428067685
5058,0.06735127233254454
5059,0.04987107055798713
5073,0.21009804682393013
5074,0.35453357111638406
5076,0.2507465828023453
5078,0.06977862220859418
5081,0.12085509702341203
5082,0.14172738803121687
5084,0.033114879227300296
5105,0.1663492142344823
5107,0.19732847219425342
5111,0.08082662036720331
5120,0.0387209449816028
5121,0.15579179242197183
5123,0.22013388932423156
5141,0.14789515458328292
5144,0.24856360924740062
5147,0.2630201099742568
5149,0.029358049216284314
5152,0.03952884580436011
5160,0.13763317280076498
5170,0.22369923042691903
5171,0.2706778426035073
5176,0.2948291532034513
5178,0.3439159670755418
5192,0.03587779061889701
5195,0.08010078621944394
5204,0.22409132676302024
5208,0.20847677406674892
5211,0.08985760202475244
5216,0.052509970085142535
5217,0.2698170543679736
5225,0.28168754298045073
5228,0.3056947809731762
5239,0.03205895467566037
5241,0.07172633796187819
5243,0.22871988723290304
5246,0.2523532659284158
5247,0.331449127291413
5249,0.049349491245778115
5251,0.3340989690419015
5255,0.28278541272153407
5257,0.31601329757624824
5259,0.08108558631941898
5260,0.24393504877751782
5269,0.2275800723023763
5281,0.18246346179629652
5284,0.2829568408870853
5286,0.07967768691723243
5292,0.07193788761298395
5293,0.13452558137417697
5299,0.15428541300978776
5301,0.11840221529291858
5303,0.10251775442109855
5305,0.1861236355012038
5319,0.09029893836585239
5325,0.04641879909640788
5331,0.14825077684160726
5333,0.08843693669534396
5335,0.2014372770558161
5339,0.09001079315141523
5340,0.1336119057258668
5341,0.14493345946780234
5343,0.08801748480091015
5347,0.32589959635766463
5353,0.25058609686012717
5355,0.14286355555396585
5363,0.20693939168845454
5365,0.29003281197579506
5373,0.11349098072026516
5377,0.25888394955436156
5379,0.06816646797085722
5385,0.24286453459476715
5386,0.048547061534687325
5387,0.24574416303524976
5389,0.03859146200549496
5390,0.07393301966737789
5396,0.06421450164373507
5397,0.039005442788262255
5404,0.1436860460078339
5407,0.20826157700786552
5410,0.027707597196881657
5411,0.04813672815969772
5412,0.11017366334646025
5413,0.03409603191949768
5418,0.3150157315490513
5424,0.1707862857960366
5427,0.3298862130586748
5428,0.18484886648290277
5433,0.2521544822045319
5441,0.30668140477704015
5448,0.1176909707762699
5456,0.2223168628791763
5460,0.03227232803065497
5465,0.3026437243671424
5468,0.05762545949334635
5470,0.25705295084996344
5475,0.14280702073341173
5487,0.2745149155856324
5501,0.05477501031508519
5504,0.18777955863227302
5508,0.18068899791245252
5510,0.09078039619250684
5514,0.036428549193327504
5528,0.2627447306870415
5540,0.12549459971662788
5543,0.12626602646160834
5545,0.12041740809008976
5546,0.1494799532626872
5548,0.04757502736193416
5551,0.36919250297490175
5553,0.1481942420210531
5556,0.19596069427762142
5560,0.21925121664203173
5563,0.2021977615774635
5569,0.03835438049994541
5572,0.06461206909150277
5576,0.05661512753892749
5582,0.17625739746256475
5586,0.060134876044393916
5598,0.04343886694203889
5605,0.18221361436352507
5608,0.1938415503587862
5610,0.1357073414941471
5622,0.08515062228764939
5628,0.2833835875970745
5632,0.19223486723271577
5640,0.04120482967820657
5641,0.08640168315539551
5647,0.037508181895522394
5654,0.31985584167003983
5665,0.27460062966840804
5667,0.2289004339178985
5674,0.0789682661044726
5691,0.2118524499649968
5694,0.19879655382477185
5706,0.21425062057882494
5716,0.08303147836881417
5722,0.060663750172158304
5738,0.257973921313829
5745,0.23130407564339317
5746,0.10153113061723464
5755,0.23614053835660404
5756,0.0336273400200651
5760,0.2780984937272083
5761,0.2615866787176264
5762,0.06855674060306957
5763,0.043086892091492246
5765,0.3099677191847347
5773,0.22713691225738758
5781,0.22251564660306017
5786,0.21827188765372318
5789,0.2671416807630413
5802,0.18817165496837418
5808,0.2446317036630557
5811,0.12031163326453688
5812,0.3602563539195725
5813,0.14009334934681378
5821,0.2610450386626401
5829,0.3386636998756748
5838,0.22167674281419247
5842,0.3140491684879647
5861,0.13820946322963926
5864,0.17362579275096474
5871,0.2564766604210891
5875,0.24415206954029012
5879,0.2648602271980991
5881,0.2988577150939049
5891,0.048244326689139444
5903,0.028916712875184377
5909,0.21326034936718335
5914,0.33714273083237994
5918,0.18830296164837085
5933,0.05427896285731998
5945,0.06253487036211093
5948,0.051880792243491805
5949,0.035203020180025205
5950,0.19631266912816808
5952,0.24048095361204974
5955,0.3016643953788338
5959,0.32309109236884687
5961,0.18952484325389546
5964,0.06091906871659629
5966,0.33840291021957025
5978,0.15504589753143516
5980,0.13843013140018923
5983,0.2852948292725817
5985,0.17023735092549497
5995,0.20377344173742362
6009,0.28764375988141105
6016,0.08639985945150666
6021,0.21542873329101736
6023,0.10681440078321199
6029,0.25472590468780015
6033,0.23832351191154877
6036,0.04504555006810932
6039,0.18255099958296095
6046,0.34588009616382537
6047,0.09236701857580001
6051,0.18941177361278727
6054,0.042012730500963893
6061,0.2998206307472139
6065,0.11424599413024604
6068,0.11183505758919597
6069,0.349895892127057
6070,0.26755930895358626
6072,0.09804056137398968
6076,0.2577678427743898
6082,0.06856221171473609
6104,0.28754527987141354
6110,0.13972313745737872
6122,0.15002341702156236
6123,0.25942011849768126
6126,0.03352338889840107
6128,0.23205361794170754
6131,0.0579008387805616
6139,0.13412801392640927
6140,0.26889608390410796
6142,0.3583998233607306
6143,0.08678283726816362
6147,0.28701093463198263
6152,0.33132693913086053
6164,0.17928474591804366
6171,0.33863634431734213
6173,0.24016180543150223
6175,0.3088534361086518
6176,0.047277763628052805
6179,0.2559605522205466
6181,0.18267683515129113
6191,0.077421765206734
6200,0.15002888813322887
6201,0.30992759769918016
6208,0.3089409738953162
6219,0.24241407973422296
6223,0.054311789527319146
6224,0.18974915883222315
6237,0.08263938203271298
6255,0.12161193413728173
6265,0.29481456357234065
6273,0.14576871584889228
6279,0.14095413758234754
6284,0.2750000208200646
6295,0.15086232081043002
6306,0.050228516520200314
6311,0.34755608003767186
6327,0.10904661434315546
6330,0.16592793863615962
6338,0.2292141109867794
6343,0.29960178628055273
6345,0.35257856054754466
6351,0.17324281493430777
6357,0.03978234064490925
6360,0.16403675770342974
6389,0.05325039386401268
6392,0.2950607635973344
6404,0.17265193487432273
6406,0.05349659388900645
6407,0.27163346344126094
6414,0.06886859396806166
6419,0.17767988649586208
6425,0.17244220892710582
6428,0.05416224580843404
6431,0.15935713352465936
6435,0.24756604322020365
6436,0.05614461193560606
6440,0.09178890444303686
6446,0.21323299380885075
6465,0.13530247923082395
6473,0.17137169474435515
6476,0.061221803562144184
6477,0.09697187089512786
6478,0.3013689553488413
6494,0.11514508014744548
6501,0.26271737512870885
6502,0.34625760286881585
6503,0.16917595526218848
6514,0.031719745752335625
6516,0.14429698681059622
6534,0.25495569137779434
6541,0.050352528384641604
6553,0.2141703776077159
6557,0.10957548847091984
6559,0.19942208425864488
6560,0.3432320781172258
6562,0.1960409372487305
6575,0.2764826920816937
6583,0.03651426327610312
6588,0.2879866162125135
6590,0.08544423861375307
6594,0.09325333866577758
6602,0.26963286027520045
6603,0.2525684629872992
6606,0.10386182418717563
6614,0.23657822728992633
6618,0.12067819774619427
6628,0.2371745784615779
6633,0.0596260626594068
6639,0.09922961630951513
6648,0.24110648404592278
6654,0.1200307828656551
6656,0.04580603458975673
6657,0.3437354203905464
6663,0.038757419059379655
6664,0.10503446578770148
6666,0.037944047124955804
6670,0.10362839008940375
6671,0.09938280743617793
6683,0.04772274737693043
6694,0.1550513686431017
6695,0.2649258805380974
6699,0.2295569673178819
6701,0.2204220345386687
6706,0.0306127574918081
6707,0.037995110833843396
6720,0.14503558688557755
6721,0.07080901490579031
6726,0.2579556842749406
6735,0.1532787284631466
6745,0.23737883329712828
6746,0.10213477660444158
6751,0.0472266999191652
6759,0.28519999667036183
6760,0.09646305751014074
6765,0.19876555085866154
6774,0.07306128920851107
6776,0.22309376073582332
6779,0.21263664263719917
6789,0.19485917712876039
6792,0.3531402613453082
6797,0.033857126710059283
6807,0.14366233785727897
6808,0.2838139817148414
6811,0.2758243349778215
6813,0.07519684646234588
6814,0.19926342202031555
6817,0.16419177253398137
6826,0.1779279102247447
6830,0.06271906445488404
6832,0.3165895880051226
6838,0.3446418012233012
6840,0.15953038539409942
6850,0.12136573411228797
6851,0.18719414968395454
6854,0.34758343559600446
6856,0.34418952265886815
6858,0.09325880977744411
6866,0.18170297727464912
6871,0.2971087830645048
6872,0.1808877816363364
6879,0.2298669969789851
6881,0.036869885534427445
6882,0.27376537328731804
6883,0.20432602401574296
6894,0.29169238251464186
6899,0.04422853072590778
6903,0.25300068080895494
6908,0.2624875884387147
6914,0.2232177726002646
6915,0.3040589185848843
6917,0.19537710903319172
6922,0.05687044608336546
6933,0.06790750201864156
6944,0.14358209488616985
6948,0.28576899228368075
6957,0.09485272697629263
6964,0.1404872693868038
6987,0.11966421838399771
6989,0.03018965818959659
6991,0.12284658167002825
6992,0.09625697897070153
7019,0.11671528919573905
7021,0.05150875665016789
7023,0.11849704789513837
7033,0.049991435014650754
7034,0.14068058199902111
7043,0.1561820650541842
7047,0.14294015111729724
7050,0.12674201317659628
7057,0.08977188794197684
7069,0.07507830570957111
7070,0.07546493093400575
7072,0.3195494594167143
7081,0.11327031254971519
7082,0.07066129489079406
7088,0.1906956611505325
7093,0.2510894391334478
7100,0.2641052137881182
7104,0.08909164639143849
7109,0.035066242388362
7111,0.2274834159962677
7113,0.03222126432176737
7119,0.1308070491448267
7122,0.04000300881545922
7134,0.3720338336337187
7147,0.07056646228857423
7155,0.1604440610424096
7156,0.22466032237633915
7163,0.36370862538115173
7173,0.0805858914538761
7177,0.15404286039257165
7179,0.3307707094447635
7191,0.2869744605542058
7196,0.3129531224507702
7197,0.03876653757882386
7205,0.0467270050536223
7209,0.06450447056206106
7215,0.0641087268181822
7216,0.09222294596858144
7217,0.23353811290722554
7224,0.1499869429437855
7230,0.23586151166161112
7235,0.3336995778902449
7237,0.3309567272414255
7245,0.2205332804758881
7246,0.10545938879380183
7252,0.07553240797789294
7257,0.1341809013391857
7258,0.15376930480924528
7261,0.09938098373228908
7269,0.17345436458541352
7270,0.16137232632183057
7283,0.2849902707231449
7299,0.13812010173908598
7301,0.035885085434452374
7304,0.219955166343125
7311,0.27970335314938993
7314,0.2805568465693683
7332,0.20006585173140634
7333,0.26137877647429836
7335,0.27424865481786137
7336,0.06854397467584766
7337,0.2969610630495085
7344,0.1482744849921622
7348,0.2730978976640016
7351,0.1741273113203965
7352,0.06524307063704235
7371,0.25195205107287033
7373,0.17432062393261383
7376,0.09190015038025628
7383,0.35494572819526254
7390,0.05329233905345606
7391,0.07590444357121684
7392,0.2172141393981944
7395,0.04111911559543096
7400,0.23823962153266204
7403,0.20835276220230764
7404,0.12912194675153604
7414,0.11468915417523481
7429,0.16276016498123985
7435,0.2947379680090092
7436,0.13494685697249964
7438,0.11834750417625327
7441,0.034725209761148415
7443,0.36633475898108525
7444,0.3352789054579827
7452,0.08614636461095752
7456,0.10247216182387747
7462,0.08663876466094506
7483,0.08996884796197184
7490,0.2645848479108838
7492,0.23195513793170996
7504,0.07743453113395588
7507,0.2153320769849087
7511,0.0539215168951068
7519,0.2121880114805439
7520,0.37428793164032825
7522,0.050057088354649094
7530,0.04226622534151303
7536,0.2959671444300892
7541,0.23878673269931483
7543,0.06255128369711051
7545,0.23867183935431774
7558,0.28766929173585487
7560,0.22630165587629764
7561,0.18899779283001994
7571,0.14281066814118942
7579,0.15235046318372564
7580,0.10453294721826974
7581,0.15479240269088607
7586,0.20459046107962514
7590,0.33641872038850945
7592,0.23046881926230323
7594,0.1609437559079525
7595,0.2850960455486978
7601,0.15456626340866952
7602,0.2191655025592561
7603,0.20569197822848617
7611,0.18520631244511593
7617,0.030262606345150298
7618,0.2998972263105453
7619,0.165610614159501
7625,0.05007167798575983
7628,0.12532864266274318
7630,0.0341525667400518
7631,0.039392068012696915
7633,0.31588563830402927
7634,0.1392489744462796
7641,0.30820602122811264
7642,0.30081637307052195
7646,0.09137857106804727
7662,0.26277026254148533
7666,0.14301309927285097
7674,0.10311410559275011
7676,0.11277791249972764
7679,0.29152824916464604
7681,0.16657900092447647
7686,0.04912882307522815
7696,0.33973603776231426
7707,0.065757355133696
7708,0.04220421940929237
7712,0.04840298892746875
7715,0.1570446769936068
7716,0.08071172702220623
7717,0.3300430515931153
7719,0.05581087412394785
7723,0.0814995671021863
7726,0.29594343627953423
7734,0.3315257228547444
7739,0.08983571757808632
7743,0.17472001508427037
7751,0.054457685838426556
7752,0.26377147597646
7755,0.17515770401759262
7758,0.04787229109581552
7761,0.17023005610993958
7767,0.05241878489070041
7773,0.10549039175991216
7779,0.07129412014022246
7785,0.08175123823884659
7792,0.06288319780487989
7800,0.16601365271893526
7801,0.1243821403444338
7802,0.12867513929876956
7808,0.3166588887528986
7811,0.15369270924591388
7816,0.05485525328619427
7822,0.08097798778997727
7823,0.07372876483182748
7832,0.15579908723752722
7833,0.24273322791477042
7838,0.06588319070202614
7840,0.1418915213812127
7857,0.19537528532930293
7877,0.04066136591933144
7885,0.34715486518212646
7900,0.16993643978383594
7907,0.22942201323010752
7910,0.04096045335710165
7918,0.2683580912568994
7919,0.07465338270347076
7928,0.19024520628998837
7933,0.25776237166272326
7941,0.12186907638560855
7947,0.07972692692223118
7955,0.23735694885046216
7956,0.2543265135361436
7957,0.14151036726844457
7964,0.2257490735979783
7968,0.1775686405586427
7980,0.07270931435796442
8004,0.3636137927789319
8016,0.2018968504358044
8017,0.0625676970321101
8024,0.3362764714851797
8031,0.14376811268283185
8032,0.06759382494976061
8035,0.16220211159125397
8036,0.17678080047866263
8037,0.05905524334219904
8052,0.21940440776869452
8055,0.061850981403794913
8059,0.17504463437648438
8063,0.15760455408748153
8064,0.16090363442239797
8068,0.14548239433834398
8070,0.0601895871610592
8072,0.2568632856455238
8085,0.2971434334383928
8089,0.17007504127938794
8097,0.03529967648613387
8100,0.21172843810055547
8102,0.30505830831597014
8105,0.05200298040404427
8114,0.16282217091346052
8117,0.18124887500632725
8120,0.11948184799511344
8126,0.13025446686650732
8128,0.07186493945743025
8135,0.07164427128688028
8137,0.16328174429344883
8148,0.08940897086809713
8169,0.049303898648557054
8173,0.048450405228578665
8178,0.20909318598117776
8179,0.3466952918021381
8182,0.030920963449022516
8184,0.10602473699934307
8186,0.23072778521451887
8189,0.2309502770889577
8196,0.25803045613438313
8216,0.23544935458273264
8219,0.16426107328175743
8221,0.17108172582602915
8227,0.05808320916944587
8232,0.1986962501108855
8245,0.15204043352262236
8248,0.19142514270606958
8249,0.25960431259045436
8250,0.21311810046385365
8256,0.03553675799168342
8258,0.3012194116299562
8259,0.03442976973115589
8268,0.1920999131449414
8271,0.1676896365927817
8273,0.21721778680597204
8275,0.20712176207733884
8277,0.2564401863433123
8283,0.18566223841732665
8288,0.05657135864559526
8299,0.054567108071757124
8300,0.11623565507297344
8301,0.04274038835261214
8307,0.25981403853767127
8315,0.19380507628100935
8324,0.09849283993842269
8326,0.1371061223768894
8351,0.0552491733261843
8367,0.03811729899439586
8368,0.26842009718912
8371,0.34489164865607264
8383,0.13159488922480678
8386,0.25934352293434987
8402,0.04128324894542681
8404,0.2602790830293262
8421,0.2985221535783578
8422,0.05346376721900728
8425,0.29581942441509296
8429,0.17047990354271103
8433,0.3033458503643468
8437,0.10461683759715651
8440,0.040150728830455486
8455,0.27404075257453325
8479,0.31658046948567836
8482,0.06603820553257778
8485,0.30334402666045795
8489,0.05612090378505111
8490,0.02900607436573767
8492,0.043612118811478945
8496,0.22077948050088186
8497,0.24627850827468067
8498,0.17388475870318038
8500,0.2804893695254811
8501,0.22949860879343892
8508,0.2609848564343083
8512,0.33501446839410054
8522,0.32757922763928876
8536,0.04498536783977751
8545,0.20861172815452333
8546,0.13911402035850523
8554,0.22888766799067656
8556,0.16057901513018397
8557,0.20659471165346327
8559,0.2274195863601582
8560,0.18583001917510011
8563,0.19934001758364694
8565,0.2607878964143133
8574,0.10517853839492006
8578,0.06354884972430747
8585,0.04015619994212201
8602,0.30295922513991214
8605,0.09084604953250519
8609,0.1855163421062192
8614,0.08543147268653117
8619,0.1722105985332228
8629,0.22262324513250187
8632,0.28554832411313075
8635,0.05554461335617682
8639,0.03612581434777962
8642,0.07498164940346244
8643,0.1461152195877724
8655,0.2514888302851043
8657,0.1546501537875563
8662,0.25254110742896657
8666,0.26648514736305795
8674,0.05930509077497049
8676,0.2647836316347677
8686,0.20370414098964756
8691,0.1138994903913659
8702,0.2795191590566168
8714,0.050007848349650344
8718,0.2459320045358006
8731,0.253139282304507
8738,0.26469791755199207
8745,0.04997137427187348
8749,0.174260441704282
8754,0.2095801149194988
8760,0.17496803881315298
8762,0.05927044040108247
8767,0.03683888256831712
8768,0.20931385415172776
8769,0.028318537999643966
8771,0.21825365061483476
8795,0.11005877000146316
8796,0.06184915769990607
8811,0.19501419195931202
8815,0.2645666108719954
8820,0.22252841253028205
8825,0.25360797420393955
8832,0.11425876005746793
8839,0.08105093594553098
8841,0.2997677433344374
8848,0.13963012855904772
8849,0.07090567121189897
8856,0.2634705648348009
8875,0.1702865909304937
8879,0.07354639444294322
8882,0.13923438481516887
8885,0.16686167502724708
8892,0.19380507628100935
8897,0.1809260794180021
8905,0.050802983245185764
8921,0.05677926088892333
8928,0.15391520112035267
8935,0.16721000247001605
8939,0.06160478137880115
8941,0.2600912415287754
8942,0.0325641206528698
8949,0.10114450539279998
8951,0.05051666173463745
8958,0.21234302631109553
8964,0.057277132050577384
8972,0.039497842838249794
8978,0.3007963123277447
8979,0.0840709895854545
8988,0.3045604371543161
8997,0.17324281493430777
8998,0.034825513475034764
8999,0.2582237687466004
9006,0.06046679015216329
9012,0.33716826268682376
9024,0.1756099825820256
9026,0.17771636057363893
9030,0.24978001974125869
9034,0.037772618959404584
9036,0.32100842252778844
9038,0.056651601616704336
9040,0.28833129624750475
9041,0.08453603407710941
9042,0.06157560211657966
9046,0.06261511333322001
9051,0.2927665441051702
9054,0.3096886924897418
9057,0.055267410365072725
9062,0.06701023970533095
9072,0.16939662343273848
9075,0.11483505048634221
9079,0.23784205408489428
9081,0.06335918451986783
9091,0.14774743456828665
9110,0.0488662097152348
9113,0.2752790475150575
9116,0.24218246934033993
9120,0.06463395353816889
9126,0.32953788561590586
9133,0.18828472460948242
9135,0.3069367233214781
9144,0.10283690260164602
9146,0.26478363163476765
9153,0.11431529487802204
9155,0.06573364698314105
9160,0.08386855845379297
9165,0.2301642607128665
9172,0.24964688935737317
9174,0.057288074273910444
9179,0.08564119863374808
9180,0.12130737558784502
9195,0.3583396411323988
9199,0.15136931049152827
9204,0.09533236109905825
9205,0.048756787481904235
9210,0.2736796592045424
9228,0.122246583090599
9233,0.24780677213353086
9235,0.207327840616778
9237,0.043187195805378595
9239,0.03749541596830049
9240,0.042866223920942276
9241,0.35772322921796995
9242,0.1155298816679913
9246,0.05795007878556035
9248,0.19107499155941182
9253,0.15113770009764527
9254,0.1946695119243208
9260,0.11399432299358572
9261,0.043134308392602155
9262,0.23584874573438924
9263,0.3390703858428867
9268,0.16277475461235058
9275,0.05400723097788241
9278,0.17452852617594183
9287,0.1526951432187169
9292,0.24465176440583297
9308,0.23747731330712574
9309,0.2513137547117754
9310,0.31661876726734406
9312,0.08568679123096917
9314,0.0657318232792522
9316,0.04314160320815753
9318,0.16909206488330175
9322,0.29554586883176653
9325,0.2876656443280772
9327,0.21802021651706288
9336,0.112588247295288
9340,0.2788407412099673
9342,0.2728006339301203
9346,0.12032439919175879
9351,0.3498247676753922
9357,0.13625810006857755
9372,0.20420383585519047
9374,0.049046756400230235
9378,0.3472879955660119
9385,0.08311536874770092
9413,0.07143272163577452
9418,0.23926271941430277
9420,0.18304704704072616
9422,0.05695616016614107
9423,0.17110725768047297
9425,0.16624343940892944
9426,0.3259926052559956
9434,0.25770218943439144
9436,0.1067943400404347
9439,0.041119115595430966
9446,0.06358167639430665
9460,0.17581059000979832
9461,0.26320612777091873
9467,0.18200753582408585
9472,0.17490056176926577
9483,0.10927640103314963
9485,0.23184389199449063
9492,0.07087102083801096
9500,0.1348337873313914
9507,0.2481405099451891
9514,0.2961458674111958
9516,0.3025160650949234
9520,0.08688314098204997
9542,0.1377626557768728
9544,0.36828612214214695
9548,0.3366138567046156
9556,0.06396465421096362
9558,0.2823130734143238
9565,0.28781883545473996
9571,0.21316916417274123
9575,0.19979776725974652
9587,0.2008263362530538
9602,0.33901567472622146
9609,0.04616165684808106
9618,0.0938952824346502
9622,0.269359304691874
9624,0.19820749746867566
9648,0.21254728114664595
9658,0.29422733092013326
9668,0.14015900268681214
9702,0.035265026112245856
9705,0.21701717937819937
9706,0.06821570797585597
9707,0.26201160172372673
9708,0.08663146984538969
9710,0.29072581945355525
9726,0.26404867896756407
9753,0.05481330809675089
9757,0.09681685606457623
9761,0.052043101889598806
9765,0.3502952832787136
9768,0.321234561810005
9769,0.2377308081476749
9775,0.0342036304489394
9778,0.25163655030010057
9788,0.08673359726316487
9789,0.31134643932469974
9792,0.19747436850536088
9815,0.12800036885989774
9816,0.05989049972328899
9822,0.05908077519664283
9823,0.2671234437241529
9827,0.13157665218591832
9835,0.244082768792514
9840,0.04123765634820574
9841,0.16972671383661903
9849,0.16742702323278835
9853,0.2276201937879309
9869,0.06738227529865486
9873,0.04601028942530712
9881,0.030687529351250648
9892,0.2377216896282307
9898,0.2396785239009589
9899,0.2549885180477935
9915,0.15258572098538636
9936,0.32316404052440056
9940,0.2290426828212282
9941,0.03984981768879643
9947,0.03478721569336907
9957,0.19260143171437316
9962,0.06408501866762722
9963,0.18789445197727012
9964,0.2396329313037378
9965,0.26720186299137316
9968,0.26466691458588176
9971,0.09428920247464023
9973,0.2980862883489244
9980,0.055466194088956575
10002,0.3439232618910971
10005,0.07448377824180838
10007,0.10454571314549164
10010,0.30153673610661486
10013,0.26107057051708393
10014,0.05859566996221067
10017,0.18909627284001745
10024,0.2557745344238847
10030,0.09016580798196686
10037,0.2973349223467212
10046,0.09388981132298367
10051,0.11555176611465741
10063,0.1697048293899529
10067,0.15793282078747317
10073,0.060227884942724894
10096,0.04054647257433435
10099,0.07686371181674811
10100,0.048937334166899674
10101,0.22006458857645556
10103,0.07180658093298728
10110,0.30137989757217437
10113,0.24015451061594684
10116,0.05149599072294599
10124,0.3118114838163547
10127,0.09946305040728701
10129,0.33701871896793867
10139,0.2993227595855598
10140,0.3426047239794639
10145,0.36795603173826635
10149,0.09724177907067658
10151,0.33185946066640265
10165,0.04888991786578976
10166,0.04624554722696783
10168,0.1468319352160876
10174,0.08616642535373478
10186,0.0735245099962771
10189,0.20647799460457733
10193,0.26219032470483333
10197,0.05786618840667359
10201,0.13456570285973152
10206,0.28531124260758123
10211,0.1245262129516524
10216,0.2264420810757385
10224,0.18987681810444212
10234,0.3191756001195016
10236,0.15841792602190535
10239,0.29274465965850416
10247,0.07419016191570471
10250,0.03284679475564042
10253,0.2113819343616754
10254,0.13493773845305546
10263,0.29278113373628095
10264,0.32569898892989196
10265,0.18760083565116642
10275,0.03727292409386168
10280,0.17052914354770982
10286,0.28879269333138197
10287,0.3296144811792372
10293,0.19413881409266753
10294,0.11437912451413154
10303,0.06016405530661541
10308,0.28034894432604024
10311,0.17160148143434933
10318,0.23195149052393232
10323,0.28331793425707613
10324,0.19591874908817802
10327,0.10060468904170254
10330,0.18376923378070786
10331,0.12254384682448037
10333,0.0510054143768473
10334,0.28975925639246863
10335,0.27517692009728234
10338,0.24021469284427865
10339,0.27381826070009446
10348,0.05549172594340038
10354,0.3621037659589702
10356,0.11634507730630397
10367,0.074314173780146
10375,0.1661613727339315
10384,0.2826194556676494
10386,0.06266435333821876
10389,0.177171073110875
10393,0.16697109726057768
10404,0.23066213187452056
10408,0.05030328837964286
10416,0.1767680345514407
10434,0.3338874193907957
10448,0.2987592350839074
10449,0.07641143325231513
10452,0.04211485791873908
10453,0.19606099799150778
10454,0.2543319846478101
10461,0.11975357987455101
10462,0.04302670986316044
10472,0.07712085406507493
10474,0.32862420996759567
10476,0.2922777914629604
10478,0.03662733291721136
10483,0.09029529095807469
10492,0.14111097611678802
10493,0.3085069323697717
10499,0.06641753594145706
10501,0.037593895978298
10509,0.18328048113849804
10512,0.18701725040673678
10513,0.10001198527782865
10516,0.15055229114932675
10517,0.1805668097519001
10525,0.1843892931029144
10529,0.12682225614770537
10532,0.20191691117858168
10537,0.16337475319177985
10541,0.28450881289649044
10545,0.10878582468705095
10548,0.10155301506390076
10552,0.03776167673607153
10554,0.2722389331323567
10557,0.22377947339802817
10564,0.26016601338821793
10574,0.06062909979827029
10591,0.14876323763437205
10596,0.22008464931923277
10600,0.33366310381246805
10606,0.036271710658887034
10611,0.10781561421818663
10622,0.037825506372181024
10626,0.14455777646670076
10629,0.07334396331128168
10630,0.21328952862940487
10631,0.2852437655636941
10633,0.04897927935634305
10638,0.21697888159653367
10639,0.34140290311671656
10640,0.08002419065611255
10657,0.2935890345590383
10663,0.16389086139232234
10664,0.17665678861422135
10667,0.1999436635708539
10671,0.23531075308718058
10672,0.1549182382592162
10675,0.12984413349151774
10679,0.3036412903943393
10681,0.17926286147137754
10683,0.05648199715504197
10688,0.1406112812512451
10701,0.31088686594471143
10704,0.26721098151081735
10709,0.3345786031646671
10715,0.175199649207036
10718,0.056427286038376684
10724,0.14746476046551604
10731,0.06721449454088133
10733,0.1431097555789596
10737,0.20051265918417283
10744,0.03248934879342725
10750,0.0880120136892436
10770,0.10712443044431523
10776,0.24667607572244837
10780,0.044221235910352416
10782,0.3704362690270925
10789,0.22764937305015237
10793,0.2858601774781229
10795,0.3165129924417912
10807,0.14170550358455075
10813,0.1537528914742457
10815,0.15995895580797748
10817,0.19367194589712383
10819,0.15418693299979025
10824,0.25531131363611864
10828,0.2758261586817103
10830,0.06177620954435236
10832,0.22943295545344056
10836,0.30975252212585125
10839,0.30704796925869754
10843,0.12329703653057242
10844,0.10701500821098467
10866,0.3609986014023315
10872,0.12002895916176626
10873,0.04573308643420303
10878,0.3480138297137713
10889,0.05420966210954395
10899,0.3240631265416
10901,0.3058552669153944
10904,0.31860113339451607
10910,0.21011263645504086
10911,0.10309586855386169
10917,0.11017366334646025
10920,0.22269619328805557
10921,0.03229603618120992
10922,0.07836826752504336
10929,0.044844942640336616
10930,0.039331885784365105
10933,0.233311973625009
10934,0.04755314291526805
10939,0.29153919138797907
10942,0.038514866442163564
10943,0.03980604879546421
10945,0.3036412903943394
10946,0.16853401149331587
10949,0.08942356049920787
10951,0.13045507429428005
10952,0.28186079484989085
10953,0.0580248506450029
10955,0.039278998371588665
10956,0.28758175394919044
10959,0.31664977023345436
10963,0.09029164355029701
10965,0.18807682236615436
10971,0.07128317791688943
10975,0.26775262156580365
10979,0.13020705056539744
10983,0.2135266101349544
10984,0.12100281703840829
10989,0.07193424020520627
10992,0.1330502049281032
11001,0.05400540727399357
11003,0.059808433048291074
11004,0.055046742194522755
11008,0.05277623085291358
11016,0.06502604987427008
11017,0.033061991814523864
11021,0.33922357696954947
11028,0.3514205085781295
11034,0.24486331405693873
11035,0.04923642160466987
11036,0.08798648183479982
11041,0.11200466205085834
11047,0.3452162679482867
11056,0.34156156535504584
11058,0.257290032355513
11059,0.08441019850877926
11060,0.09130379920860471
11064,0.24534477188359322
11066,0.0628540185426584
11069,0.17568840184924583
11071,0.1640659369656512
11072,0.25132469693510845
11077,0.1785315562119516
11080,0.11780221671348931
11092,0.12193290602171805
11097,0.04337868471370708
11098,0.17731696942198238
11114,0.10983445442313551
11121,0.03433858453671376
11124,0.29191852179685834
11131,0.22760013304515364
11143,0.3002528485688696
11146,0.08397798068712353
11154,0.21335700567329208
11164,0.2701270840290768
11172,0.23338492178056275
11173,0.06537072990926135
11174,0.10054633051725959
11175,0.15930971722354942
11180,0.24847424775684734
11184,0.056000539328387486
11188,0.12306907354446707
11189,0.07680170588452746
11190,0.0906454421047325
11197,0.04133248895042556
11201,0.28633981160088856
11204,0.30198354355938134
11211,0.1705455568827094
11212,0.2412396144298083
11218,0.21582265333100742
11219,0.19596981279706566
11227,0.22259041846250271
11241,0.19605735058373008
11251,0.05898047148275649
11254,0.04382549216647355
11260,0.08410928736712023
11264,0.13019428463817553
11273,0.07264548472185492
11276,0.055466194088956575
11278,0.05184067075793727
11282,0.2098591416144917
11283,0.16995102941494666
11291,0.23846758451876737
11293,0.2304852325973028
11302,0.32224124635664614
11304,0.06742057308032055
11305,0.2222785650975106
11315,0.28220912229265976
11321,0.09217552966747153
11325,0.22623417883241048
11335,0.18477774203123792
11341,0.1818379313624235
11343,0.20985731791060286
11344,0.3007908412160782
11361,0.16506167928895937
11375,0.1800543489591353
11377,0.07749836077006539
11379,0.31261756093522314
11380,0.30638414104315875
11391,0.23597458130271942
11393,0.3198558416700399
11394,0.3136534247440858
11398,0.26080978086097945
11399,0.22133023907531235
11408,0.12714322803214168
11412,0.1968360721442659
11420,0.23739524663212785
11421,0.329756730082567
11430,0.061298399125475564
11437,0.19596981279706566
11446,0.35700104247798825
11471,0.12073473256674841
11472,0.23768703925434265
11475,0.07688741996730308
11483,0.14979545403545702
11492,0.1569316073524985
11497,0.1954336438537459
11498,0.0892959012269889
11502,0.2407235062292658
11504,0.36384905058059264
11511,0.3434855729577749
11512,0.12540341452218573
11514,0.06497316246149364
11522,0.2911780980179883
11524,0.23409616629721136
11533,0.3112406644991469
11534,0.08297859095603774
11541,0.13830247212797023
11542,0.1358149400235888
11547,0.10844296835594852
11548,0.08383755548768265
11566,0.3139634544051891
11572,0.22569800988909067
11574,0.0916667162824844
11576,0.20344517503743192
11577,0.054180482847322464
11580,0.14356568155117033
11598,0.061249159120476813
11603,0.11017183964257139
11613,0.29800604537781533
11614,0.22282202885638575
11620,0.16250119902902416
11621,0.31468746484905963
11622,0.041968961607631666
11626,0.05519081480174133
11630,0.26363287448090794
11636,0.1813874765018793
11637,0.058247342519441705
11639,0.08961322570364752
11647,0.19881843827143797
11653,0.09942110521784363
11654,0.0487166659963497
11660,0.15284103952982436
11664,0.24443474364306067
11667,0.21781231427373482
11679,0.09695363385623942
11687,0.2786948448988599
11691,0.047801166644150656
11696,0.23203720460670796
11702,0.3337670549341321
11703,0.05884369369109328
11705,0.2915738417618671
11711,0.25026877238346856
11716,0.09356883943854735
11717,0.2665781562613889
11722,0.06463577724205774
11724,0.14319182225395755
11728,0.2770298032483465
11737,0.10623446294655998
11738,0.19740142034980718
11744,0.15896503718855814
11747,0.03394284079283489
11753,0.05752697948334884
11757,0.2392754853415247
11758,0.08302235984936995
11760,0.08376825473990662
11762,0.17111637619991715
11764,0.208881636330072
11768,0.06703759526366358
11773,0.08141385301941068
11774,0.3421287372644759
11783,0.11685571439517994
11785,0.0932332779230003
11787,0.24080010179259714
11791,0.13181738109924557
11796,0.041691758616527574
11797,0.08040169736110298
11798,0.039393891716585756
11803,0.06229414144878369
11808,0.19982877022585682
11810,0.18536862209122296
11814,0.2349368937899679
11822,0.2593781733082379
11824,0.0633026496993137
11829,0.23920253718597095
11846,0.27054106481184415
11847,0.15895044755744742
11850,0.35793660257296456
11853,0.04304677060593771
11854,0.07310688180573213
11857,0.18286102924406422
11862,0.1159657468974247
11883,0.05717135722502451
11890,0.17391211426151304
11909,0.028914889171295532
11913,0.29345955158293047
11917,0.25833501468381986
11919,0.12347758321556784
11920,0.06984427554859252
11921,0.1752087677264802
11928,0.11539310387632809
11929,0.29248934111406616
11935,0.052575623425140876
11936,0.03710879074386584
11939,0.041855891966523416
11942,0.046602993189181
11943,0.1591455838735536
11946,0.14456689498614494
11947,0.12562955380440222
11952,0.31800478222286455
11956,0.24666878090689298
11959,0.35359801102140775
11969,0.14877965096937162
11973,0.27038422627740366
11974,0.1953844038487471
11975,0.25051679611235117
11993,0.28381762912261904
11994,0.26774897415802595
11995,0.08799560035424403
12002,0.25359156086893997
12006,0.09127644365027207
12007,0.11909339906678995
12014,0.25384505570948906
12017,0.33608862998462885
12021,0.27209303682124925
12023,0.29336107157293295
12024,0.17471272026871498
12027,0.33889166286178013
12034,0.21045731649003213
12040,0.12196026158005069
12048,0.13235172633867648
12052,0.07336402405405895
12057,0.297581122371715
12058,0.3406570082261799
12061,0.12147150893784085
12062,0.17203552295989388
12064,0.06692634932644417
12071,0.2672784585547045
12080,0.3355743454879752
12085,0.05008809132075942
12090,0.3312776991258618
12100,0.22695271816461443
12103,0.2529952096972884
12104,0.20794789993898455
12109,0.04451849964423378
12114,0.22334543187248362
12123,0.07692571774896878
12124,0.06860050949640178
12128,0.3548764274474865
12132,0.1982549137697856
12135,0.1569352547602762
12140,0.37407455828533376
12149,0.037880217488846304
12155,0.11342167997248911
12158,0.24154052557146732
12161,0.31510144563182696
12163,0.26864076535967
12164,0.17946711630692797
12174,0.054893551067859966
12175,0.19679595065871136
12179,0.35285029242698224
12183,0.2398608942898432
12184,0.24729431134076613
12186,0.0687755850697307
12190,0.1817886913574247
12193,0.2899580401163525
12195,0.05487713773286039
12196,0.037725202658294675
12205,0.2527417148567393
12213,0.3112734911691461
12220,0.25421526759892416
12221,0.23412352185554403
12222,0.07005764890358712
12224,0.21156248104667086
12230,0.22003540931423404
12239,0.1488854257949245
12242,0.13585506150914334
12244,0.20804273254120437
12245,0.28603342934756293
12247,0.25158731029510184
12254,0.32891964999758816
12258,0.196881664741487
12266,0.0607148138810459
12267,0.2667897059124947
12272,0.3199980905733696
12273,0.18626770810842241
12276,0.2796522894405023
12277,0.16516563041062338
12283,0.2026026238407866
12289,0.06342301415597733
12297,0.20275581496744938
12300,0.3737645286242305
12302,0.07940048392612833
12310,0.07591173838677223
12312,0.22001717227534562
12314,0.04556712938031834
12315,0.029735555921274755
12327,0.11484416900578644
12329,0.1807728882913393
12332,0.19455097117154596
12342,0.07701325553563322
12346,0.19114793971496552
12347,0.35987702351069323
12349,0.06527954471481921
12350,0.12593775976161664
12354,0.2096184127011645
12356,0.03191852947621948
12359,0.20531994263516223
12360,0.3016333924127235
12369,0.21207311813554675
12372,0.05393610652621754
12373,0.028982366215182714
12375,0.29989905001443407
12376,0.25460006911947
12379,0.06618227813979635
12382,0.17374068609596183
12387,0.08068072405609591
12389,0.19642026765760978
12394,0.3156321434634802
12395,0.17052549613993212
12396,0.2722644649868005
12404,0.29945224256166764
12405,0.18625858958897823
12412,0.3733596663609074
12419,0.09122355623749563
12431,0.17075345912603745
12440,0.2711282974640515
12444,0.3109671089158205
12447,0.05502303404396779
12452,0.18216802176630398
12454,0.2325095439139182
12456,0.2561356277938755
12461,0.06162484212157841
12469,0.19388714295600729
12472,0.08208679975439365
12473,0.04859630153968608
12474,0.1661650201417092
12476,0.29941941589166843
12479,0.3434345092488873
12481,0.20980807790560413
12487,0.07261448175574459
12493,0.18559476137343944
12501,0.22742141006404704
12504,0.1814713668807661
12507,0.1891400417333497
12510,0.15793646819525087
12512,0.3722946232898232
12520,0.26368940930146206
12526,0.2266445122074
12529,0.2368444880576973
12532,0.13057726245483253
12533,0.27718299437500926
12544,0.3515572863697927
12546,0.1819728854501978
12551,0.24991862123681075
12555,0.3654885603766622
12576,0.13972313745737872
12581,0.2360876509438276
12588,0.2478195380607528
12593,0.08913906269254841
12594,0.10643507037433268
12598,0.10698218154098552
12599,0.32270629084830105
12601,0.20745914729677467
12610,0.3320582443902864
12622,0.05444127250342698
12624,0.1544823730297828
12625,0.2266208040568451
12629,0.37817789203522983
12632,0.04292093503760756
12634,0.03994465029101626
12635,0.17378992610096056
12638,0.2585812147088136
12640,0.037349519657193075
12641,0.23543294124773306
12643,0.13568363334359212
12644,0.053923340598995645
12647,0.13361555313364448
12651,0.33152389915085556
12657,0.23893627641819992
12658,0.24750038988020534
12660,0.258947779190471
12661,0.11132442050032001
12666,0.1339328776103031
12673,0.09435120840686087
12678,0.2032865127991026
12681,0.28109301551268806
12682,0.3548764274474865
12684,0.04199449346207546
12689,0.22474421275522594
12699,0.22894055540345304
12701,0.20426584178741114
12710,0.08933784641643226
12712,0.24206210488367635
12713,0.2602772593254373
12715,0.12073655627063724
12716,0.17463977211316128
12717,0.1854050961689998
12718,0.2494006893323794
12720,0.10890254173593689
12724,0.17844219472139833
12725,0.30343885926267783
12726,0.13693287050744937
12741,0.2868923938792079
12742,0.33367586973968993
12743,0.2946267220717898
12748,0.1435146178422827
12749,0.04568202272531543
12751,0.2409806484775926
12752,0.24173930929535115
12756,0.20120019555026658
12760,0.15765926520414675
12761,0.22340926150859308
12764,0.2664121992075042
12767,0.06944488439693597
12774,0.22908280430678274
12782,0.07852328235559497
12783,0.3543420822080556
12784,0.18959414400167152
12785,0.23050711704396892
12787,0.3314801302575233
12798,0.1284635896476638
12805,0.19425553114155347
12806,0.21025306165448177
12809,0.09187097111803479
12815,0.19273820950603632
12820,0.05588199857561272
12824,0.10622169701933809
12829,0.17101424878214194
12833,0.1641370614173161
12841,0.2040725291751938
12843,0.09386063206076219
12847,0.18741664155839333
12848,0.16393463028565458
12849,0.18684582224118557
12852,0.20363484024187156
12855,0.2253533298540994
12864,0.3074874818959086
12872,0.06950506662526777
12873,0.31645828132512593
12874,0.2818060837332255
12877,0.36047702209012245
12879,0.16591152530116005
12885,0.20996126903226692
12893,0.20644516793457818
12894,0.28966260008635997
12895,0.34867583422542126
12901,0.05433185027009642
12912,0.11626483433519491
12919,0.22808706198347467
12924,0.12778517180101434
12929,0.16996197163827975
12931,0.2470225794613285
12945,0.12000342730732247
12958,0.04078173037599506
12962,0.2720164412579179
12964,0.2816218896404524
12974,0.29966196850888455
12976,0.04118841634320698
12980,0.1575607851941493
12984,0.22213084508251435
12987,0.08555730825486133
12991,0.26105598088597315
12995,0.12957057790819135
13001,0.3482308504765436
13005,0.303158008863796
13006,0.24451498661416982
13015,0.15174134608485218
13017,0.22457278458967478
13033,0.3105604229486086
13034,0.2670486718647103
13035,0.19652421877927378
13038,0.34586003542104815
13044,0.05719141796780178
13045,0.20687373834845618
13052,0.055201757025074384
13059,0.23847123192654507
13060,0.03409238451171999
13061,0.2052688789262746
13066,0.34956215431539883
13080,0.36196334075952924
13082,0.3327640177952686
13105,0.2433934087225315
13106,0.3637341572355955
13121,0.3082643797525556
13123,0.29984069148999115
13125,0.04807654593136591
13129,0.1554635257219802
13130,0.09716700721123402
13132,0.33198894364251047
13133,0.22433205567634745
13135,0.28023405098104315
13141,0.15094803489320557
13145,0.36771530282493914
13149,0.06652513447089878
13153,0.2854844944770213
13158,0.20728042431566812
13159,0.2278882782595908
13169,0.37855175133244257
13170,0.147198499697745
13178,0.20543665968404812
13179,0.06375857567152438
13180,0.19516191197430832
13181,0.2086755577906328
13183,0.06788926497975313
13196,0.15632431395751395
13200,0.2700358988346347
13202,0.09000349833585986
13204,0.05325586497567921
13208,0.18106468091355415
13212,0.18108656536022022
13213,0.20543483598015932
13218,0.2501265234801388
13225,0.09964359709228243
13229,0.19231146279604716
13232,0.18045374011079185
13233,0.28276352827486795
13234,0.0458388612597559
13249,0.05694339423891917
13253,0.22145972205142023
13255,0.27776475591555005
13257,0.3574259654840886
13266,0.044016981074802036
13269,0.058860107026092866
13270,0.2837501520787319
13274,0.2530262126633987
13281,0.18806588014282133
13287,0.09233054449802315
13305,0.27612524611948047
13308,0.045875335337532755
13309,0.0703476178219131
13310,0.33163514508807496
13314,0.2736668932773205
13315,0.05072821138574321
13324,0.09177249110803729
13326,0.26248029362315933
13333,0.2888364622247142
13336,0.09289771640745324
13345,0.1924318272527108
13348,0.2802340509810431
13350,0.3461117065577084
13354,0.2505988627873491
13360,0.2814814644410115
13364,0.2888346385208254
13366,0.24102806477870253
13368,0.1274550813971338
13375,0.090871581386949
13376,0.1358076452080334
13380,0.10070681645947774
13382,0.030421268583479613
13384,0.30858352793310306
13387,0.2387046660243169
13390,0.08520898081209237
13398,0.1973138825631427
13403,0.10555057398824398
13404,0.08908070416810546
13405,0.15426352856312164
13409,0.2967422185828474
13411,0.15287021879204582
13414,0.2126238767099773
13416,0.1445687186900338
13417,0.06807710648030393
13418,0.20354730245520708
13422,0.06434580832373174
13430,0.3679833872965991
13435,0.02976108777571855
13439,0.22265242439472338
13446,0.12962164161707893
13448,0.05859931736998836
13449,0.1400805834195919
13451,0.15633343247695813
13455,0.21598131556933675
13468,0.25539155660722773
13470,0.04446925963923502
13474,0.04416652479368713
13478,0.2746972859745167
13485,0.19174246718272825
13488,0.2715550441740407
13489,0.10383993974050951
13500,0.17161242365768237
13505,0.04596287312419721
13506,0.21817887875539216
13517,0.0634303089715327
13518,0.08888556785199928
13523,0.12951039567985956
13529,0.21522994956713354
13532,0.06226131477878452
13534,0.1369091623568944
13539,0.18371817007182029
13547,0.16020515583297124
13548,0.25955142517767793
13550,0.37780768014579474
13554,0.27443649631841216
13555,0.3380162849951356
13556,0.2781732655866509
13558,0.07876218756503336
13562,0.14493893057946888
13566,0.21264393745275456
13574,0.08110382335830743
13576,0.22935088877844267
13577,0.32413060358548723
13580,0.05619567564449366
13586,0.3439232618910971
13598,0.3659390152372064
13600,0.13350065978864736
13602,0.11885814126512922
13604,0.13431403172307121
13616,0.2455818533891428
13623,0.15028785408544454
13627,0.32898895074536416
13630,0.06301815189265425
13633,0.2928285500373909
13635,0.19580385574318093
13636,0.2576073568321716
13640,0.17531271884814426
13642,0.35124360930091175
13647,0.27236294499679803
13648,0.3704052660609822
13652,0.15156079939985678
13659,0.054078355429547274
13660,0.10169891137500818
13666,0.2476718180457565
13667,0.059456458197744436
13672,0.1388605255179561
13673,0.2444566280897268
13675,0.09583023226071233
13678,0.24344994354308563
13682,0.09132568365527083
13684,0.24143475074591447
13689,0.120008898418989
13690,0.15623130505918292
13696,0.20458681367184745
13706,0.23988277873650932
13710,0.38116876641293185
13711,0.19489382750264844
13712,0.19484823490542735
13717,0.0434352195342612
13718,0.1376386439124315
13719,0.1462902951611013
13720,0.0929724882668958
13722,0.12370007509000663
13723,0.23996119800372956
13726,0.11738823593072203
13733,0.03515925128669298
13739,0.24862014406795474
13743,0.2481368625374114
13750,0.23803354299322282
13751,0.09800773470399052
13754,0.31053489109416477
13756,0.06454641575150444
13760,0.04882791193356911
13762,0.2540821372150387
13763,0.16722641580501568
13766,0.06855126949140303
13767,0.038968968710485406
13769,0.09362902166687917
13770,0.11599310245575735
13774,0.3014619642471723
13776,0.13331099458420775
13780,0.07871294756003462
13784,0.05635069047504529
13789,0.19150356197328983
13790,0.2695416750807583
13792,0.08216704272550272
13795,0.23329738399389827
13797,0.11366970370137172
13800,0.123151140219465
13804,0.1412805805784504
13815,0.13991097895792953
13816,0.23140437935727953
13817,0.2915483099074233
13820,0.3496168654320641
13824,0.31095981410026513
13830,0.31930325939172055
13838,0.17796438430252154
13840,0.05611360896949574
13841,0.05009720984020363
13842,0.23912594162263962
13843,0.06464671946539079
13849,0.24635145643023437
13852,0.2819136822626673
13855,0.0325513547256479
13858,0.15842886824523839
13863,0.03663280402887789
13871,0.35815179963184796
13872,0.1896762106766694
13873,0.10676698448210206
13874,0.21560745627212397
13877,0.2649167620186532
13879,0.231468208993389
13885,0.2800881546699357
13886,0.30630572177593857
13892,0.11344174071526639
13895,0.07318530107295237
13906,0.29161213954353277
13907,0.2650280079558726
13908,0.0511075417946225
13909,0.1279292444082329
13911,0.10050620903170504
13918,0.3342302757218982
13919,0.2023783082624589
13927,0.3307032324008763
13930,0.06705218489477432
13931,0.21747310535041003
13933,0.32274458862996674
13938,0.29481821098011834
13943,0.05025951948631063
13944,0.0774783000272881
13946,0.21535031402379712
13949,0.08917371306643643
13952,0.34212691356058705
13957,0.24869309222350838
13958,0.08029956994332779
13965,0.08959316496087025
13970,0.03314770589729947
13972,0.29279572336739174
13981,0.2324748935400302
13983,0.08510138228265066
13985,0.11342715108415564
13986,0.10665209113710497
13993,0.264617674580883
13995,0.1410963864856773
13998,0.10081806239669713
14000,0.04747289994415897
14002,0.035048005349473575
14003,0.07268195879963178
14019,0.3001799004133159
14021,0.37946725068464154
14026,0.26092649790986533
14031,0.07423028340125924
14032,0.26495870720809656
14034,0.11366970370137172
14035,0.17328111271597346
14043,0.07788316229061118
14046,0.28327598906763274
14048,0.27648451578558253
14057,0.2417666648536838
14065,0.12539064859496385
14067,0.07434882415403402
14082,0.047093569535279683
14086,0.18894855282502115
14103,0.36300467568005845
14104,0.3098035858347388
14106,0.3153859434384864
14107,0.23177094383893687
14111,0.05578534226950405
14116,0.046894785811395834
14118,0.0614151161743615
14119,0.2059545915884795
14122,0.10506182134603412
14123,0.12846541335155265
14124,0.06265158741099686
14125,0.24487425628027182
14126,0.287076587971981
14127,0.15008907036156066
14133,0.2363484405999321
14137,0.1845734871956875
14139,0.12892316302765217
14143,0.11524356015744298
14148,0.14759789084940153
14149,0.12410493735332973
14150,0.06852026652529271
14162,0.05124979069795223
14163,0.18370358044070956
14164,0.12330433134612777
14173,0.1505085222559945
14174,0.3157415656968107
14178,0.1979667685553484
14181,0.07069229785690438
14186,0.10669768373432605
14187,0.2262232366090774
14188,0.11631772174797135
14192,0.2626407795653775
14193,0.1889832031989092
14198,0.35926973011570856
14200,0.26269366697815394
14201,0.13831888546296983
14208,0.350220511419271
14214,0.21400806796160893
14220,0.0974989213190034
14224,0.24340435094586454
14229,0.10785208829596347
14233,0.08998890870474911
14241,0.054565284367868276
14242,0.26724563188470535
14246,0.12211527641060232
14247,0.1112569434564328
14250,0.07143819274744105
14251,0.3499870773214992
14254,0.2878753702752941
14257,0.0559750074739437
14259,0.2119326929361059
14261,0.12714687543991937
14281,0.09552932111905327
14282,0.2222311487964007
14285,0.056186557125049455
14286,0.1942774155882196
14293,0.22306640517749066
14297,0.05641816751893247
14298,0.11344356441915524
14301,0.0526449241729169
14308,0.12996267424429253
14311,0.2309210978267362
14313,0.36334570830727203
14314,0.05301695976624081
14315,0.03427110749282658
14320,0.1710890206415845
14325,0.03763401746385254
14333,0.17656013230811263
14336,0.16806531959388332
14338,0.22732840116571607
14354,0.17273035414154292
14359,0.25066816353512505
14361,0.15279909434038097
14362,0.24746026839465074
14363,0.30001759076720885
14369,0.07402238115793117
14370,0.3560435979363458
14376,0.12728365323158258
14382,0.3571378202696514
14387,0.12080038590674674
14389,0.2959835577650888
14390,0.17664949379866596
14392,0.1898695232888868
14393,0.0937712705702089
14396,0.12191284527894079
14407,0.1401535315751456
14412,0.09686244866179729
14413,0.2902553038502338
14414,0.03763948857551907
14416,0.1774428049903125
14417,0.15176140682762945
14423,0.30308870811602
14427,0.2776462151627753
14430,0.32119808773222813
14433,0.155303039779762
14434,0.13745262611576953
14435,0.3449737153310706
14436,0.12408305290666362
14438,0.036864414422760915
14439,0.14876323763437205
14442,0.1060466214460092
14444,0.09042659763807137
14446,0.1293298489948641
14449,0.35459192964082703
14451,0.11749765816405257
14459,0.2723191761034658
14464,0.17489326695371038
14467,0.17589448038868505
14469,0.2844139802942706
14470,0.06646495224256697
14471,0.23508826121274184
14476,0.04612883017808189
14477,0.23455209226942203
14479,0.04230999423484525
14480,0.2923726240651802
14481,0.029038901035736836
14485,0.12944656604375004
14486,0.14951095622879754
14493,0.17868109993083675
14504,0.3134856439863123
14508,0.24435450067195164
14509,0.26969304250353227
14516,0.3042814104593231
14520,0.17450481802538692
14522,0.2629927544159242
14523,0.15477234194810874
14529,0.2876401124736334
14532,0.055850995609502394
14537,0.044467435935346175
14540,0.14987934441434375
14541,0.12567879380940097
14544,0.20828528515842049
14548,0.09175243036526001
14550,0.3300941153020029
14554,0.06312210301431828
14555,0.055686862259506545
14564,0.20531994263516223
14571,0.07898285573558336
14572,0.2609830327304195
14576,0.13616509117024658
14580,0.07188135279242983
14581,0.14686476188608677
14582,0.33041326348255035
14583,0.11206849168696782
14586,0.1439413645522719
14591,0.117515895202941
14593,0.2817878466943371
14594,0.12456815814109577
14601,0.1572544029408237
14602,0.10648978149099797
14604,0.30783033822701106
14610,0.33221143551694926
14620,0.11184235240475132
14622,0.3294886456109071
14628,0.052210882647372336
14629,0.36655542715163525
14630,0.14729880341163135
14632,0.3802824463229543
14634,0.16759845139833957
14646,0.04864554154468483
14648,0.223722938577474
14651,0.14237297920786718
14658,0.3657037574355457
14661,0.20906035931117867
14666,0.051342799596283205
14672,0.2231448244447109
14673,0.11818884193792396
14680,0.11411833485802704
14685,0.3375220612412592
14688,0.1591802342474416
14694,0.2156840518354553
14695,0.33495793357354636
14702,0.2570401849227415
14705,0.03458660826559637
14706,0.17831088804140166
14707,0.23760861998712246
14711,0.23234358686003354
14713,0.05211605004515252
14714,0.1791789710924908
14717,0.25196116959231457
14722,0.35530499786136455
14726,0.1918518894160588
14735,0.10966849736925081
14736,0.2556414040399992
14742,0.32881569887592416
14744,0.3865085713994633
14746,0.20548042857738041
14748,0.22210713693195938
14751,0.32420355174104093
14753,0.2771756995594539
14754,0.22110227608920702
14759,0.32387163763327154
14764,0.2722480516518009
14766,0.2446645303330549
14767,0.291378705445761
14768,0.27852706414108636
14770,0.13843013140018923
14773,0.32592877561988615
14777,0.15312918474426146
14778,0.13770794466020753
14779,0.10144906394223671
14782,0.21071628244224783
14783,0.28018116356826667
14784,0.1807035875435633
14793,0.03895255537548582
14795,0.12434566626665695
14797,0.21323299380885075
14800,0.04224069348706923
14802,0.19108593378274485
14803,0.06005645677717368
14805,0.3318248102925146
14808,0.35718158916298365
14809,0.07133241792188817
14812,0.38178700203124954
14813,0.2778212907361042
14814,0.2417320144797958
14818,0.3161774309262441
14819,0.08795183146091182
14820,0.036656512179432846
14821,0.3687529903376907
14822,0.1821589032468598
14826,0.2614371349987413
14827,0.1658440482572729
14831,0.30175558057327595
14832,0.18308169741461422
14839,0.25082135466178784
14842,0.29604191628953175
14848,0.13239914263978636
14849,0.04177017788374781
14855,0.17015710795438588
14856,0.26799335047913087
14865,0.06901449027916909
14866,0.08527098674431302
14869,0.12603259236383646
14873,0.3130643683879896
14877,0.1419936487989879
14881,0.054187777662877835
14882,0.36182109185619954
14883,0.2247332705318929
14885,0.2811422555176868
14889,0.318033961485086
14890,0.31281452095521817
14892,0.18358321598404592
14893,0.03846197902938713
14894,0.06829959835474275
14897,0.24588641193857952
14901,0.10406425531883716
14904,0.03459390308115174
14908,0.22042385824255756
14914,0.2325168387294736
14916,0.09209893410414013
14917,0.0460650005419724
14918,0.14222890660064857
14923,0.179188089611935
14927,0.18436923236013714
14929,0.19183547608105922
14931,0.193832431839342
14935,0.36388005354670294
14948,0.364934154394454
14950,0.16629267941392822
14951,0.21747310535041003
14952,0.04681271913639791
14954,0.353548771016409
14960,0.05929961966330396
14962,0.0415987497181966
14970,0.14241310069342172
14973,0.14427692606781897
14976,0.2932224700773809
14978,0.18463914053568586
14982,0.19353881551323832
14985,0.0542971998962084
14986,0.13851584548296486
14987,0.09341200090410688
14988,0.33950989848009777
14991,0.1531109477053731
14997,0.1981728470947876
14998,0.23031562813564044
14999,0.2327685098661339
15000,0.11457426083023772
15005,0.3209190610372352
15006,0.12963258384041199
15009,0.33197617771528853
15015,0.16807261440943866
15018,0.2089618793011811
15029,0.28074104066214145
15037,0.3606119761778968
15041,0.22206519174251604
15042,0.16173159598793257
15047,0.16273645683068488
15050,0.25325782305728173
15053,0.2954327991906583
15056,0.30228627840492917
15057,0.295088119155667
15058,0.14343984598284015
15060,0.12253655200892498
15062,0.2747064044939609
15066,0.08023391660332946
15067,0.29280666559072477
15068,0.06529960545759647
15069,0.06764671236253705
15072,0.18216802176630398
15077,0.23582503758383427
15089,0.2448432533141615
15093,0.1852683183773366
15099,0.13257057080533757
15101,0.32017863725836504
15103,0.29231791294851495
15104,0.21031506758670243
15105,0.14130064132122766
15108,0.13868727364851607
15109,0.14362221637172445
15112,0.22100744348698725
15114,0.2759793498083731
15117,0.04532092935532457
15122,0.1289031022848749
15130,0.04895739490967693
15132,0.04612153536252652
15133,0.18252364402462828
15134,0.04403339440980161
15136,0.25693441009718865
15137,0.3483566860448738
15142,0.07252147285741362
15145,0.11804294562681655
15146,0.04639873835363061
15147,0.14412738234893385
15150,0.346255779164927
15163,0.31936891273171886
15165,0.04939326013911034
15167,0.11172745905975423
15168,0.033171414047854425
15173,0.17743003906309063
15181,0.15704650069749565
15183,0.30319265923768407
15185,0.294601190217346
15186,0.3080200034314507
15189,0.09747156576067076
15190,0.05888563888053666
15191,0.11458155564579307
15193,0.2916139632474216
15196,0.11022837446312553
15199,0.27133984711515724
15200,0.2817513726165603
15201,0.32134398404333553
15204,0.31860295709840497
15207,0.07304852328128916
15209,0.305175025364856
15212,0.22861228870346134
15213,0.18859657797447454
15214,0.2638827219136794
15215,0.2804693087827038
15216,0.2975081742161613
15222,0.21870228177149004
15223,0.10011046528782616
15231,0.15506960568199013
15236,0.2189448343887061
15240,0.33626188185406897
15241,0.2157278207287876
15242,0.33572936031852685
15243,0.24917272634627408
15247,0.3184351763406314
15250,0.13372132795919733
15253,0.19120082712774195
15254,0.20840017850341752
15255,0.21536307995101905
15260,0.10821318166595434
15265,0.05230206784181447
15275,0.11047822189589698
15280,0.2322177512917034
15281,0.28442856992538135
15282,0.3265470112382038
15283,0.31951663274671516
15284,0.3412150616161657
15292,0.2936419219718147
15293,0.1173955307462774
15300,0.29645224966452133
15301,0.1529285773164888
15302,0.37869764764355
15303,0.17380998684373783
15306,0.12956328309263598
15311,0.2155454503399033
15313,0.25974473778989526
15320,0.18016012378468815
15322,0.04878779044801457
15324,0.20382268174242235
15327,0.3307087035125429
15329,0.20451021810851605
15340,0.35728006917298116
15349,0.18229020992685646
15355,0.10983627812702434
15356,0.24812409661018947
15359,0.3790532699018743
15360,0.1625449679223564
15361,0.07716097555062948
15364,0.25435204539058737
15367,0.07895185276947303
15368,0.3500600254770529
15372,0.3561439016502322
15374,0.06446070166872883
15377,0.2925349337112872
15383,0.2691532261524348
15386,0.03973127693602166
15391,0.19743607072369518
15394,0.03299998588230321
15395,0.2788243278749677
15396,0.06046679015216329
15397,0.18227926770352343
15400,0.08942356049920787
15404,0.20669319166346078
15408,0.1259304649460613
15409,0.04167352157763915
15411,0.35513721710359103
15414,0.29755011940560466
15416,0.10121015873279832
15421,0.08626308165984345
15423,0.11344903553082177
15425,0.04113005781876402
15426,0.30110998939662564
15428,0.2409405269920381
15429,0.13493409104527776
15437,0.291389647669094
15438,0.06887771248750588
15449,0.12212439493004654
15456,0.2861793256586704
15459,0.3412843623639418
15460,0.21039348685392262
15465,0.3028187999404713
15466,0.18262759514629234
15468,0.25845902654826114
15469,0.052300244137925625
15470,0.1327638834175549
15473,0.3444411937955285
15474,0.22845362646513206
15484,0.10570011770712909
15486,0.2390621119865301
15488,0.13446539914584518
15489,0.03211548949621449
15493,0.1584124549102388
15494,0.12901617192598314
15511,0.04516591452477294
15512,0.3059792787798357
15517,0.31556831382737066
15518,0.2251271905718829
15522,0.03446442010504391
15524,0.25017211607735984
15526,0.14980639625879005
15527,0.18101544090855543
15528,0.1143554163635766
15534,0.18240510327185355
15537,0.2894091052458108
15538,0.23723476068990967
15541,0.0456765516136489
15544,0.232662735040581
15545,0.19685978029482087
15546,0.03944313172158451
15547,0.04096957187654586
15548,0.31729900881788237
15549,0.3266035460587579
15550,0.1517249327498526
15551,0.0772175103711836
15552,0.04982912536854375
15553,0.1485735724299324
15562,0.102895261126089
15563,0.35477794743748897
15564,0.3023792873032602
15567,0.22135029981808968
15568,0.20504456334794696
15569,0.05199203818071121
15573,0.060873476119375214
15574,0.10171167730223006
15579,0.23075878818062923
15581,0.04625648945030088
15582,0.1494106525149112
15586,0.2763951542950292
15589,0.16783918031166678
15591,0.11657486399629817
15594,0.12312743206891003
15596,0.18237592400963204
15598,0.20978072234727152
15600,0.15002888813322887
15603,0.2997403877761048
15617,0.03678417145165183
15619,0.2599380504021126
15625,0.09980043562672292
15633,0.067995039805306
15636,0.27667600469391096
15637,0.28032888358326297
15640,0.14236021328064527
15641,0.20243849049079077
15642,0.0977378265284418
15643,0.08748131585759039
15650,0.11353474961359737
15653,0.07577313689122017
15655,0.337826619790696
15661,0.29943218181889036
15663,0.2521088896073108
15665,0.0610175487265938
15667,0.21852720619816113
15671,0.04744736808971517
15673,0.3641408432028075
15676,0.04191607419485523
15679,0.2509763694923395
15684,0.360876413241779
15685,0.04535922713699027
15690,0.1191809368534544
15695,0.12791100736934446
15699,0.3445232604705264
15701,0.07740170446395672
15705,0.3507730936975904
15709,0.04610694573141578
15717,0.26927723801687614
15718,0.3734435567397941
15724,0.3008546708521877
15725,0.1475358849171809
15728,0.22012477080478737
15729,0.23677336360603246
15731,0.14385747417338512
15732,0.1539790307564622
15733,0.19230781538826947
15739,0.35664177281188625
15742,0.0476534466291544
15743,0.04750025550249161
15744,0.11131347827698694
15745,0.05299872272735239
15748,0.0625293992504444
15751,0.3429949966116762
15752,0.22005729376090016
15760,0.05066073434185603
15761,0.061378642096584654
15764,0.24018004247039065
15766,0.3381184124129108
15770,0.04317807728593438
15773,0.06798045017419527
15777,0.24918184486571826
15778,0.33335307415136484
15780,0.08097434038219958
15782,0.37874141653688215
15783,0.2710134041190544
15785,0.1648282451911875
15787,0.21038983944614498
15788,0.33585154847907933
15793,0.3494837350481786
15795,0.19079961227219655
15798,0.32893606333258774
15801,0.3269901712831926
15809,0.17341241939597013
15810,0.12702286357547807
15814,0.19062818410664534
15833,0.3726356559170368
15835,0.3268278616370856
15837,0.03458478456170752
15841,0.15294863805926606
15842,0.058039440276113644
15845,0.163117610943453
15849,0.06049596941438478
15850,0.05795372619333804
15851,0.036373838076662224
15853,0.11059129153700523
15854,0.264838342751433
15857,0.06325340969431495
15861,0.369792501554331
15868,0.34924482983874017
15871,0.18348655967793726
15873,0.10023630085615631
15876,0.17751575314586626
15883,0.13777906911187238
15884,0.13525871033749176
15887,0.08999985092808217
15888,0.1160295765335342
15890,0.17447016765149892
15891,0.2974297549489411
15892,0.15322948845814782
15893,0.1269480917160355
15897,0.1716343081043485
15898,0.36453658694668634
15902,0.32478348957769293
15903,0.06715978342421605
15905,0.25587666184165986
15910,0.2160232607587801
15911,0.19498501269709057
15912,0.17991574746358324
15916,0.05554461335617681
15917,0.036605448470545254
15924,0.33444182537300393
15930,0.33870017395345164
15932,0.32237802414830935
15937,0.14020277158014433
15940,0.21321293306607347
15942,0.22689253593628267
15943,0.36324905200116336
15946,0.15072554301876678
15948,0.04379266549647438
15949,0.04407716330313384
15952,0.13857602771129665
15954,0.046675941344734705
15956,0.16350058876010998
15957,0.08904058268255091
15960,0.07984546767500594
15962,0.13263804784922478
15965,0.1585309956630136
15968,0.29415073535680186
15969,0.21444758059882002
15975,0.11015542630757182
15977,0.35990437906902584
15982,0.17810480950196245
15988,0.2472724268941
15990,0.07351903888461059
15991,0.04425953369201811
15992,0.057720292095566166
15993,0.3438503137355434
15997,0.19438683782155014
16003,0.1171949233185047
16009,0.23728582439879725
16014,0.267597606735252
16015,0.2633319633392489
16016,0.05354765759789404
16019,0.19497589417764638
16026,0.15689695697861056
16029,0.30749477671146397
16030,0.24203839673312139
16031,0.049400554954665714
16032,0.17236196595599673
16037,0.0669099359914446
16045,0.3170163347151118
16049,0.26668940219860837
16051,0.1590726357179999
16055,0.3389117236045574
16061,0.3056637780070659
16064,0.2619368298642842
16065,0.05220358783181696
16076,0.36938216817934144
16078,0.35531411638080873
16085,0.23341227733889536
16087,0.06296344077598898
16088,0.32254762860997177
16091,0.15212067649373145
16092,0.2079497236428734
16093,0.2645064286436636
16095,0.2659872762014039
16101,0.12023321399731667
16102,0.28936898376025627
16110,0.2945191235423481
16111,0.19983971244918985
16113,0.2573848649577328
16118,0.2976413046000468
16121,0.050215750592978406
16123,0.34457797158719167
16127,0.20486219295906272
16129,0.029937987052936293
16130,0.12287576093224974
16133,0.13840642324963426
16135,0.17630846117145232
16136,0.11519432015244423
16137,0.325779231901001
16138,0.050967116595181605
16140,0.32610202748932615
16141,0.2710662915318308
16142,0.1437699363867207
16145,0.3039221407932211
16147,0.3083975101364411
16148,0.34273967806723826
16149,0.25645295227053416
16163,0.3525384390619901
16166,0.038585990893828435
16169,0.11590374096520406
16172,0.21705182975208742
16173,0.31441573296962205
16176,0.23560984052495082
16177,0.23775086889045216
16179,0.2958558984928698
16181,0.04894645268634388
16182,0.37458519537420965
16197,0.3277998958098387
16198,0.16711334616390738
16199,0.14787509384050562
16203,0.09319498014133461
16204,0.08091233444997893
16218,0.08609712460595875
16219,0.3389336080512235
16226,0.28421519657038674
16227,0.11468185935967945
16228,0.26844198163578614
16229,0.29631547187285817
16230,0.21477219989103402
16235,0.13740885722243731
16237,0.05137562626628238
16240,0.11434629784413237
16242,0.15142037420041587
16246,0.30903398279364724
16247,0.24927667746793813
16248,0.20184943413469453
16254,0.38508790607005483
16256,0.2572936797632907
16258,0.13405871317863324
16260,0.040945863725990905
16266,0.2338189633061073
16270,0.1981418441286773
16271,0.2567265078538606
16272,0.20159776299803422
16274,0.1604094106685216
16275,0.24896664780683486
16276,0.04819873409191837
16277,0.1855163421062192
16278,0.04758779328915606
16279,0.1702902383382714
16280,0.33084548130420605
16284,0.14541491729445682
16286,0.12354141285167732
16288,0.31925401938672177
16293,0.11606969801908874
16299,0.3625159230378486
16300,0.26572831024918825
16307,0.15655957175917462
16314,0.26273561216759733
16315,0.16607930605893356
16319,0.2694960824835373
16320,0.29290514560072234
16321,0.21996975597423574
16325,0.03762672264829717
16329,0.04008872289823483
16333,0.05251726490069791
16335,0.29455559762012495
16336,0.30091302937663067
16342,0.2259989210307497
16343,0.3601669924290192
16346,0.2713872634162671
16347,0.13795414468520129
16348,0.30823702419422294
16350,0.07186129204965255
16352,0.12265326905781092
16354,0.2508596524434536
16356,0.2623508106470515
16357,0.3316716191658518
16358,0.1389717714551755
16362,0.1529887595448206
16364,0.0560351897022755
16367,0.1947862289732067
16371,0.11874324792013216
16374,0.21149682770667244
16376,0.2288238383545671
16377,0.33459501649966666
16378,0.29581212959953757
16381,0.08811596481090764
16384,0.20847130295508243
16386,0.19382878443156432
16388,0.10804722461206964
16391,0.316283205751797
16394,0.21176126477055468
16397,0.062159187361009324
16398,0.2877477110030751
16400,0.22093996644310004
16404,0.2935616790007057
16409,0.13697116828911504
16411,0.09444786471296955
16418,0.3716052632198407
16420,0.13803803506408807
16421,0.26849486904856257
16425,0.10967032107313965
16426,0.17186409479434267
16429,0.3042923526826562
16430,0.1849692309395664
16431,0.05513063257340952
16437,0.07297557512573545
16438,0.043358623970929815
16439,0.1202569221478716
16440,0.055318474073960316
16441,0.2770316269522353
16451,0.11180770203086332
16461,0.12906358822709307
16464,0.3626891749072887
16466,0.3477712770965553
16467,0.13038212613872635
16468,0.23814296522655332
16469,0.2192038003409218
16470,0.2524152718606364
16483,0.337188323429601
16488,0.06544367806481505
16490,0.05921025817275066
16496,0.32253121527497214
16502,0.07318165366517468
16511,0.04330938396593106
16512,0.2413763922214715
16513,0.16114801074350288
16514,0.02705835861245365
16515,0.03591973580834039
16517,0.22916122357400298
16520,0.04296288022705094
16525,0.25272712522562857
16529,0.17072792727159364
16532,0.19920688719976143
16536,0.3720757788231621
16540,0.07544851759900617
16542,0.21401171536938657
16548,0.1563188428458474
16549,0.1075201741881941
16551,0.3772058578624767
16552,0.12106117556285124
16557,0.1397559641273779
16558,0.10677063188987976
16559,0.2731909065623326
16561,0.22999100884342644
16562,0.2368517828732527
16564,0.10482838724826227
16566,0.14451218386947967
16572,0.2671544466902632
16573,0.2640122048897872
16574,0.33451477352855763
16575,0.05872150553054081
16579,0.339646676271761
16582,0.1050308183799238
16584,0.27879697231663503
16586,0.17617533078756686
16588,0.21188892404277365
16595,0.25218001405897567
16597,0.11750860038738564
16600,0.264548373833107
16601,0.15651397916195353
16606,0.3796386788501928
16608,0.049790827586878056
16611,0.21242144557831577
16613,0.29596532072620035
16619,0.283285107587077
16622,0.24614173048301752
16624,0.2297721643767653
16626,0.3059154491437262
16628,0.1689115181983063
16630,0.1585200534396805
16631,0.08268679833382289
16634,0.19653516100260687
16638,0.31194096679246247
16643,0.09976031414116836
16645,0.34368800408943645
16649,0.21553086070879252
16651,0.28160547630545285
16652,0.18056498604801124
16653,0.08957128051420414
16669,0.240408005456496
16672,0.17400329945595516
16677,0.2796851161105015
16679,0.19494853861931372
16680,0.25138852657121796
16681,0.04288993207149724
16684,0.03019148189348543
16685,0.13144534550592166
16686,0.321918450768321
16689,0.10586972216879145
16690,0.028752579525188532
16692,0.14211036584787384
16693,0.037307574467749696
16696,0.053657079831224606
16703,0.35181807602589726
16704,0.047699039226375466
16707,0.13410065836807664
16711,0.11861558864791318
16713,0.11731164036739063
16714,0.3859049254122564
16716,0.12370554620167316
16717,0.24356848429586042
16718,0.22298616220638162
16720,0.039638268037690674
16723,0.13442527766029064
16724,0.3555056052891372
16728,0.37567759400362644
16730,0.1703540679743809
16743,0.09838341770509211
16744,0.04822244224247332
16748,0.2245053075457875
16750,0.22239892955417423
16752,0.28903524594859803
16753,0.12308731058335548
16755,0.3115142200824733
16756,0.05224006190959382
16760,0.22235880806861968
16764,0.04648262873251738
16771,0.16412247178620537
16772,0.3362545870385136
16776,0.22324877556637496
16777,0.07373970705516056
16780,0.2797088242610564
16781,0.2018731422852495
16788,0.2030257231429981
16792,0.16895163968386084
16794,0.32855308551593077
16795,0.04946256088688637
16796,0.054982912558413255
16798,0.14078088571290748
16801,0.26325354407202867
16802,0.10294450113108775
16803,0.2929051456007223
16815,0.1749260936237096
16816,0.1141639274552481
16818,0.2689763268752171
16819,0.3368655278412759
16824,0.11741194408127698
16829,0.1633364554101141
16833,0.1844020590301363
16834,0.15908904905299948
16846,0.2672638689235938
16847,0.28714771242364584
16848,0.17369691720262959
16852,0.14010793897792453
16853,0.27038787368518136
16857,0.15514620124532152
16858,0.3310953287369775
16861,0.209426923792836
16862,0.27976535908161054
16867,0.13101130398037708
16869,0.19834427526033882
16870,0.22004999894534483
16872,0.18462455090457514
16877,0.09597795227570857
16883,0.12076755923674758
16890,0.07286980030018257
16893,0.1524197639315017
16894,0.07566736206566729
16897,0.10688552523487685
16901,0.14565564620778407
16902,0.08961869681531404
16906,0.03129847015401296
16910,0.05179872556849389
16911,0.3739706071636697
16921,0.09614755673737095
16926,0.29169785362630846
16928,0.27791612333832405
16932,0.3311026235525329
16933,0.17894918440249663
16935,0.24923655598238353
16943,0.2719216086556981
16947,0.041956195680409765
16948,0.22105668349198598
16949,0.05694339423891917
16953,0.24280252866254648
16954,0.19852482194533427
16956,0.20160323410970077
16958,0.05024857726297757
16962,0.21189986626610674
16969,0.06643577298034549
16970,0.03668204403387664
16979,0.1859503836317638
16981,0.2537283386606032
16983,0.2886796236902737
16984,0.10369039602162441
16985,0.1442477468055975
16987,0.31171118010246834
16989,0.37562288288696116
16990,0.2764133913339176
16992,0.18590296733065387
16995,0.14457054239392264
16997,0.37850615873522153
17000,0.3133288054518718
17002,0.26253682844371345
17003,0.25901160882658053
17006,0.3512053115192461
17007,0.27111735524071845
17008,0.034499070478931915
17014,0.15739847554804226
17015,0.28482431366926025
17018,0.3102358036563946
17020,0.08283816575659685
17024,0.3607925228628922
17026,0.3518126049142308
17028,0.18879171429058073
17035,0.1863060058900881
17038,0.2039995810196401
17041,0.3589779374934937
17046,0.32320963312162165
17052,0.05950569820274318
17053,0.07981264100500679
17056,0.09314026902466932
17063,0.18830296164837085
17068,0.12480706335053418
17073,0.05641087270337711
17077,0.25944382664823623
17078,0.14024836417736541
17081,0.21091506616613165
17083,0.2598851629893361
17085,0.1224854883000374
17086,0.2560499137110999
17087,0.18391695379570416
17088,0.1699692664538351
17090,0.25397089127781924
17093,0.05534035852062644
17094,0.06608197442591
17095,0.14264106367952706
17096,0.07908133574558085
17099,0.3122126986719001
17101,0.2794516820127296
17102,0.2247296231241152
17104,0.24620008900746043
17105,0.21274241746275202
17115,0.13759669872298813
17116,0.25997817188766714
17122,0.050768332871297756
17123,0.06600902627035629
17127,0.2867191420097678
17128,0.2676742022985834
17131,0.2965507296745189
17136,0.2338189633061073
17140,0.0621664821765647
17141,0.1892129898889034
17146,0.09283206306745491
17147,0.05195374039904552
17149,0.32533789555990106
17155,0.23276303875446736
17158,0.345095903491623
17159,0.13104960176204278
17163,0.18635524589508684
17164,0.14469090685058628
17165,0.24848701368406917
17169,0.34634331695159143
17170,0.11078095674144486
17171,0.3155737849390372
17172,0.09478889734018313
17175,0.37943807142242014
17177,0.19900080866032221
17181,0.1291164756398695
17183,0.036857119607205543
17188,0.11925023760123044
17189,0.19055158854331394
17191,0.12984413349151774
17192,0.13289883750532927
17194,0.1466276803805372
17210,0.1190569249890131
17212,0.3270284690648583
17219,0.37103262019874406
17220,0.1927874495110351
17225,0.2915337202763126
17227,0.23566090423383845
17228,0.035250436481135114
17229,0.055092334791743816
17231,0.24615632011412825
17232,0.26226509656427593
17233,0.034127034885608004
17237,0.12810614368545065
17240,0.2858164085847907
17241,0.21832295136261082
17243,0.0972727820367869
17246,0.34154515202004626
17247,0.12562955380440222
17251,0.37610069330583795
17253,0.10448917832493751
17254,0.048669249695239794
17256,0.0517695463062724
17257,0.16394739621287646
17262,0.10474084946159781
17267,0.07717738888562907
17268,0.17000756423550079
17269,0.172961964535426
17270,0.21217159814554432
17275,0.3136443062246416
17276,0.32919867669258107
17277,0.36905754888712744
17279,0.1336593220269767
17283,0.06721631824477017
17287,0.1893807706466769
17288,0.06404854458985038
17294,0.13939851816516471
17295,0.04290269799871914
17298,0.23449008633720142
17300,0.03324800961118582
17302,0.2767015365483548
17303,0.2037552046985352
17305,0.22178616504752308
17307,0.3328716163247103
17310,0.12222652234782173
17312,0.08289834798492865
17316,0.19261784504937274
17317,0.1207821488678583
17318,0.042720327609834866
17320,0.03351791778673454
17323,0.15180699942485054
17324,0.12667453613270913
17328,0.35046671144426483
17332,0.24955570416293105
17333,0.1097742721948037
17335,0.054663764377865784
17338,0.185634882858994
17340,0.28559391671035184
17344,0.3261567386059915
17345,0.33265459556193805
17349,0.2832522809170778
17351,0.17569387296091238
17352,0.16304648649178816
17354,0.07971416099500928
17356,0.34884908609486126
17357,0.26551311319030474
17361,0.06912755992027733
17362,0.3253688985260114
17363,0.27526992899561326
17366,0.2167290341637622
17367,0.1499012288610099
17369,0.06812452278141384
17371,0.3035555763115637
17373,0.2853003003842482
17378,0.2852857107531374
17380,0.26871188981133487
17382,0.2846911832853747
17383,0.20119837184637768
17387,0.176625785648111
17389,0.20165794522636604
17391,0.08933602271254343
17398,0.22170045096474744
17402,0.1756792833298016
17405,0.35808249888407195
17407,0.04657928503862604
17409,0.15330061290981273
17411,0.25336359788283463
17412,0.03536897723390989
17413,0.17569569666480123
17415,0.21684210380487046
17420,0.12433837145110158
17421,0.17721848941198487
17422,0.252849313386181
17428,0.2346140982016427
17430,0.09190379778803395
17433,0.1380836276613091
17435,0.2815379992615657
17438,0.1029554433544208
17440,0.04541393825365555
17442,0.168555895939982
17444,0.2295077273128831
17448,0.22602992399686006
17449,0.35353418138529824
17462,0.2647070360714363
17464,0.18944824769056412
17466,0.07343150109794613
17468,0.3259743682171072
17469,0.2000257302458518
17472,0.11239493468307067
17473,0.213670682742173
17475,0.22865058648512698
17479,0.03786380415384672
17481,0.12545630193496218
17482,0.23559889830161773
17485,0.041263188202649535
17486,0.3636393246333757
17488,0.24507304000415564
17489,0.04945891347910868
17490,0.10598826292156623
17491,0.07654091622842296
17492,0.17058567836826394
17494,0.0819099004771759
17497,0.35366001695362836
17500,0.15879178531911808
17506,0.27504743712117447
17507,0.2517769754995415
17508,0.3724934070137071
17510,0.0994721689267312
17512,0.35308737393253176
17513,0.2756073142150492
17515,0.25512711954334555
17520,0.2684638660824523
17521,0.21611626965711106
17522,0.28835682810194857
17523,0.14567205954278364
17524,0.13463500360750758
17530,0.36236455561507463
17535,0.2376961577737869
17536,0.15749513185415093
17545,0.21971808483757538
17548,0.2962005785278611
17549,0.17771636057363893
17553,0.269707632134643
17555,0.3298077937914546
17557,0.20394122249519714
17558,0.19779169298201954
17559,0.2620644891365032
17562,0.33092937168309283
17564,0.044266828507573484
17565,0.3452618605455077
17566,0.3142753077701812
17567,0.2650316553636503
17568,0.06610932998424264
17569,0.13685080383245146
17572,0.1333474686619846
17573,0.3257263444882246
17575,0.12877361930876707
17577,0.26224685952538745
17578,0.16107323888406033
17580,0.12245083792614939
17581,0.3264594734515393
17585,0.1829467433268398
17586,0.31388868254574653
17591,0.2275910145257094
17594,0.3188272726767326
17596,0.11418034079024768
17599,0.35884480710960825
17602,0.24641163865856625
17603,0.2947908554217857
17606,0.06939017328027068
17614,0.3271889550070764
17621,0.27997690873271636
17624,0.32675126607375415
17626,0.3623207867217424
17628,0.050979882522403513
17629,0.2099649164400446
17630,0.33214031106528435
17631,0.22993812143065
17633,0.08342904581658186
17636,0.32658713272375833
17641,0.17912061256804784
17642,0.3667505634677414
17645,0.32350872055939184
17646,0.31355676843797714
17650,0.15793464449136208
17655,0.16339116652677943
17659,0.1376514098396534
17660,0.20072420883527858
17662,0.15924588758743996
17664,0.0805475936722104
17671,0.034199983041161716
17673,0.24150952260535696
17676,0.29952154330944364
17679,0.2974297549489411
17685,0.31086315779415646
17705,0.3384266183701252
17708,0.2344007248466481
17711,0.3013944872032851
17714,0.331877697705291
17715,0.04620360203752444
17721,0.20607860345292078
17724,0.36477731586001355
17726,0.2914662432324254
17728,0.10933293585370377
17730,0.11698702107517663
17732,0.12362895063834177
17735,0.37591285180528716
17737,0.1031688167094154
17738,0.2830115520037506
17739,0.2970668378750614
17747,0.23708156956324689
17749,0.18123610907910537
17752,0.18800205050671182
17753,0.30538657501596184
17756,0.11494994383133932
17758,0.08323755690825341
17760,0.2560426188955446
17762,0.13386722427030479
17763,0.358997998236271
17769,0.060835178337709524
17775,0.2270785537329446
17776,0.06217377699212007
17781,0.30089843974551994
17782,0.1320927603864608
17783,0.0413981422904239
17784,0.3219968700355413
17785,0.16936197305885048
17798,0.10584419031434766
17799,0.25283837116284796
17800,0.3762247051702793
17803,0.13115537658759566
17804,0.05490449329119301
17805,0.1114648456997609
17808,0.22413144824857484
17817,0.14995229256989748
17823,0.37652014520027177
17824,0.19881479086366027
17825,0.21958313074980107
17827,0.07238287136186158
17828,0.23418005667609815
17831,0.12887392302265344
17834,0.18311999519627986
17835,0.375914675509176
17837,0.1383644780601909
17838,0.31725706362843903
17839,0.2148542665660319
17843,0.32294337235385057
17846,0.3812344197529302
17847,0.2559003699922148
17848,0.26569183617141134
17853,0.07941507355723908
17856,0.20261721347189732
17859,0.16374496508121494
17863,0.07000476149081067
17868,0.04971058461576898
17869,0.12893592895487407
17870,0.3428162736305696
17875,0.06638835667923558
17876,0.22492658314411018
17877,0.26333013963536006
17879,0.32395917541993596
17884,0.23272838838057935
17885,0.0780108215628302
17886,0.05150875665016789
17890,0.295157419903443
17897,0.08482782669932423
17900,0.08644362834483889
17902,0.22697277890739176
17903,0.20114183702582356
17908,0.242507088632554
17914,0.2428189419975461
17915,0.24927303006016044
17916,0.041263188202649535
17920,0.23194601941226584
17921,0.3390393828767764
17924,0.24360678207752612
17925,0.0977250606012199
17926,0.08808496184479732
17928,0.3469998503515748
17930,0.126072713849391
17932,0.09951593782006343
17933,0.265753842103632
17939,0.29779449572670963
17941,0.3635280786961563
17943,0.3495785676503984
17947,0.056863151267810094
17948,0.17187686072156455
17950,0.21504757917824924
17956,0.2322305172189253
17959,0.14963314438935002
17970,0.32206799448720613
17973,0.20325368612910344
17974,0.2597119111198961
17975,0.12378214176500456
17976,0.28716959687031196
17980,0.09052872505584655
17986,0.3195914046061577
17987,0.05739020169168564
17990,0.3475287244793392
17994,0.161100594442393
17999,0.15205867056151084
18002,0.06577194476480674
18003,0.036368366964995694
18005,0.3511743085531358
18007,0.34895668462430307
18013,0.14033225455625217
18015,0.04438901666812595
18016,0.1583468015702405
18018,0.14580336622278034
18019,0.21934604924425155
18026,0.22112598423976204
18030,0.23962381278429362
18032,0.30877866424920924
18035,0.23295452766279584
18039,0.20495702556128248
18042,0.1529668750981545
18044,0.26993741882463723
18045,0.157053795513051
18046,0.26679700072805
18052,0.1815443150363198
18054,0.0787165949678123
18055,0.2578262012988327
18059,0.09895423702229988
18066,0.20674060796457072
18072,0.3279640291598346
18073,0.03773979228940542
18077,0.3085014612581051
18081,0.039543435435470856
18083,0.1315037040303646
18084,0.23279768912835536
18085,0.15419058040756795
18086,0.1466988048322021
18087,0.20999409570226613
18092,0.28086140511880503
18093,0.09455363953852243
18095,0.045911809415309604
18097,0.15720698663971383
18100,0.3055178816959585
18101,0.10561805103213116
18103,0.2937422256857011
18104,0.289859560106355
18105,0.1553103345953174
18109,0.10239556626054608
18110,0.3390539725078871
18113,0.33521689952576206
18117,0.0754321042640066
18119,0.21047920093669825
18126,0.3367962270934998
18127,0.04058841776377773
18128,0.03647778919832626
18129,0.23227246240836863
18130,0.14909879914991908
18137,0.38501313421061234
18142,0.27347358066510324
18144,0.042769567614833616
18145,0.10170620619056354
18146,0.24123414331814175
18149,0.3390576199156648
18152,0.03876471387493502
18153,0.3453712827788383
18154,0.24943533970626747
18155,0.1943157133698853
18156,0.3036230533554509
18161,0.30433794527987723
18163,0.08552448158486214
18165,0.06407590014818301
18166,0.2149636887993625
18168,0.2802741724665977
18172,0.03308569996507882
18174,0.3076698522847929
18176,0.0757694894834425
18177,0.08213603975939239
18179,0.24230648120478127
18181,0.31042729256472307
18182,0.039337356896031635
18183,0.23757579331712325
18187,0.1553066871875397
18188,0.35451168666971794
18189,0.25622134187665113
18194,0.2703441047918491
18196,0.21836672025594295
18197,0.23452291300720057
18198,0.08790988627146842
18199,0.29655437708229654
18201,0.29426927610957665
18205,0.17419478836428365
18206,0.22652232404684758
18207,0.28380121578761947
18210,0.12054141995453106
18212,0.196950965489263
18214,0.1304568979981689
18215,0.13984714932182002
18216,0.24680191129077855
18220,0.08342722211269304
18221,0.3584016470646194
18222,0.04307047875649267
18223,0.34402538930887233
18227,0.2428973612647663
18228,0.32133486552389134
18229,0.059607825620518376
18232,0.33663938855905934
18234,0.26490034868365364
18239,0.24718671281132437
18243,0.2479690817796379
18244,0.06276283334821627
18245,0.32763029134817634
18246,0.08894757378421991
18248,0.24323109907642454
18250,0.36724843462939544
18253,0.3713025283742928
18254,0.17558809813535953
18256,0.17740268350475796
18257,0.19133031010384977
18263,0.06927892734305127
18264,0.03349968074784611
18266,0.21230290482554098
18267,0.029863215193493744
18268,0.12745325769324495
18269,0.30968139767418645
18270,0.28194650893266643
18271,0.37163261877817333
18272,0.10556333991546588
18276,0.26892891057410717
18277,0.0753390953656756
18280,0.14890731024159062
18282,0.06113973688714625
18285,0.2853003003842482
18288,0.3802441485412886
18295,0.048877151938567856
18298,0.11953838281566757
18300,0.11781863004848891
18301,0.18976557216722273
18302,0.10567640955657413
18304,0.07838832826782062
18305,0.21137646325000886
18306,0.35074573813925775
18307,0.062390797754892355
18308,0.061526362111580905
18309,0.13971949004960102
18311,0.2832376912859671
18313,0.2628523292164832
18314,0.29743522606060757
18318,0.3191737764156127
18320,0.34924665354262907
18321,0.15203313870706703
18330,0.2547404943189109
18334,0.1352003518130488
18336,0.03652702920332501
18337,0.16317596946789598
18338,0.11636331434519241
18339,0.19079414116053
18341,0.3587098530218339
18347,0.07570201243955532
18354,0.05650205789781923
18355,0.04517503304421715
18356,0.22317400370693236
18358,0.16072308773740251
18360,0.3190880623328371
18361,0.17352913644485607
18363,0.31062607628860694
18364,0.3616551348023148
18367,0.1939837992621159
18380,0.03587231950723048
18383,0.14103438055345663
18384,0.19181541533828195
18385,0.29578112663342726
18387,0.38167393239014125
18390,0.22254117845750399
18391,0.3289196499975882
18392,0.18865128909113982
18395,0.38027150409962124
18396,0.32379868947771784
18397,0.1278909466265672
18399,0.28212158450599534
18400,0.3503809973614892
18403,0.2995580173872205
18404,0.16909935969885714
18406,0.15407568706257085
18407,0.3664314152871939
18413,0.2082725192311986
18415,0.26912039948243566
18417,0.31103276225581883
18420,0.054990207373968626
18422,0.11394690669247583
18425,0.07354274703516553
18426,0.3837511311195332
18427,0.029644370726832618
18428,0.22293874590527168
18429,0.2689252631663295
18430,0.11772744485404676
18431,0.19944214500142216
18432,0.3224527960077519
18433,0.3845462660150685
18435,0.2079406051234292
18436,0.09521564405017231
18437,0.03663098032498905
18439,0.12022409547787244
18444,0.19577285277707063
18446,0.23486759304219185
18448,0.28663160422310335
18455,0.09269163786801402
18457,0.19487376675987117
18459,0.3276138780131768
18463,0.34216703504614165
18464,0.14394865936782728
18467,0.18116316092355167
18469,0.2913422313679841
18471,0.05416406951232288
18475,0.1543310056070088
18476,0.039331885784365105
18477,0.11010436259868422
18483,0.21769012611318228
18488,0.328945181852032
18489,0.07610140359121187
18490,0.16622337866615217
18492,0.36623992637886543
18493,0.19628713727372427
18494,0.2733039762034408
18498,0.09249285414413017
18502,0.1512598882581977
18503,0.04842122596635718
18504,0.2917708017818621
18506,0.15680212437639068
18507,0.24520981779581885
18508,0.16687444095446902
18512,0.16860331224109187
18515,0.032299683588987604
18517,0.2592632799632408
18518,0.20011144432862743
18520,0.18484157166734738
18521,0.11045451374534203
18522,0.24912531004516414
18523,0.14102161462623472
18524,0.05607895859560773
18530,0.16455286590397222
18531,0.2812024377460186
18532,0.047164693986944554
18533,0.23742260219046046
18534,0.311796894185244
18540,0.15808054080246942
18542,0.15510790346365583
18543,0.1495474303065744
18544,0.23556789533550743
18547,0.19516373567819717
18549,0.04631120056696616
18552,0.3101099680880644
18553,0.33760412791625716
18555,0.21571140739378797
18558,0.2987373506372413
18565,0.06442787499872965
18568,0.3631323349522774
18572,0.137319495731884
18575,0.27258543687123676
18576,0.3066759336653736
18579,0.18870417650391624
18581,0.28216352969543873
18583,0.08858648041422906
18584,0.04630390575141079
18585,0.04982912536854375
18590,0.05054584099685894
18594,0.22542627800965315
18595,0.15729087701860056
18598,0.1303128253909503
18600,0.33137982654363696
18601,0.3792702906646466
18602,0.11070436117811348
18603,0.36069951396456124
18604,0.037395112254414144
18610,0.17077899098048122
18611,0.24023657729094477
18615,0.29245104333240046
18617,0.15552370795031195
18619,0.3194199764406065
18623,0.051266204032951804
18630,0.14636871442832156
18631,0.30363034817100626
18632,0.04514767748588451
18633,0.13188121073535508
18638,0.23089921338007008
18639,0.11885267015346272
18640,0.17950176668081597
18641,0.05146681146072451
18645,0.3254272570504544
18648,0.09086428657139362
18649,0.1685431300127601
18651,0.10240286107610146
18653,0.07884243053614245
18656,0.32786554914983707
18657,0.17739356498531378
18658,0.25307362896450863
18659,0.11833109084125372
18661,0.24455510809972436
18663,0.3662508686021985
18668,0.2526085844728538
18669,0.12428001292665865
18671,0.1347517206563935
18672,0.08166734785995981
18673,0.23950891943929653
18679,0.15337356106536643
18689,0.19297711471547474
18690,0.25729732717106835
18692,0.2256469461802031
18694,0.23802624817766743
18695,0.33957190441231844
18698,0.17028476722660485
18699,0.17586347742257474
18704,0.2709459270751672
18706,0.3789967350813202
18709,0.250646279088459
18712,0.31897499269172885
18713,0.3365099055829515
18717,0.2623854610209395
18719,0.38669823660390296
18724,0.11674082105018285
18725,0.06371663048208101
18728,0.3179573659217546
18729,0.14262465034452748
18732,0.057315429832243095
18733,0.20669136795957194
18734,0.07435064785792286
18735,0.3122345831185662
18736,0.22971562955621116
18739,0.11881619607568586
18740,0.25888212585047266
18742,0.2956242880989868
18743,0.36528795294888955
18749,0.05770387876056659
18750,0.23498431009107779
18751,0.12518821746330228
18755,0.15265137432538467
18756,0.053177445708458976
18759,0.27311066359122355
18760,0.0837080725115748
18762,0.3155555479001488
18765,0.22713873596127637
18766,0.1849309331579007
18769,0.11394508298858698
18772,0.20584699305903775
18773,0.053928811710662175
18774,0.22280196811360847
18778,0.19388531925211844
18780,0.06547103362314768
18782,0.2301296103389785
18784,0.20243301937912422
18785,0.27915441827884824
18786,0.23359282402389075
18801,0.08823815297146012
18804,0.2108402943066891
18807,0.2229168614586055
18810,0.34924482983874017
18811,0.107729900135411
18815,0.14262647404841633
18816,0.27874590860774745
18818,0.2781477337322071
18819,0.33201082808917654
18820,0.3263464038104311
18821,0.3661852152622001
18822,0.3383500228067938
18825,0.25993257929044605
18827,0.3631469245833882
18831,0.15776868743747735
18832,0.25012105236847226
18834,0.3530891976364206
18836,0.17455770543816335
18837,0.14608239291777325
18840,0.07077071712412461
18842,0.09123814586860637
18847,0.1685814277944258
18849,0.19565978313596238
18852,0.1515024408754138
18854,0.26468697532865904
18855,0.16258144200013325
18857,0.14022830343458814
18859,0.3321603718080617
18860,0.3032747259126819
18861,0.2960054422117549
18862,0.05332698942734407
18864,0.13618150450524616
18868,0.13279123897588757
18870,0.1555966561058657
18871,0.06595613885757987
18874,0.19410051631100184
18880,0.3422545728328061
18882,0.16875467966386587
18884,0.15112675787431218
18889,0.3259050674693312
18892,0.3057294313470642
18894,0.35920954788737675
18895,0.27123042488182664
18897,0.3375567116151473
18898,0.0422224564481808
18900,0.3511433055870255
18902,0.3013634842371748
18907,0.320340946904472
18909,0.32627163195098857
18910,0.37893108174132184
18914,0.20819045255620067
18917,0.17561545369369214
18918,0.15079119635876514
18921,0.36693840496829216
18924,0.20506097668294654
18925,0.11175481461808688
18927,0.2101235786783739
18928,0.05717135722502451
18929,0.11033050188090072
18930,0.18527561319289199
18932,0.1967284736148242
18935,0.0337385859572845
18938,0.061152502814368154
18940,0.14798086866605853
18941,0.1998798339347444
18942,0.31203215198690465
18944,0.0681062857425254
18946,0.27372707550565234
18949,0.12785082514101268
18954,0.06700294488977557
18956,0.2923689766574025
18957,0.05755980615334801
18959,0.31442667519295514
18960,0.09460652695129886
18962,0.28838600736417
18963,0.33377070234190975
18964,0.37694506820637214
18965,0.21343177753273462
18967,0.11464538528190257
18969,0.20578316342292824
18971,0.34777492450433295
18973,0.20094852441360622
18977,0.2080865014345366
18978,0.3105057118319433
18981,0.2755489556906062
18982,0.0774053518717344
18983,0.18149325132743221
18984,0.14170915099232845
18985,0.16306472353067658
18986,0.29069481648744494
18987,0.177924262816967
18988,0.1413754131806702
18991,0.08152692266051892
18992,0.15196019055151327
18993,0.2662845399352852
18994,0.36892806591101956
18995,0.190469521868316
18997,0.1805595149363447
18999,0.20093211107860665
19002,0.11221074059029756
19004,0.15532492422642813
19005,0.09690439385124068
19007,0.09521017293850581
19010,0.2290390354134505
19012,0.16671213130836204
19014,0.15497112567199262
19016,0.2807556302932522
19017,0.3383099013212393
19018,0.19780628261313027
19019,0.15101551193709278
19022,0.3446290352960793
19023,0.37710737785247916
19024,0.3534922361958549
19028,0.22203965988807223
19029,0.03490758015003269
19030,0.06680780857366941
19031,0.3244260436154797
19034,0.26959456249353475
19035,0.03738599373496993
19036,0.31552636863792727
19037,0.22422445714690575
19038,0.31766374959565097
19040,0.05308443681012799
19042,0.3558119875424628
19043,0.12689702800714792
19044,0.11766543892182611
19047,0.3484296342004275
19048,0.3332199437674793
19049,0.24586270378802455
19051,0.30610876175594354
19053,0.15694802068749814
19054,0.36996028231210454
19056,0.1406623449601327
19057,0.2864692945769964
19058,0.1807035875435633
19059,0.09591229893571024
19060,0.18615828587509187
19062,0.307239458167026
19064,0.25182803920842906
19071,0.36335300312282737
19078,0.1127250250869512
19079,0.22359527930525502
19080,0.09550743667238716
19081,0.07441812490181003
19085,0.2780419589066542
19088,0.2478997810318619
19089,0.2878516621247391
19090,0.25074840650623414
19091,0.3659244256060956
19092,0.10688734893876568
19094,0.21526824734879918
19099,0.32121267736333886
19100,0.22257035771972544
19101,0.06533972694315102
19103,0.21586824592822845
19104,0.3114886882280295
19106,0.2329435854394628
19107,0.3643615113733574
19108,0.29799145574670466
19109,0.03270819326008837
19111,0.17153947550212867
19112,0.30030755968553485
19113,0.1477875560538412
19114,0.2502578301601355
19116,0.32227954413831184
19117,0.32515917257879445
19121,0.21618921781266476
19125,0.3534083458169681
19127,0.3458709776443812
19128,0.22696366038794752
19136,0.15289939805426728
19137,0.13773165281076247
19142,0.26350339150480007
19143,0.15434559523811958
19144,0.1866762177795232
19146,0.2693775417307625
19147,0.13002468017651317
19152,0.07661386438397666
19154,0.038835838326599884
19157,0.170178992401052
19160,0.2675538378419198
19161,0.0790576275950259
19162,0.3529980124419785
19165,0.04918900530355996
19167,0.036165935833334155
19168,0.2951300643451104
19171,0.07991841583055967
19172,0.042061970505962644
19173,0.28218359043821595
19174,0.2543119239050328
19176,0.15635166951584656
19177,0.28554650040924195
19178,0.035478399467240455
19179,0.3572873639885366
19180,0.34461991677663506
19182,0.2560189107449896
19184,0.27860730711219545
19185,0.046515455402516545
19187,0.06442058018317429
19189,0.3660429663588704
19191,0.097746945047886
19193,0.14628300034554595
19194,0.3266327253209794
19197,0.3427579151061267
19198,0.17681727455643947
19200,0.31749596883787745
19202,0.048612714874685665
19204,0.08809043295646385
19205,0.24523352594637382
19206,0.12581374789717537
19212,0.04537016936032332
19213,0.16112430259294797
19214,0.38633349582613447
19222,0.2764899868972491
19223,0.284780544775928
19225,0.3513420893109093
19228,0.28167842446100655
19230,0.3842800052472975
19236,0.2508049413267883
19240,0.2838686928315067
19241,0.27100793300738785
19242,0.16615407791837616
19243,0.37878153802243675
19244,0.14476750241391767
19248,0.20452845514740448
19249,0.3049944786798606
19250,0.17034859686271436
19251,0.28487172997037014
19254,0.25393259349615355
19255,0.271551396766263
19258,0.2977051342361563
19259,0.2354384123593996
19260,0.3732137700498
19261,0.12388974029444628
19262,0.057897191372783915
19264,0.19274732802548056
19265,0.32820840548093944
19266,0.2950096998884468
19270,0.19183182867328152
19271,0.15190183202707036
19274,0.2711319448718292
19275,0.274693638566739
19276,0.09074756952250769
19278,0.047708157745819685
19280,0.11992500804010223
19282,0.22207795766973792
19287,0.3318740502975133
19288,0.16922154785940957
19290,0.2735866503062115
19293,0.30446195714431856
19295,0.3551007430258141
19298,0.3464436206654778
19299,0.3445068471355268
19300,0.05705646388002742
19301,0.15521367828920868
19304,0.24811862549852298
19305,0.323506896855503
19306,0.12144962449117472
19309,0.28848448737416754
19310,0.13207452334757236
19311,0.36176638073953427
19313,0.33563088030852933
19317,0.23859889119876404
19320,0.33611051443129497
19322,0.037413349293302575
19324,0.3169743895256684
19325,0.27652646097502587
19326,0.13055902541594408
19328,0.2170919512376419
19330,0.2303484548056396
19331,0.38767027077665617
19332,0.2535040230822755
19334,0.2444529806819491
19337,0.2054056567179378
19338,0.19978682503641343
19340,0.1074435786248627
19341,0.15936442834021475
19342,0.20390657212130914
19343,0.2924875174101773
19347,0.3791517499118718
19348,0.31846800301063055
19349,0.35167400341867866
19354,0.30786134119312136
19356,0.27029304108296154
19357,0.20951810898727813
19358,0.35214634272588896
19361,0.14188240286176848
19362,0.24027122766483283
19365,0.15113040528208987
19366,0.1677115210394478
19367,0.3130388365335458
19369,0.1644689755250855
19372,0.23767609703100961
19376,0.041412731921534635
19377,0.25594049147776937
19382,0.06376039937541322
19383,0.36712442276495416
19384,0.3124534275852273
19385,0.19975217466252543
19386,0.3027732073432502
19388,0.2852583551948048
19392,0.206864619829012
19393,0.31542788862792975
19394,0.13140340031647824
19395,0.3588320411823864
19396,0.23591439907438755
19397,0.09934998076617876
19399,0.31042364515694537
19400,0.31374643364241683
19402,0.253602503092273
19403,0.28935804153692324
19404,0.10578765549379353
19405,0.21790349946817694
19406,0.20256250235523204
19408,0.10602473699934307
19412,0.29618234148897266
19414,0.23051076445174662
19419,0.36592624930998446
19421,0.27716475733612084
19424,0.11130071234976505
19429,0.38589945430058986
19431,0.26357451595646497
19432,0.22085972347199095
19434,0.04573308643420303
19435,0.2218281102369664
19436,0.16271092497624112
19438,0.14859728058048735
19439,0.36508916922500567
19441,0.045443117515877034
19442,0.060948247978817774
19443,0.17132610214713406
19447,0.09907460147896349
19448,0.1479370997727263
19449,0.13128850697148117
19450,0.2960327977700875
19452,0.2642857604731136
19455,0.37265571665981406
19458,0.2191272047775904
19459,0.32873545590481507
19460,0.20768163917121357
19461,0.04274038835261214
19462,0.17092488729158867
19463,0.19628896097761311
19468,0.30663945958759675
19469,0.035998155075560624
19470,0.3843620719222955
19471,0.35774876107241377
19472,0.26141342684818636
19474,0.1840646738107004
19475,0.14236750809620063
19477,0.2021248134219098
19478,0.13687998309467292
19479,0.3701590660359884
19482,0.24097700106981496
19484,0.3712715254081824
19487,0.1535997003475829
19492,0.15833768305079626
19495,0.15362887960980437
19502,0.19186465534328068
19505,0.12349582025445625
19506,0.12980948311762974
19507,0.11019190038534868
19510,0.10403689976050452
19511,0.38575355798948247
19512,0.04857259338913113
19515,0.2486949159273973
19520,0.3031197110821303
19521,0.2649167620186532
19526,0.3140728766385196
19527,0.24203657302923254
19531,0.37487516429253565
19532,0.158282971934131
19534,0.30042062932664315
19538,0.28768570507085445
19539,0.04895739490967693
19542,0.09396275947853738
19543,0.11780404041737816
19545,0.2729957702462264
19546,0.24299037016309727
19548,0.34222721727447347
19550,0.321559181102219
19552,0.19331449993491068
19553,0.026837690441903685
19554,0.15715409922693735
19555,0.19646038914316433
19556,0.2386353652765409
19557,0.27334774509677306
19561,0.19657163508038372
19563,0.3213749870094459
19570,0.19118076638496467
19572,0.22487187202744496
19574,0.35739131511020056
19578,0.1428380236995221
19579,0.27606324018725986
19582,0.32663637272875706
19586,0.05156711517461085
19587,0.08900775601255173
19589,0.13769700243687444
19590,0.04681454284028675
19592,0.1813309416813252
19594,0.08384485030323802
19596,0.3533353976614144
19599,0.12951586679152605
19600,0.10912685731426454
19603,0.10045514532281744
19604,0.11478398677745463
19605,0.3152838160207112
19607,0.13466600657361788
19616,0.05382668429288698
19618,0.05089052103185021
19619,0.03875012424382428
19620,0.1718476814593431
19623,0.13794867357353474
19624,0.34053664376951626
19625,0.2762091364983673
19626,0.3284856084720436
19628,0.21949194555535895
19629,0.31715675991455267
19631,0.1260307686599476
19633,0.18724156598506442
19634,0.18600874215620672
19635,0.370082470472657
19636,0.27648451578558253
19637,0.20119654814248883
19639,0.30999507474306737
19643,0.19140872937107
19644,0.3115725786069163
19645,0.3425481891589097
19647,0.32209170263776105
19649,0.30423399415821323
19650,0.15422158337367825
19652,0.26771614748802675
19653,0.3365500270685061
19656,0.2007880384713881
19660,0.31188443197190835
19663,0.28602795823589644
19664,0.2939537753368069
19666,0.2536973356944928
19668,0.1999473109786316
19671,0.168845864858308
19672,0.19750901887924888
19674,0.35040470551204417
19675,0.24264751383199484
19676,0.2622632728603871
19678,0.32142240331055577
19679,0.2467016075768922
19680,0.3436059374144385
19681,0.26756660376914165
19682,0.15946837946187875
19683,0.2769331469422378
19684,0.12246178014948245
19686,0.16578386602894107
19687,0.3174485525367675
19691,0.2061096064190311
19692,0.1422544384550924
19698,0.3467171762488042
19699,0.2000622043236287
19700,0.18951937214222897
19702,0.21260199226331117
19706,0.29319693822293713
19707,0.38264596656289446
19708,0.18372546488737568
19709,0.3166278857867883
19710,0.13282406564588675
19711,0.2088433385484063
19713,0.0838776769732372
19714,0.18407379233014465
19716,0.30785404637756597
19718,0.10969402922369462
19719,0.3224090271144197
19720,0.10411167161994708
19724,0.034179922298384444
19726,0.3668982834827377
19727,0.26612223028917825
19728,0.04197808012707588
19729,0.2711355922796068
19731,0.35475606299082285
19733,0.2854717285497994
19735,0.1470872537605256
19736,0.30651727142704427
19743,0.20314061648799514
19744,0.19828044562422936
19746,0.12343016691445792
19748,0.21839589951816446
19750,0.2713872634162671
19751,0.35049771441037514
19753,0.15168845867207575
19754,0.2485070744268465
19758,0.14875411911492784
19760,0.3201512817000324
19766,0.05974277970829273
19769,0.03346685407784694
19770,0.2883531806941709
19775,0.25977209334822793
19778,0.13368303017753164
19779,0.03298721995508131
19781,0.15091703192709527
19782,0.3825985502617846
19783,0.1582793245263533
19784,0.04864371784079599
19785,0.3708119520281941
19788,0.3663876463938617
19790,0.1877613215933846
19791,0.05109477586740059
19792,0.03784374341106945
19793,0.19896433458254537
19795,0.1113499523547638
19797,0.3720210677064968
19802,0.07586979319732884
19803,0.31801572444619763
19805,0.26743712079303383
19806,0.29762853867282496
19810,0.3012157642221785
19813,0.047339769560273456
19818,0.14761795159217883
19819,0.30035862339442243
19820,0.31189902160301913
19824,0.3411001682711687
19828,0.10020529789004598
19830,0.2306676029861871
19831,0.36835359918603416
19832,0.05251908860458675
19833,0.3242217887799293
19834,0.2928814374501673
19835,0.18399354935903556
19836,0.15618935986973959
19838,0.24073627215648769
19839,0.307726387105347
19841,0.23741713107879392
19843,0.11168186646253317
19844,0.17330482086652838
19845,0.21130351509445516
19847,0.3597274797918081
19848,0.3101136154958421
19851,0.3510156463148064
19853,0.26345779890757903
19855,0.18980022254111079
19857,0.2520322940439795
19858,0.22222932509251186
19861,0.0695360695913781
19867,0.2523842688945261
19868,0.2795063931293949
19871,0.13564351185803758
19875,0.27833557523275787
19878,0.228129007172918
19879,0.07324730700517303
19881,0.31869961340451364
19882,0.15797111856913887
19883,0.13728302165410716
19884,0.3687712273765791
19887,0.3830763606806613
19889,0.257393983477177
19890,0.214575239871039
19893,0.3475177822560061
19894,0.3739560175325589
19896,0.15695713920694232
19898,0.38352316813342774
19900,0.37205936548816254
19901,0.2510019013467833
19904,0.266078461395846
19906,0.3850769638467218
19914,0.04841757855857949
19916,0.07071600600745934
19920,0.3708228942515271
19921,0.06650142632034384
19922,0.15854558529412432
19924,0.3710727416842986
19925,0.26201160172372673
19926,0.3179044785089782
19935,0.0602023530882811
19937,0.12670553909881943
19938,0.15513343531809964
19941,0.22236063177250853
19943,0.12073473256674838
19946,0.26202436765094866
19949,0.06671662337922726
19953,0.26332284481980467
19955,0.30576043431317457
19957,0.31025221699139416
19958,0.23845481859154544
19959,0.3230801501455138
19960,0.22381230006802733
19963,0.22547551801465188
19964,0.37931953066964536
19965,0.33250140443527526
19966,0.30135071830995286
19967,0.14621917070943646
19968,0.3118315445591319
19969,0.03904738797770564
19970,0.05202851225848806
19972,0.09643023084014157
19973,0.2028889453513349
19974,0.09433297136797246
19975,0.22221838286917878
19977,0.3767244000358222
19983,0.04655557688807109
19984,0.08288193464992907
19986,0.3663511723160848
19987,0.28427173139094086
19988,0.19432118448155183
19989,0.10791409422818413
19993,0.099010771842854
19995,0.10113903428113345
19996,0.29342125380126477
20001,0.2562195181727623
20003,0.13296266714143878
20004,0.3128054024357739
20011,0.3754605732408542
20016,0.3456612516971643
20019,0.23661652507159198
20020,0.11272867249472888
20024,0.28094529549769176
20025,0.37330860265201976
20027,0.21606520594822348
20030,0.3276011120859549
20031,0.03570271504556811
20032,0.18727986376673011
20034,0.29489663024733853
20035,0.2210822153464298
20037,0.07744729706117778
20039,0.17315892455542098
20040,0.20279046534133738
20041,0.21694240751875682
20042,0.2994814218238891
20043,0.314173180352406
20045,0.13828970620074835
20047,0.30935495467808355
20048,0.3670715353521777
20049,0.20631933236624805
20051,0.37637789629694207
20053,0.2403350573009423
20055,0.3053045083409639
20057,0.36713171758050955
20058,0.3114613326696969
20061,0.3117348882530233
20065,0.225172783169104
20066,0.17981544374969688
20067,0.2821544111759945
20068,0.040730666667107465
20070,0.32645217863598397
20072,0.19857953306199955
20073,0.32557862447322833
20075,0.3196096416450461
20077,0.3493031883631832
20078,0.21503846065880505
20079,0.2755489556906062
20083,0.13340217977864988
20084,0.09062720506584407
20085,0.15847263713857063
20086,0.06700659229755325
20088,0.12859672003154932
20089,0.2695526173040914
20090,0.05258109453680741
20091,0.377503121596358
20094,0.31673366061234115
20096,0.19200325683883274
20098,0.12361253730334218
20100,0.20140992149748344
20102,0.34457797158719167
20103,0.28061520509381127
20104,0.3065701588398207
20106,0.14518877801224034
20108,0.3875663196549921
20110,0.18649019998286126
20117,0.3181178518639728
20118,0.3822028065179057
20119,0.18794733939004654
20120,0.3715541995109531
20126,0.11215055836196576
20127,0.16169876931793337
20133,0.1105858204253387
20138,0.12962164161707893
20141,0.17427867874317043
20145,0.32348865981661457
20146,0.07406979745904108
20148,0.2710626441240531
20150,0.2895477067413628
20151,0.2344955574488679
20152,0.30152579388328177
20156,0.12574627085328816
20158,0.24634051420690134
20160,0.2973713964244981
20161,0.07206189947742525
20162,0.17472913360371456
20164,0.3387548850701169
20167,0.09938645484395561
20169,0.27589181202170865
20170,0.26770702896858256
20171,0.19587498019484584
20172,0.05966618414496134
20174,0.10263811887776217
20175,0.2717355908590361
20178,0.2354694153255099
20181,0.23538552494662313
20184,0.047901470358037004
20187,0.37307152114647024
20189,0.23473263895441748
20190,0.2670979118697091
20191,0.21979285669701798
20192,0.2902151823646793
20193,0.2678930467652445
20197,0.3680180376704871
20198,0.1243766692327673
20199,0.17044342946493418
20201,0.22167127170252593
20202,0.10134693652446151
20203,0.26920793726910014
20204,0.19880749604810494
20205,0.2815015251837888
20208,0.0666673833742285
20210,0.18228291511130107
20211,0.19935643091864658
20212,0.21059774168947304
20213,0.30542122538984984
20214,0.3063969069703807
20217,0.1570373821780514
20218,0.16369207766843852
20220,0.25672468414997174
20221,0.11844598418625078
20225,0.21120868249223534
20226,0.25667362044108416
20229,0.20359654246020586
20234,0.3207531039833505
20238,0.2571058382627399
20241,0.06938834957638183
20242,0.2749434859995104
20243,0.3167190709812304
20245,0.2909884328135486
20248,0.2641052137881182
20250,0.26859334905856014
20251,0.36182838667175493
20252,0.2100524542267091
20255,0.06304915485876457
20256,0.23003660144064753
20259,0.052570152313474346
20260,0.07214578985631201
20261,0.19693455215426342
20262,0.1309748299026002
20263,0.12306724984057822
20265,0.03962732581435762
20266,0.3665700167827459
20269,0.042169569035404364
20270,0.23959280981818332
20274,0.10121198243668716
20276,0.346383438437146
20277,0.37046362458542514
20278,0.13871827661462638
20282,0.19076496189830855
20285,0.19335279771657632
20286,0.3068820122048128
20287,0.07417921969237165
20288,0.36754205095549913
20291,0.3543858511013878
20292,0.08395244883267974
20293,0.29597261554175575
20296,0.3144339700085105
20300,0.2087503296500754
20302,0.16462581405952592
20303,0.2825483312159845
20305,0.32621874453821215
20306,0.2982394794755872
20309,0.1122508620758521
20314,0.35929343826626353
20315,0.1701333998038309
20316,0.22447977569134375
20317,0.14490063279780316
20318,0.22816001013902837
20319,0.11739005963461085
20320,0.3289141788859216
20323,0.27144562194071015
20324,0.04577867903142409
20325,0.07644973103398083
20326,0.07104244900356219
20327,0.14500458391946722
20330,0.15696261031860886
20331,0.2709878722646106
20342,0.3079105811981201
20343,0.18512424577011805
20345,0.2971087830645048
20347,0.07692207034119108
20348,0.15326596253592473
20352,0.09862414661841935
20354,0.04010695993712326
20355,0.16394010139732107
20356,0.3715177254331762
20357,0.2754522993844975
20359,0.12708304580380986
20361,0.28313738757208073
20363,0.05977560637829191
20365,0.3033604399954576
20367,0.3789839691540983
20370,0.06130569394103094
20372,0.09856031698230987
20373,0.2747757052417369
20375,0.3809900434318253
20376,0.16681608243002605
20379,0.07471538863569141
20380,0.25860309915547974
20383,0.17214676889711328
20384,0.3204831958078018
20385,0.10107885205280163
20386,0.1361395593158028
20387,0.32286677679051917
20389,0.21415761168049402
20391,0.308758603506432
20392,0.08165640563662677
20395,0.21671991564431803
20396,0.3558083401346851
20398,0.3770964356291461
20401,0.2062445605068055
20403,0.22170045096474744
20404,0.22352780226136787
20406,0.3670040583082905
20407,0.28006991763104727
20409,0.25718608123384895
20411,0.1516446897787435
20412,0.24793260770186099
20418,0.17967684225414488
20419,0.1677844691950015
20420,0.056051603037275084
20423,0.24193262190756853
20430,0.32843089735537834
20432,0.134432572475846
20433,0.38358517406564846
20434,0.37213596105149394
20437,0.2221709665680689
20438,0.2929872122757202
20439,0.17521970994981323
20440,0.13327816791420855
20442,0.146293942568879
20444,0.3659481337566506
20446,0.12338092690945916
20449,0.2971963208511692
20452,0.155268389405874
20454,0.18177410172631397
20455,0.26963286027520045
20456,0.15676017918694735
20458,0.2607897201182021
20462,0.27678542692724156
20464,0.2624693513998263
20465,0.1431972933656241
20467,0.2883021169852833
20468,0.03538903797668716
20472,0.3359700892318541
20473,0.036596329951101035
20475,0.18192729285297676
20477,0.2735064073351024
20482,0.16986713903605988
20483,0.36869098440547005
20486,0.3613195732867678
20487,0.3157780397745876
20490,0.19847193453255785
20491,0.17602761077257056
20494,0.06644306779590087
20495,0.25002986717403014
20496,0.150896971184318
20497,0.1298040120059632
20498,0.35498037856915055
20499,0.24397881767085
20507,0.09936092298951181
20508,0.2538104053356011
20509,0.08405822365823262
20510,0.20527070263016345
20511,0.24505115555748952
20512,0.07579684504177513
20513,0.3327074829747145
20517,0.23849494007709998
20518,0.3713955372726238
20522,0.280699095472698
20525,0.24551984745692207
20526,0.1436331585950575
20531,0.34938890244595877
20534,0.3240558317260447
20536,0.17544402552814092
20540,0.1426009421939725
20544,0.2949714021067811
20546,0.2864145834603311
20548,0.04788688072692626
20549,0.23558066126272936
20550,0.05154887813572243
20551,0.12590858049939518
20552,0.22630895069185297
20553,0.1431206978022927
20555,0.35388433253195606
20559,0.3162868531595747
20560,0.233138721755569
20561,0.37296209891313964
20562,0.19542452533430166
20563,0.25621951817276234
20565,0.2757750949728227
20567,0.24759704618631395
20568,0.33859987023956534
20569,0.15629878210307013
20572,0.23496607305218936
20580,0.2899489215969082
20582,0.2900437541991281
20584,0.3737499389931197
20585,0.2883440621747267
20588,0.03037749969014739
20591,0.2673003430013706
20596,0.16932732268496242
20597,0.05019204244242345
20600,0.2340724581466564
20602,0.3546284037186039
20606,0.06562969586147702
20609,0.26678423480082814
20610,0.3200838046561452
20611,0.15415957744145764
20613,0.14364592452227942
20616,0.34985941804928017
20619,0.03702125295720139
20622,0.2657465472880767
20627,0.19167863754661874
20630,0.1529212825009334
20631,0.04497807302422214
20637,0.11062776561478209
20641,0.3690137799937952
20643,0.3713499446754027
20645,0.296410304475078
20647,0.1155043498135475
20650,0.2680042927024639
20651,0.13552679480915164
20653,0.3333238948891433
20654,0.2890060666863766
20655,0.0433750373059294
20656,0.3181488548300831
20657,0.19922330053476106
20659,0.04439813518757016
20661,0.0829384694704832
20662,0.06130569394103094
20663,0.17614250411756766
20666,0.2527526570800723
20667,0.09677673457902168
20668,0.2765209898633594
20669,0.37176210175428115
20673,0.07425763895959188
20675,0.24103900700203557
20676,0.3433013788650018
20677,0.20567191748570884
20681,0.1299189053509603
20684,0.13397482279974648
20686,0.2911325054207672
20687,0.1958585668598462
20689,0.19740871516536257
20690,0.29376046272458955
20691,0.18785980160338211
20692,0.15834133045857396
20694,0.14937053102935666
20695,0.3251701148021276
20696,0.08203391234161721
20698,0.21154971511944887
20700,0.3240740687649331
20703,0.13418637245085224
20704,0.3855401846344878
20705,0.2366402332221469
20706,0.11159068126809103
20707,0.24485784294527219
20710,0.3749298754092009
20711,0.11848792937569418
20712,0.0799457713888923
20713,0.21419043835049317
20714,0.2867939138692103
20715,0.18630235848231042
20716,0.3249275621849115
20722,0.22764390193848583
20724,0.34033238893396583
20726,0.3619159244584193
20728,0.33162055545696423
20729,0.36294814085950433
20730,0.287667468031966
20734,0.24672896313522485
20735,0.040568357021000465
20736,0.16746532101445405
20737,0.09641564120903083
20738,0.24949005082293269
20742,0.36181014963286645
20743,0.05391969319121796
20744,0.14103802796123432
20745,0.19779534038979718
20746,0.2980425194555922
20751,0.08777493218369406
20754,0.20468529368184496
20756,0.3591019493579351
20758,0.2014372770558161
20759,0.14478026834113955
20760,0.2748048845039584
20761,0.34647097622381046
20762,0.13252497820811654
20763,0.08803572183979858
20764,0.1616440582012681
20767,0.37000952231710327
20769,0.07929288539668661
20770,0.27392403552564737
20773,0.19848470045977973
20775,0.3784696846574446
20776,0.1108757893436647
20777,0.3563372142624495
20778,0.06990081036914664
20782,0.13606114004858255
20783,0.13031464909483917
20784,0.10359373971551575
20786,0.09971289784005845
20787,0.2238287134030269
20788,0.14357480007061452
20789,0.040778082968217375
20790,0.06229778885656138
20791,0.30408627414321693
20800,0.3700058749093256
20801,0.14921551619880502
20804,0.2807775147399183
20807,0.34494453606884906
20809,0.06748987382809657
20810,0.3808186152662741
20812,0.38504413717672265
20814,0.20949804824450086
20815,0.1680397877394395
20818,0.03277202289619787
20819,0.2831355638681919
20820,0.2438365687675203
20821,0.2314700326972779
20823,0.23919159496263792
20826,0.327367677988183
20827,0.37692865487137256
20828,0.24086028402092896
20829,0.12476876556886848
20830,0.3142187729496271
20831,0.16065561069351536
20833,0.18561117470843902
20835,0.06706130341421854
20836,0.15460638489422407
20837,0.30867836053532294
20838,0.17624645523923171
20841,0.24680008758688965
20842,0.15454437896200346
20843,0.15649756582695395
20844,0.10841743650150472
20845,0.2080974436578697
20849,0.35424724960583576
20850,0.13085628914982544
20851,0.26528515020419946
20852,0.2726474428034575
20853,0.27691673360723823
20854,0.17650906859922505
20855,0.18979292772555534
20857,0.06199687771490233
20859,0.28254650751209565
20861,0.18711390671284545
20863,0.30817319455811343
20864,0.3722143803187142
20865,0.13628363192302137
20866,0.07899197425502756
20867,0.3628186578833965
20868,0.3483183882632081
20869,0.316317856125685
20872,0.3172005288078849
20874,0.040845560012104556
20875,0.25470219653724513
20876,0.16168600339071149
20878,0.3173373065995481
20879,0.2141776724232713
20880,0.05807226694611281
20882,0.3644308121211335
20883,0.35261685832921036
20885,0.039266232444366764
20886,0.26144990092596315
20887,0.07683088514674893
20888,0.22749618192348958
20889,0.19646403655094202
20891,0.15674194214805892
20892,0.27406263702119943
20893,0.23910952828763998
20896,0.17151394364768485
20897,0.04880055637523646
20899,0.2423502500981135
20900,0.3671846049932859
20901,0.15511884568698886
20902,0.2701161418057437
20903,0.0938952824346502
20905,0.14740640194107307
20906,0.36322169644283075
20911,0.2218153443097446
20912,0.3048358164415313
20913,0.28396534913761534
20915,0.14268847998063697
20916,0.3383427279912385
20917,0.3807985545234968
20921,0.14295291704451915
20924,0.1078356749609639
20925,0.29113432912465603
20926,0.2258110795301989
20930,0.2578535568571654
20932,0.21096795357890807
20933,0.23028644887341898
20935,0.2549684573050162
20937,0.08997249536974954
20940,0.3325779999986066
20941,0.0352413179616909
20943,0.12562225898884688
20944,0.05816345214055495
20946,0.09024969836085361
20947,0.24639340161967777
20949,0.20829805108564237
20950,0.11137913161698527
20955,0.12186725268171972
20957,0.29431669241068653
20958,0.290902718730773
20960,0.26796234751302056
20965,0.3599773272245796
20973,0.3629827912333924
20975,0.11513778533189012
20976,0.3111859533824816
20984,0.29702124527784024
20985,0.1796239548413684
20991,0.3741329168097767
20994,0.05785159877556284
20997,0.2751495645389497
20998,0.24661042238245007
21003,0.25479885284335385
21004,0.2840401209970579
21006,0.09959618079117252
21008,0.15704650069749565
21009,0.07269107731907598
21010,0.1879491630939354
21013,0.36885511775546587
21014,0.33588255144518964
21016,0.21038801574225613
21017,0.14952736956379714
21021,0.04808931185858781
21023,0.16834981740054278
21024,0.24456787402694624
21025,0.12014749991454104
21027,0.31197196975857283
21029,0.0837244858465744
21030,0.0794679609700155
21031,0.03985164139268528
21032,0.3044200119548751
21033,0.2968261089617341
21034,0.3515937604475696
21035,0.037179915195530704
21038,0.2354694153255099
21039,0.10516212505992048
21042,0.25811069910549217
21046,0.18083307051967112
21047,0.2388760941898681
21050,0.07295551438295818
21051,0.3542873710913903
21052,0.22455637125467515
21054,0.04293734837260715
21056,0.3257828793087787
21057,0.1940202733398928
21058,0.24022198765983405
21059,0.10162413951556562
21060,0.06107043613937023
21063,0.048393870408024536
21066,0.05850630847165738
21074,0.23029921480064086
21076,0.25734656717606713
21077,0.28855196441805475
21078,0.10612868812100712
21080,0.20429319734574375
21084,0.03786745156162441
21090,0.3550168526469274
21093,0.12562225898884688
21094,0.18889566541224473
21095,0.35698827655076637
21096,0.26088272901653314
21097,0.35090622408147587
21098,0.06872999247250962
21099,0.2330584787844599
21102,0.2526541770700748
21103,0.26440065381811073
21104,0.16448538886008507
21105,0.21625122374488542
21106,0.3513311470875763
21107,0.3435749344483282
21108,0.26398302562756576
21109,0.07376523890960435
21114,0.051457692941280296
21119,0.19414610890822293
21120,0.14709090116830326
21121,0.18486527981790235
21125,0.3231786301555113
21128,0.23935937572041144
21129,0.0818460708410664
21130,0.22442688827856733
21131,0.17132610214713406
21133,0.3592916145623747
21134,0.21527736586824348
21135,0.17192974813434103
21137,0.10455483166493586
21138,0.17841483916306566
21139,0.060459495336607924
21140,0.22744329451071316
21141,0.1763194033947854
21142,0.21580806369989664
21143,0.2756583779239367
21144,0.10897001877982407
21146,0.09344847498188373
21147,0.31680296136011715
21149,0.21816611282817028
21150,0.19038745519331812
21152,0.36909402296490423
21153,0.2950096998884468
21155,0.08224910940050065
21158,0.10817853129206632
21159,0.22062446567033023
21161,0.32261328194997
21162,0.156891485866944
21163,0.1770160582803233
21166,0.17449752320983153
21167,0.3310606783630895
21173,0.11124417752921092
21174,0.2998571048249907
21177,0.29415438276457956
21178,0.2477885350946425
21180,0.3609384191739997
21181,0.06599443663924555
21182,0.06007104640828442
21183,0.2720675049668055
21184,0.22331260520248442
21186,0.13298272788421603
21187,0.3526040924019885
21188,0.18724703709673096
21189,0.2695434987846471
21192,0.29424921536679943
21193,0.2896461867513604
21196,0.05243519822569999
21198,0.2846893595814859
21199,0.15209149723150994
21200,0.309338541343084
21204,0.31065343184693955
21206,0.18583549028676666
21207,0.14638512776332113
21208,0.3203591839433605
21210,0.22421351492357272
21211,0.05693427571947496
21212,0.13458029249084225
21213,0.10932746474203724
21214,0.2574778738560638
21216,0.35962535237403287
21217,0.07494882273346326
21218,0.29334101083015574
21219,0.35639922019467013
21220,0.1581297808074682
21223,0.3714010083842903
21224,0.31500843673349593
21226,0.37317364856424545
21227,0.12982407274874047
21229,0.04863642302524062
21231,0.31751238217287703
21232,0.3266527860637567
21233,0.2068263220473463
21237,0.14025565899292078
21240,0.1973521803448084
21245,0.36540831740555313
21246,0.31427713147407005
21248,0.3042759393476566
21251,0.1203371651189807
21252,0.14038696567291747
21254,0.1447364994478073
21256,0.27939332348828666
21257,0.23111441043895353
21258,0.31173853566080095
21259,0.3707663594309731
21260,0.277777521842772
21262,0.20308772907521871
21263,0.34193177724448093
21264,0.32975490637867816
21265,0.24641528606634389
21268,0.05093064251740475
21269,0.040136139199344736
21271,0.3737882367747854
21272,0.35653599798633334
21274,0.2772705321616737
21276,0.11523444163799877
21279,0.19805795374979052
21281,0.11396149632358657
21283,0.34807948305376973
21285,0.10139800023334912
21288,0.1700677464638326
21289,0.3491499972365204
21291,0.14165808728344081
21292,0.06416161423095862
21294,0.3379561027668038
21296,0.1663437431228158
21299,0.21508222955213724
21300,0.2069284494651215
21304,0.05005526465076025
21306,0.08000960102500179
21307,0.11318824587471725
21309,0.30845404495699524
21312,0.18611998809342617
21314,0.2475715143318702
21315,0.37895114248409917
21316,0.10998582184590945
21317,0.10621622590767156
21318,0.08677189504483057
21319,0.2854151937292453
21320,0.2556651121905541
21321,0.16478082889007756
21322,0.3511633663298027
21323,0.30130330200884303
21324,0.11855175901180366
21326,0.3743134634947721
21327,0.28669725756310166
21328,0.3124497801774496
21330,0.12862772299765968
21331,0.21451688134659602
21332,0.36415543283391816
21333,0.24031499655816502
21334,0.2385204719315438
21339,0.07794516822283185
21340,0.03757383523552073
21342,0.045503299744208844
21344,0.31455251076128526
21345,0.36017793465235226
21346,0.3705876364498665
21347,0.07931476984335273
21348,0.033920956346168776
21349,0.19093274265608207
21350,0.2420675759953429
21352,0.05235495525459091
21355,0.05273428566347019
21359,0.3414174927478273
21361,0.18382941600903968
21362,0.2019424430330255
21364,0.15326413883203582
21366,0.09672202346235641
21367,0.2647161545908805
21368,0.20865184964007782
21374,0.3521499901336666
21379,0.09699010793401629
21380,0.08187707380717672
21382,0.13155294403536336
21383,0.10336395302552157
21385,0.24780130102186432
21388,0.3225257441633056
21391,0.30633854844593766
21393,0.20257526828245392
21394,0.36006121760346627
21395,0.1462684107144352
21398,0.24827728773685226
21399,0.05618838082893829
21400,0.2826194556676494
21401,0.16996561904605745
21402,0.35903447231404784
21403,0.35682414320077055
21404,0.04729782437083007
21406,0.23915147347708338
21409,0.13385810575086055
21410,0.26235628175871806
21412,0.2974078705022749
21413,0.120727437751193
21414,0.2969264126756205
21415,0.2289697346656745
21417,0.033762294107839465
21418,0.2836881461465112
21419,0.1083353698265068
21420,0.2117375566199997
21421,0.36793232358771144
21422,0.1360337844902499
21423,0.06219566143878619
21426,0.335588935119086
21429,0.036605448470545254
21432,0.22468585423078297
21433,0.20057284141250464
21434,0.1878452119722714
21435,0.28827476142695063
21436,0.038093590843840903
21437,0.34916276316374223
21438,0.2107071639228036
21443,0.3370406034146048
21445,0.2539307697922647
21446,0.11115116863087994
21448,0.23745178145268192
21450,0.04077625926432853
21451,0.23769433406989804
21452,0.2449544992513809
21453,0.23702321103880392
21455,0.2873464961475297
21456,0.29907838326445485
21458,0.039492371726583264
21459,0.29503705544677944
21463,0.2666456333052761
21464,0.38408851633896907
21466,0.05607895859560773
21468,0.17842213397862106
21470,0.10073781942558806
21473,0.3062145365814964
21474,0.21282630784163886
21476,0.25897695845269253
21478,0.09821198953954091
21479,0.24140374777980417
21482,0.14521430986668413
21486,0.11748489223683069
21487,0.2035418313435406
21488,0.11560100611965617
21489,0.06526130767593077
21490,0.24078551216148647
21492,0.3759876236647297
21493,0.37151407802539854
21495,0.27352829178176846
21499,0.24134721295925
21500,0.11891467608568339
21503,0.2655167605980825
21504,0.3156667938373682
21511,0.04975617721299004
21513,0.2867829716458773
21514,0.04339874545648435
21515,0.3715651417342861
21516,0.15276079655871527
21517,0.04355193658314714
21519,0.21508952436769263
21521,0.24045724546149477
21522,0.3752818502597476
21525,0.08482600299543541
21526,0.36012504723957584
21527,0.18703366374173636
21529,0.2915592521307564
21530,0.09384786613354029
21531,0.374743857612539
21532,0.3531712643114185
21533,0.1492228110143604
21534,0.33286979262082145
21538,0.0891044123186604
21540,0.17737897535420305
21542,0.11095603231477377
21544,0.2881708103052866
21545,0.07269654843074252
21547,0.15286110027260164
21548,0.15380942629479982
21551,0.12552742638662706
21552,0.2738839140400928
21556,0.11984476506899315
21557,0.15270790914593885
21558,0.150178431852114
21559,0.35330257099141527
21560,0.09589953300848833
21563,0.08122601151885989
21567,0.25043108202957554
21568,0.1882354846044837
21570,0.07188317649631867
21575,0.18952484325389551
21576,0.3821608613284623
21577,0.05937074411496882
21579,0.17205558370267116
21580,0.051246143290174545
21581,0.15720333923193613
21582,0.1283176933365564
21586,0.3042230519348802
21588,0.2550797032422356
21589,0.2257800765640886
21590,0.16347505690566622
21592,0.2350098419455216
21593,0.32378592355049596
21594,0.34056764673562656
21595,0.08661870391816778
21596,0.2507538776179007
21597,0.16446715182119664
21599,0.23058553631118917
21600,0.050906934366849795
21604,0.06393182754096444
21605,0.20618073087069594
21606,0.3786593498618843
21607,0.3049251779320846
21608,0.31025221699139416
21611,0.07074700897356967
21612,0.37004964380265787
21613,0.27343163547565985
21614,0.2708182678029482
21617,0.22548646023798496
21618,0.17701241087254566
21621,0.17870480808139166
21623,0.3182983985489682
21624,0.13938392853405396
21625,0.38517362015283046
21626,0.2086755577906328
21634,0.1499486451621198
21636,0.22769861305515116
21638,0.24422501769584376
21641,0.22787368862848006
21643,0.28793555250362585
21645,0.04331485507759759
21646,0.06960537033915412
21649,0.2858328219197902
21650,0.18198929878519743
21651,0.055052213306189285
21652,0.17905678293193833
21653,0.21653207414376724
21654,0.3209318269644571
21659,0.17764888352975172
21660,0.032469288050649976
21661,0.1210465859317405
21664,0.258657810272145
21665,0.13076328025149447
21666,0.3854435283283792
21669,0.2769532076850151
21671,0.14887813097936914
21673,0.36088917916900093
21675,0.18802028754560024
21676,0.1746671276714939
21677,0.09859496735619788
21678,0.34979558841317077
21680,0.24483231109082843
21681,0.28405288692427977
21683,0.12161558154505941
21684,0.11275420434917269
21685,0.044327010735905295
21686,0.29181457067519434
21688,0.23762868072989968
21689,0.2830699105281935
21690,0.3117020615830241
21692,0.25825841912048847
21693,0.22283479478360763
21694,0.059700834518849354
21695,0.14184775248788045
21696,0.134501873223622
21697,0.24845965812573656
21698,0.3584107655840637
21699,0.17001303534716733
21705,0.1978828781764616
21709,0.18413215085458756
21710,0.3105896022108301
21711,0.37693412598303905
21714,0.25560857737
21715,0.32337011906383983
21716,0.1855236369217746
21719,0.36212929781341396
21721,0.3344819468585584
21723,0.34046004820618486
21727,0.3632016357000535
21728,0.10740345713930817
21729,0.22770773157459534
21730,0.04616165684808106
21731,0.33402419718245896
21732,0.0870764535942673
21733,0.1934822806926842
21734,0.2541860883367027
21736,0.18225555955296846
21737,0.20213757934913168
21738,0.3200838046561452
21739,0.332156724400284
21741,0.3326710088969376
21742,0.24856725665517831
21745,0.3608563524990017
21746,0.05520722813674091
21747,0.26739152819581274
21750,0.12042835031342282
21751,0.10539920656547003
21754,0.2083874125761957
21756,0.3189695215800623
21757,0.26908939651632535
21758,0.2598796918776696
21760,0.12784170662156844
21765,0.18880630392169145
21767,0.11499371272467154
21768,0.1489875532126997
21769,0.2949750495145588
21770,0.1104526900414532
21771,0.10979433293758097
21772,0.30559082985151215
21773,0.22221108805362344
21774,0.3321439584730621
21775,0.10673780521988059
21780,0.24208034192256478
21781,0.28018845838382206
21782,0.2654529309619729
21790,0.2056427382234874
21791,0.29342490120904247
21792,0.2262961847646311
21793,0.3617992074095334
21794,0.09683144569568698
21796,0.04820602890747374
21798,0.2991622736433416
21799,0.17254068893710334
21800,0.26039397637432327
21802,0.23991925281428617
21803,0.2272609241218289
21804,0.2587708799132533
21805,0.14771825530606514
21806,0.2443873273419508
21807,0.3499268950931674
21808,0.2630657025714778
21812,0.13111707880592996
21813,0.04658293244640373
21816,0.31761633329454103
21817,0.1110763967714374
21819,0.2064214597840232
21821,0.057129412035581126
21823,0.2630237573820345
21826,0.2650954849997598
21827,0.15326596253592467
21828,0.20962753122060873
21829,0.11806483007348265
21831,0.22234968954917544
21833,0.19236799761660128
21836,0.35981866498625026
21837,0.3225822789838597
21838,0.21613815410377718
21839,0.2981209387228124
21840,0.11247882506195744
21844,0.2685459327574502
21846,0.17985738893914027
21847,0.3119865593896836
21848,0.35827763520017814
21851,0.27654469801391435
21852,0.33103149910086804
21853,0.3333293660008098
21855,0.10574753400823898
21856,0.35836334928295377
21859,0.23933566756985653
21862,0.0892028923286579
21864,0.07606857692121269
21866,0.3694824718932278
21867,0.2507794094723445
21868,0.29061457351633585
21869,0.17422032021872746
21870,0.13462588508806334
21871,0.34292751956778905
21872,0.08312448726714515
21873,0.354615637791382
21874,0.12541618044940764
21876,0.11717668627961626
21877,0.3561967890630086
21879,0.30821696345144567
21882,0.36796515025771065
21885,0.20578681083070594
21886,0.09219376670635995
21887,0.18601238956398441
21888,0.3235287813021691
21889,0.2223077443597321
21890,0.20277222830244895
21893,0.257776961293834
21894,0.2017637200519189
21895,0.1319432166675757
21896,0.3602344694729064
21899,0.3705219831098681
21900,0.24155876261035575
21901,0.16356988950788598
21903,0.20192420599413707
21905,0.2625951869681564
21906,0.35401199180417503
21908,0.09220470892969301
21910,0.28420243064316486
21911,0.12959975717041283
21913,0.30191971392327177
21914,0.12878456153210013
21916,0.13499427327360958
21918,0.056215736387270926
21919,0.114953591239117
21921,0.2985713935833566
21923,0.11785875153404343
21925,0.05832576178666195
21926,0.3154807760407062
21927,0.2859659523036758
21928,0.18471938350679495
21930,0.18857834093558612
21931,0.1881588890411523
21934,0.18531208727066883
21935,0.21146035362889565
21936,0.38518091496838586
21937,0.1403377256679187
21938,0.3732119463459111
21939,0.3822429280034602
21941,0.11568489649854294
21942,0.21793814984206494
21945,0.309384133940305
21946,0.1273110087899152
21947,0.3325086992508306
21948,0.24822075291629814
21952,0.060249769389391014
21953,0.32255309972163826
21957,0.2671635652097074
21958,0.035476575763351614
21959,0.19688713585315354
21961,0.16247566717458034
21962,0.2729647672801161
21963,0.05302790198957387
21964,0.289534940814141
21967,0.3301360604914463
21969,0.05003520390798298
21970,0.23010043107675698
21971,0.045497828632542314
21973,0.34300046772334275
21974,0.11757790113516166
21980,0.1465510848172058
21981,0.060884418342708274
21983,0.139777848574044
21984,0.09669102049624607
21985,0.1805576912324559
21986,0.2753939408600546
21990,0.27828086411609254
21991,0.1474136967566284
21992,0.13081981507204857
21994,0.2588875969621392
21995,0.10412443754716898
21996,0.05817804177166569
21997,0.20612601975403066
21998,0.3235050731516142
21999,0.17971331633192167
22002,0.04446925963923502
22004,0.20376979432964593
22005,0.3762666503597227
22007,0.25439763798780846
22008,0.21962142853146682
22009,0.10293538261164352
22012,0.3815936894190322
22013,0.17196622221211788
22015,0.06601996849368935
22016,0.21158436549333692
22017,0.042871695032608806
22019,0.3513402656070205
22020,0.3215482388788859
22021,0.030176892262374688
22022,0.20340870095965508
22023,0.2871878339092004
22025,0.33308134227192726
22027,0.3340424342213474
22028,0.04758232217748953
22033,0.19102939896219073
22034,0.3400697755739725
22035,0.26605110583751335
22036,0.21045731649003213
22038,0.033475972597291154
22039,0.30575313949761923
22042,0.3553414719391414
22044,0.11984841247677083
22045,0.22719527078183055
22048,0.3703925001337603
22049,0.1134763910891544
22051,0.17072427986381594
22052,0.08279439686326462
22053,0.28537142483591305
22054,0.29181457067519434
22055,0.2373295932921295
22056,0.2036457824652046
22058,0.35697003951187795
22059,0.254507060221139
22061,0.060720284992712426
22062,0.22150166724086362
22065,0.1904622270527606
22066,0.13454017100528773
22068,0.34755608003767186
22069,0.25372651495671433
22074,0.33578954254685867
22076,0.27715928622445435
22077,0.13764229132020916
22078,0.22055698862644307
22079,0.3669128731138484
22080,0.27588816461393095
22082,0.053540362782338674
22084,0.19348045698879535
22085,0.27692767583057126
22086,0.2814960540721223
22090,0.3599134975884701
22091,0.306845538127036
22093,0.1827424884912895
22095,0.04267473501261379
22098,0.20117648739971156
22099,0.07221873801186572
22100,0.0883275144620134
22101,0.3131482587668764
22102,0.3875134322422157
22103,0.12045570587175546
22106,0.2103624838878123
22107,0.25436845872558694
22111,0.2664869710669468
22112,0.3508387470375887
22116,0.07804729564060703
22121,0.3561439016502322
22123,0.04439084037201478
22124,0.08192084270050895
22125,0.09983143859283324
22126,0.29885224398223836
22127,0.09391716688131632
22130,0.23505908195052033
22131,0.3399329977823093
22132,0.0746679723345815
22134,0.3703177282743177
22135,0.30521514685041057
22136,0.35863690486628014
22137,0.2950826480440005
22141,0.3175032636534328
22143,0.23024997479564213
22146,0.21202934924221456
22147,0.1561820650541842
22148,0.35942474494626026
22149,0.12406846327555288
22151,0.28733008281253014
22152,0.22568706766575763
22153,0.19310112657991607
22154,0.23548400495662064
22156,0.33864363913289747
22158,0.20589258565625884
22159,0.32571175485711384
22160,0.26747177116692183
22161,0.27163711084903863
22163,0.08668982836983266
22164,0.35440408814027624
22166,0.18789445197727012
22167,0.06316769561153934
22168,0.3754532784252988
22169,0.33821871612679716
22172,0.30820966863589033
22175,0.1701479894349417
22176,0.05561573780784168
22177,0.10895360544482446
22178,0.3779335157141249
22181,0.24232107083589205
22182,0.17000938793938963
22183,0.059111778162753155
22184,0.18264765588906962
22186,0.3808988582373832
22187,0.3040516237693289
22190,0.3407901386100654
22193,0.14726050562996565
22194,0.17076075394159285
22195,0.3228029471544097
22196,0.06303456522765383
22197,0.3582831063118447
22198,0.055787165973392894
22199,0.34122782754338765
22200,0.26687906740304795
22202,0.3667870375455182
22203,0.2144530517104865
22204,0.28257203936653946
22205,0.11619735729130772
22206,0.21958495445368992
22208,0.21291202192441444
22210,0.12591952272272822
22212,0.36599919746553816
22214,0.21921838997203252
22216,0.31586193015347436
22219,0.3047209230965342
22222,0.32750992689151276
22223,0.3756721228919599
22224,0.20398499138852938
22225,0.3001543685588721
22226,0.044525794459789145
22227,0.3660064922810935
22229,0.11334326070526889
22231,0.2354694153255099
22233,0.26511372203864825
22234,0.3744903627719899
22235,0.22048768787866707
22236,0.30752942708535197
22237,0.3004881063705303
22240,0.09897976887674369
22241,0.3099896036314008
22242,0.24826816921740807
22243,0.21559469034490208
22245,0.3081221308492259
22248,0.3257245207843357
22249,0.18802393495337794
22250,0.3341336194157895
22251,0.2548480928483526
22252,0.05358960278733742
22253,0.25752346645328483
22254,0.12665629909382067
22255,0.26805535641135153
22257,0.09782718801899509
22260,0.23013872885842268
22262,0.31327409433520653
22263,0.302902690319358
22264,0.2743416637161924
22265,0.23803171928933392
22267,0.38278274435455767
22268,0.33936764957676807
22269,0.35187278714256254
22271,0.048133080751920035
22272,0.2674790659824772
22273,0.2225211177147267
22274,0.33869287913789625
22275,0.0799713032433361
22277,0.3864301521322431
22282,0.21019287942614995
22283,0.08363877176379879
22284,0.06319869857764968
22286,0.3156996205073674
22287,0.049402378658554555
22288,0.17734979609198154
22289,0.26795687640135396
22290,0.11176575684141994
22291,0.1879400445744912
22292,0.0550959821995215
22293,0.23379707885944118
22295,0.20056372289306046
22296,0.3211342580961186
22297,0.24958488342515256
22298,0.24644081792078765
22299,0.12507514782219403
22300,0.3470727985071285
22302,0.3479518237815507
22303,0.3522557649592195
22305,0.11408915559580556
22306,0.3109142215030441
22307,0.35947398495125893
22308,0.14641977813720913
22309,0.29610756962953005
22312,0.376912241536373
22313,0.12293229575280387
22314,0.302833389571582
22315,0.13210370260979387
22316,0.3662253367477547
22317,0.04422305961424126
22318,0.32661448828209094
22319,0.3684301947493655
22320,0.2639392567342335
22322,0.3376734286640332
22323,0.3701317104776558
22324,0.14711643302274705
22328,0.24828458255240765
22329,0.17414737206317377
22330,0.17767988649586208
22331,0.3145853374312845
22332,0.20251690975801095
22333,0.04530633972421383
22334,0.2343514848416493
22335,0.2952796080639955
22336,0.3366849811562804
22338,0.3658368878194312
22339,0.1183657412151417
22341,0.1731461586281991
22342,0.21397706499549857
22343,0.2801009205971576
22344,0.078685592001702
22345,0.33777920348958607
22346,0.09140775033026874
22350,0.17830359322584627
22351,0.1821060158340833
22353,0.22290591923527248
22354,0.3323828636825005
22355,0.1583085037885748
22358,0.1473352774894082
22362,0.3097470510141847
22365,0.2850832796214759
22366,0.25862498360214586
22368,0.12773593179601556
22369,0.18279355220017707
22370,0.0483409829952481
22371,0.11069889006644695
22372,0.36487944327778876
22373,0.21005974904226438
22374,0.11124417752921092
22375,0.19544093866930123
22376,0.31557743234681485
22377,0.12835416741433325
22378,0.2133296501149594
22379,0.30453308159598347
22382,0.17691757827032584
22386,0.257649302021615
22387,0.3563755120441152
22388,0.14285808444229933
22390,0.22400196527246696
22391,0.09953417485895187
22392,0.10146912468501398
22393,0.3784514476185562
22394,0.341687400923376
22395,0.3161956679651326
22397,0.31239871646856204
22399,0.34272144102834984
22401,0.22250835178750478
22402,0.2515307754745477
22403,0.24956117527459754
22405,0.35175424638978775
22406,0.16048782993574184
22407,0.34264484546501844
22408,0.316804785064006
22409,0.059875910092178256
22410,0.1712549776954692
22411,0.3774593527030258
22413,0.33580595588185824
22415,0.27634591429003047
22416,0.3124771357357823
22419,0.32584123783322166
22422,0.3130260706063239
22424,0.3067105840392616
22425,0.370175479370988
22426,0.19351875477046104
22427,0.27613983575059126
22428,0.2488243989035051
22429,0.31203944680246004
22430,0.10392565382328513
22431,0.19977405910919155
22432,0.17531271884814426
22433,0.04783581701803867
22436,0.10193234547278003
22437,0.19068471892719946
22438,0.24631862976023522
22439,0.14648907888498516
22440,0.320526964701134
22441,0.11823078712736736
22442,0.13019610834206438
22443,0.29115256616354446
22444,0.1074216941781966
22446,0.04553430271031916
22447,0.2158664222243396
22448,0.30987835769418137
22449,0.2011181288752686
22450,0.2503781946167991
22451,0.2535477919756078
22452,0.35680955356965977
22454,0.0507446247207428
22455,0.38649398176835265
22457,0.20926279044284019
22459,0.13040036317761478
22460,0.25864504434492314
22461,0.15275714915093758
22462,0.3337342282641329
22464,0.238297980057105
22465,0.21836124914427646
22466,0.35442597258694236
22470,0.363462425356158
22474,0.34051658302673893
22476,0.10925086917870583
22477,0.2613386549887438
22479,0.3020838472732677
22480,0.37552440287696365
22482,0.19371024367878953
22485,0.14875959022659435
22486,0.3253470140793453
22487,0.14841308648771423
22488,0.08469834372321641
22489,0.14234197624175687
22492,0.20691021242623303
22493,0.2966856837622932
22495,0.2294055998951079
22497,0.29205165218074386
22499,0.16421912809231398
22500,0.1380398587679769
22502,0.2775021425555567
22507,0.2110244883994622
22508,0.033806063001171685
22510,0.11309341327249743
22512,0.28409483211372316
22513,0.15641549915195607
22515,0.32336829535995093
22518,0.18595767844731914
22519,0.21424879687493614
22520,0.22341108521248193
22521,0.08908070416810544
22523,0.31080115186193585
22524,0.38692072847834175
22525,0.27132343378015766
22526,0.3736149849053454
22527,0.21697888159653367
22528,0.20396857805352975
22529,0.0902059294675214
22530,0.3445196130627487
22531,0.20680626130456903
22533,0.28315562461096916
22538,0.1623352419751395
22540,0.03744252855552405
22542,0.2585410932232591
22544,0.21863662843149173
22546,0.08421688589656193
22547,0.3729019166848078
22549,0.15819543414746656
22550,0.3782344268557839
22551,0.37540221471641116
22552,0.23987730762484277
22553,0.03395925412783447
22554,0.35193661677867205
22558,0.06649413150478846
22560,0.10083447573169672
22561,0.34347098332666415
22562,0.33710443305071425
22563,0.37639430963194165
22564,0.35269345389254175
22565,0.26012042079099684
22566,0.20441173809851854
22567,0.2990145536283454
22570,0.14358938970172525
22573,0.320689274347241
22577,0.33105520725142296
22580,0.26686083036415953
22581,0.24953017230848723
22583,0.35739131511020056
22584,0.30822608197088996
22585,0.10375422565773391
22587,0.10025453789504474
22588,0.16273463312679604
22591,0.36681256939996204
22592,0.3457670265227172
22593,0.3139142144001903
22595,0.3537256702936268
22596,0.3527937576064281
22597,0.28529482927258165
22598,0.2730140072851149
22599,0.03995741621823815
22600,0.22897885318511874
22601,0.2570948960394068
22602,0.31007349401028755
22603,0.35693174173021225
22604,0.3591365997318231
22605,0.210331480921702
22606,0.08525822081709111
22607,0.2318329497711576
22608,0.19118806120052007
22609,0.20650535016291
22610,0.33296462522304127
22611,0.27611248019225865
22612,0.22447065717189957
22613,0.3747128546464287
22614,0.35902170638682596
22615,0.07589714875566148
22618,0.1664203386861472
22621,0.1724130296648843
22622,0.2155436266360145
22624,0.14159608135122018
22626,0.31900781936172806
22627,0.18309628704572495
22628,0.123672719531674
22629,0.16037293659074475
22630,0.12984413349151774
22631,0.10569464659546256
22633,0.174005123159844
22634,0.20558073229126672
22635,0.2648000449697673
22637,0.12198761713838334
22639,0.3340077838474593
22641,0.1837783523001521
22642,0.3374381708623725
22643,0.2624128165792721
22644,0.3865997565939055
22646,0.09885758071619122
22647,0.36129404143232396
22648,0.21277706783664008
22650,0.3670733590560666
22652,0.1496422629087942
22653,0.2482754640329634
22655,0.368667276254915
22657,0.047381714749716836
22658,0.25120797988622257
22662,0.20515945669294405
22663,0.17331393938597262
22664,0.36329464459838445
22665,0.26017695561155096
22666,0.3677335398638276
22668,0.28396534913761534
22669,0.2747775289456258
22670,0.33961020219398413
22671,0.30204554949160195
22672,0.09131656513582662
22673,0.07239746099297231
22676,0.187907217904492
22678,0.24618732308023855
22682,0.27869666860274867
22683,0.2295843228762145
22684,0.15161551051652203
22685,0.18982575439555455
22686,0.27483406376617986
22687,0.3671043620221769
22688,0.12293229575280387
22690,0.20623726569125012
22691,0.13975778783126672
22692,0.23819402893544095
22694,0.18325494928405422
22695,0.2895477067413628
22696,0.05287835827068876
22697,0.3771365571147006
22699,0.3689572451732411
22702,0.3760952221941714
22704,0.09004179611752555
22705,0.2979258024067063
22706,0.34214879800725323
22709,0.059885028611622475
22711,0.35808979369962735
22712,0.2591046177249115
22714,0.29702306898172914
22715,0.1460368003205522
22716,0.14563011435334025
22717,0.3518053100986754
22718,0.04649174725196159
22720,0.37904232767854124
22721,0.07879136682725486
22724,0.1929333458221425
22725,0.2743471348278589
22726,0.3713663580104023
22728,0.12103929111618512
22729,0.08836581224367909
22730,0.3181999185389707
22732,0.3270631194387463
22733,0.352737222785874
22734,0.3033969140732344
22735,0.3804666404157274
22736,0.18255464699073864
22737,0.1480629353410564
22738,0.04095680594932396
22739,0.37560464584807274
22740,0.3756666517802934
22742,0.25995811114488987
22743,0.29943218181889036
22745,0.23213021350503893
22746,0.05484431106286121
22748,0.38639914916613277
22749,0.35548554454635994
22751,0.087242410648152
22752,0.2850176262814776
22753,0.3834830466478733
22756,0.10393659604661816
22757,0.03554952391890532
22758,0.35328251024863794
22759,0.16229147308180725
22762,0.18027501712968524
22763,0.3656581648383246
22764,0.23096486672006844
22766,0.0746169086256939
22768,0.05252820712403097
22769,0.130641092090942
22770,0.1357346970524797
22772,0.37051286459042393
22773,0.14407267123226858
22775,0.21638070672099324
22776,0.3519694434486712
22777,0.18285920554017537
22779,0.08557919270152745
22780,0.30624918695538444
22781,0.38617118618002744
22783,0.3485992386620899
22784,0.29570088366231817
22786,0.3326527718580492
22789,0.21462630357992657
22791,0.06101025391103842
22793,0.32070933509001825
22794,0.25272530152173966
22795,0.08480229484488044
22796,0.07831538011226691
22798,0.3149664915440526
22800,0.21170837735777825
22801,0.28732278799697475
22802,0.33825701390846286
22804,0.061318459868252836
22808,0.16397110436343137
22810,0.3803298626240642
22811,0.19365735626601305
22812,0.05126073292128529
22813,0.26707055631137644
22814,0.29718720233172496
22816,0.1742221439226163
22818,0.24586088008413576
22820,0.3667706242105187
22821,0.06461389279539162
22823,0.18545798358177623
22824,0.2436833776408575
22825,0.17341424309985898
22826,0.3748532798458696
22828,0.11992683174399107
22829,0.36272747268895433
22830,0.34250077285779984
22831,0.3132430913690962
22832,0.2359052805549433
22833,0.047812108867483716
22836,0.2589258947438049
22839,0.12213351344949076
22840,0.07103697789189564
22841,0.20213393194135398
22842,0.16233341827125064
22845,0.3517360093508993
22846,0.14227267549398084
22847,0.27520245195172616
22848,0.1529924069525983
22851,0.25454353429891585
22853,0.12312013725335465
22855,0.1655796111933907
22859,0.21070898762669243
22860,0.3848526482683941
22861,0.15284103952982436
22862,0.3557846319841302
22864,0.22445059642912224
22865,0.040247385136564146
22870,0.28127903330935006
22871,0.2980607564944806
22873,0.1609820536896182
22874,0.27998967465993824
22875,0.2009339347824955
22876,0.28125350145490624
22877,0.37981922553518827
22878,0.1795929518752581
22879,0.38012196038073615
22880,0.2596134311098986
22882,0.1453620298816804
22883,0.37762895716468814
22884,0.2536973356944929
22886,0.034717914945593044
22887,0.1959734602048433
22888,0.22647126033796
22889,0.3093859576441939
22890,0.3486940712643097
22891,0.0425981394492824
22894,0.2993428203283371
22897,0.32018228466614274
22898,0.3594119790190383
22899,0.0670685982297739
22900,0.03945407394491757
22901,0.12649216574382482
22904,0.09777065319844097
22905,0.32245461971164074
22906,0.3376150701395902
22907,0.33255246814416284
22908,0.2879136680569598
22909,0.07619258878565399
22910,0.31814885483008315
22911,0.25861039397103514
22913,0.25382499496671185
22915,0.2959780866534223
22918,0.1121523820658546
22919,0.3727122514803682
22921,0.374326229421994
22922,0.04509296636921923
22923,0.17389387722262462
22925,0.29090454243466185
22926,0.09782536431510624
22927,0.30892456056031664
22928,0.21080382022891225
22929,0.3503116966137132
22930,0.11147578792309394
22933,0.259168447361021
22934,0.30504918979652595
22935,0.11523261793410992
22936,0.3358187218090801
22937,0.25153807029010306
22938,0.28996715863579664
22940,0.1322714833675674
22941,0.38724899517833344
22943,0.21357767384384202
22945,0.11208125761418973
22946,0.24153323075591193
22947,0.34906428315374477
22948,0.3624356800667395
22949,0.36515299886111513
22950,0.2901349393935702
22951,0.10557975325046547
22952,0.28513981444203
22953,0.23138067120672456
22954,0.23269920911835784
22955,0.38258943174234034
22957,0.38693896551723017
22958,0.21479955544936663
22959,0.1310605439853758
22961,0.29022977199579
22962,0.1756355144364694
22963,0.12329886023446125
22964,0.3201804609622539
22965,0.21467554358492535
22966,0.22789557307514613
22967,0.31848988745729667
22968,0.38332803181732167
22969,0.16222217233403124
22970,0.1339711753919688
22971,0.3212400329216715
22972,0.3804903485662824
22973,0.33998770889897456
22974,0.3602308220651287
22976,0.1609255188690641
22977,0.11557182685743468
22978,0.3066959944081509
22980,0.14101431981067936
22981,0.08702538988537971
22983,0.14703071893997147
22986,0.17542761219314135
22988,0.3330430444902615
22989,0.3806873085862774
22990,0.2194937692592478
22992,0.17248050670877152
22993,0.05108930475573407
22995,0.22952414064788268
22996,0.0869779735842698
22997,0.07095855862467541
22998,0.2251618409457709
23002,0.22490469869744406
23003,0.14909697544603023
23005,0.34659498808825173
23006,0.1508696156259854
23007,0.11497547568578312
23008,0.2915829602813113
23010,0.2589769584526925
23011,0.08512873784098329
23012,0.31884915712339873
23013,0.3696794319132228
23014,0.10100590389724794
23015,0.22524390762076885
23020,0.254089432030594
23021,0.2517879177228745
23022,0.3494527320820683
23023,0.06672027078700496
23025,0.3682934169577023
23028,0.3706058734887549
23031,0.28538966187480147
23032,0.38027879891517663
23033,0.24156970483368884
23034,0.19252118874326407
23035,0.32169595889388214
23036,0.3138631506913027
23037,0.06456100538261518
23039,0.37892561062965535
23040,0.1404398530856939
23041,0.1594629083502122
23043,0.1457978951111138
23046,0.21169378772666753
23048,0.07334396331128168
23051,0.22834055682402382
23052,0.2446955332991652
23053,0.2248025712796689
23055,0.3394424214362106
23056,0.20161782374081155
23059,0.33465337502410963
23060,0.16587687492727204
23062,0.19616312540928293
23063,0.19390173258711801
23065,0.2409368795842604
23066,0.16904464858219181
23067,0.13770976836409637
23070,0.3239208776382703
23072,0.20985731791060286
23073,0.14105261759234503
23074,0.14370063563894467
23075,0.23076608299618462
23078,0.2584298472860397
23079,0.32560780373544984
23080,0.2695963861974236
23081,0.03448630455171002
23082,0.37138824245706836
23084,0.1187067738423553
23087,0.17503551585704014
23088,0.2595149510999011
23089,0.2889933007591547
23090,0.2904139660885632
23095,0.21469013321603608
23097,0.19479534749265093
23098,0.04324373062593272
23099,0.15897233200411354
23100,0.23541105680106694
23101,0.30715192038036154
23102,0.33584425366352394
23103,0.36620162859719974
23105,0.10453294721826974
23106,0.09839253622453632
23108,0.06951236144082315
23109,0.31557743234681485
23110,0.34477310790329785
23111,0.12957240161208017
23112,0.10295909076219847
23113,0.07306676032017759
23114,0.26161585797984793
23115,0.3762374710975012
23116,0.07625824212565233
23118,0.35219193532311
23119,0.13745627352354722
23120,0.23792047335211453
23122,0.3249111488499119
23123,0.18755341935005654
23124,0.18935523879223315
23125,0.10573841548879478
23126,0.2120056410916596
23128,0.25930157774490653
23129,0.36906119629490514
23131,0.13224412780923478
23132,0.23675695027103288
23133,0.3697614985882207
23134,0.27131613896460227
23135,0.27737448328333775
23136,0.205960062700146
23137,0.08178771231662343
23139,0.28640546494088687
23142,0.04642427020807441
23143,0.22662809887240049
23146,0.3160205923918037
23147,0.11399614669747457
23148,0.15811701488024632
23149,0.10912320990648684
23151,0.1509042659998734
23152,0.23318796176056772
23153,0.3815918657151434
23154,0.1524398246742789
23156,0.27926566421606763
23157,0.11146119829198321
23158,0.24761893063298007
23161,0.30525526833596517
23162,0.30371059114211535
23163,0.29607474295953096
23164,0.3503463469876012
23166,0.37698336598803783
23167,0.32330446572384147
23168,0.23969493723595853
23169,0.24702805057299504
23170,0.15196566166317982
23171,0.3136826040063073
23172,0.055854643017280076
23173,0.35386609549306763
23174,0.2769039676800163
23176,0.2736687169812094
23177,0.1131134740152747
23178,0.23320619879945614
23179,0.20707616948011776
23180,0.136507947501349
23181,0.3799067633218527
23182,0.2957683607062053
23183,0.21801292170150754
23184,0.20015338951807082
23185,0.20662753832346242
23186,0.13448545988862243
23187,0.35503326598192697
23188,0.21732356163152494
23191,0.24676726091689055
23192,0.25829854060604296
23193,0.2214031872308661
23194,0.16499237854118332
23196,0.13267452192700163
23197,0.14715837821219047
23198,0.22371017265025211
23199,0.07543575167178426
23201,0.35461016667971546
23202,0.3345202446402241
23203,0.18574612879621338
23204,0.05502303404396779
23205,0.31967711868893334
23206,0.17731514571809354
23207,0.06472696243649986
23209,0.2961039222217524
23211,0.24772105805075528
23212,0.07939501281446179
23214,0.20006220432362865
23215,0.12694991541992434
23216,0.31258655796911283
23218,0.3598824946223597
23219,0.26865717869466965
23220,0.32193851151109826
23221,0.05817621806777684
23222,0.19915582349087385
23224,0.21654119266321142
23225,0.2363739724543759
23227,0.1722379540915554
23228,0.2178287276087344
23229,0.37040891346875987
23230,0.17179297034267782
23231,0.3796459736657482
23233,0.32209352634164995
23234,0.17285436600598425
23236,0.20541112782960436
23238,0.12576997900384312
23239,0.08660593799094587
23240,0.2802304035732654
23241,0.2741100533223093
23242,0.3836362377745361
23245,0.32482543476713627
23246,0.19072301670886516
23248,0.28278541272153407
23249,0.37530555841030255
23250,0.2409095240259277
23251,0.2702602144129624
23254,0.2994285344111126
23255,0.3163452116840177
23257,0.3808332048973848
23258,0.3337634075263544
23259,0.24033688100483114
23260,0.19113335008385474
23262,0.30188871095716147
23264,0.2827726467943122
23267,0.338997437687333
23270,0.23093021634618044
23271,0.27318543545066604
23273,0.3303932027397731
23274,0.1563844961858457
23275,0.27280428133789797
23276,0.2716936456695927
23277,0.27498725489284265
23278,0.233961212209437
23280,0.3736003952742346
23282,0.37023201419154217
23283,0.1892768195250129
23284,0.3066649914420405
23286,0.12773228438823786
23287,0.24489249331916024
23288,0.22912292579233728
23289,0.2330986002700144
23291,0.042868047624831124
23293,0.3515007515492386
23294,0.15145502457430388
23295,0.268595172762449
23297,0.2336967751455548
23298,0.11449037045135095
23299,0.23954174610929574
23304,0.357433260299644
23305,0.18445494644291277
23306,0.13166418997258278
23307,0.0527689360373582
23309,0.3509773485331408
23310,0.28743768134197184
23311,0.32357072649161245
23313,0.15728722961082287
23314,0.3342722209113415
23315,0.2068609724212343
23318,0.13129215437925884
23319,0.04677442135473221
23320,0.22244816955917296
23321,0.26575384210363207
23322,0.14959667031157314
23323,0.3047555734704222
23325,0.12928972750930956
23326,0.2635672211409096
23328,0.37950737217019614
23332,0.02976655888738508
23333,0.03408873710394231
23334,0.3869006677355645
23335,0.19331085252713298
23336,0.2206208182625526
23338,0.07188682390409636
23339,0.19418987780155517
23340,0.3321293688419513
23343,0.3451761464627321
23344,0.14056204124624638
23346,0.0889074522986654
23347,0.24862743888351013
23348,0.26199518838872715
23349,0.3599189687001366
23351,0.21096065876335274
23352,0.3586806737596124
23353,0.3862623713744695
23354,0.2568687567571903
23356,0.3773098089841407
23357,0.22921958209844595
23359,0.12260402905281217
23361,0.26233074990427424
23364,0.28840424440305845
23365,0.18997894552221734
23366,0.3696630185782232
23367,0.16861060705664727
23368,0.34083208379950874
23369,0.3229379012421841
23371,0.3030394681110212
23372,0.2697039847268653
23373,0.2989306632494586
23377,0.11822713971958966
23378,0.26805900381912917
23385,0.2934431382479309
23387,0.0600400434421741
23388,0.3559560601496814
23392,0.079531790606125
23394,0.3796842714474139
23395,0.3183403437384116
23397,0.3774611764069146
23398,0.04706986138472473
23399,0.1903017411105425
23401,0.2584590265482612
23402,0.22012477080478737
23404,0.32133304182000244
23407,0.3588174515512756
23409,0.1654738363678378
23410,0.31336892693742635
23411,0.037675962653295925
23412,0.21351566791162135
23413,0.08451232592655444
23415,0.2545015891094725
23416,0.28651671087810626
23417,0.14505017651668828
23419,0.13757116686854431
23421,0.08017555807888649
23422,0.15881184606189536
23423,0.25815629170271326
23426,0.1909090345055271
23427,0.209033003752846
23428,0.1325961026597814
23430,0.3427652099216821
23431,0.1885838120472526
23432,0.19483546897820547
23433,0.1828099655351766
23435,0.051180489950176204
23436,0.16162217375460203
23438,0.2622578017487205
23439,0.07718468370118443
23440,0.1998761865269667
23441,0.07805823786394009
23442,0.18392242490737065
23443,0.2848042529264829
23444,0.2518882214367609
23447,0.04853611931135427
23450,0.2748741852517344
23452,0.16838264407054193
23453,0.26701219778693347
23454,0.20500991297405896
23455,0.040934921502657845
23456,0.08513238524876096
23457,0.33640777816517636
23459,0.1371735994207766
23462,0.25566693589444295
23463,0.35333722136530327
23466,0.24724142392798965
23468,0.27976535908161054
23469,0.19618500985594906
23470,0.17658566416255644
23471,0.3582885774235112
23472,0.3721541980903823
23473,0.1844020590301363
23474,0.36460588769446234
23476,0.267655965259695
23477,0.09660165900569279
23478,0.23606941390493918
23479,0.3693803444754526
23480,0.22638554625518437
23481,0.20830534590119776
23482,0.1581972578513554
23483,0.3502606329048256
23484,0.28796108435806966
23486,0.24467547255638794
23487,0.18462819831235278
23488,0.21019470313003874
23489,0.16675954760947193
23490,0.360887355465112
23492,0.24790342843963953
23493,0.03867899979215941
23494,0.36910131778045957
23495,0.3838167844595315
23496,0.28442856992538135
23497,0.23390832479666057
23498,0.09951776152395228
23499,0.1548726456619951
23500,0.14638695146720998
23501,0.036754992189430354
23504,0.33084730500809495
23505,0.11084661008144321
23506,0.15892491570300366
23507,0.3647189573355706
23508,0.2515234806589923
23509,0.1687236766977555
23514,0.3065154477231554
23515,0.06932087253249467
23516,0.07117375568355885
23517,0.37212501882816085
23519,0.3683809547443668
23520,0.13278394416033218
23521,0.20496796778461557
23523,0.13853225881796444
23524,0.27238665314735294
23525,0.2147576102599233
23526,0.1970530929070382
23528,0.22476244979411436
23529,0.16029086991574681
23530,0.17066045022770648
23531,0.29935558625555897
23532,0.054505102139536465
23533,0.06219930884656387
23534,0.046247370930856666
23535,0.1617534804345987
23538,0.09889770220174576
23540,0.07545763611845038
23542,0.0363045373288862
23544,0.316990802860668
23550,0.36590983597498494
23551,0.35992261610791426
23552,0.3532879813603045
23553,0.1750300447453736
23554,0.24042441879149562
23556,0.27216416127291415
23557,0.30034585746720055
23560,0.1862421762539786
23561,0.12925507713542156
23564,0.12238883199392873
23565,0.28736108577864045
23566,0.1852719657851143
23568,0.3676770050432735
23569,0.03866623386493751
23571,0.32802603509205525
23572,0.04093492150265785
23573,0.20165065041081065
23574,0.23701591622324858
23575,0.1381292202585302
23576,0.3318047495497373
23577,0.15545075979475825
23578,0.3538697429008453
23581,0.35308190282086527
23582,0.24563656450580806
23583,0.20149928298803677
23584,0.27483041635840216
23585,0.08933237530476573
23586,0.23653810580437173
23590,0.09528129739017065
23592,0.06374945715208018
23593,0.14833284351660514
23596,0.3102394510641723
23598,0.22485910610022303
23599,0.11285450806305904
23602,0.1921765087082728
23603,0.3747347390930948
23604,0.3635919083322658
23606,0.09761563836788933
23607,0.12618031237883276
23608,0.0884041100253448
23609,0.365955428572206
23610,0.3123859505413401
23611,0.08681201653038512
23612,0.07210384466686863
23614,0.06445158314928462
23615,0.18802028754560024
23616,0.1383699491718574
23618,0.248315585518518
23619,0.14237480291175603
23621,0.09819375250065247
23622,0.23690831769380682
23625,0.20430596327296568
23626,0.20425307586018926
23629,0.22055881233033192
23632,0.23137884750283572
23633,0.24815874698407753
23634,0.19060629965997922
23636,0.29991546334943364
23642,0.21139470028889729
23643,0.18238321882518743
23645,0.24798367141074862
23646,0.3257172259687804
23647,0.24747303432187268
23649,0.3650125736616743
23651,0.12691891245381404
23652,0.1247997685349788
23653,0.0971743020267894
23654,0.38446784674784834
23655,0.3008674367794096
23656,0.284293615837607
23659,0.24346088576641867
23661,0.07208560762798022
23662,0.20858072518841297
23663,0.332643653338605
23664,0.31320114617965283
23665,0.15526109459031862
23666,0.3430369418011196
23667,0.21201840701888147
23668,0.042594492041504714
23669,0.3058844461776159
23670,0.12372013583278392
23671,0.26813559938246057
23673,0.20079715699083228
23674,0.1334915412692032
23675,0.22381230006802733
23676,0.3539791651341759
23679,0.34723328444934665
23680,0.2809161162354703
23681,0.15887567569800487
23684,0.38323867032676834
23686,0.2672255711419281
23687,0.17258992894210207
23688,0.03170333241733604
23689,0.33063940276476683
23692,0.38483805863728343
23693,0.19073213522830934
23694,0.30715192038036154
23696,0.10497975467103621
23697,0.19328349696880032
23698,0.21191263219332862
23700,0.11065876858089241
23701,0.26023713783988284
23703,0.3394369503245441
23704,0.1564027332247342
23706,0.077584074852841
23707,0.16079056478128972
23711,0.1365790719530139
23713,0.3808113204507187
23714,0.26103409643930703
23716,0.1455152210083432
23719,0.290184179398569
23721,0.1862768266278666
23722,0.20949622454061206
23723,0.3229251353149622
23724,0.256524076722199
23726,0.05141574775183691
23728,0.10693294153598676
23729,0.3731189374475801
23730,0.38569702316892834
23731,0.2248043949835577
23733,0.22985240734787438
23735,0.18503488427956472
23736,0.08573420753207907
23737,0.0901420998314119
23738,0.3617718518512008
23740,0.2713507893384903
23742,0.16914130488830048
23743,0.35847459522017316
23744,0.16035105214407863
23745,0.3639730624450339
23748,0.26735505411803595
23749,0.37998518258907293
23751,0.35331716062252594
23752,0.3665390138166356
23753,0.18909992024779515
23754,0.22100744348698725
23755,0.08631596907261989
23756,0.1382751165696376
23758,0.2547167861683559
23759,0.35900346934793753
23760,0.22275637551638738
23761,0.37519795988086085
23763,0.061256453936032185
23764,0.36722837388661816
23765,0.14802463755939074
23767,0.12357059211389881
23768,0.1295176904954149
23769,0.15374742036257916
23771,0.31368260400630726
23772,0.12946480308263844
23773,0.06879929322028563
23774,0.37744111566413735
23775,0.039972005849348895
23776,0.08424788886267226
23777,0.04063765776877649
23779,0.1048940405882606
23780,0.06806616425697087
23782,0.11860282272069127
23783,0.16784465142333332
23785,0.3499578980592777
23788,0.09810621471398802
23790,0.31217804829801205
23791,0.15652309768139777
23793,0.3340971453380126
23794,0.3286278573753733
23795,0.21951383000202507
23796,0.17377168906207213
23797,0.17380998684373783
23798,0.027045592685231754
23799,0.17160512884212703
23800,0.35161746859812454
23801,0.19468410155543153
23803,0.16747261583000939
23804,0.07065217637134985
23806,0.15329696550203503
23807,0.3253141874093461
23808,0.03576107357001107
23809,0.1600081958129762
23810,0.349536622460955
23815,0.33365216158913497
23816,0.326683789029867
23818,0.14114927389845372
23819,0.38062530265405675
23821,0.24739279135076359
23823,0.23936302312818913
23824,0.16032187288185712
23825,0.2459447704630225
23829,0.2650225368442061
23830,0.33061934202198956
23831,0.03717809149164186
23832,0.2228092629291638
23833,0.36445999138335494
23835,0.1711492028699163
23836,0.1818032809885355
23837,0.32254580490608287
23839,0.07871294756003462
23843,0.3640077128189219
23844,0.23806272225544428
23846,0.32845460550593325
23847,0.16194861675070488
23848,0.15036262594488708
23852,0.28907901484193027
23853,0.1748567928759336
23854,0.2170317690093101
23856,0.18637713034175302
23858,0.28643099679533063
23859,0.3855675401928205
23861,0.232048146830041
23863,0.19102392785052424
23864,0.25987422076600314
23865,0.2843574454737165
23866,0.17804280356974178
23867,0.13320157235087718
23868,0.1960445846565082
23869,0.03862064126771644
23872,0.21582630073878512
23875,0.10653902149599673
23876,0.27125048562460397
23878,0.1430441022389613
23879,0.18782879863727175
23880,0.3655870403866597
23881,0.25316846156672845
23883,0.3249312095926892
23884,0.1530927106664846
23885,0.29983339667443576
23889,0.36311774532116664
23890,0.19549382608207766
23891,0.2207156508647724
23892,0.3137117832685288
23893,0.34488253013662845
23894,0.2368882569510296
23895,0.11375724148803618
23896,0.08736459880870445
23897,0.15953038539409942
23898,0.3117859519619109
23899,0.0750655397823492
23900,0.0865895246559463
23901,0.291030378002992
23904,0.25524748400000913
23906,0.3687548140415795
23908,0.24583352452580304
23909,0.23023903257230904
23910,0.34675912143824755
23911,0.3366776863407251
23912,0.23310224767779208
23913,0.33435793499411715
23914,0.36780466431549247
23915,0.29358721085514944
23916,0.23683536953825313
23917,0.32747710022151355
23918,0.09219741411413764
23919,0.35999191685569026
23920,0.12244536681448287
23921,0.2444949258713925
23922,0.36148188293287475
23923,0.3556314408574674
23924,0.254507060221139
23926,0.20171083263914247
23928,0.3701244156621004
23929,0.37240769293093146
23930,0.2735556473401011
23931,0.05458716881453439
23932,0.12293229575280387
23933,0.17819781840029342
23935,0.3209537114111232
23936,0.1544112485781179
23937,0.13860155956574044
23938,0.3728636189031422
23939,0.2426839879097717
23940,0.3823067576395697
23941,0.27996596650938327
23942,0.2159721970498925
23943,0.050128212806313965
23945,0.28394528839483807
23946,0.1557808501986388
23947,0.18412667974292107
23948,0.381422261253481
23949,0.3427269121400163
23950,0.22155090724586235
23951,0.16775528993278005
23953,0.29831789874280745
23955,0.06895613175472612
23956,0.21129439657501092
23957,0.3581645655590699
23958,0.24686391722299916
23959,0.38221010133346106
23960,0.19290963767158759
23961,0.274403669648413
23962,0.09728737166789765
23963,0.2501046390334727
23965,0.2215071383525301
23966,0.0440370418175793
23967,0.23277762838557808
23968,0.09517369886072895
23969,0.10021988752115672
23970,0.3724295773775976
23971,0.1931193636188045
23972,0.37499005763753274
23973,0.24976907751792565
23974,0.3422655150561391
23975,0.04180847566541351
23977,0.20078621476749925
23978,0.13007939129317847
23979,0.1139159037263655
23980,0.2264037832940728
23981,0.13318333531198875
23982,0.22418433566135126
23983,0.035896027657785434
23984,0.034927640892809954
23985,0.23232170241336741
23987,0.37285450038369794
23989,0.2502943042379123
23990,0.3730806396659144
23991,0.36831712510825726
23992,0.16371760952288228
23993,0.24193626931534623
23994,0.14795351310772586
23995,0.3767900533758205
23996,0.35100652779536223
23998,0.1862038784723129
23999,0.08467645927655029
24000,0.14819059461327544
24001,0.3585840174535037
24002,0.33309046079137145
24003,0.11128065160698777
24004,0.06380963938041198
24005,0.2991568025316751
24006,0.14743193379551683
24007,0.23984812836262126
24008,0.12264050313058904
24010,0.30173369612660983
24012,0.12691344134214752
24014,0.3564794631657793
24015,0.3787177083863273
24016,0.3815718049723661
24018,0.10685999338043305
24019,0.2982139476211434
24020,0.35436761406249934
24021,0.24367243541752448
24022,0.3599207924040254
24024,0.2483520595962948
24026,0.33832996206401655
24028,0.2399994957853952
24029,0.2905872179580032
24030,0.29126016469298616
24031,0.29724008974450145
24033,0.03913127835659241
24034,0.3870064425611174
24035,0.35634086167022716
24036,0.2104883194561425
24038,0.18913092321390546
24039,0.29352520492292883
24040,0.04758232217748953
24041,0.18127440686077106
24043,0.3541706540425044
24045,0.3736259271286784
24046,0.2129138456283033
24047,0.3273549120609611
24048,0.36007215982679935
24049,0.3675475220671656
24050,0.38727452703277726
24053,0.042289933492067985
24054,0.04514220637421798
24055,0.213670682742173
24057,0.2307387274378519
24059,0.3079999426886734
24060,0.2951045324906666
24061,0.28315562461096916
24062,0.290682050560223
24063,0.34273055954779397
24064,0.38336268219120967
24065,0.3555639638135802
24066,0.1909728641416366
24067,0.05644005196559859
24068,0.28159271037823097
24070,0.33873847173511734
24071,0.12171588525894579
24072,0.3706678794209755
24073,0.06628622926146038
24076,0.2098956156922686
24077,0.09684056421513118
24078,0.16594982308282574
24079,0.14273954368952455
24080,0.15934619130132632
24081,0.24450951550250327
24082,0.04607594276530545
24083,0.09772870800899759
24085,0.29135864470298367
24086,0.1505687044843263
24087,0.30255253917270025
24088,0.3209008239983468
24089,0.1682221581283238
24090,0.38752619816943756
24092,0.1551389064297662
24093,0.2702219166312967
24094,0.05518899109785248
24096,0.20152299113859168
24097,0.3309421376103147
24098,0.23524874715495997
24099,0.15709574070249438
24100,0.2860133686047857
24101,0.1237365491677835
24102,0.3607870517512257
24103,0.24700434242244007
24104,0.14251340440730803
24105,0.21149135659500595
24106,0.32629169269376584
24107,0.28466747513481977
24108,0.10872746616260798
24109,0.2877422398914086
24110,0.04047899553044717
24111,0.17801362430752027
24112,0.2819592748598883
24113,0.05937439152274651
24114,0.20788954141454163
24115,0.19497224676986868
24116,0.07946613726612667
24117,0.31044370589972264
24118,0.19490294602209268
24119,0.3820569102067983
24120,0.09682779828790929
24122,0.039594499144358454
24123,0.2529022007989574
24124,0.165285994867287
24126,0.32598166303266257
24127,0.36163689776342645
24128,0.3806198315423902
24129,0.24674720017411328
24130,0.2918291603063051
24131,0.052300244137925625
24132,0.38467027787950986
24133,0.05364613760789155
24135,0.16448538886008507
24136,0.09183084963248024
24137,0.1666391831528083
24138,0.35815727074351456
24139,0.17829265100251324
24140,0.20609866419569806
24141,0.08532934526875599
24143,0.2580596353966046
24144,0.09843448141397972
24145,0.1864974947984166
24146,0.05285465012013381
24147,0.32781448544094943
24148,0.3512290196698011
24149,0.15019849259489126
24150,0.33460231131522206
24151,0.23560072200550664
24152,0.340423574128408
24153,0.22924146654511207
24154,0.31441938037739975
24155,0.22394543045191284
24156,0.17832912508029009
24157,0.2258256691613097
24158,0.3753165006336356
24159,0.37320100412257806
24160,0.34798465045154986
24161,0.21964331297813283
24162,0.07939683651835064
24163,0.2108712972727994
24166,0.3869334944055637
24167,0.18057957567912197
24168,0.36275665195117585
24169,0.33197253030751084
24172,0.3195914046061577
24173,0.2689635609479952
24174,0.06518288840871055
24177,0.07369958556960601
24178,0.38616389136447204
24180,0.37879430394965863
24181,0.32004733057836837
24182,0.24881345668017207
24183,0.30370329632656
24184,0.28963524452802736
24185,0.07086554972634443
24187,0.25634535374109246
24189,0.32031541505002825
24190,0.3829231695539985
24191,0.33876582729344995
24193,0.05866861811776438
24195,0.37516148580308395
24196,0.2764407468922503
24198,0.2635617500292431
24200,0.3833134421862109
24201,0.1749516254781534
24203,0.23231258389392317
24204,0.3355670506724198
24206,0.31100175928970847
24207,0.3717219802687266
24208,0.14631582701554513
24209,0.24461164292027848
24210,0.1762209233847879
24212,0.11646361805907875
24213,0.3161737835184665
24214,0.3214698196116657
24215,0.32896524259480925
24216,0.37017000825932145
24219,0.1371097697846671
24220,0.3134728780590904
24223,0.3669347575605145
24224,0.16806167218610563
24225,0.21269135375386444
24226,0.3599481479623581
24227,0.10871652393927493
24228,0.09843630511786855
24229,0.14346902524506164
24230,0.1652221652311775
24231,0.36353719721560057
24232,0.06476343651427671
24233,0.18564035397066053
24234,0.17769994723863936
24235,0.08352570212269056
24236,0.3810830523301562
24237,0.15626777913695977
24239,0.27404257627842216
24241,0.09457370028129969
24242,0.08495730967543208
24244,0.21163542920222456
24245,0.3709268453731912
24246,0.2602499037671047
24248,0.3124607224007827
24249,0.2902243008841235
24250,0.35125455152424484
24251,0.13096388767926717
24252,0.09653235825791677
24253,0.24096058773481532
24255,0.3742496338586626
24257,0.22558676395187133
24259,0.13126844622870387
24260,0.18801299273004485
24261,0.29488021691233895
24263,0.2213758316725335
24264,0.1448076238994722
24265,0.17792243911307815
24266,0.30847592940366136
24267,0.2168202193582044
24268,0.380275151507399
24270,0.2865914827375488
24271,0.27276963096400986
24272,0.07818954454393676
24274,0.35814632852018147
24275,0.2853513640931358
24277,0.26921887949243317
24278,0.07119746383411382
24280,0.11174934350642035
24281,0.22799405308514364
24283,0.3022953969243734
24286,0.3029446355088014
24287,0.27886080195274454
24288,0.27333315546566234
24289,0.13636569859801928
24291,0.23731317995712992
24292,0.34856094088042416
24293,0.03053980933625439
24295,0.15641914655973377
24296,0.15273161729649382
24297,0.3537329651091821
24298,0.33598832627074254
24299,0.3274752765176247
24300,0.17886164661583215
24301,0.16416259327175992
24302,0.26051616453487575
24303,0.38582650614503616
24304,0.37577060290195746
24305,0.28996533493190785
24306,0.3110254674402635
24307,0.15147873272485884
24308,0.33441811722244896
24309,0.062409034793780786
24310,0.24195633005812345
24311,0.20213757934913168
24312,0.22866699982012662
24313,0.192278636126048
24314,0.21887370993704125
24315,0.09243631932357604
24316,0.11040162633256559
24318,0.061909339928237876
24319,0.37180587064761333
24320,0.23557883755884051
24321,0.1987910827131053
24322,0.37792622089856953
24323,0.3709852038976342
24324,0.238436581552657
24325,0.38413410893619016
24327,0.3109051029835999
24329,0.36981438600099714
24330,0.33435064017856175
24331,0.23601470278827386
24332,0.3036394666904505
24333,0.38229034430457015
24334,0.16949327973884715
24335,0.35329709987974867
24338,0.16965923679273182
24339,0.048173202237474566
24340,0.26485110867865486
24343,0.3823104050473474
24344,0.04530269231643615
24345,0.17925921406359985
24346,0.16934373601996205
24348,0.3701535949243219
24349,0.24042259508760677
24351,0.12477241297664617
24352,0.3584691241085066
24353,0.13919608703350317
24354,0.3832368466228795
24355,0.29547656808399053
24356,0.20669866277512733
24357,0.17024646944493915
24358,0.36695664200718064
24359,0.23463598264830882
24361,0.2602918489565481
24362,0.15644832582195523
24363,0.07608316655232344
24364,0.12855842224988362
24365,0.3711238053931862
24367,0.25994352151377914
24368,0.030488745627366795
24369,0.12357971063334303
24372,0.2822638334093251
24373,0.1245517448060962
24374,0.12415235365443963
24375,0.12059977847897403
24377,0.36746180798439
24378,0.09456822916963317
24379,0.3830562999378841
24380,0.14483680316169367
24381,0.25496298619334967
24382,0.15492006196310504
24383,0.2999756455777655
24384,0.07555976353622557
24385,0.10994022924868838
24386,0.07263089509074419
24387,0.26519943612142377
24388,0.2955805192056546
24389,0.1143262371013551
24390,0.0781439519467157
24392,0.12216451641560108
24394,0.2843465032503834
24395,0.3682478243604812
24396,0.3863918543505774
24398,0.3224527960077519
24399,0.03315682441674368
24400,0.050916052886294014
24401,0.10509282431214445
24402,0.1423109732756465
24403,0.16506715040062586
24404,0.15823008452135456
24405,0.32378774725438475
24406,0.3755262265808525
24407,0.25588030924943755
24408,0.284293615837607
24409,0.27481400302340264
24410,0.05760539875056908
24411,0.1038217027016211
24412,0.04878596674412572
24413,0.04706986138472473
24414,0.18191635062964367
24416,0.36696576052662483
24417,0.2874157968953057
24419,0.172092057780448
24420,0.12166117414228049
24421,0.08702903729315739
24422,0.1518434735026274
24425,0.3706842927559751
24426,0.07746371039617737
24427,0.3611919140145488
24429,0.3249457992237999
24432,0.1250131418899734
24433,0.20756856953010527
24434,0.22993082661509462
24435,0.38485264826839416
24436,0.29465225392623356
24437,0.17365679571707504
24439,0.16661912241003102
24440,0.16948598492329175
24441,0.3308837790858718
24442,0.3458636828288258
24443,0.11286180287861441
24444,0.2477921825024202
24445,0.2313861423183911
24446,0.16381061842121325
24447,0.36690193089051537
24449,0.17764888352975172
24450,0.22079407013199265
24451,0.2817914941021148
24452,0.24488155109582715
24453,0.2609666193954199
24454,0.08003695658333443
24456,0.3421889194928078
24457,0.13547390739637521
24458,0.2521034184956443
24459,0.036158641017778784
24460,0.2733386265773288
24461,0.26335020037813733
24462,0.11006424111312968
24464,0.30367958817600504
24465,0.08152692266051892
24466,0.14311522669062615
24467,0.18279537590406586
24468,0.30349539408323195
24469,0.152126147605398
24474,0.3012467671882889
24475,0.04338597952926246
24476,0.26922982171576626
24477,0.3325232888819414
24478,0.37740646529024935
24480,0.2771191647388998
24481,0.12422165440221566
24483,0.13217847446923642
24484,0.11423687561080181
24485,0.3387202346962289
24486,0.3711238053931862
24487,0.2594912429493461
24488,0.16084345219406615
24489,0.24904324337016626
24491,0.27449485484285513
24492,0.34716945481323724
24494,0.04488871153366884
24496,0.2123266129760959
24497,0.2836607905881786
24499,0.13513652217693928
24501,0.2123576159422062
24502,0.3583742915062868
24503,0.3845353237917355
24504,0.36712259906106526
24505,0.35478524225304436
24506,0.19179900200328237
24507,0.2268268825962843
24508,0.09320592236466765
24509,0.1805704571596778
24510,0.3185719541322946
24511,0.34941261059651374
24512,0.0748521664273546
24513,0.3002783804233134
24514,0.20962753122060873
24515,0.22141960056586568
24517,0.37162532396261794
24518,0.06570446772091956
24520,0.0757694894834425
24521,0.08386308734212644
24523,0.23157216011505305
24524,0.053255864975679204
24526,0.10114268168891113
24527,0.22316488518748817
24528,0.14211036584787384
24530,0.23220133795670383
24531,0.33509835877298727
24532,0.3754824576875203
24533,0.29038661053023046
24534,0.24145845889646939
24535,0.3572344765757601
24536,0.28787719397918293
24538,0.24371438060696782
24539,0.12472864408331394
24540,0.3723256262559335
24541,0.20203180452357883
24543,0.3200217987239246
24544,0.28686139091309754
24546,0.27024744848574045
24547,0.3502733988320475
24548,0.23358917661611306
24549,0.32143881664555535
24550,0.38341009849231955
24551,0.26624441844973074
24552,0.21615456743877676
24554,0.3741420353292209
24555,0.37423686793144073
24556,0.19988530504641094
24558,0.34647644733547694
24559,0.38543623351282386
24560,0.20831993553230843
24561,0.15497659678365916
24562,0.3660885589560915
24563,0.3464235599227005
24564,0.2623198076809412
24567,0.21285366339997147
24568,0.15572978648975122
24569,0.3404053370895196
24570,0.34104910456228105
24571,0.22108039164254095
24572,0.3819930805706888
24573,0.36492503587500985
24575,0.3700769993609905
24576,0.29384617680736513
24577,0.26905474614243735
24578,0.3773517541735841
24579,0.09056337542973457
24581,0.20214487416468702
24582,0.1599790165507547
24583,0.16032734399352366
24587,0.22775514787570528
24588,0.19994001616307622
24589,0.3188911023128421
24591,0.2962917637223032
24592,0.05925585076997173
24593,0.15965257355465184
24594,0.30220238802604243
24595,0.36650801085052537
24596,0.19134672343884934
24597,0.1622276434456978
24599,0.12251284385837005
24600,0.25396542016615276
24601,0.28689239387920784
24603,0.383973622993972
24604,0.29725650307950097
24605,0.1660592453161563
24608,0.20492784629906102
24609,0.3279786187909453
24610,0.09949770078117502
24613,0.2865422427325501
24614,0.2498329071540351
24615,0.21635882227432712
24616,0.06783090645531017
24618,0.3525876790669889
24619,0.23021714812564292
24620,0.25181344957731827
24621,0.11841862862791816
24622,0.25918121328824284
24623,0.27689302545668326
24624,0.3192886697606098
24625,0.3353518536135364
24628,0.3158692249690297
24629,0.2542936868661444
24630,0.3517159486081221
24631,0.35712140693465183
24632,0.3554746023230269
24633,0.27365777475787634
24634,0.3465731036415856
24635,0.3251336407243507
24636,0.21833206988205495
24637,0.3667213842055199
24638,0.04508567155366386
24639,0.15378207073646716
24640,0.262066312840392
24641,0.17670967602699778
24642,0.05663336457781591
24643,0.1362398630296891
24644,0.11236028430918267
24645,0.10023265344837862
24646,0.19174976199828364
24647,0.10739069121208628
24648,0.3692909829848993
24649,0.27189972420903197
24650,0.10717549415320284
24651,0.15412310336368074
24652,0.09486002179184799
24653,0.3863225536028014
24654,0.3758763777275103
24655,0.34403997893998306
24656,0.2290299168940063
24657,0.17973884818636549
24658,0.05106012549351258
24659,0.210214763872816
24660,0.27828633522775914
24661,0.37937059437853293
24662,0.24019827950927908
24663,0.3633438846033832
24664,0.16903188265496993
24665,0.20547678116960266
24666,0.180555867528567
24667,0.11704355589573075
24668,0.32104854401334304
24669,0.15560942203308759
24670,0.3853815223961585
24671,0.2777118685027737
24672,0.3860635876505857
24673,0.23419282260332003
24674,0.2300092458823148
24675,0.27224075683624555
24676,0.15312188992870612
24677,0.37124234614596097
24678,0.11573596020743053
24679,0.18388412712570495
24680,0.16978689606495084
24681,0.23750284516156955
24682,0.11913169684845565
24683,0.32055614396335547
24684,0.36927274594601084
24685,0.16717535209612805
24686,0.32673485273875463
24687,0.27517327268950464
24688,0.15863129937689996
24689,0.13352072053142466
24690,0.19466039340487656
24691,0.2610030934731967
24692,0.08958951755309257
24693,0.33673604486516806
24694,0.15196201425540218
24695,0.3619286903856413
24696,0.29554039772010005
24697,0.28813980733917627
24698,0.2754541230883864
24699,0.0930326704952276
24700,0.04017261327712159
24701,0.3152272812001571
24702,0.38569337576115065
24703,0.14374075712449919
24704,0.2285685198101291
24705,0.37408367680477794
24706,0.31947833496504946
24707,0.12149339338450697
24708,0.16068661365962567
24709,0.19217103759660625
24710,0.17383551869818165
24711,0.32414701692048675
24712,0.314114821827963
24713,0.25400189424392955
24714,0.38022773520628905
24715,0.03792581008606737
24716,0.08515426969542708
24717,0.2749380148878439
24718,0.1977023314914662
24719,0.19284580803547807
24720,0.3619578696478627
24721,0.335437567696312
24722,0.22304634443471338
24723,0.19167499013884104
24724,0.08617189646540131
24725,0.3836836540756459
24726,0.29354526566570605
24727,0.16285499758345967
24728,0.10477002872381928
24729,0.2626918432742651
24730,0.3097616406452955
24731,0.19017955294999
24732,0.38451708675284707
24733,0.11934142279567257
24734,0.19556495053374257
24735,0.1609984670246178
24736,0.3852338023811623
24737,0.3858064454022589
24738,0.35037187884204496
24739,0.3423749372894697
24740,0.18948654547222982
24741,0.28363343502984595
24742,0.2862668634453348
24743,0.07512754571456985
24744,0.1605881336496282
24745,0.14549698396945474
24746,0.3303074886569975
24747,0.13068303728038538
24748,0.30320907257268365
24749,0.3247506629076937
24750,0.04907593566245172
24751,0.19847922934811318
24752,0.1611243025929479
24753,0.13190309518202115
24754,0.37577972142140165
24755,0.38525386312393956
24756,0.3426302558339077
24757,0.37497364430253316
24758,0.06296161707210013
24759,0.25732285902551216
24760,0.22137947908031114
24761,0.20860808074674564
24762,0.1938689059171188
24763,0.053542186486227515
24764,0.19364276663490232
24765,0.1715157673515737
24766,0.29513188804899926
24767,0.29408325831291465
24768,0.3036467615060059
24769,0.2777574610999947
24770,0.17279418377765243
24771,0.32417801988659717
24772,0.337374341226263
24773,0.09502597884573268
24774,0.24626391864356995
24775,0.35758645142630674
24776,0.31674460283567424
24777,0.09229589412413516
24778,0.18373093599904217
24779,0.23630102429882222
24780,0.2926589455757286
24781,0.10973779811702684
24782,0.0540455287595481
24783,0.11825449527792233
24784,0.37440647239310304
24785,0.1744026906076117
24786,0.1813874765018793
24787,0.10274571740720388
24788,0.38516085422560853
24789,0.14645625221498604
24790,0.34339803517111045
24791,0.333362192670809
24792,0.29443705686735017
24793,0.2330967765661256
24794,0.35033722846815696
24795,0.38118700345182027
24796,0.09743509168289391
24797,0.3173208932645485
24798,0.2072640109806686
24799,0.3012358249649558
24800,0.37969156626296924
24801,0.385317692760049
24802,0.38440219340785
24803,0.12520827820607955
24804,0.22815089161958413
24805,0.30068141898274764
24806,0.16286411610290386
24807,0.29745528680338484
24808,0.1405255671684695
24809,0.3695152985632269
24810,0.38586480392670186
24811,0.3858064454022589
24812,0.12093898740229878
24813,0.13899000849406395
24814,0.2391314127343061
24815,0.14309698965173773
24816,0.15274803063149334
24817,0.18703366374173636
24818,0.12520280709441303
24819,0.25082864947734324
24820,0.05468929623230959
24821,0.38642650472446544
24822,0.12092075036341036
24823,0.3695134748593381
24824,0.18984399143444297
24825,0.34271049880501675
24826,0.10398583605161693
24827,0.36332017645282827
24828,0.33339866674858587
24829,0.13785931208298147
24830,0.15517720421143189
24831,0.31132455487803373
24832,0.13716630460522122
24833,0.13401312058141218
24834,0.2194463529581379
24835,0.09683144569568697
24836,0.21851079286316155
24837,0.355693446789688
24838,0.13559609555692764
24839,0.3808131441546075
24840,0.17869021845028094
24841,0.2191965055253664
24842,0.05205222040904302
24843,0.21595578371489293
24844,0.2632043040670299
24845,0.0784685712389297
24846,0.17146287993879727
24847,0.37145936690873327
24848,0.31205403643357077
24849,0.28427902620649625
24850,0.13880763810517968
24851,0.21086400245724407
24852,0.15228298613983848
24853,0.27735077513278283
24854,0.16629997422948356
24855,0.06687528561755658
24856,0.18946283732167485
24857,0.3848398823411722
24858,0.06935369920249383
24859,0.3855638927850428
24860,0.3795474936557507
24861,0.16858872260998115
24862,0.3163561539073507
24863,0.348980392774858
24864,0.38574079206226053
24865,0.03990635250935056
24866,0.2846510617998202
24867,0.3531347902336417
24868,0.13102042249982132
24869,0.2965890274561846
24870,0.19292240359880947
24871,0.257197023457182
24872,0.24164265298924248
24873,0.33508376914187654
24874,0.2915647232424229
24875,0.3550223237585939
24876,0.23535634568440167
24877,0.2639210196953451
24878,0.3807493145184981
24879,0.13224412780923478
24880,0.06497863357316017
24881,0.2457842845208043
24882,0.15046292965877345
24883,0.3710818602037428
24884,0.3310333228047569
24885,0.27280792874567567
24886,0.33622540777629206
24887,0.10626546591267032
24888,0.132067228532017
24889,0.17497715733259717
24890,0.37961497069963784
24891,0.2215490835419735
24892,0.3610332517762195
24893,0.08598587866873936
24894,0.2577696664782786
24895,0.18589931992287617
24896,0.3345658372374452
24897,0.06986433629136979
24898,0.37888731284798965
24899,0.2805750836082567
24900,0.06378957863763471
24901,0.36575482114443325
24902,0.1208970422128554
24903,0.22917581320511377
24904,0.060669221283824834
24905,0.2547058439450228
24906,0.09765758355733273
24907,0.22151260946419665
24908,0.3505761336775954
24909,0.16537900376561798
24910,0.2506955190934577
24911,0.33973056665064777
24912,0.04326014396093231
24913,0.2884315999613911
24914,0.06762300421198209
24915,0.22804511679403122
24916,0.03780544562940376
24917,0.3231202716310684
24918,0.08531657934153408
24919,0.3160260635034702
24920,0.24910160189460923
24921,0.20047800881028482
24922,0.12110312075229461
24923,0.36072869322678275
24924,0.34733541186712186
24925,0.19827315080867397
24926,0.043783546977030165
24927,0.3571669995318729
24928,0.2331970802800119
24929,0.3825985502617846
24930,0.3697377904376658
24931,0.3786082861529967
24932,0.1351292273613839
24933,0.3284381921709337
24934,0.14839667315271465
24935,0.2851708174081404
24936,0.387416775936107
24937,0.32350872055939184
24938,0.24534294817970437
24939,0.34854635124931344
24940,0.26730216670525947
24941,0.268095477896906
24942,0.3416801061078206
24943,0.04890997860856702
24944,0.3673377961199487
24945,0.3851918571917189
24946,0.3521007501286679
24947,0.3860544691311415
24948,0.16865802335775715
24949,0.16483371630285404
24950,0.10914327064926412
24951,0.3825420154412304
24952,0.06685887228255699
24953,0.33775731904291995
24954,0.3180175481500864
24955,0.1343468583930704
24956,0.26950337729909263
24957,0.1835558604257133
24958,0.0658211847698055
24959,0.13757299057243316
24960,0.33270201186304793
24961,0.17269205635987728
24962,0.38323502291899064
24963,0.2849957418348114
24964,0.23347610697500487
24965,0.3260126659987729
24966,0.13452375767028812
24967,0.03727110038997284
24968,0.3789547898918768
24969,0.13270005378144545
24970,0.3684210762299213
24971,0.32660901717042445
24972,0.08687037505482809
24973,0.2505167961123511
24974,0.38085508934405093
24975,0.21835577803260992
24976,0.3718204602787241
24977,0.16441608811230907
24978,0.3014747301743942
24979,0.14612433810721662
24980,0.04558901382698445
24981,0.17734979609198154
24982,0.3775231823391353
24983,0.262797618099818
24984,0.28759087246863463
24985,0.20259715272912004
24986,0.10763324382930235
24987,0.328886823327589
24988,0.2984492054228041
24989,0.35458645852916054
24990,0.2711118841290519
24991,0.3673687990860591
24992,0.35218099309977696
24993,0.368773051080468
24994,0.1621747560329213
24995,0.21262205300608844
24996,0.03748082633718975
24997,0.23051258815563547
24998,0.2802322272771543
24999,0.25801039539160586
25000,0.3028242710521378
25001,0.12239430310559525
25002,0.22109498127365168
25003,0.325223002214904
25004,0.31773669775120467
25005,0.13083258099927048
25006,0.24591559120080103
25007,0.04074890370599589
25008,0.24069615067093314
25009,0.31985037055837334
25010,0.262124671364835
25011,0.21419043835049317
25012,0.04622731018807939
25013,0.3310333228047569
25014,0.2150421080665827
25015,0.23777275333711828
25016,0.35115060040258084
25017,0.38410492967396864
25018,0.22054969381088768
25019,0.12028792511398192
25020,0.3458782724599365
25021,0.15235775799928103
25022,0.30074160121107946
25023,0.16231700493625106
25024,0.2906856979680007
25025,0.2761799572361458
25026,0.3812216538257083
25027,0.2965999696795176
25028,0.04861818598635219
25029,0.23166516901338402
25030,0.28575805006034766
25031,0.38469398603006477
25032,0.06549109436592497
25033,0.2530189178478433
25034,0.34719316296379216
25035,0.26872283203466796
25036,0.1014946565394578
25037,0.38661799363279387
25038,0.21015822905226195
25039,0.3822046302217945
25040,0.08838404928256753
25041,0.37653108742360486
25042,0.33837920206901534
25043,0.18009082303691215
25044,0.3133178632285387
25045,0.2364688050565958
25046,0.3802988596579539
25047,0.06580112402702823
25048,0.3651949440505586
25049,0.3841888200528554
25050,0.35906729898404705
25051,0.2205041012136666
25052,0.23202079127170838
25053,0.052369544885701655
25054,0.36910678889212617
25055,0.27761885960444266
25056,0.30086561307552073
25057,0.29002004604857307
25058,0.13550308665859667
25059,0.2785434774760859
25060,0.3727104277764794
25061,0.12284475796613942
25062,0.24025299062594435
25063,0.3829195221462208
25064,0.368262413991592
25065,0.05120237439684232
25066,0.32425643915381736
25067,0.11094326638755186
25068,0.23874114010209374
25069,0.2933556004612664
25070,0.3805632967218361
25071,0.2320773260922625
25072,0.2781750892905397
25073,0.38058335746461336
25074,0.27479211857673647
25075,0.29159937361631094
25076,0.27816414706720666
25077,0.2741592933273081
25078,0.09721624721623279
25079,0.26346144631535673
25080,0.3856879046494841
25081,0.19402392074767044
25082,0.35606365867912315
25083,0.21106278618112795
25084,0.3043744193576541
25085,0.3790149721202086
25086,0.2108494128261333
25087,0.3818362420362483
25088,0.1694495108455149
25089,0.3481870815832114
25090,0.09271899342634667
25091,0.3823249946784581
25092,0.3534776465647441
25093,0.37914445509631645
25094,0.363404066831715
25095,0.3296308945142368
25096,0.19898804273310033
25097,0.3796313840346375
25098,0.3731845907875785
25099,0.3461883021210398
25100,0.3670587694249558
25101,0.14960943623879505
25102,0.36105331251899675
25103,0.3396393814562056
25104,0.2996947951788837
25105,0.16557778748950186
25106,0.10047338236170586
25107,0.23765603628823234
25108,0.3847997608556177
25109,0.12942650530097277
25110,0.24070526919037738
25111,0.1618647263718181
25112,0.3191737764156127
25113,0.3505560729348181
25114,0.31116954004748204
25115,0.36909037555712654
25116,0.3553779460169182
25117,0.2147557865560344
25118,0.19019231887721194
25119,0.17488961954593274
25120,0.07242299284741613
25121,0.0948509032724038
25122,0.3763706014813867
25123,0.33525154989965006
25124,0.3009458560466298
25125,0.18901420616501952
25126,0.3743517612764378
25127,0.35558767196413515
25128,0.38734382778055326
25129,0.22589314620519685
25130,0.2713690263773787
25131,0.180127297114689
25132,0.1368234482741188
25133,0.24783048028408583
25134,0.04375254401091984
25135,0.21009439941615243
25136,0.28452522623149
25137,0.118710421250133
25138,0.20542571746071508
25139,0.13109154695148614
25140,0.1387875773624024
25141,0.24553808449581055
25142,0.24755327729298177
25143,0.032945274765637925
25144,0.10981074627258056
25145,0.32188927150609953
25146,0.35048130107537556
25147,0.2985914543261339
25148,0.3535232391619652
25149,0.3680034480393763
25150,0.13920885296072505
25151,0.21168284550333444
25152,0.078685592001702
25153,0.19158015753662122
25154,0.38427635783951986
25155,0.16172612487626603
25156,0.23380254997110766
25157,0.12497484410830773
25158,0.14463801943780982
25159,0.29133676025631755
25160,0.20735519617511067
25161,0.337791969416808
25162,0.21676003712987257
25163,0.17234555262099716
25164,0.23271562245335742
25165,0.11670069956462832
25166,0.06192210585545978
25167,0.31695068137511345
25168,0.3447785790149644
25169,0.06529960545759647
25170,0.24903412485072207
25171,0.33378711567690933
25172,0.18420509901014132
25173,0.0734770936951672
25174,0.29927534328444994
25175,0.3218874478022107
25176,0.0600017456605084
25177,0.23010043107675698
25178,0.12301618613169064
25179,0.23597822871049706
25180,0.25864686804881193
25181,0.1001414682539365
25182,0.38345204368176294
25183,0.22834420423180146
25184,0.1457978951111138
25185,0.17483490842926747
25186,0.29668933117007096
25187,0.12172500377838999
25188,0.2894018104302554
25189,0.1575534903785939
25190,0.32139504775222316
25191,0.3781979527780071
25192,0.38716328109555787
25193,0.33369410677857836
25194,0.2848790247859255
25195,0.3789675558190987
25196,0.2737763155106511
25197,0.16114618703961403
25198,0.0684728502241828
25199,0.3697669696998872
25200,0.18593397029676417
25201,0.38070554562516584
25202,0.10330741820496744
25203,0.10971226626258304
25204,0.09926061927562546
25205,0.369363931140453
25206,0.1349742125308323
25207,0.09957064893672872
25208,0.14193164286676724
25209,0.3552375208174774
25210,0.24490161183860443
25211,0.09742414945956085
25212,0.3820441442795764
25213,0.10371228046829052
25214,0.17923732961693373
25215,0.2194974166670255
25216,0.36097306954788766
25217,0.3463214325049253
25218,0.1496112599426839
25219,0.26717086002526275
25220,0.29517200953455375
25221,0.37617364146139165
25222,0.28572339968645966
25223,0.21158983660500347
25224,0.2511532687695573
25225,0.3285403195887089
25226,0.37915357361576063
25227,0.1957929135198479
25228,0.3319725303075109
25229,0.2933756612040437
25230,0.2750036682278422
25231,0.13023258241984126
25232,0.14237115550397833
25233,0.28236596082710025
25234,0.3801037233418477
25235,0.18147319058465494
25236,0.28218359043821595
25237,0.37963503144241517
25238,0.3602326457690175
25239,0.1877667927050511
25240,0.3825602524801188
25241,0.22310105555137866
25242,0.13506722142916328
25243,0.1727905363698748
25244,0.3836854777795348
25245,0.25361344531560603
25246,0.2617161616937342
25247,0.3077190922897916
25248,0.048868033419123644
25249,0.27067054778795197
25250,0.11718033368739394
25251,0.20152663854636937
25252,0.3544970970386072
25253,0.06318958005820546
25254,0.2763823883678073
25255,0.35908918343071317
25256,0.15694072587194274
25257,0.10597549699434433
25258,0.24908701226349844
25259,0.2023856030780143
25260,0.36428126840224834
25261,0.3697104348793331
25262,0.3344126461107824
25263,0.23662381988714737
25264,0.13027452760928462
25265,0.14082100719846202
25266,0.19905734348087634
25267,0.22840256275624443
25268,0.14112009463623226
25269,0.35171230120034436
25270,0.12978759867096362
25271,0.051616355179609615
25272,0.1078612068154077
25273,0.3815936894190322
25274,0.09670561012735682
25275,0.3719900647403865
25276,0.19460750599210014
25277,0.1815753180024301
25278,0.35259132647476654
25279,0.2790449960455177
25280,0.3792101084363148
25281,0.36096759843622117
25282,0.3107810911191586
25283,0.34698343701657525
25284,0.35518645710858976
25285,0.29410879016735847
25286,0.2615538520476272
25287,0.07715368073507411
25288,0.18877530095558115
25289,0.25140493990621754
25290,0.18930964619501206
25291,0.26404867896756407
25292,0.1532422543853697
25293,0.35375484955584824
25294,0.374581547966432
25295,0.21504210806658275
25296,0.27617448612447926
25297,0.26193500616039533
25298,0.07141266089299725
25299,0.30268202214880807
25300,0.07521690720512314
25301,0.2247387416435594
25302,0.17722031311587372
25303,0.3189494608372851
25304,0.27564743570060374
25305,0.3730660500348037
25306,0.3024595302743693
25307,0.12316937725835342
25308,0.09743144427511623
25309,0.2247259757163375
25310,0.11522349941466573
25311,0.3455536531677225
25312,0.1263371509132732
25313,0.19584762463651317
25314,0.29186016327241543
25315,0.2429320116386543
25316,0.06170873250046518
25317,0.08910988343032691
25318,0.34972993507317235
25319,0.13283318416533096
25320,0.3508168625909226
25321,0.18133458908910288
25322,0.273754431063985
25323,0.2971890260356138
25324,0.3602381168806841
25325,0.20170718523136483
25326,0.369571833383781
25327,0.35823021889906825
25328,0.3152601078701563
25329,0.22697825001905825
25330,0.2351666804799621
25331,0.04774280811970769
25332,0.34255730767835396
25333,0.1985084086103347
25334,0.38264231915511676
25335,0.3483676282682069
25336,0.380390044852396
25337,0.36881681997380017
25338,0.088250918898682
25339,0.34722781333768016
25340,0.16017050545908318
25341,0.28869421332138445
25342,0.11320101180193914
25343,0.37890007877521154
25344,0.35473600224804563
25345,0.23612047761382682
25346,0.3318011021419596
25347,0.3103944658947239
25348,0.3310223805814238
25349,0.23154845196449814
25350,0.23491683304719058
25351,0.13546661258081982
25352,0.08703633210871276
25353,0.19918135534531767
25354,0.20778923770065527
25355,0.3226771115860796
25356,0.13107878102426426
25357,0.05544066223451277
25358,0.3669256390410703
25359,0.38392255928508434
25360,0.15075654598487712
25361,0.22782080121570364
25362,0.3562460290680074
25363,0.11189888722530546
25364,0.12608730348050173
25365,0.19884214642199294
25366,0.3824471828390106
25367,0.2503873131362433
25368,0.1594702031657676
25369,0.1317517277592472
25370,0.12771222364546062
25371,0.2731890828584438
25372,0.20707981688789545
25373,0.36336394534616046
25374,0.3674253339066132
25375,0.36833536214714574
25376,0.1488598939404807
25377,0.386280608413358
25378,0.12519733598274652
25379,0.1223833608822622
25380,0.05002973279631645
25381,0.07886066757503088
25382,0.18984399143444297
25383,0.3128801742952165
25384,0.10188492917167012
25385,0.19227681242215916
25386,0.38092621379571573
25387,0.10132687578168426
25388,0.32181085223887923
25389,0.10885512543482696
25390,0.3713590631948469
25391,0.10656455335044053
25392,0.16553766600394731
25393,0.14159425764733133
25394,0.11101803824699442
25395,0.37977363293796723
25396,0.25595690481276895
25397,0.07959744394612334
25398,0.2668681251797149
25399,0.20426584178741114
25400,0.248211634396854
25401,0.26535080354419777
25402,0.3607797569356704
25403,0.36214753485230233
25404,0.22479710016800242
25405,0.12706845617269913
25406,0.0907949858236176
25407,0.2756930282978248
25408,0.2053400033779395
25409,0.2731434902612227
25410,0.37789521793245917
25411,0.13080157803316017
25412,0.38371100963397864
25413,0.2090238852334017
25414,0.35609466164523346
25415,0.23846028970321198
25416,0.2522438436950852
25417,0.29056168610355937
25418,0.35860225449239214
25419,0.16720817876612726
25420,0.16647687350670132
25421,0.10942047364036821
25422,0.36035848133734766
25423,0.38672923957001326
25424,0.32392270134215917
25425,0.11997971915676751
25426,0.3684083103026994
25427,0.286925220549207
25428,0.2777209870222179
25429,0.36686180940496077
25430,0.10510741394325519
25431,0.3366703915251697
25432,0.3381822420490203
25433,0.33600838701351976
25434,0.26523955760697837
25435,0.08308436578159062
25436,0.16858325149831466
25437,0.33988922888897705
25438,0.3098199991697384
25439,0.20533088485849527
25440,0.36166425332175905
25441,0.19523486012986202
25442,0.2713507893384903
25443,0.10745452084819576
25444,0.38201314131346603
25445,0.16773522919000278
25446,0.38615477284502786
25447,0.12356329729834344
25448,0.19862877306699833
25449,0.38021314557517827
25450,0.1616659426479342
25451,0.3515043989570163
25452,0.06059992053604881
25453,0.09350865721021555
25454,0.18800022680282302
25455,0.1676130410294503
25456,0.22718432855849746
25457,0.20571021526737454
25458,0.11316089031638461
25459,0.3558922305135719
25460,0.041263188202649535
25461,0.19239717687882274
25462,0.21524271549435542
25463,0.244779423678052
25464,0.379937766287963
25465,0.3822392805956825
25466,0.37336696117646273
25467,0.13255233376644918
25468,0.21707918531042003
25469,0.28259027640542794
25470,0.3524509012753257
25471,0.28928144597359184
25472,0.12536694044440888
25473,0.17073886949492673
25474,0.20741355469955364
25475,0.3484259867926498
25476,0.2556104010738888
25477,0.3827718021312246
25478,0.15421611226201176
25479,0.38472316529228634
25480,0.3670751827599554
25481,0.29861151506891115
25482,0.3716763876715055
25483,0.1172642240662807
25484,0.2253569772618771
25485,0.2715823997323733
25486,0.34555547687161137
25487,0.38421252820341034
25488,0.3605919154351195
25489,0.19877102197032803
25490,0.11906421980456847
25491,0.14560458249889646
25492,0.30323642813101626
25493,0.30593003877483693
25494,0.2712431908090486
25495,0.09198768816692073
25496,0.08065336849776326
25497,0.258716168796588
25498,0.06816829167474606
25499,0.28077751473991824
25500,0.36770436060160616
25501,0.08951292198976117
25502,0.22048586417477822
25503,0.3183366963306339
25504,0.36328370237505136
25505,0.06266982444988528
25506,0.243515596883084
25507,0.04079996741488349
25508,0.10990375517091153
25509,0.14625017367554677
25510,0.3271360675943
25511,0.2239399593402463
25512,0.38202225983291027
25513,0.3557846319841302
25514,0.34642538362658937
25515,0.293882650885142
25516,0.31072638000249325
25517,0.06302727041209846
25518,0.32982055971867646
25519,0.22384695044191533
25520,0.18496011242012217
25521,0.16705498763946441
25522,0.1943084185543299
25523,0.3543220214652783
25524,0.22337278743081623
25525,0.18957408325889424
25526,0.05337440572845399
25527,0.1579127600446959
25528,0.3495092669026224
25529,0.21077464096669074
25530,0.05757986689612528
25531,0.15544164127531407
25532,0.1767662108475519
25533,0.11537486683743967
25534,0.19567254906318426
25535,0.37946907438853045
25536,0.35525211044858807
25537,0.3673286776005045
25538,0.12259855794114564
25539,0.33658832485017176
25540,0.255898546288326
25541,0.09721077610456626
25542,0.3211306106883409
25543,0.1714008740065766
25544,0.21305791823552184
25545,0.31634156427624
25546,0.28362978762206825
25547,0.17809386727862936
25548,0.11247882506195743
25549,0.079856409898339
25550,0.22317035629915472
25551,0.11167274794308896
25552,0.24487243257638291
25553,0.3838514348334195
25554,0.05851725069499043
25555,0.07814030453893801
25556,0.21943541073480483
25557,0.262252330637054
25558,0.15978752764242626
25559,0.32753728244984537
25560,0.20382268174242235
25561,0.07132329940244395
25562,0.3230600894027365
25563,0.1420118858378763
25564,0.09196398001636577
25565,0.1447784446372507
25566,0.1613066729818322
25567,0.16393645398954337
25568,0.19937831536531264
25569,0.22878371686901255
25570,0.24465541181361067
25571,0.36942411336878483
25572,0.2170226504898659
25573,0.3476089674504483
25574,0.12764839400935113
25575,0.3352205469335397
25576,0.1738975246304023
25577,0.2604614534182104
25578,0.31618290203791066
25579,0.09888858368230155
25580,0.3374855871634824
25581,0.3674782213193896
25582,0.17432427134039147
25583,0.12613289607772282
25584,0.33272024890193636
25585,0.1931503665849148
25586,0.3535432999047425
25587,0.3539627517991763
25588,0.3728745611264752
25589,0.23546576791773227
25590,0.11956026726233368
25591,0.24368155393696866
25592,0.12205691788615937
25593,0.21237585298109463
25594,0.2813902792465694
25595,0.0805822440460984
25596,0.24109371811870084
25597,0.05801026101389215
25598,0.3621566533717466
25599,0.1713662236326886
25600,0.2566371463633073
25601,0.12989337349651647
25602,0.2815325281498991
25603,0.356111074980233
25604,0.2860024263814526
25605,0.09201322002136451
25606,0.19725005292703324
25607,0.10429404200883136
25608,0.3548071266997105
25609,0.13462588508806334
25610,0.2028852979435572
25611,0.09497309143295625
25612,0.22194847469363005
25613,0.2622997469381639
25614,0.3674982820621669
25615,0.10531349248269442
25616,0.14070611385346493
25617,0.29430757389124235
25618,0.3825438391451193
25619,0.36393294095947937
25620,0.36807639619493004
25621,0.22507247945521763
25622,0.23564996201050536
25623,0.22935635989010916
25624,0.16646593128336823
25625,0.2708146203951705
25626,0.2646085560614388
25627,0.3804210478185064
25628,0.044872298198669267
25629,0.037756205624405
25630,0.23632837985715482
25631,0.37612804886417056
25632,0.16197779601292633
25633,0.1220459756628263
25634,0.16626532385559556
25635,0.1575151925969282
25636,0.23456485819664397
25637,0.07568742280844457
25638,0.27148939083404233
25639,0.19251389392770868
25640,0.28556656115201917
25641,0.22971198214843347
25642,0.13543196220693182
25643,0.3155263686379273
25644,0.3546685252041584
25645,0.16635650905003768
25646,0.29247839889073307
25647,0.2832121594315233
25648,0.28794467102307014
25649,0.346998026647686
25650,0.21913085218536804
25651,0.32729837724040695
25652,0.37544780731363225
25653,0.18040267640190427
25654,0.19941114203531185
25655,0.38576632391670435
25656,0.38478334752061816
25657,0.2490104167001671
25658,0.0438619662442504
25659,0.10860710170594436
25660,0.12784535402934616
25661,0.35330439469530406
25662,0.24529006076692794
25663,0.10383993974050951
25664,0.3589232263768285
25665,0.3000887152188737
25666,0.06860233320029063
25667,0.12508244263774942
25668,0.16980695680772812
25669,0.3537603206675147
25670,0.3193944445861627
25671,0.16535164820728532
25672,0.34334697146222287
25673,0.06108867317825866
25674,0.10902655360037819
25675,0.23138431861450226
25676,0.3426193136105746
25677,0.14132434947178263
25678,0.34040716079340844
25679,0.3296673685920137
25680,0.17248415411654922
25681,0.26318241962036376
25682,0.24127244109980744
25683,0.3871578099838913
25684,0.3067981218259261
25685,0.17648171304089239
25686,0.17587441964590778
25687,0.10983992553480204
25688,0.3716180291470626
25689,0.32285218715940844
25690,0.19106587303996758
25691,0.1359571889269185
25692,0.13416084059640843
25693,0.28615379380422656
25694,0.33931840957176934
25695,0.26218485359316684
25696,0.13137604475814563
25697,0.3816593427590306
25698,0.1174684789018311
25699,0.054886256252304595
25700,0.17775648205919348
25701,0.2809051740121372
25702,0.28552826337035353
25703,0.3642666787711376
25704,0.38051770412461505
25705,0.26063105787987284
25706,0.25841525765492895
25707,0.35485819040859806
25708,0.35948675087848087
25709,0.15794558671469505
25710,0.0528965953095772
25711,0.36012504723957584
25712,0.18686588298396284
25713,0.07553605538567063
25714,0.06310021856765216
25715,0.32535613259878954
25716,0.12321679355946333
25717,0.03313676367396641
25718,0.25830401171770956
25719,0.34979923582094835
25720,0.29663097264562793
25721,0.3625943423050689
25722,0.383625295551203
25723,0.1852646709695589
25724,0.2514870065812155
25725,0.21845061063482973
25726,0.07344791443294571
25727,0.17561727739758098
25728,0.12692255986159173
25729,0.11591103578075941
25730,0.22584208249630927
25731,0.3160734798045801
25732,0.28146687480990085
25733,0.12734201175602555
25734,0.3688551177554658
25735,0.12689885171103676
25736,0.23232170241336741
25737,0.2624584091764932
25738,0.3536855488080722
25739,0.05103824104684647
25740,0.17327746530819577
25741,0.2178141379776236
25742,0.11489523271467403
25743,0.2039995810196401
25744,0.10263811887776217
25745,0.10159496025334414
25746,0.27314896137288924
25747,0.1282192133265589
25748,0.2698444099263062
25749,0.36314510087949936
25750,0.22667369146962152
25751,0.3815790997879215
25752,0.21999528782867955
25753,0.381746880545695
25754,0.18007805710969021
25755,0.05124979069795223
25756,0.33807829092735625
25757,0.33170262213196217
25758,0.09778159542177402
25759,0.34831656455931925
25760,0.17794067615196657
25761,0.15802582968580414
25762,0.08867584190478237
25763,0.0996764237622816
25764,0.13169519293869308
25765,0.16953887233606824
25766,0.1367505001185651
25767,0.3873638885233306
25768,0.1544112485781179
25769,0.2618091705920652
25770,0.06791114942641925
25771,0.3544624466647192
25772,0.10553963176491092
25773,0.2882765851308395
25774,0.38279733398566845
25775,0.24237031084089078
25776,0.10530072655547253
25777,0.349861241753169
25778,0.3324704014691649
25779,0.2726146161334583
25780,0.3539043932747334
25781,0.22327795482859641
25782,0.17748292647586705
25783,0.26807906456190644
25784,0.2706431922296193
25785,0.06747163678920814
25786,0.19773880556924311
25787,0.18023671934801955
25788,0.3804867011585047
25789,0.19371206738267832
25790,0.15062341560099163
25791,0.15417051966479067
25792,0.26297086996925806
25793,0.3114303297035866
25794,0.17670420491533123
25795,0.3371828523179345
25796,0.2825282704732072
25797,0.3507931544403677
25798,0.17424767577706007
25799,0.3650490477394512
25800,0.31026498291861604
25801,0.22958614658010335
25802,0.357792529965746
25803,0.265243205014756
25804,0.03067658712791759
25805,0.14783679605883993
25806,0.1318283233225786
25807,0.3849821312445019
25808,0.25898790067602556
25809,0.11340709034137839
25810,0.30148020128606073
25811,0.03319694590229822
25812,0.15694802068749814
25813,0.15314742178314994
25814,0.3799395899918519
25815,0.21461900876437123
25816,0.17238749781044055
25817,0.3819930805706888
25818,0.07981628841278446
25819,0.33687829376849776
25820,0.1635954213623298
25821,0.12193655342949573
25822,0.2322961705589236
25823,0.2650772479608714
25824,0.06118168207658964
25825,0.31398716255574405
25826,0.22150166724086362
25827,0.03897991093381846
25828,0.3568897965407688
25829,0.08254454943049316
25830,0.2014427481674826
25831,0.16249755162124652
25832,0.15538875386253764
25833,0.1440434919700471
25834,0.3500363173264979
25835,0.30508931128208044
25836,0.38211162132346355
25837,0.3460095791399332
25838,0.13899912701350814
25839,0.2369922080726936
25840,0.2981975342861439
25841,0.3005081671133075
25842,0.14667327297775828
25843,0.1530726499237074
25844,0.3492430061348513
25845,0.36292808011672706
25846,0.08181871528273377
25847,0.14524713653668325
25848,0.07978893285445182
25849,0.11662775140907461
25850,0.18308534482239192
25851,0.12946480308263844
25852,0.1851570724401172
25853,0.06181633102990689
25854,0.18648290516730587
25855,0.2508632998512313
25856,0.19747619220924972
25857,0.3387895354440049
25858,0.36399859429947773
25859,0.11772015003849139
25860,0.2799696139171609
25861,0.385711612800039
25862,0.3203208861616948
25863,0.09371108834187708
25864,0.1653625904306184
25865,0.21356490791662014
25866,0.3724934070137071
25867,0.1729546697198706
25868,0.35634815648578255
25869,0.26254229955537994
25870,0.3359026121879669
25871,0.36789767321382344
25872,0.08441202221266811
25873,0.27204562052013936
25874,0.13381068944975064
25875,0.10510376653547751
25876,0.18419598049069708
25877,0.16431396069453386
25878,0.3517013589770113
25879,0.3273403224298504
25880,0.3094516109841922
25881,0.039277174667699824
25882,0.3070570877781417
25883,0.21494545176047408
25884,0.14435716903892803
25885,0.3609967776984426
25886,0.3844040171117388
25887,0.3298570337964533
25888,0.1899734744105508
25889,0.22492293573633254
25890,0.26423104935644837
25891,0.17027200129938297
25892,0.23448826263331252
25893,0.18383306341681738
25894,0.3824471828390106
25895,0.11792258117015295
25896,0.36156030220009505
25897,0.37704901932803625
25898,0.19668288101760312
25899,0.08286552131492948
25900,0.22171868800363587
25901,0.1966865284253808
25902,0.2624766462153817
25903,0.10480285539381846
25904,0.27798907149387775
25905,0.2977379609061555
25906,0.20857890148452418
25907,0.19110781822941098
25908,0.24837394404296093
25909,0.2171648993931956
25910,0.1766823204686651
25911,0.2464900579257865
25912,0.25864869175270083
25913,0.3652897766527784
25914,0.28240425860876595
25915,0.20782206437065437
25916,0.27424136000230603
25917,0.16017962397852742
25918,0.1477492582721755
25919,0.0858290401342989
25920,0.11611711432019864
25921,0.35056883886204
25922,0.21313633750274202
25923,0.1886677024261394
25924,0.3573821965907564
25925,0.15140213716152745
25926,0.344736633825521
25927,0.21520988882435627
25928,0.350800449255923
25929,0.13764593872798686
25930,0.2233892007658158
25931,0.1385395536335198
25932,0.3037653022587806
25933,0.2749817837811761
25934,0.1682276292399903
25935,0.07204730984631452
25936,0.3144558544551766
25937,0.10016700010838028
25938,0.0446388641008974
25939,0.36184297630286566
25940,0.29277201521683677
25941,0.1885856357511415
25942,0.12278457573780761
25943,0.18122881426354998
25944,0.36638582268997283
25945,0.11981923321454935
25946,0.2150712873288042
25947,0.35623691054856316
25948,0.29984433889776885
25949,0.38336632959898725
25950,0.10717731785709168
25951,0.2521034184956443
25952,0.29628994001841436
25953,0.2526468822545194
25954,0.044367132221459826
25955,0.3065081529076001
25956,0.2947215546740096
25957,0.24613625937135097
25958,0.16605195050060095
25959,0.31455251076128526
25960,0.2572827375399576
25961,0.23984995206651016
25962,0.3551043904335918
25963,0.13496874141916576
25964,0.3329974518930404
25965,0.1894318343555645
25966,0.15238876096539133
25967,0.22226032805862217
25968,0.15211338167817612
25969,0.13231160485312193
25970,0.24982196493070208
25971,0.0741390982068171
25972,0.37770920013579723
25973,0.0857013808620799
25974,0.2571496071560721
25975,0.21201475961110383
25976,0.2150749347365819
25977,0.37689400449748456
25978,0.34023208522007947
25979,0.28705287982142597
25980,0.35592140977579334
25981,0.38443502007784913
25982,0.04137990525153547
25983,0.07372147001627212
25984,0.05390692726399606
25985,0.369039311848239
25986,0.21725061347597124
25987,0.12280098907280718
25988,0.16873644262497745
25989,0.11408915559580556
25990,0.1426428873834159
25991,0.32651236086431573
25992,0.10829160093317458
25993,0.3529852465147566
25994,0.2936419219718147
25995,0.23507914269329755
25996,0.19648227358983045
25997,0.2505587413017945
25998,0.1359353044802524
25999,0.31574338940069957
26000,0.2455636163502543
26001,0.10198158547777879
26002,0.1366392541813457
26003,0.19123547750162995
26004,0.17191880591100794
26005,0.2582219450427116
26006,0.29045044016634
26007,0.17068051097048376
26008,0.3256005089198944
26009,0.2850395107281437
26010,0.30539751723929487
26011,0.05470388586342032
26012,0.09463935362129804
26013,0.22859952277623946
26014,0.16939479972884963
26015,0.26508454277642673
26016,0.36112990808232814
26017,0.36024358799235057
26018,0.2343150107638725
26019,0.0526449241729169
26020,0.09832688288453799
26021,0.3464363258499224
26022,0.18676740297396532
26023,0.17912973108749203
26024,0.08702721358926854
26025,0.30371423854989305
26026,0.3649122699477879
26027,0.37970615589408
26028,0.05780782988223062
26029,0.03470697272225999
26030,0.10608491922767489
26031,0.18660691703174714
26032,0.38687878328889835
26033,0.175721228519245
26034,0.3051020772093024
26035,0.07105886233856176
26036,0.2164171807987701
26037,0.34995425065150004
26038,0.15283739212204667
26039,0.2932516493396024
26040,0.3620508785461937
26041,0.2869015123986521
26042,0.054242488779543116
26043,0.13454564211695424
26044,0.1757960003786876
26045,0.2857835819147915
26046,0.28017751616048897
26047,0.3690575488871274
26048,0.2082634007117543
26049,0.3631870460689427
26050,0.3092619457797525
26051,0.12898334525598398
26052,0.06644489149978972
26053,0.3267002023648666
26054,0.0730631129123999
26055,0.2720857420056939
26056,0.36734691463939295
26057,0.1322769544792339
26058,0.3548436007774873
26059,0.28010821541271297
26060,0.2787003160105264
26061,0.12439490627165571
26062,0.1870063081834037
26063,0.26682617999027153
26064,0.2365764035860375
26065,0.33565276475519545
26066,0.2819136822626673
26067,0.07042786079302218
26068,0.3238388109632724
26069,0.2863507538242216
26070,0.3518545501036741
26071,0.11796087895181862
26072,0.1466349751960926
26073,0.3286843921959275
26074,0.269579972862424
26075,0.2514177058334395
26076,0.14097966943679135
26077,0.3673651516782814
26078,0.3801620818662907
26079,0.3251044614621292
26080,0.31273063057633144
26081,0.2781203781738744
26082,0.13242832190200787
26083,0.254147790555037
26084,0.11804294562681655
26085,0.13107695732037541
26086,0.12959610976263514
26087,0.09796396581065829
26088,0.12641374647660458
26089,0.30425952601265704
26090,0.2923543870262918
26091,0.19664640693982632
26092,0.37081012832430527
26093,0.208093796250092
26094,0.25008640199458426
26095,0.07320718551961848
26096,0.19712421735870306
26097,0.385086082366166
26098,0.3874076574166628
26099,0.20123666962804337
26100,0.16838082036665308
26101,0.07914698908557918
26102,0.2411593714586992
26103,0.35082598111036684
26104,0.38245812506234367
26105,0.08067707664831823
26106,0.058254637334997084
26107,0.25730826939440143
26108,0.07328742849072756
26109,0.29426562870179895
26110,0.3118552527096869
26111,0.14640701220998725
26112,0.14095778499012523
26113,0.16212733973181143
26114,0.29524678139399635
26115,0.11983929395732663
26116,0.1437735837944984
26117,0.20192238229024823
26118,0.2998169833394362
26119,0.1909509796949705
26120,0.3867255921622357
26121,0.13885687811017844
26122,0.2955932851328764
26123,0.2450584503730449
26124,0.36255057341173663
26125,0.29296715153294295
26126,0.1550969612403228
26127,0.10855603799705675
26128,0.049041285288563705
26129,0.13887511514906686
26130,0.02942370255628265
26131,0.30225345173493007
26132,0.0807135507260951
26133,0.37761436753357747
26134,0.12425995218388136
26135,0.2281654812506949
26136,0.17993580820636051
26137,0.18918381062668194
26138,0.18075465125245088
26139,0.19287681100158838
26140,0.3732921893170202
26141,0.07508012941345996
26142,0.370476390512647
26143,0.2629927544159242
26144,0.26443530419199873
26145,0.2742632444489721
26146,0.21328588122162717
26147,0.05669172310225888
26148,0.2732401465673313
26149,0.1760385529959036
26150,0.08410928736712021
26151,0.15484346639977364
26152,0.15400638631479485
26153,0.09781077468399552
26154,0.3538606243814011
26155,0.2469095098202203
26156,0.14367510378450088
26157,0.2908899528035511
26158,0.06302727041209846
26159,0.26158850242151527
26160,0.2111685610066808
26161,0.36889888664879805
26162,0.15923312166021802
26163,0.18634612737564266
26164,0.3679086154371565
26165,0.20886887040285013
26166,0.27038057886962596
26167,0.10830619056428531
26168,0.34532751388550603
26169,0.0842369466393392
26170,0.2581818235571571
26171,0.2771501677050101
26172,0.355983415708014
26173,0.19453091042876874
26174,0.38445325711673756
26175,0.08091962926553431
26176,0.310312399219726
26177,0.3814350271807029
26178,0.07988923656833818
26179,0.2332809706588987
26180,0.1761789781953445
26181,0.22138312648808878
26182,0.3769979556191486
26183,0.22994176883842765
26184,0.26645779180472534
26185,0.3742842842325506
26186,0.277093632884456
26187,0.2373970703360167
26188,0.3217488463066586
26189,0.04908687788578477
26190,0.3073032878031355
26191,0.2381520837459975
26192,0.11821437379236775
26193,0.28420972545872025
26194,0.24920920042405093
26195,0.09116702141694151
26196,0.06526860249148615
26197,0.12213168974560192
26198,0.2752170415828369
26199,0.20670413388679382
26200,0.3656253381683255
26201,0.10712078303653755
26202,0.37519795988086085
26203,0.35412870885306097
26204,0.17389570092651346
26205,0.3726192425820372
26206,0.1401243523129241
26207,0.34389225892498687
26208,0.38504960828838913
26209,0.3554709549152492
26210,0.2976923683089344
26211,0.3871924603577793
26212,0.06594884404202447
26213,0.3523268894108844
26214,0.3868441329150104
26215,0.31340357731131435
26216,0.24018004247039065
26217,0.2843465032503834
26218,0.11545146240077106
26219,0.28125532515879503
26220,0.18710296448951236
26221,0.2546876069061344
26222,0.22712961744183224
26223,0.16962458641884381
26224,0.22947490064288395
26225,0.19483364527431662
26226,0.14523254690557258
26227,0.29643036521785526
26228,0.27832463300942484
26229,0.30432882676043305
26230,0.36908672814934895
26231,0.05802667434889175
26232,0.28524923667536056
26233,0.29216107441407446
26234,0.10917609731926328
26235,0.3656034537216593
26236,0.1260544768105026
26237,0.12525387080330064
26238,0.25783896722605465
26239,0.37122228540318375
26240,0.1507437800576552
26241,0.1476981945632879
26242,0.11034873891978916
26243,0.22660256701795667
26244,0.20418559881630205
26245,0.17297655416653673
26246,0.2880230902902904
26247,0.22431746604523678
26248,0.2267648766640637
26249,0.37739917047469396
26250,0.16360089247399634
26251,0.3488107883131957
26252,0.15534863237698304
26253,0.22359892671303266
26254,0.3214898803544429
26255,0.3319688828997332
26256,0.3671481309155091
26257,0.10733050898375447
26258,0.3613834029228773
26259,0.3823523502367908
26260,0.2894328133963658
26261,0.30265101918269777
26262,0.2602170770971055
26263,0.32808986472816476
26264,0.18550904729066386
26265,0.2671544466902632
26266,0.142664771830082
26267,0.3328825585480434
26268,0.2729830043190045
26269,0.1684701818572064
26270,0.12768851549490567
26271,0.3615019436756521
26272,0.34698343701657525
26273,0.3209974803044554
26274,0.22445971494856642
26275,0.14596202846110962
26276,0.2881233940041767
26277,0.341131171237279
26278,0.28902795113304264
26279,0.18269507219017955
26280,0.3147275863346142
26281,0.08440837480489041
26282,0.27952827757606097
26283,0.36848855327380853
26284,0.13702770310966916
26285,0.3537840288180697
26286,0.04198172753485356
26287,0.20554061080571218
26288,0.3572527136146485
26289,0.2699100632663045
26290,0.1637850865667695
26291,0.13210370260979387
26292,0.3404071607934084
26293,0.26199883579650485
26294,0.38364353259009143
26295,0.05057502025908042
26296,0.12354688396334386
26297,0.1092453980670393
26298,0.07913239945446846
26299,0.10423568348438839
26300,0.189357062496122
26301,0.3492758328048505
26302,0.21820258690594713
26303,0.14320823558895715
26304,0.13202710704646248
26305,0.3589542293429388
26306,0.24699887131077358
26307,0.12639368573382734
26308,0.3714101269037345
26309,0.3632782312633849
26310,0.33616887295573794
26311,0.3862915506366911
26312,0.2478560121385296
26313,0.07613423026121102
26314,0.16411152956287228
26315,0.2897464904652467
26316,0.1861728755062026
26317,0.3867511240166794
26318,0.3301980664236669
26319,0.33082177315365113
26320,0.19613029873928378
26321,0.2648675220136545
26322,0.20959105714283183
26323,0.32453728955269917
26324,0.27035869442295984
26325,0.3234850124088369
26326,0.04306136023704845
26327,0.049360433469111176
26328,0.2365764035860375
26329,0.1890652698739071
26330,0.25306633414895324
26331,0.3876976263349888
26332,0.2722188723895794
26333,0.07024731410802676
26334,0.1966172276776048
26335,0.34921017946485217
26336,0.33583695884796855
26337,0.18053763048967858
26338,0.15958327280687584
26339,0.21329135233329372
26340,0.03784739081884714
26341,0.04789417554248164
26342,0.3846958097339537
26343,0.18585555102954393
26344,0.2817604911360045
26345,0.30226439395826316
26346,0.2960601533284202
26347,0.16017962397852742
26348,0.23425300483165185
26349,0.10812017276762335
26350,0.3489603320320807
26351,0.2778194670322154
26352,0.3305646309053243
26353,0.054032762832326206
26354,0.05057502025908042
26355,0.19773333445757652
26356,0.21963784186646634
26357,0.11756878261571743
26358,0.1698580205166157
26359,0.03089725529846756
26360,0.33459684020355557
26361,0.10831713278761837
26362,0.17494250695870917
26363,0.06574094179869641
26364,0.3080291219508949
26365,0.15978388023464857
26366,0.12258579201392376
26367,0.33268012741638187
26368,0.38478881863228465
26369,0.18955219881222812
26370,0.293430372320709
26371,0.06494763060704983
26372,0.3711548083592965
26373,0.10980345145702518
26374,0.1956488409126293
26375,0.24435814807972933
26376,0.14992493701156487
26377,0.05026499059797716
26378,0.1336465560997548
26379,0.12077485405230294
26380,0.1362726896996883
26381,0.36286425048061755
26382,0.3022352146960416
26383,0.3770891408135907
26384,0.05690327275336463
26385,0.3753274428569686
26386,0.33298833337359623
26387,0.3771000830369238
26388,0.21930410405480816
26389,0.16489572223507465
26390,0.18439841162235865
26391,0.04739995178860526
26392,0.14615898848110465
26393,0.19102028044274655
26394,0.1411200946362322
26395,0.09956335412117336
26396,0.2782024448488723
26397,0.14349090969172779
26398,0.17661301972088905
26399,0.3323628029397232
26400,0.03977869323713157
26401,0.28821457919861887
26402,0.3688040540465783
26403,0.27032404404907184
26404,0.22095090866643313
26405,0.039714863601022075
26406,0.3521609323569997
26407,0.205310824115718
26408,0.2854844944770213
26409,0.2325861394772496
26410,0.19641297284205445
26411,0.2118177995911088
26412,0.06628440555757155
26413,0.2740115733123118
26414,0.36493780180223173
26415,0.09802414803899011
26416,0.2946303694795675
26417,0.3498411810103918
26418,0.32604549266877203
26419,0.38709215664389296
26420,0.25456906615335967
26421,0.3763013007336107
26422,0.13640217267579613
26423,0.24302866794476302
26424,0.36352625499226743
26425,0.1393930470534982
26426,0.10511106135103289
26427,0.3523104760758848
26428,0.2524991622395232
26429,0.16993826348772473
26430,0.2718541316118109
26431,0.12853836150710635
26432,0.10407155013439254
26433,0.16755285880111848
26434,0.12588304864495137
26435,0.07741994150284515
26436,0.2923416210990699
26437,0.14984834144823345
26438,0.26590156211862825
26439,0.2744912074350775
26440,0.10800345571873743
26441,0.3070643825936971
26442,0.33124669615975144
26443,0.1652987607945089
26444,0.20113454221026822
26445,0.10430863163994208
26446,0.28051672508381376
26447,0.2822911889676577
26448,0.14046173753236002
26449,0.10669038891877067
26450,0.05803032175666943
26451,0.3323609792358344
26452,0.16285135017568197
26453,0.37449583388365637
26454,0.10218219290555149
26455,0.03164132648511539
26456,0.3679669739615995
26457,0.18950478251111819
26458,0.2555520425494459
26459,0.3624210904356288
26460,0.17195345628489594
26461,0.3429767595727878
26462,0.22732293005404952
26463,0.3819383694540235
26464,0.18684035112951902
26465,0.20186037635802756
26466,0.3656362803916585
26467,0.3715304913603981
