id_cliente,prediccion
2,0.13955642968011517
3,0.06450967322654345
7,0.1370983529655388
10,0.06287551226474097
11,0.14509145383946384
12,0.03858653832940953
14,0.11813211009642087
16,0.14012115729919686
25,0.13925064667712825
32,0.13000818787900115
38,0.12701806100967047
42,0.1547963769883297
63,0.13206526483659872
65,0.1411109256682442
70,0.14300402615483315
74,0.15098832701018372
76,0.1343631439202875
83,0.06146814273033907
90,0.07529457422278658
98,0.1700912560074496
104,0.122748690606159
121,0.06199946646808174
124,0.15478216330932656
125,0.1616818839407201
137,0.1633828413899273
143,0.06444729327012244
144,0.15401763261668563
157,0.14419568376528133
163,0.13518526279037943
197,0.0899755881256306
203,0.16616342828613542
205,0.12868085393818626
209,0.03981954154798243
228,0.16793463457203775
231,0.14051292651443592
237,0.15459452239987692
243,0.06605007108521825
247,0.14382039687028134
249,0.06556960314441435
253,0.16434921665469565
261,0.1294876864734383
263,0.03468052881747508
275,0.05309670576974861
279,0.1693263170570349
280,0.13966850820404758
292,0.14224452938807916
297,0.13234233592731726
299,0.12894902726630997
302,0.05790941289156099
304,0.1357465346062348
308,0.232692048992768
318,0.15416029718174193
319,0.15472118120321962
323,0.06637869351601394
325,0.15365116838483397
339,0.14656903809974306
340,0.14433871095217302
355,0.1325460424379129
359,0.1514001311891904
368,0.15501149937090972
371,0.1338205163422513
378,0.14326925274686472
390,0.14645214223056816
392,0.14446106633365657
409,0.12379503246736119
412,0.0685033420240585
420,0.16286798430867774
422,0.11460441684749645
428,0.13649301289590757
429,0.05283425911365655
430,0.1457665561592195
434,0.06629716207471924
437,0.157370744373773
447,0.06350269795301128
464,0.05754871640709076
466,0.16028576626592206
468,0.2283836453867331
470,0.14669729862586386
473,0.13101255945965112
475,0.06371649229431682
476,0.15666968950512317
480,0.05992798775923075
483,0.13934923138474065
487,0.17454905613306856
495,0.15048815893122633
496,0.1671069956588157
499,0.12992456034523145
502,0.06768857759596668
504,0.14546352094343198
508,0.06234174084953161
514,0.1283413709913878
515,0.1519714426685067
538,0.11562060331765994
548,0.1408475255736837
551,0.13625356092804722
553,0.14945652033004145
560,0.05725187133923843
564,0.14173589737650208
572,0.06428928023069923
577,0.04039803705972914
578,0.23491916273013366
591,0.05696066598159422
593,0.13766053098475048
604,0.13724451559004947
606,0.14624587116081397
614,0.15556924190836616
616,0.062305655042305945
622,0.1388509986088316
626,0.060880061693001274
632,0.06057528010140049
637,0.056522264159672486
640,0.08107901647405212
647,0.117941208134229
648,0.06378428759571503
653,0.14008944419980926
654,0.05842825740227073
659,0.1560638749427936
661,0.041732525457849313
670,0.06301500977202727
671,0.05866385294677908
673,0.13126136342122943
674,0.06848647153622577
682,0.13865504396618436
683,0.14658420940480876
687,0.13423085498689666
688,0.06421654542415782
689,0.15993038570828
701,0.13981569753463624
705,0.1329797652048378
707,0.12801341544586087
710,0.12723951144808737
714,0.12746521276543002
716,0.13405062141195281
717,0.16215774351429985
729,0.06583282834169324
732,0.13604979505456172
734,0.15830843164523314
736,0.15340871133317954
742,0.05734722547623855
750,0.13916533439832635
764,0.14668339344811387
767,0.12113527309573112
768,0.1477451038429658
774,0.16277543981453538
777,0.06257393826233126
784,0.13970936368152168
785,0.1490338133932511
786,0.13195637685888859
787,0.2176397898485076
788,0.14249616715570965
790,0.15429939988934518
794,0.059793427743717785
796,0.13390164192444465
802,0.06072078683423837
812,0.14415215521661864
814,0.058171414960503764
816,0.06122772144849909
817,0.13506133517368046
834,0.13242569602310142
835,0.15440265233554265
836,0.120844151109382
837,0.13061908670932704
840,0.04322683968151575
841,0.05463602899193023
854,0.04423255189150557
858,0.12350221462523885
859,0.060664824653036624
883,0.1323633670350608
887,0.06058289279505382
902,0.14917733588297077
913,0.14078535862184274
915,0.12125024663158011
916,0.1537194561368024
917,0.13681439424603933
924,0.12939098666642443
929,0.14602540433808195
933,0.14978761915666763
936,0.14569678365830716
941,0.059189204053376854
946,0.06926799261145676
948,0.06335236259740878
952,0.1326405017865567
959,0.13936133775805634
963,0.14152373965647358
965,0.08914469279328659
970,0.15589648837194758
975,0.1686615519417943
979,0.13459765766664655
982,0.12117642875493538
986,0.04258227687330718
992,0.15179306741081258
1003,0.04071278348890798
1004,0.1409666254834803
1007,0.1517332585749854
1014,0.10076102467008839
1017,0.06029096246464941
1018,0.12303610198583237
1043,0.07158835756406995
1046,0.13609316277572217
1052,0.14600605846750778
1061,0.05524283843377803
1063,0.14532409247064507
1064,0.14711676795841544
1067,0.13645543722259942
1070,0.10436372968148601
1075,0.05990488337854847
1105,0.05765290812191878
1116,0.22572634352564205
1117,0.1823703959036771
1123,0.1386891103039952
1125,0.1345998109407362
1132,0.12488424702714364
1160,0.06257799008397426
1161,0.15053659081072537
1165,0.06506774082203186
1171,0.2232598996477113
1181,0.08579000839197733
1185,0.1420876937268112
1197,0.15687390010040583
1202,0.15183810364813205
1205,0.04308863920871247
1206,0.17397878560150437
1213,0.1447463082204393
1216,0.062292887082991216
1228,0.13971107058675902
1232,0.1528424631163954
1238,0.11405956728067805
1241,0.07065758504754448
1246,0.12225579233293687
1258,0.11312729699314343
1263,0.15847320693447528
1289,0.1297637072442651
1301,0.15755866976009492
1302,0.05998091817683895
1303,0.17047264889959865
1312,0.13113675596080146
1314,0.14007982620835405
1322,0.07153576875044665
1326,0.06396931830823141
1328,0.06236086850975179
1334,0.1369304074031352
1336,0.14355492538672768
1337,0.05921537259910526
1338,0.13562109347067883
1340,0.14433121906471405
1361,0.16006151143136826
1365,0.17656062423959062
1368,0.2818042955215732
1370,0.06440247847066506
1378,0.14574254262616626
1381,0.16165729725725556
1388,0.1515129922232277
1393,0.13706883961825692
1395,0.1266329066745566
1400,0.13321705526983119
1404,0.06387333857715954
1405,0.06600703880474516
1411,0.1562064930912702
1414,0.15985352514641182
1415,0.04137542132715193
1420,0.11797510972089138
1425,0.07514440702198735
1434,0.17858349701616885
1453,0.16880272090238702
1455,0.23309248331995505
1460,0.1597646520302569
1465,0.279539385229093
1474,0.15662534421478144
1475,0.04039909367925232
1476,0.0656073295399787
1477,0.1295262670513669
1489,0.08367740808018347
1495,0.13065728416256572
1496,0.06666273883177418
1501,0.1375578444658977
1504,0.057688238947156044
1506,0.1574385086610809
1516,0.16226475362972756
1535,0.08915537105102371
1541,0.06121419449299701
1546,0.05498194732794361
1552,0.06731020941691346
1558,0.14815522544500379
1559,0.1351595485618472
1564,0.12304740905811966
1566,0.1371156490267471
1567,0.16129389911957573
1573,0.15671509938142394
1576,0.06695567968709215
1577,0.0635281638050919
1578,0.11219162900074457
1586,0.1354302117570806
1587,0.07990684555055104
1589,0.14904095311942722
1591,0.13058862476326993
1592,0.07636934836966368
1598,0.059559897480989804
1602,0.1663000409082365
1604,0.07109709012408938
1606,0.06815840706229216
1614,0.04073551744350861
1615,0.2046217549766631
1619,0.14203273448733342
1623,0.14753932563189334
1631,0.14920196108353634
1639,0.0562093132757698
1648,0.04198418298003594
1659,0.15111615532819825
1669,0.16187071208806306
1673,0.1258331531985489
1678,0.1446772475656543
1682,0.24638131901495544
1683,0.13058212259715865
1692,0.12930667827897765
1693,0.16546900607144208
1695,0.15778298278776656
1698,0.1527297217034689
1706,0.2480096080412101
1709,0.13136150149532513
1710,0.1621615577277508
1719,0.1358166121660025
1720,0.04645517554134798
1726,0.13588037708652365
1730,0.1410906398567473
1732,0.12757499395283767
1733,0.14151697574906433
1736,0.07450132683860677
1743,0.1423764934557454
1751,0.13787722241061465
1752,0.13791405487798622
1754,0.16872600089573256
1756,0.04366287508828289
1760,0.12692484106536467
1765,0.06422369290861778
1776,0.13368815087057995
1778,0.040885896970739355
1779,0.1486132112781369
1781,0.059381501520295414
1795,0.15568041672348554
1808,0.02853985701727682
1809,0.16054793490512695
1814,0.1434809310480663
1821,0.1345766185549747
1822,0.11604169713528283
1824,0.15127413915945367
1827,0.14608754533352983
1834,0.16284855039288662
1844,0.18508929447042455
1851,0.15516319630891703
1867,0.1498851269711197
1869,0.12765454849169786
1875,0.2334889467539032
1882,0.149521515639551
1897,0.15700010360404426
1910,0.1475717234726118
1917,0.1398187277443947
1918,0.0960473046013098
1935,0.1434858278976159
1936,0.15560639450294
1937,0.061082391914093204
1949,0.1557445100236082
1952,0.05375327115075259
1956,0.14413056922850523
1969,0.05480734007051565
1970,0.13534922420323517
1971,0.1334481089885785
1977,0.17293727482432017
1982,0.13203631491987566
1995,0.13189689555508907
2002,0.1494651462583745
2004,0.14433887143813487
2011,0.16611250524446805
2013,0.1539085406705293
2014,0.1340000402223047
2026,0.14185887447485432
2040,0.1266063244394304
2043,0.14339522396622714
2060,0.13280875625957625
2069,0.09124693573086647
2073,0.07255874783996101
2076,0.042551074636559015
2082,0.13464420059835622
2089,0.05958032488262437
2091,0.16317979966443283
2103,0.07050413972605461
2109,0.062483526403624305
2112,0.14551717006943418
2113,0.15899265163393875
2119,0.06064881273854474
2121,0.15352354776933685
2125,0.1443472343731315
2127,0.24589894930573886
2128,0.1415369223847215
2132,0.16320344269355377
2146,0.1466607730238538
2148,0.042641542107775064
2149,0.17408826847291672
2156,0.06423304071808027
2157,0.14101814865093618
2159,0.1402411642051016
2160,0.13123824686567395
2169,0.1630540091193322
2170,0.0621234748198618
2186,0.07008884103622469
2188,0.05868549803479348
2190,0.12420830830878161
2203,0.11770866196191047
2204,0.14994376040242538
2205,0.1663055757995774
2207,0.15564240495034407
2209,0.06197698047744978
2211,0.09417605192244573
2220,0.059333797748056305
2226,0.14946181528447813
2229,0.13437050976987264
2234,0.12922317018447896
2237,0.16321535442647658
2240,0.13366491279202908
2249,0.060847125636741946
2252,0.15023698838555435
2264,0.16558347506673107
2269,0.13870003386062624
2272,0.06177086693540341
2283,0.11839012749328287
2284,0.15736593110393346
2287,0.15937527579674401
2290,0.1314305466949296
2298,0.06291098422619822
2328,0.13945673350528848
2329,0.16384818182875902
2330,0.1636105704257669
2336,0.14194633554386402
2338,0.1475405821731271
2341,0.21057933090454217
2353,0.15782469896541126
2356,0.04327130769361265
2366,0.1344118718669314
2401,0.13270011130921608
2404,0.059323177434729486
2408,0.1288671041717637
2409,0.13931909353263963
2410,0.14410489388525174
2421,0.2390495521769027
2425,0.14711060676887763
2427,0.17494782138177375
2429,0.15537162544251357
2432,0.1513097907767537
2435,0.13970856655384808
2436,0.13031602121970612
2447,0.12641106325964546
2449,0.06114257419735708
2454,0.06786648155457592
2460,0.054135526314935456
2472,0.1538670750532848
2479,0.12296947850803458
2483,0.14729192218436768
2484,0.13778694585390538
2492,0.1581914253860691
2493,0.06021908588382482
2495,0.1309539243461096
2498,0.1788298468518844
2501,0.13799969333965434
2510,0.1327849408173079
2512,0.03863359613628964
2516,0.042140135466975114
2517,0.1494046097701336
2538,0.03992728858051673
2561,0.14378944087809148
2563,0.14167463246755205
2567,0.14282366807839716
2569,0.08092360050071985
2576,0.14076951293308307
2588,0.1440888180670625
2592,0.045772720128104426
2593,0.15389816369828072
2604,0.13339910573929925
2613,0.12637412667799747
2620,0.1299661580397517
2626,0.0665759017735889
2629,0.06553859315867831
2634,0.06300340799776626
2637,0.1543498890996989
2649,0.1576099545132851
2653,0.17336565416231609
2661,0.13973221015673548
2662,0.08988176192038343
2668,0.08626043756724715
2684,0.1372760692178971
2686,0.13602946858259637
2706,0.13660460384007309
2709,0.12967081491165108
2710,0.13005726446075092
2712,0.08100483893122244
2717,0.12634822339933574
2718,0.15252474718617273
2720,0.14178205206060335
2726,0.15665994236026168
2732,0.15253667271854437
2735,0.1618757767052519
2736,0.1400883506951586
2754,0.12888782760763426
2755,0.06562664399437508
2758,0.14407925411085679
2759,0.06475138161873926
2768,0.15820444843459638
2769,0.16393051532285294
2770,0.15231132419319718
2776,0.058648788802269945
2779,0.22894035531234183
2790,0.06023521030751517
2794,0.13399683980564422
2796,0.04077454133931039
2801,0.14318500964205874
2810,0.07011510240508582
2813,0.14147047473798396
2820,0.14772868810622722
2822,0.15812205734777432
2830,0.1507061831521055
2831,0.15478177765147597
2835,0.15925286764409885
2837,0.1532842684282066
2852,0.15441268873086164
2861,0.1318330195957239
2864,0.0597384917787769
2869,0.05837653573838858
2870,0.3499492956620001
2883,0.04017887418682756
2890,0.05729731083892465
2892,0.06443724648350768
2895,0.15664861416814244
2908,0.1645023847575068
2911,0.05524758147203088
2918,0.13442521170732288
2931,0.1632165792614219
2936,0.15098945443755435
2938,0.23080585179327864
2940,0.1628313425735339
2942,0.1366681680610655
2943,0.038910976684342936
2945,0.16315068317217005
2949,0.060901447739820404
2959,0.15078442716142548
2966,0.16424066388343653
2969,0.1543901786861778
2970,0.13387676967942316
2975,0.12028068482761811
2976,0.14345646584550442
2987,0.13152591388939242
2993,0.06390035370218052
2995,0.06350540747708855
2998,0.05726759849811105
3002,0.14429168445634508
3004,0.12516907443069422
3008,0.15517292971198646
3010,0.13587538009853437
3019,0.06407460611513428
3027,0.0610966504701999
3030,0.17345431501810712
3031,0.15598830383453202
3037,0.14489178278113465
3038,0.12185640629008095
3039,0.069154764093759
3043,0.14225794608207518
3048,0.06347445188756141
3049,0.1316956160928389
3053,0.05819988650101074
3054,0.06395788722669012
3056,0.11900880209046538
3069,0.246771834109496
3071,0.16060554555611042
3072,0.15256576689174065
3075,0.14675405237103148
3078,0.14541905865563443
3080,0.12574719319070052
3104,0.15907955068813842
3109,0.15671878987212867
3126,0.07221742071418052
3137,0.060114831794778445
3139,0.12824283469082026
3142,0.14876383483754047
3147,0.06121723261332256
3168,0.1257090853017713
3169,0.14928754552263968
3172,0.1326126597637152
3174,0.1438016164160373
3178,0.16628456654579463
3179,0.06287590718420033
3181,0.11405955928609357
3190,0.14185090713722107
3192,0.15375199376632329
3196,0.15403598841670646
3197,0.16296573170799664
3206,0.15653822907991755
3208,0.04252095441976723
3210,0.11507391145987256
3214,0.2402575431889983
3220,0.06954927018884083
3228,0.06233322948847419
3232,0.12622896924729585
3247,0.14369134233171565
3253,0.06794309805020217
3256,0.059254035923011254
3257,0.13915071550091263
3262,0.09131604698462771
3269,0.0571828289048168
3276,0.065013484048299
3279,0.24715683668309515
3282,0.09780735704722343
3284,0.06551271063610496
3285,0.1457445873299079
3295,0.13501998207628083
3297,0.07957369962309592
3298,0.12755098886985192
3311,0.06248737221665055
3313,0.14658056237555872
3321,0.12080339588658288
3325,0.12917131479410657
3329,0.22094736263370462
3345,0.16053937362935009
3347,0.12769040832002868
3349,0.14354180987620688
3350,0.09319245186482628
3354,0.14619127028829224
3356,0.24289964776064632
3363,0.13120474835063534
3372,0.11803577602744436
3376,0.13748477224148956
3380,0.1269316954063714
3383,0.14283510083190573
3385,0.1460024254421063
3387,0.14990771176733678
3395,0.05879598158695492
3396,0.053123130215379115
3397,0.13150255435926494
3411,0.07801324675703869
3413,0.059463985735564495
3415,0.09297277409582293
3444,0.159521756680813
3446,0.14730705700917593
3447,0.060733836740708536
3448,0.11080244933369672
3454,0.06474726503133311
3466,0.13308102144215148
3471,0.15206934939884575
3474,0.06155651902777953
3488,0.14706557272445595
3496,0.06872222591762568
3498,0.14583473141940853
3508,0.13336791261850361
3511,0.06194405242215121
3514,0.07595637147789797
3524,0.07565297945627741
3526,0.12015398754107998
3529,0.054091143409582265
3552,0.04227234324496452
3561,0.05962943413645374
3564,0.19260948666839173
3566,0.06065810787800257
3576,0.15968989304836728
3581,0.06126776470144249
3582,0.1436456359218274
3583,0.23429287937849885
3587,0.1302178761318772
3589,0.1489641542538163
3590,0.08729668358773444
3592,0.14674357709289873
3594,0.062122338108746344
3598,0.13251038150344238
3605,0.15025308499527168
3608,0.1678456689092412
3610,0.16407029560930397
3619,0.13859156986062712
3622,0.12484606069849698
3623,0.18774757700993572
3628,0.1363200353612731
3629,0.14487059153955054
3647,0.0509866025175346
3653,0.14003781333876278
3657,0.16474779520940752
3658,0.08901656906915441
3661,0.04240781470425168
3665,0.14362813658479479
3668,0.05732101797072959
3670,0.0823406714035806
3672,0.04037882326638779
3675,0.08435707440634778
3680,0.0422851816021308
3697,0.06417969629801097
3698,0.035677185931940185
3699,0.15072262759503863
3703,0.03823650021637443
3711,0.1396068686323092
3712,0.1656050010560823
3716,0.1350641102013442
3717,0.1587626944202588
3721,0.16448336410935907
3726,0.14598572117399747
3735,0.1593094662761586
3736,0.24912626823716608
3740,0.1295842030563152
3748,0.09542104485589613
3751,0.06974579673528274
3753,0.08015977423443556
3754,0.07994318539618876
3755,0.06290426166064138
3764,0.12288156809941635
3768,0.14149373225482084
3781,0.13622960786879915
3782,0.1666871998841999
3787,0.07411176843418046
3800,0.12993109417322674
3804,0.06497684370655955
3820,0.14957432063929277
3821,0.15590723633553338
3824,0.06967122603137707
3825,0.14466308721615953
3826,0.17055382437224062
3831,0.12875174347628526
3834,0.14488406429357203
3835,0.1374534408711732
3836,0.13405590423843408
3840,0.08858556274381059
3841,0.17123473362379862
3848,0.1747639217239194
3863,0.17218914227435525
3869,0.12889734759739027
3875,0.13506849829359072
3877,0.2468896560620164
3878,0.1522510846669494
3879,0.1692040443303029
3881,0.1607610204181805
3882,0.05890194716121483
3887,0.14380651995763846
3890,0.13360957358207648
3904,0.04099899728742375
3905,0.26135108243081756
3908,0.1523010887922063
3917,0.17150958102065839
3927,0.15451703373920925
3931,0.1720765977356786
3938,0.16535052675344622
3944,0.1553135473455632
3947,0.12697128709588332
3950,0.1457116625249629
3971,0.12858968597758927
3982,0.06787146297722375
3991,0.040979034132373145
3992,0.12978911989198344
3997,0.10071587994522647
4005,0.060854174199018056
4008,0.13375673446816425
4016,0.059407689774015206
4018,0.14051272141301765
4020,0.17783611591831458
4027,0.06958757232402242
4038,0.12712314718797899
4045,0.13222859677886178
4048,0.15570026532656306
4051,0.13035760588216436
4054,0.14650699817667534
4055,0.13452417927069873
4065,0.13338930194679458
4066,0.14670621034696682
4073,0.09994177901841805
4079,0.062049855077417705
4084,0.12351929546020451
4087,0.18786666145789263
4089,0.051256741271431004
4091,0.22182710059556462
4092,0.1255110737102468
4102,0.24277170916622456
4108,0.17140639310214814
4113,0.1630471326512836
4116,0.14885386059529457
4117,0.05462454045516949
4124,0.14310762384471676
4125,0.1388926620681491
4128,0.13135405693759578
4129,0.15511381963347085
4130,0.15265935719737508
4134,0.15251536796940415
4144,0.14136018036099998
4147,0.19953361082567334
4150,0.0598338260970756
4158,0.15549695232008157
4162,0.13561638726253644
4163,0.12288686331785918
4166,0.04002425432846974
4167,0.13354807924929488
4168,0.14471719016468076
4175,0.0430237451835872
4179,0.07455621156961716
4180,0.15972845010629946
4189,0.13829856527901882
4192,0.16253013556365534
4195,0.1359234644819087
4197,0.1459601778185656
4198,0.1417009220936634
4202,0.12754704424605762
4208,0.13738093304595925
4222,0.14941741246722737
4225,0.04016314555905562
4227,0.14343296371161762
4229,0.13634754764047194
4230,0.14499863184165637
4244,0.24319579326667742
4247,0.12952632535098554
4249,0.15261797339761182
4258,0.1414247782330747
4266,0.16459807296536014
4283,0.10012289692484773
4286,0.13271095073330952
4287,0.12646550052157335
4289,0.0909400421481625
4291,0.1567217588055885
4292,0.14668772187236243
4296,0.06008766413292351
4309,0.04279574226634197
4323,0.15148177503309349
4324,0.15701553472114416
4327,0.08888138366814984
4328,0.14214708076138025
4330,0.06653107419770758
4334,0.05338410540010483
4338,0.06118932321119036
4341,0.15479751024795904
4343,0.21949624131103582
4349,0.060802386978768254
4366,0.12193652110777937
4367,0.061560380515721234
4373,0.08978083101757257
4374,0.1921162992988367
4384,0.15129624115559517
4390,0.139972853940197
4403,0.145801640913356
4409,0.1040055097241543
4419,0.16137034505671902
4427,0.12501270861329175
4428,0.1664306847123487
4429,0.13713699839182772
4430,0.04124787705073684
4431,0.14563627117955144
4433,0.06112673947304892
4434,0.13212491801130546
4442,0.04532245668162777
4444,0.1291729472705839
4456,0.06322029571417766
4457,0.13598722677168562
4459,0.14090267637864476
4463,0.15287656448111944
4465,0.1529834699262609
4466,0.06787860289952705
4469,0.12230330691794611
4486,0.12772765084296764
4488,0.13977420571515808
4490,0.14652339840412143
4492,0.1439295299287692
4500,0.06425206547625918
4502,0.151539558388899
4507,0.1488425407970785
4511,0.1358605612704306
4512,0.12192195981678661
4516,0.13034944442036603
4520,0.13385054155811796
4536,0.08891408038964993
4538,0.061205771889382234
4549,0.06175325763952199
4554,0.13292180084308844
4561,0.16585342148569418
4564,0.12315672099658721
4566,0.13719902568657197
4568,0.16404139837401444
4580,0.15498830855362625
4586,0.061411766961961683
4594,0.1528279945363721
4598,0.12677927293947722
4602,0.13425865800253708
4609,0.161473854804108
4610,0.12488797496323108
4611,0.1247143749941062
4619,0.16270280148867425
4624,0.16313515374881582
4627,0.13132858810850231
4631,0.13638373413625438
4632,0.14216062656620213
4635,0.06431665871606641
4637,0.1567566891095279
4641,0.14672642199277833
4643,0.06580611424773052
4660,0.04010752954562642
4665,0.15327271897336242
4667,0.04430013559866469
4668,0.1421421532998146
4670,0.14597918228398132
4674,0.0531832464447011
4676,0.1401430306553921
4683,0.17514892129660478
4684,0.06500671299870318
4687,0.12894364963238836
4704,0.132409711424081
4706,0.14351993113942765
4732,0.1550848313244556
4734,0.1670161472922228
4735,0.13153259933023517
4744,0.06202218326849581
4755,0.11975903649282361
4759,0.060994151269502035
4762,0.0607348478217867
4765,0.15052094950149283
4767,0.13268336647942996
4775,0.144518112297476
4780,0.1616993727917597
4789,0.13846967398404647
4794,0.15159506876575768
4795,0.13046590562513397
4797,0.14226646004697419
4803,0.05651307205738141
4810,0.16025026936292627
4812,0.18017559201068112
4814,0.13364592185301455
4818,0.1252802607287121
4820,0.06203040254500595
4822,0.13569002033017916
4827,0.08536387998477564
4828,0.06538927657624526
4831,0.04280008727580856
4839,0.14631624597923806
4841,0.13241252761440322
4842,0.05378075863040213
4844,0.13175637038564078
4852,0.0560701069877664
4861,0.07047737250522086
4863,0.2167633920179891
4878,0.13155122490192492
4881,0.13586717537320078
4883,0.16918821431462353
4884,0.12497895354755721
4890,0.1425932857344678
4894,0.03486915542912165
4895,0.16766539056621255
4898,0.13681115959389556
4899,0.049854677707099476
4901,0.0661864059925663
4902,0.03880439864785001
4919,0.13332095783659015
4934,0.06572926750683665
4937,0.13007599508911816
4939,0.059487116000180196
4945,0.05240919655637905
4952,0.12384213606374446
4953,0.15522713227317475
4954,0.1338811385682672
4955,0.11153209550656462
4967,0.0576424054180311
4970,0.1519121116131991
4979,0.15042252391469793
4983,0.1378982931948484
4989,0.11178366471974756
4995,0.1460555554116331
5004,0.1739705811782625
5007,0.15126562035038923
5009,0.058563290999662086
5010,0.12379389050406679
5016,0.1315008252322871
5033,0.06051391392209621
5038,0.039083707087718716
5045,0.11467567925261173
5049,0.05885058033724436
5051,0.05891135893560221
5055,0.13847843755803235
5058,0.06473039696174963
5059,0.06115994119013727
5073,0.15962938646214084
5074,0.24050257334092143
5076,0.14839134630878542
5078,0.06325885766621066
5081,0.13925510353511156
5082,0.13292415712810055
5084,0.03994590115631768
5105,0.13700284737873722
5107,0.15254995345631403
5111,0.07131623525596581
5120,0.04305158698118015
5121,0.13603430766006322
5123,0.1326860425658567
5141,0.13302119263683043
5144,0.14509605005766302
5147,0.16000883793957502
5149,0.02698487002669711
5152,0.04270132456150313
5160,0.14075753096949098
5170,0.14830951795670785
5171,0.16377460619659875
5176,0.17116643727823233
5178,0.17647518076802307
5192,0.05688721577592711
5195,0.07138926546682768
5204,0.1381205229037172
5208,0.14561219414083862
5211,0.09039243217960218
5216,0.04444204945775577
5217,0.1461461434594291
5225,0.15666324670006268
5228,0.16258401143188655
5239,0.05449510946620285
5241,0.06757489792061376
5243,0.15386848711422937
5246,0.15443791963074893
5247,0.16787799799107442
5249,0.06069994539756172
5251,0.17974612386280833
5255,0.15279317256347838
5257,0.15880402748550812
5259,0.07287910981931957
5260,0.15367481776572298
5269,0.15492687112606815
5281,0.13843696241285253
5284,0.17004500132660091
5286,0.0706473368109195
5292,0.06625335518750171
5293,0.155707652040768
5299,0.13226818925769732
5301,0.12663982097853474
5303,0.12215191605743214
5305,0.13974133977346792
5319,0.07710115790933733
5325,0.06223374526270172
5331,0.13300966605493372
5333,0.08443543782582773
5335,0.13622864135141916
5339,0.0754925001478773
5340,0.12908776118850893
5341,0.13928464419281783
5343,0.0797305136314895
5347,0.16809854444344877
5353,0.14461847329303604
5355,0.1319489746434287
5363,0.13837714028766865
5365,0.1525163325501185
5373,0.13307673480230495
5377,0.15800961061675492
5379,0.06374540188073732
5385,0.16015593046620624
5386,0.05588493347278647
5387,0.14511012715731875
5389,0.04271243981034093
5390,0.06669763488173061
5396,0.06334299152639623
5397,0.039975262018411534
5404,0.14300543862928325
5407,0.13962020896699154
5410,0.03646684338663445
5411,0.06074583910302669
5412,0.12566624951800298
5413,0.05412223089078063
5418,0.15305199164156244
5424,0.13315987561492906
5427,0.16890798379969937
5428,0.13430546412989958
5433,0.1347285158862552
5441,0.15719871762667467
5448,0.12020708929443917
5456,0.15381886969806982
5460,0.042528565123708284
5465,0.1596981738511952
5468,0.06681620740380433
5470,0.1562270384872763
5475,0.12562864640325702
5487,0.15589902559944
5501,0.06101624917282252
5504,0.12441152369521526
5508,0.13705018562330398
5510,0.09066878798443755
5514,0.055773200284566164
5528,0.1475436739524412
5540,0.13052834422064194
5543,0.13331980576405916
5545,0.1308277358131155
5546,0.13761584291124077
5548,0.06060819880973543
5551,0.2638432168032551
5553,0.13531251921938026
5556,0.13840285248768971
5560,0.15018682212902726
5563,0.13726648460899418
5569,0.042386557223235616
5572,0.06444483468898443
5576,0.06333557416800356
5582,0.14325319791244043
5586,0.06239953003111335
5598,0.05873792414749801
5605,0.13027721896054906
5608,0.1451093600725963
5610,0.13754787027675477
5622,0.06742065535501546
5628,0.1671348410365774
5632,0.14288432493212777
5640,0.05973899458405602
5641,0.0943319127671023
5647,0.06218359058430343
5654,0.18009538962728536
5665,0.1501433527670865
5667,0.16123294119505618
5674,0.10782551833443758
5691,0.14439775806303015
5694,0.14674000358299913
5706,0.13138490865164124
5716,0.07141231495413763
5722,0.068825630299857
5738,0.15581743701430986
5745,0.1458495866550302
5746,0.1091510271720824
5755,0.15214404943555734
5756,0.040334474462578505
5760,0.14797791560084203
5761,0.15424479767822494
5762,0.0624327144402231
5763,0.058881761508335656
5765,0.1632261043747164
5773,0.14040428314591893
5781,0.14765408466950378
5786,0.15065211625044886
5789,0.15329496018344382
5802,0.13285949093744986
5808,0.14091463693137876
5811,0.1289310245528879
5812,0.23939652070863085
5813,0.13713390516899512
5821,0.14948360691495763
5829,0.1648968366709508
5838,0.139968313033613
5842,0.16240873264528174
5861,0.13878095571783564
5864,0.13454169988071632
5871,0.15545780752266758
5875,0.15091726429437882
5879,0.1543585446509954
5881,0.15119681328729032
5891,0.06275720989858924
5903,0.039314288951413555
5909,0.14254294161302206
5914,0.17374802979100887
5918,0.13600673094521645
5933,0.059514314333990265
5945,0.06202261388786181
5948,0.06599046095651799
5949,0.04342426425909953
5950,0.1405214821988254
5952,0.14425968706316838
5955,0.15710539852273755
5959,0.1708226111295561
5961,0.14250736154748686
5964,0.05633091245923442
5966,0.16695409265640052
5978,0.13285521901710942
5980,0.1358694021297546
5983,0.15209757963767462
5985,0.1360281647011501
5995,0.1372535925267596
6009,0.1507667602299491
6016,0.07154375298196859
6021,0.1472469028178914
6023,0.11963498562565572
6029,0.15226747332704607
6033,0.14374076314448225
6036,0.04320086101494153
6039,0.13991641064258659
6046,0.20230727780069482
6047,0.10051030011056478
6051,0.13885247986726532
6054,0.05804868850009013
6061,0.15923163381424066
6065,0.12759803011986579
6068,0.11694188457270886
6069,0.2196131924734945
6070,0.1579675136092826
6072,0.10507691303794241
6076,0.14665012712422817
6082,0.064847912517347
6104,0.1434328412265672
6110,0.13591826917796543
6122,0.13352813206768926
6123,0.16489898470064313
6126,0.0542957075775621
6128,0.13920273394935326
6131,0.06457049175420536
6139,0.1222905554530811
6140,0.1483243485778209
6142,0.2232524055031572
6143,0.08429158389132059
6147,0.15613309539750606
6152,0.1783076921682606
6164,0.1350270030477012
6171,0.1744648449020251
6173,0.15173505718738467
6175,0.1759903358252227
6176,0.0416813095835098
6179,0.14621200975939144
6181,0.13501051796544125
6191,0.07146987940666999
6200,0.13048633984512636
6201,0.15384233836852976
6208,0.16019211016819954
6219,0.14645699333613418
6223,0.06451680397556427
6224,0.14950794158084615
6237,0.08423661593368219
6255,0.13662654811363314
6265,0.1473417461189961
6273,0.13500946109810907
6279,0.12720521475528454
6284,0.14354614349405895
6295,0.13437517829356066
6306,0.041791176674148826
6311,0.21266106060092935
6327,0.11752801885571025
6330,0.13477902256463103
6338,0.14924505741252872
6343,0.1650356834642057
6345,0.2146021277360455
6351,0.13578024506981434
6357,0.043268129221496525
6360,0.1466569411820117
6389,0.06781955838652431
6392,0.1513449977262385
6404,0.1341914750191008
6406,0.06389826006999078
6407,0.1500395834482392
6414,0.06720670015247819
6419,0.13525583303297703
6425,0.14720703359671353
6428,0.05993059305397441
6431,0.13055982758992202
6435,0.14053403786381466
6436,0.06515899150144218
6440,0.08423947330581762
6446,0.14257404615066496
6465,0.12489645014589683
6473,0.13743895880612245
6476,0.06579143607582595
6477,0.12307159186654511
6478,0.1548169764951126
6494,0.1073055678857316
6501,0.158252768949476
6502,0.20591074814296786
6503,0.13257946814162688
6514,0.040701649652519524
6516,0.1210246055345577
6534,0.15220460435817576
6541,0.06066059024929646
6553,0.14854973730341836
6557,0.1303706997363396
6559,0.14484364596144797
6560,0.17810439211968002
6562,0.13973733128953666
6575,0.15046256265616523
6583,0.04198210013559822
6588,0.14574312080232768
6590,0.07623176320239006
6594,0.09762920408562652
6602,0.15285549525774625
6603,0.1453083523361365
6606,0.11347603273416534
6614,0.15922489076411805
6618,0.12484792053679276
6628,0.14503580868341595
6633,0.061686889308317526
6639,0.1280100738591851
6648,0.15839084796788538
6654,0.12932087804653958
6656,0.05559805402099529
6657,0.1861394123523673
6663,0.045607753662025845
6664,0.1250886486026821
6666,0.03865133868544462
6670,0.12508597037709437
6671,0.10115302486096513
6683,0.06459886170471583
6694,0.1245853698884154
6695,0.14777531151435994
6699,0.14388002407423336
6701,0.14585281583810183
6706,0.03983448637308798
6707,0.04093594432311975
6720,0.13439077380601636
6721,0.06674604263884538
6726,0.16456539559729708
6735,0.1298190055955629
6745,0.1341019165430727
6746,0.11505311586262672
6751,0.04286695542581676
6759,0.17021271145078176
6760,0.09728496738607728
6765,0.13855754286000685
6774,0.0659605745689991
6776,0.14959073355813288
6779,0.1495401888185329
6789,0.13358126329978112
6792,0.24147087388042277
6797,0.043419488336911144
6807,0.14736877472251916
6808,0.14942265302142885
6811,0.15425653929447805
6813,0.06741833628902306
6814,0.14070448607862074
6817,0.1384278057430808
6826,0.1420003127578091
6830,0.060194087281818597
6832,0.1575092667283379
6838,0.17124865712014528
6840,0.13561613388643037
6850,0.1294517509769841
6851,0.12898842896807516
6854,0.22088433945853328
6856,0.19194594893972453
6858,0.09874277867387617
6866,0.13300437970703435
6871,0.15633838874024045
6872,0.13357845951264158
6879,0.14247564409352437
6881,0.059865869281578804
6882,0.1541263072156024
6883,0.1455388801440537
6894,0.15811122933738384
6899,0.06321359190408361
6903,0.14352361447222992
6908,0.15543408562783312
6914,0.14838392137784628
6915,0.15068352082427586
6917,0.1457671211652624
6922,0.048223271719448596
6933,0.06450449130213184
6944,0.15098862340532823
6948,0.15315710818271497
6957,0.12729260884544055
6964,0.13968204475837362
6987,0.13064692737805997
6989,0.03857015662897656
6991,0.1192500461826229
6992,0.11089774180555435
7019,0.1322389503382718
7021,0.06093106216817546
7023,0.14673681864267626
7033,0.06616231424120196
7034,0.12968758352883528
7043,0.13487331806314815
7047,0.12036078309911796
7050,0.13004431001270922
7057,0.07770581450423303
7069,0.06604879799094583
7070,0.06554656405580765
7072,0.16433326979215215
7081,0.12318618336330411
7082,0.06678138638364074
7088,0.1503321112369884
7093,0.16312726754658874
7100,0.15529691847318072
7104,0.08508694804223231
7109,0.05881950376464513
7111,0.15372550450922418
7113,0.04044034828513847
7119,0.13212194529913016
7122,0.05846664782730627
7134,0.2557021062625265
7147,0.06876115064236167
7155,0.13447159462194716
7156,0.14484725106001625
7163,0.24520208353574555
7173,0.08111328263564697
7177,0.13079952953900634
7179,0.16968803350693548
7191,0.15312936665687785
7196,0.16213054573672225
7197,0.03904717281849912
7205,0.05793938948031877
7209,0.06603596814891832
7215,0.0673138994591036
7216,0.09430364096783254
7217,0.14278970327866233
7224,0.14240508946195007
7230,0.15240397922735582
7235,0.16946483048881125
7237,0.167863240344845
7245,0.15210030935256671
7246,0.13305944348981516
7252,0.06745349385556414
7257,0.1319580159273174
7258,0.13099382233095605
7261,0.0888016025843324
7269,0.13568349360315346
7270,0.13085868314393811
7283,0.15279938302414817
7299,0.13595389649973189
7301,0.057916731209050304
7304,0.1459718587054034
7311,0.14731976124088833
7314,0.15176790607001148
7332,0.13230432540078996
7333,0.15605591292832388
7335,0.14914354287316775
7336,0.0686795480086828
7337,0.15403026219506022
7344,0.13784406068358743
7348,0.15860496878177918
7351,0.12471536346409014
7352,0.06755583721587394
7371,0.14866659003303714
7373,0.14395739846759456
7376,0.07855492888258536
7383,0.22407775091498172
7390,0.05132820336342866
7391,0.0673208579652984
7392,0.142411922492245
7395,0.056460839064329804
7400,0.15265739928154978
7403,0.13375189180602798
7404,0.12369673925999491
7414,0.12076178621179623
7429,0.14366038215889768
7435,0.15247747583201032
7436,0.12485670772666424
7438,0.12497595184055754
7441,0.04208626309857696
7443,0.23949473191552736
7444,0.17027906895017197
7452,0.07702298052165747
7456,0.12506817025701195
7462,0.07772776257513633
7483,0.0982520555757178
7490,0.15711201681332043
7492,0.14636159377386562
7504,0.06908041622764961
7507,0.13728477486661742
7511,0.05946125131208576
7519,0.14888416166964513
7520,0.27716764867445853
7522,0.058930545858823014
7530,0.06091829789222792
7536,0.1610418374892512
7541,0.14078912134834362
7543,0.06196763355847048
7545,0.14177475610488607
7558,0.1626708930764306
7560,0.14483192463731923
7561,0.13639720488258725
7571,0.13418485593539423
7579,0.1347121837579013
7580,0.10572788420292067
7581,0.13628809824589938
7586,0.13989633616636957
7590,0.17192915889343166
7592,0.13786862805925984
7594,0.13285307298765495
7595,0.1643137589136274
7601,0.1298407511927756
7602,0.14551202715754943
7603,0.1390410357655243
7611,0.14198921848225426
7617,0.040163759343444315
7618,0.16185001553854364
7619,0.15630075319542597
7625,0.061670713467376626
7628,0.13677140543732938
7630,0.05400116363936277
7631,0.06136932730547547
7633,0.15664428613091477
7634,0.13502075230996136
7641,0.1693501847532878
7642,0.17418840753787368
7646,0.10811606312476062
7662,0.1592328568132558
7666,0.13908664335710388
7674,0.12191343763989504
7676,0.12050403032595307
7679,0.1547437224226881
7681,0.1410944052497939
7686,0.05934464057675615
7696,0.17494587549103527
7707,0.06183247314581969
7708,0.0412387607696263
7712,0.04268155102213573
7715,0.13911433198160755
7716,0.06803349844243893
7717,0.16668561158830286
7719,0.06275385973657897
7723,0.0648009117469894
7726,0.14719825216738064
7734,0.17599515629179538
7739,0.08555644177563136
7743,0.13585668887504737
7751,0.06285992272037375
7752,0.15444971706616892
7755,0.1468627991132561
7758,0.061136824692837266
7761,0.14293528784489573
7767,0.06041390241359421
7773,0.12288490733955226
7779,0.07122625917717894
7785,0.06738038756504722
7792,0.0662474421849031
7800,0.14688722300391
7801,0.08906441443978726
7802,0.11990699792498555
7808,0.16473933776793517
7811,0.13450987543661475
7816,0.06251725130742107
7822,0.06889534164196574
7823,0.06563859502368236
7832,0.12881489358868822
7833,0.14812222951105738
7838,0.06681878218494709
7840,0.12197926316998858
7857,0.1426323057314264
7877,0.05791743787741812
7885,0.22317229807608707
7900,0.14386437940831778
7907,0.14172204887157333
7910,0.05676083256959082
7918,0.15750340674028526
7919,0.06919966302298271
7928,0.13674498122204348
7933,0.15214274380012036
7941,0.13774713316844314
7947,0.08266470079662169
7955,0.14952584736496174
7956,0.1561732453432808
7957,0.13289137273103427
7964,0.15847679838863038
7968,0.14222906249305967
7980,0.06392733162623765
8004,0.24012758763728934
8016,0.13550020995503168
8017,0.05837134691270291
8024,0.1755507553683463
8031,0.1315640306942621
8032,0.05882512599360473
8035,0.1286475432917904
8036,0.14234632973018604
8037,0.062485728192349134
8052,0.14153786318879108
8055,0.06551065088211498
8059,0.14002881932666392
8063,0.14074598642650962
8064,0.1307581586129235
8068,0.13357068835061056
8070,0.06775005900429272
8072,0.1510507359741405
8085,0.15959522976677534
8089,0.1369728549819114
8097,0.05362414370248153
8100,0.14541013350367263
8102,0.16007881883868869
8105,0.06412082997208797
8114,0.12950087532875934
8117,0.14076376950641736
8120,0.12587476039138598
8126,0.1318938388789118
8128,0.06510873692568948
8135,0.06924534906811297
8137,0.13069801220228316
8148,0.07551056707282637
8169,0.05673494032274621
8173,0.06087324525502775
8178,0.13968097946480662
8179,0.19434910607750341
8182,0.04354069786918798
8184,0.11284983761008045
8186,0.14658759957154335
8189,0.1534886600772107
8196,0.14651254911950892
8216,0.1491847354006398
8219,0.1387458005066542
8221,0.15055132053569067
8227,0.06869436069238412
8232,0.14649008343324146
8245,0.13487417664171092
8248,0.1345239459782557
8249,0.15375236048156404
8250,0.13054374401467403
8256,0.05831801869886205
8258,0.16283602801976516
8259,0.04014199297885614
8268,0.13388149914573955
8271,0.13403604524575471
8273,0.15028291407070202
8275,0.15165549701327333
8277,0.15042011378883438
8283,0.1312586731067592
8288,0.06185003582157791
8299,0.06157667532705027
8300,0.12342929820657735
8301,0.060852316248134426
8307,0.15807015897950885
8315,0.14446538177244345
8324,0.08959237889463219
8326,0.12273345102302256
8351,0.05993774107013017
8367,0.04334922031318838
8368,0.1555818404441489
8371,0.1804109033955674
8383,0.13366891345261353
8386,0.1532101961344942
8402,0.06290865910005106
8404,0.14283938293895168
8421,0.15910596850617234
8422,0.06087554618122885
8425,0.17199911565720064
8429,0.13566106725736646
8433,0.15628169094767866
8437,0.13303250929678678
8440,0.05640616598646906
8455,0.166504300793995
8479,0.18116879359848712
8482,0.06112842355921297
8485,0.16204955114589226
8489,0.06275382841436593
8490,0.03525050162707545
8492,0.05753041579899204
8496,0.14062502689806575
8497,0.1502530019690251
8498,0.13571437369989722
8500,0.14761229935191952
8501,0.14210574374414076
8508,0.1625499778382916
8512,0.17872509922940502
8522,0.16482629705744326
8536,0.043991715439518485
8545,0.13799100250626747
8546,0.12680090374478536
8554,0.14744818387263695
8556,0.1377835995044901
8557,0.13581085083829333
8559,0.15018256309743108
8560,0.14916005362197812
8563,0.1351318411514558
8565,0.1471813743877373
8574,0.1193265027665353
8578,0.0633090406862488
8585,0.05657293029818548
8602,0.17530306553810174
8605,0.0945527473735549
8609,0.1331512533708067
8614,0.06914796885133495
8619,0.14563939282393348
8629,0.1415295135869588
8632,0.15590851406228964
8635,0.060272388439897524
8639,0.05818127044891994
8642,0.06297793253859492
8643,0.1220608448938831
8655,0.1391507683154457
8657,0.13044657069864216
8662,0.1483773204715645
8666,0.1518446835128837
8674,0.05876488112712064
8676,0.14717766554688166
8686,0.14511611530474725
8691,0.12271916219190976
8702,0.15339886451875506
8714,0.06133104934454615
8718,0.1443906243427029
8731,0.14898591253802265
8738,0.14653628290422585
8745,0.05945555879458078
8749,0.13274721438073636
8754,0.14499293320177667
8760,0.13873651080542296
8762,0.0629158836661225
8767,0.04022437999407145
8768,0.14029014540859205
8769,0.03850336404035751
8771,0.14616322192546163
8795,0.12797854069970332
8796,0.06236893497927213
8811,0.1510527854372488
8815,0.16417941911971543
8820,0.1400377209320475
8825,0.15159949486512514
8832,0.11967961841916926
8839,0.06862865941810242
8841,0.15439469828610455
8848,0.12416336120179176
8849,0.07059779394966799
8856,0.1490396520509523
8875,0.13670956312094107
8879,0.06237947707778844
8882,0.12220638333676709
8885,0.1353734613105075
8892,0.13570539487778213
8897,0.15576919049637442
8905,0.043381833385974546
8921,0.058410710393675375
8928,0.12159578765085188
8935,0.13430364547879484
8939,0.05903969265885422
8941,0.15000768752466767
8942,0.04023328945241831
8949,0.13230034156129902
8951,0.06340614010524076
8958,0.15324300744500055
8964,0.06568284180275658
8972,0.040711820371416976
8978,0.16176422439890573
8979,0.07995321695753423
8988,0.1637951527191926
8997,0.13634796490921938
8998,0.0385548542277109
8999,0.14796344235730655
9006,0.06252257832517129
9012,0.16944333683883958
9024,0.1297176092585024
9026,0.1391603749384779
9030,0.15522919861240317
9034,0.05803970131548178
9036,0.1577298805223559
9038,0.06597050344047982
9040,0.1529346206374005
9041,0.0684576919643246
9042,0.05913386060597298
9046,0.06514388652948831
9051,0.15559050205309477
9054,0.16324891620992188
9057,0.05974573565715088
9062,0.06465698696901802
9072,0.13637319632746056
9075,0.11961999318417414
9079,0.14949858921996026
9081,0.06602757954873766
9091,0.13899748157901917
9110,0.06154932751217157
9113,0.15624712385883419
9116,0.14296799321552586
9120,0.0654038337957254
9126,0.16758940085648688
9133,0.1341573955655257
9135,0.1569943917740572
9144,0.11958401002576002
9146,0.13469906543295648
9153,0.13036825495438226
9155,0.0631369372667263
9160,0.07201663833477685
9165,0.1525768021843106
9172,0.15847183616548308
9174,0.05771899286963985
9179,0.0891170454495953
9180,0.12584587982249626
9195,0.23668404257489317
9199,0.13603383341465844
9204,0.07427779885123782
9205,0.05964742026197545
9210,0.14450951760178304
9228,0.12498464032614647
9233,0.16023113216423504
9235,0.14293710227640763
9237,0.05789560276829211
9239,0.0632862509127476
9240,0.05210436329151439
9241,0.22676719087022454
9242,0.12856939492129615
9246,0.06441719178224263
9248,0.1484943159191705
9253,0.13913741822238415
9254,0.12964104330752266
9260,0.12384974581867099
9261,0.04304235200168435
9262,0.1441356323956681
9263,0.18591040231416692
9268,0.14509724809315236
9275,0.0666540283619118
9278,0.14538543782479726
9287,0.13670016101562918
9292,0.15451214495147766
9308,0.1551809958399254
9309,0.15157199807930172
9310,0.16537081239033988
9312,0.0811352299278948
9314,0.06505800562340636
9316,0.05666569617029397
9318,0.14027279432479198
9322,0.15229972800055655
9325,0.1534487964285952
9327,0.15329689026013996
9336,0.12813100643721528
9340,0.15419915624220396
9342,0.1491039204889166
9346,0.12536513188134166
9351,0.2153074890665573
9357,0.13119884019306663
9372,0.14141790442976396
9374,0.050158657866549945
9378,0.19698038808289942
9385,0.080315125519277
9413,0.06579044309910147
9418,0.14234402959827752
9420,0.1499293699710255
9422,0.06890720423571339
9423,0.14010765634925637
9425,0.14269293463660296
9426,0.1540136799327027
9434,0.15054938416610344
9436,0.11563118366255437
9439,0.044016289929075796
9446,0.06565291133083123
9460,0.14277414806203761
9461,0.15041984567496255
9467,0.14131446396151576
9472,0.14739646318535146
9483,0.11655826508868995
9485,0.14481105752149243
9492,0.07341325620325984
9500,0.13508192180500345
9507,0.15181733449239673
9514,0.1641472983650641
9516,0.1597785445231936
9520,0.09702506808394785
9542,0.1329708804116223
9544,0.22051553175007674
9548,0.16412156649069495
9556,0.06414454670879784
9558,0.15602944746824865
9565,0.15168210718365605
9571,0.15672534279871284
9575,0.14101906699976008
9587,0.14279229364166152
9602,0.17763459393293593
9609,0.060912633114110055
9618,0.10236412615582868
9622,0.1534528751916374
9624,0.14312001450099696
9648,0.13957307075765085
9658,0.1604907025303631
9668,0.13382704514504506
9702,0.056650204325664366
9705,0.13997160091870164
9706,0.06213115654486371
9707,0.15295107699728605
9708,0.0838837318319145
9710,0.1765906462841392
9726,0.1465795345701791
9753,0.052453106505921075
9757,0.10612722233121075
9761,0.06539505447248833
9765,0.20436978313730117
9768,0.1665769662200378
9769,0.14264738516991268
9775,0.03868638898626612
9778,0.15597069083457996
9788,0.09586017388908412
9789,0.16265073712840228
9792,0.15309299871747148
9815,0.12245779504437683
9816,0.06517789860982137
9822,0.06434497755880979
9823,0.16656142506163052
9827,0.1227284560616589
9835,0.1458364509732487
9840,0.04508009375576377
9841,0.13237273568386979
9849,0.13830152047292255
9853,0.14426704226828035
9869,0.061476279321410664
9873,0.06087372616725972
9881,0.04218464111769619
9892,0.1607149286335137
9898,0.1417262740053458
9899,0.14676056754966385
9915,0.1341078358234747
9936,0.16092979245958
9940,0.1427515772807729
9941,0.060204563705663794
9947,0.03981183919276068
9957,0.13575807079399577
9962,0.059491301581545454
9963,0.1361085672481126
9964,0.15367336558857203
9965,0.1544514684557521
9968,0.15739792346972278
9971,0.08556890291379322
9973,0.14961430635867798
9980,0.06146834091966417
10002,0.17664361625033054
10005,0.06457603361581467
10007,0.12829130737885702
10010,0.15452891365294777
10013,0.15461469804173922
10014,0.06376204745259728
10017,0.14452997265963047
10024,0.14717617649412004
10030,0.0954265528333192
10037,0.15421367158374882
10046,0.11718615947734894
10051,0.13038661714147895
10063,0.14474179644907545
10067,0.13231150995823818
10073,0.06337735821288656
10096,0.056536119316290705
10099,0.06681990440686945
10100,0.04411849033893017
10101,0.14057583333652826
10103,0.061203024278451146
10110,0.16263105835525035
10113,0.14877738618648886
10116,0.0617303452310898
10124,0.15973007508665046
10127,0.11788627667319891
10129,0.16682022661789206
10139,0.15021248150706
10140,0.18114817595349944
10145,0.23332833349624635
10149,0.09694323760192824
10151,0.18135160112302948
10165,0.061630198195430363
10166,0.0563379953254323
10168,0.14735925117546558
10174,0.08616683020648426
10186,0.06605820138049437
10189,0.14134393636901021
10193,0.1467844932549877
10197,0.05881550054266512
10201,0.13373162328853763
10206,0.15074861003328224
10211,0.13405876751639614
10216,0.14163622578764537
10224,0.13796907332451938
10234,0.1661633986321197
10236,0.13694031597374295
10239,0.16467016759863082
10247,0.06442000709608497
10250,0.04268900871733187
10253,0.14627973254034532
10254,0.13409727459692367
10263,0.15147641835574774
10264,0.16513623331757127
10265,0.14547329521743366
10275,0.058434609285380724
10280,0.13757516959100757
10286,0.14812625596890663
10287,0.16630706014907162
10293,0.13381762704068778
10294,0.11911672879415507
10303,0.06355621593442119
10308,0.1550481074061932
10311,0.13825410315623335
10318,0.1466297936090404
10323,0.153504119547044
10324,0.12205454594641685
10327,0.12412104358093105
10330,0.133463448517857
10331,0.13156923515863864
10333,0.059019703928899325
10334,0.1538246738453611
10335,0.16292730774680975
10338,0.14478490153983267
10339,0.146817446272727
10348,0.060121388178524075
10354,0.24493629615846477
10356,0.11501758087465615
10367,0.0743886172812494
10375,0.12661671311204922
10384,0.14972944831845927
10386,0.0616329727250646
10389,0.13267903491513833
10393,0.13464355189499613
10404,0.13818956656474515
10408,0.05859786269352978
10416,0.13596256968724119
10434,0.16905477187018583
10448,0.17234199157166352
10449,0.06714514853725827
10452,0.06103006736899147
10453,0.14925439575610713
10454,0.14372803450750418
10461,0.12402148051257707
10462,0.06165991317853231
10472,0.06584484107651745
10474,0.16513332142213544
10476,0.15429343035375628
10478,0.05801799161516971
10483,0.09556040928208583
10492,0.13476547008509318
10493,0.1606198421754089
10499,0.06745299701984936
10501,0.05656134779607688
10509,0.13115339749564728
10512,0.13762982479785188
10513,0.11855640047639826
10516,0.1329048029082465
10517,0.13907468103733658
10525,0.13720561053571245
10529,0.12309934134721749
10532,0.13930051738424573
10537,0.13901362117052488
10541,0.16099663163547973
10545,0.12192794489255916
10548,0.13006232203590717
10552,0.043002441933847835
10554,0.1578485846961061
10557,0.14662044378923209
10564,0.15822759356579777
10574,0.05927864112405245
10591,0.12987271993296406
10596,0.15082445944308234
10600,0.17589899397495187
10606,0.056300185491829795
10611,0.14146715654082978
10622,0.05522664923232792
10626,0.12768260312193488
10629,0.0679252618221557
10630,0.13542512595034042
10631,0.154337595880748
10633,0.053402805133803986
10638,0.14144448826181633
10639,0.17837691959019053
10640,0.06634292106809055
10657,0.15567399333884283
10663,0.14265858414751573
10664,0.13696636235532114
10667,0.14007011933203872
10671,0.15415499588822082
10672,0.13075656096949226
10675,0.12741510144220972
10679,0.15805706683905305
10681,0.1412600285475919
10683,0.0625764288258542
10688,0.12935075264362947
10701,0.15215175465551262
10704,0.15462832802174795
10709,0.1660613155212139
10715,0.1364428666116082
10718,0.06418121573726727
10724,0.13211980209623253
10731,0.06670815496606593
10733,0.12906671581468268
10737,0.14588284975804758
10744,0.04206878375538637
10750,0.08397953883931308
10770,0.116660210846719
10776,0.15743110636214425
10780,0.05920135693170702
10782,0.2432109739778876
10789,0.15308531496456365
10793,0.15230819379151417
10795,0.16793134207901517
10807,0.136060553190592
10813,0.1329859092927607
10815,0.13935602568594654
10817,0.13985877094477958
10819,0.12686001020460677
10824,0.14772860765958043
10828,0.15718421359250487
10830,0.06514980053517418
10832,0.1415052745722727
10836,0.15858442107767515
10839,0.1538123336008986
10843,0.13394596974605566
10844,0.12470787558583053
10866,0.24762126722570352
10872,0.12542237216385146
10873,0.05941025605958292
10878,0.20721063188044556
10889,0.06308089714463942
10899,0.16659333633784076
10901,0.15913135967737818
10904,0.15833959330051411
10910,0.1378697193918177
10911,0.1320229545570841
10917,0.1165744229557165
10920,0.14820886716770865
10921,0.03877974199658149
10922,0.06546521780053727
10929,0.0412614095704035
10930,0.0571072461389139
10933,0.15280443465678112
10934,0.06404285276771869
10939,0.15729593494687064
10942,0.04068643630727506
10943,0.040787977886924946
10945,0.1544003921058598
10946,0.13635822116406549
10949,0.07771581693405859
10951,0.1298764277178542
10952,0.1591294853827172
10953,0.05840091142774573
10955,0.04178560174168792
10956,0.1535735232140163
10959,0.1651144788532797
10963,0.08675116580771673
10965,0.1393137087574849
10971,0.06689933892895052
10975,0.16025254295114594
10979,0.12509794387259213
10983,0.14441753600272977
10984,0.12942408682906145
10989,0.06526685179898868
10992,0.12127994808709297
11001,0.06193327217638883
11003,0.06167546410623225
11004,0.04567923254933467
11008,0.059596750749385474
11016,0.0676031340221905
11017,0.03763030236256732
11021,0.19315197548335203
11028,0.20662461386733902
11034,0.14759927893166655
11035,0.05909669697103282
11036,0.07187848927792566
11041,0.12294688794208834
11047,0.18102624851430002
11056,0.1854696806246908
11058,0.1461504534262588
11059,0.06895004923159273
11060,0.08918994892457156
11064,0.14963760117518943
11066,0.07061304414920429
11069,0.1470987406136494
11071,0.13037862599288397
11072,0.14803774653373963
11077,0.1442397844937415
11080,0.12608032570610975
11092,0.12077381635882001
11097,0.05725399203616999
11098,0.133354479103271
11114,0.12925742388109465
11121,0.043829314908545386
11124,0.15942792521281446
11131,0.14069586549938803
11143,0.16255642986221774
11146,0.10880633428300633
11154,0.13311802056025338
11164,0.16071974354410476
11172,0.15241799000178272
11173,0.06440548569036787
11174,0.12170874031094026
11175,0.14153408887835595
11180,0.14817651252065597
11184,0.06134085019269082
11188,0.12423025159496531
11189,0.06495349784542509
11190,0.07356337553880153
11197,0.05813282412066457
11201,0.17235476280678894
11204,0.16099078422831872
11211,0.1330222087504033
11212,0.1393754304328655
11218,0.13553739770855394
11219,0.13574098528396247
11227,0.13321328894283394
11241,0.1348276576385604
11251,0.062470984387794304
11254,0.04232066903148
11260,0.08579279014602359
11264,0.12741380371909725
11273,0.06612095861360313
11276,0.06301522763937255
11278,0.061052710116069296
11282,0.15609043315948468
11283,0.14033782296193983
11291,0.14705429793072725
11293,0.15126349543234804
11302,0.15523082491236903
11304,0.06614862059377524
11305,0.15632486751563224
11315,0.15476880051106956
11321,0.08885823739449994
11325,0.1476866917637006
11335,0.1503412212555971
11341,0.12971174223834345
11343,0.14158676099202305
11344,0.1691306450947853
11361,0.12880810870882722
11375,0.13975019651292317
11377,0.07051653387686306
11379,0.18459075513861523
11380,0.15775685383934124
11391,0.14700672459631733
11393,0.16487823202075313
11394,0.15943486900937062
11398,0.14503013338495882
11399,0.14056788002135046
11408,0.12834745389524693
11412,0.13852339540893985
11420,0.1490701857184699
11421,0.17059139685402513
11430,0.06422101304605972
11437,0.13644127183260976
11446,0.25199545751969393
11471,0.12023556558936754
11472,0.14868612842001175
11475,0.0641982023557368
11483,0.1385669616797034
11492,0.13693199886057314
11497,0.1337672019281684
11498,0.10430842390034034
11502,0.15195741316442093
11504,0.2479646148572073
11511,0.17511410100826655
11512,0.12870999976938746
11514,0.06453567168553824
11522,0.14263690684695954
11524,0.1504496858221741
11533,0.14914289130372535
11534,0.0821042539575658
11541,0.13752025915512386
11542,0.129105681205444
11547,0.12669885722714283
11548,0.08356952424062673
11566,0.16611320312972555
11572,0.13932978415491556
11574,0.08660026051469827
11576,0.13755291858405447
11577,0.06089286629894281
11580,0.13172940536339567
11598,0.06487539467970548
11603,0.1204773791879271
11613,0.16235640012045618
11614,0.14775369914793954
11620,0.13335243082617845
11621,0.1560842670813055
11622,0.0546280997840381
11626,0.05625551652464258
11630,0.14756550307863506
11636,0.1364864351749332
11637,0.06839623288255366
11639,0.08062098228509511
11647,0.14489925668938144
11653,0.12419847071102781
11654,0.04540697130992585
11660,0.1335647583663024
11664,0.15692284667654624
11667,0.14563035987083886
11679,0.12107647683651368
11687,0.16767135512637973
11691,0.06404758319955083
11696,0.1424654741655424
11702,0.16627129287016798
11703,0.059448457378190565
11705,0.1536224848560616
11711,0.1486987889336694
11716,0.1100683076284902
11717,0.1551142860395069
11722,0.06247203074115618
11724,0.13854666359696027
11728,0.16223834128758308
11737,0.11961190481425486
11738,0.13661180018419608
11744,0.13349118659931392
11747,0.04189782243604656
11753,0.05680233399964368
11757,0.1489202653310492
11758,0.06899724704881956
11760,0.10105462272230949
11762,0.1251144417858173
11764,0.13891469463217634
11768,0.06236259665134411
11773,0.06810287284382179
11774,0.181209686916628
11783,0.12135367419806904
11785,0.08751867225244712
11787,0.140769531052892
11791,0.14045744050473674
11796,0.05475005006348447
11797,0.1037551762651775
11798,0.05809939382564668
11803,0.06526469082072993
11808,0.14415769355553834
11810,0.13996887483209916
11814,0.14995630245836844
11822,0.15350781911112565
11824,0.06523241962394578
11829,0.14822299168711917
11846,0.15107718353450922
11847,0.13637764896069124
11850,0.24995522321221478
11853,0.061081007299546713
11854,0.06900241207543151
11857,0.13992112344677718
11862,0.12327108172820177
11883,0.059646129324923663
11890,0.1360810340592751
11909,0.03836074342227077
11913,0.14712037343389947
11917,0.14648971247746334
11919,0.12711693964991558
11920,0.0634247550972895
11921,0.1279917946033925
11928,0.12788106280186293
11929,0.1548627698881693
11935,0.04877007136864272
11936,0.05568433015035368
11939,0.059717197559120826
11942,0.061239877149870205
11943,0.13327930293000184
11946,0.12857900302948766
11947,0.13324513142757077
11952,0.16710963055251327
11956,0.13470200828504433
11959,0.2398463552241298
11969,0.13332590064839608
11973,0.15168167227766824
11974,0.14558638006240668
11975,0.15047220002422726
11993,0.15453919534522653
11994,0.1534377220986861
11995,0.0880060525874141
12002,0.14667742004205528
12006,0.08306122359654937
12007,0.1274737942078542
12014,0.14180231523409625
12017,0.17152669497095255
12021,0.14691679286241763
12023,0.1638099706692594
12024,0.1270020729943824
12027,0.1697249186954736
12034,0.14363850720112967
12040,0.12626936962629456
12048,0.14081337779337422
12052,0.06473404529750469
12057,0.16772091538493736
12058,0.18841487093342213
12061,0.13541294358001169
12062,0.14099232512673904
12064,0.06758831990307466
12071,0.16253789398705729
12080,0.16405664947161058
12085,0.05868706469624061
12090,0.16526965794485274
12100,0.1470218482595479
12103,0.15283844907750926
12104,0.13441944931835492
12109,0.04097940070515289
12114,0.15786818777197378
12123,0.07208205409903609
12124,0.0636804713341031
12128,0.23736341114112033
12132,0.13868410733560646
12135,0.12878573921965566
12140,0.2534616876215786
12149,0.05999341102693651
12155,0.12429873263313906
12158,0.1367533958552838
12161,0.15757336435715197
12163,0.15102716685983783
12164,0.13814858501836363
12174,0.06042176861057688
12175,0.14024087983589797
12179,0.22431644942513937
12183,0.140014237828381
12184,0.1558444054372763
12186,0.06449367071557548
12190,0.13657129187708825
12193,0.15035315445282785
12195,0.06180338391766249
12196,0.05709100522286988
12205,0.1458425455352559
12213,0.15709208122201454
12220,0.14282799549589414
12221,0.1420429569884378
12222,0.06641344630105438
12224,0.1405034451837142
12230,0.14155559376644705
12239,0.14111123740853496
12242,0.129140124230323
12244,0.14447182296075348
12245,0.1583177330326642
12247,0.14628784160837327
12254,0.16400547480044503
12258,0.1339216974662709
12266,0.0682038962883057
12267,0.16813333998103172
12272,0.17311390198886456
12273,0.12884369818933064
12276,0.1508436790229332
12277,0.13290495606300098
12283,0.13003005416611702
12289,0.05887082528037823
12297,0.14304498062245885
12300,0.26612931367688164
12302,0.06456464480204242
12310,0.06801586391685281
12312,0.14879453444638693
12314,0.06008933128905237
12315,0.04093093194022741
12327,0.11231667400055984
12329,0.13481396921087554
12332,0.14088385691518443
12342,0.06400247423271317
12346,0.1298090457493502
12347,0.24342302582116784
12349,0.06423552308959651
12350,0.1304794324327456
12354,0.14282192298541174
12356,0.053249364219881544
12359,0.14436985778022515
12360,0.15732016906939833
12369,0.13997511714118901
12372,0.06312157604998445
12373,0.03812868816010397
12375,0.16406664182915798
12376,0.16299754081628262
12379,0.06728681879399802
12382,0.13619193423115364
12387,0.07033175104069316
12389,0.1417359465978848
12394,0.1748823205609089
12395,0.13538827441668988
12396,0.16027962873030943
12404,0.16643836401961534
12405,0.1375053067972757
12412,0.2762556951299902
12419,0.10060653741835068
12431,0.1298677227815395
12440,0.15117212518037115
12444,0.16770926125139388
12447,0.05869872620874036
12452,0.1409229421445114
12454,0.13655894098354712
12456,0.14619127313286215
12461,0.06474220351448008
12469,0.13728731276505549
12472,0.07091234417551366
12473,0.059366798601342884
12474,0.1291316927677443
12476,0.16044710449405666
12479,0.21141676372087756
12481,0.14001593961063474
12487,0.06604039825223301
12493,0.14447929864048834
12501,0.1509349890710093
12504,0.13705919323766513
12507,0.1475162018622305
12510,0.1351840031164624
12512,0.26521651803304463
12520,0.1463544536625151
12526,0.14587905068538154
12529,0.1549678368666777
12532,0.12321582508850308
12533,0.16005575944914627
12544,0.21137418319196777
12546,0.13124363220126498
12551,0.1481016433531973
12555,0.23429304165957185
12576,0.13449350849108974
12581,0.1457806239045316
12588,0.14367810291278746
12593,0.08764632624143681
12594,0.12438274305831426
12598,0.14093661490864187
12599,0.1578406581972331
12601,0.1336900576745606
12610,0.1751266847053966
12622,0.06245197319729445
12624,0.12796832511425218
12625,0.1502797541888059
12629,0.3505794508681109
12632,0.041426740022667496
12634,0.054509463520666594
12635,0.14207310977632456
12638,0.16296864542588302
12640,0.05387144883923132
12641,0.1436928819210477
12643,0.1318164569025293
12644,0.048375783691560835
12647,0.12570972065390998
12651,0.17645294042708057
12657,0.1448412783902248
12658,0.1538771047292787
12660,0.1515025739779674
12661,0.12376500756016577
12666,0.1329406229996153
12673,0.11618105012631884
12678,0.14712080044505066
12681,0.15122872207522678
12682,0.24776944519686372
12684,0.04252032991484439
12689,0.15519448026742522
12699,0.1512567593431934
12701,0.14724279405236346
12710,0.08786106170710811
12712,0.1496482454821417
12713,0.1488579462515915
12715,0.12692680891854188
12716,0.1323161081621289
12717,0.1477433118605036
12718,0.14102766876146688
12720,0.13244612777154594
12724,0.13968194702553927
12725,0.15511842023820402
12726,0.12770292557861024
12741,0.15482323230840697
12742,0.18682600529391624
12743,0.14823079722058904
12748,0.12371832665031839
12749,0.044899045329036935
12751,0.14940305499782136
12752,0.1522628642447816
12756,0.14529573357287465
12760,0.13849831716988556
12761,0.1375165894620464
12764,0.15586010114611973
12767,0.06190733128934134
12774,0.1545149217477455
12782,0.07289439232172538
12783,0.2401345946195664
12784,0.15027770157186573
12785,0.1470273030233422
12787,0.1652868428912073
12798,0.13070316932990605
12805,0.13517921968303143
12806,0.12766364066136082
12809,0.11784475167445446
12815,0.14342298925793165
12820,0.05783190485131403
12824,0.12310397377026132
12829,0.1287476690262317
12833,0.1389556499587456
12841,0.1511897036975188
12843,0.06835811740424845
12847,0.13039650039074466
12848,0.13045728981603566
12849,0.13971697895694404
12852,0.13826452359340136
12855,0.15042707287896415
12864,0.15744753931575187
12872,0.06571232458756392
12873,0.17812505139852344
12874,0.1597314009278159
12877,0.22902491433772712
12879,0.1348685296458403
12885,0.13624565056044194
12893,0.13500715594501492
12894,0.15504403099777872
12895,0.23036031473118457
12901,0.05925499680151527
12912,0.1198346524521011
12919,0.158941974245833
12924,0.1244886387749875
12929,0.13392948354209247
12931,0.1450831371637079
12945,0.12809731399684535
12958,0.053573599994391964
12962,0.14872338635278334
12964,0.1549064729312514
12974,0.16572332743220686
12976,0.04421151149486064
12980,0.12973439022428704
12984,0.13853012405037948
12987,0.08422546699175014
12991,0.14576920330092488
12995,0.14270836181877586
13001,0.21689978842265709
13005,0.16615108557156075
13006,0.1560646605904381
13015,0.1359983238114714
13017,0.14263331774974233
13033,0.1500139675127228
13034,0.14524467739676786
13035,0.14908555065845297
13038,0.2182846493722775
13044,0.06082660868064011
13045,0.1450056610824215
13052,0.056874453561134124
13059,0.14416666036466583
13060,0.05820909244727815
13061,0.13877070161858407
13066,0.2201024508515106
13080,0.21915266848514878
13082,0.1706740988847768
13105,0.1525339119424083
13106,0.2254813411565346
13121,0.16790028321940223
13123,0.15784828241931906
13125,0.06041584796789928
13129,0.129937323584381
13130,0.08949487319246047
13132,0.16566426497175282
13133,0.14147053290355752
13135,0.1598698037025484
13141,0.12748526717786127
13145,0.25003752106331684
13149,0.06544725052678069
13153,0.15580450369797036
13158,0.14501320165325704
13159,0.13912888403359713
13169,0.37165284300233464
13170,0.1405318389217297
13178,0.1440846913510316
13179,0.06989017216100474
13180,0.14222054701196182
13181,0.14123452285276863
13183,0.06324051616760461
13196,0.12904433332665655
13200,0.15734522490595004
13202,0.08558122296305941
13204,0.060429163764407774
13208,0.142771588901917
13212,0.13485789786412716
13213,0.15135089624595358
13218,0.143694917487837
13225,0.09059544035247928
13229,0.14386114116574328
13232,0.14349454803308112
13233,0.14430832891170506
13234,0.06142505341622345
13249,0.067050328827955
13253,0.14613777558975888
13255,0.1535400983816045
13257,0.21481596399147643
13266,0.05895353357230532
13269,0.05907872540423235
13270,0.14926987334257766
13274,0.1538944141782935
13281,0.1399911949686012
13287,0.08993564342438935
13305,0.14508470637174117
13308,0.058114724037091815
13309,0.06389842216498347
13310,0.17591013206119555
13314,0.1519268016449592
13315,0.04190830918443509
13324,0.09647158323998613
13326,0.14061630849203513
13333,0.15747638199642053
13336,0.09717195092629416
13345,0.13997600533882795
13348,0.15324545380149796
13350,0.22830303655316342
13354,0.15461752032083118
13360,0.15536929862571972
13364,0.144486359458737
13366,0.15108912273124722
13368,0.1367138170885643
13375,0.06645378580902796
13376,0.12136831540556041
13380,0.11606624552325577
13382,0.041741247265210314
13384,0.16071840223709113
13387,0.14914878466936446
13390,0.06894809807881087
13398,0.14340326355584268
13403,0.12598450310561057
13404,0.10927911081311648
13405,0.13300506846557109
13409,0.16389453590724798
13411,0.1323432677660766
13414,0.14539263304780736
13416,0.13339176087537521
13417,0.059280634903673475
13418,0.14353926864124955
13422,0.061990920490258505
13430,0.2472034921779627
13435,0.040788879961777665
13439,0.13367762583813475
13446,0.1294357762844568
13448,0.05606476965237917
13449,0.12061682589632766
13451,0.1353457360259522
13455,0.14961088634121214
13468,0.1507115569404075
13470,0.059994811382002626
13474,0.05907779109576569
13478,0.1560252075091604
13485,0.14155734868174089
13488,0.1615454940334382
13489,0.1289984442877459
13500,0.13735066193185252
13505,0.05820205918164225
13506,0.14033892386191352
13517,0.06577340147818904
13518,0.07713493853943158
13523,0.12227429917430532
13529,0.1426101250140237
13532,0.06814567109159501
13534,0.1293046648293568
13539,0.13879938719312024
13547,0.131224716062927
13548,0.14491161160624422
13550,0.34602341504177286
13554,0.15834570285900365
13555,0.18921128857030522
13556,0.15174769626820475
13558,0.06380135986732653
13562,0.1329458693270781
13566,0.1391788260157308
13574,0.06663572494220382
13576,0.14548923274254522
13577,0.17076257073088438
13580,0.04802996656441941
13586,0.1980766684422043
13598,0.23947338228457496
13600,0.12831833793668948
13602,0.12056348049750028
13604,0.13932928532161937
13616,0.14642009412994691
13623,0.13411618535093772
13627,0.16462167136799197
13630,0.06669044285647742
13633,0.15467385733480318
13635,0.1368412837371993
13636,0.15849862997460182
13640,0.13153340714270365
13642,0.21935881575712193
13647,0.1582948295353648
13648,0.24617865738842912
13652,0.1264607000566321
13659,0.04343458863438281
13660,0.12889429325711974
13666,0.15259128884639905
13667,0.06544887756246964
13672,0.1355837313209609
13673,0.15256428478092085
13675,0.1315858524192852
13678,0.14462142654882562
13682,0.08593068303734035
13684,0.1467420340622385
13689,0.12829371045598978
13690,0.12375778228006351
13696,0.14603512287204487
13706,0.13882664186216828
13710,0.3746061901599003
13711,0.13896549703285457
13712,0.1476014718076041
13717,0.06142998483433698
13718,0.13847508981589798
13719,0.13851343030097243
13720,0.08819143400083816
13722,0.12093582025422513
13723,0.1454811006794762
13726,0.12638316147334483
13733,0.045286621332899755
13739,0.15524883330792508
13743,0.1485230607196962
13750,0.15244493320893185
13751,0.11348251178250333
13754,0.1632710372367383
13756,0.06619049234372114
13760,0.06053410902229476
13762,0.15481619808034086
13763,0.13170121618227712
13766,0.06302105900268029
13767,0.060260758454798856
13769,0.09663365426669808
13770,0.12717890680726374
13774,0.16197546078452843
13776,0.13255983374253807
13780,0.0655950931784572
13784,0.062200875788071895
13789,0.145056315357073
13790,0.14574687029459737
13792,0.08416558083941357
13795,0.13659929152774566
13797,0.12516291715865582
13800,0.12655436535541595
13804,0.12751146855543258
13815,0.13075050824965265
13816,0.15242769018473112
13817,0.1655667805950878
13820,0.22201274852403452
13824,0.15745581489929814
13830,0.1703300051735969
13838,0.13559044167480816
13840,0.06334976929638977
13841,0.060401992365295004
13842,0.14785776129836578
13843,0.06270167927520043
13849,0.15441135828944705
13852,0.14382590699660233
13855,0.039762937386014295
13858,0.1315527488750867
13863,0.05709463722658495
13871,0.22638845539240562
13872,0.14390569836238898
13873,0.1257104524631608
13874,0.14472804618550858
13877,0.15453388895298004
13879,0.14371060905496827
13885,0.14851969208367163
13886,0.15180050005772708
13892,0.1329546886413903
13895,0.06332942683584901
13906,0.1569949669197002
13907,0.1456169922819971
13908,0.06034564191635763
13909,0.12348320455274268
13911,0.11794038693347125
13918,0.16824701298965913
13919,0.14000636246542267
13927,0.16909957825097086
13930,0.06466809093619447
13931,0.15201602866224237
13933,0.15717485234913456
13938,0.15400569227811703
13943,0.05827345196657335
13944,0.07138196846451632
13946,0.13051398762206376
13949,0.07957307850290417
13952,0.1844650131307021
13957,0.1572480112995026
13958,0.07586222436641678
13965,0.11066576630580548
13970,0.056481631733441444
13972,0.15060705376076683
13981,0.1492770718342837
13983,0.07376515420721445
13985,0.12713530022918254
13986,0.11453582962659732
13993,0.15431307582392415
13995,0.1359818856344663
13998,0.12496349513574233
14000,0.05672970764213265
14002,0.04082421056601888
14003,0.07299081344985829
14019,0.15902375657743348
14021,0.36809927315585983
14026,0.15097399527533445
14031,0.06805874580611916
14032,0.1551056866218579
14034,0.12657577690664956
14035,0.13512802009769434
14043,0.07031245811273708
14046,0.14862913396818672
14048,0.14926000094221079
14057,0.1523285795458068
14065,0.12098043171225943
14067,0.06494696179572666
14082,0.04303111475227269
14086,0.14966031551241707
14103,0.21006973039942897
14104,0.16292390072497392
14106,0.1666479828249582
14107,0.14532259565742967
14111,0.05950681348544703
14116,0.05758196441502752
14118,0.06659761380835658
14119,0.14059233470882018
14122,0.12135764791675967
14123,0.13310737876648937
14124,0.0645561421955027
14125,0.14432362300717372
14126,0.1524861294048692
14127,0.13843237744693426
14133,0.15256415769806161
14137,0.1269276012312023
14139,0.12933314864325948
14143,0.12934244888847837
14148,0.12066012749660347
14149,0.13507633868242733
14150,0.06341205680624988
14162,0.060639479709937244
14163,0.146150624020724
14164,0.12093658223994598
14173,0.14126863209866966
14174,0.1678124748898515
14178,0.14387568677918527
14181,0.06541908659827934
14186,0.1286735735563887
14187,0.1476772003347394
14188,0.12470650465544013
14192,0.1560241681887908
14193,0.12721686626943654
14198,0.23630153637985477
14200,0.148390928889268
14201,0.1316253684272345
14208,0.23749611166284393
14214,0.1379562209107268
14220,0.12079431837480732
14224,0.13060859390874377
14229,0.12475400717172248
14233,0.11214621222199146
14241,0.059906666695944105
14242,0.14196199407903032
14246,0.12266226412279113
14247,0.12316100422760355
14250,0.06535198342488972
14251,0.21390906453215833
14254,0.1636725779486398
14257,0.04453729563581351
14259,0.14700118473291968
14261,0.1393045508595837
14281,0.11950607925816951
14282,0.15296822217057857
14285,0.05690781430084744
14286,0.14059077310541424
14293,0.13602031288511074
14297,0.05596047407613575
14298,0.12491552831590931
14301,0.05726843313440396
14308,0.12375340597700167
14311,0.14106804074395674
14313,0.22411442584885496
14314,0.05645944355243642
14315,0.05760421527669904
14320,0.13303169852076846
14325,0.037967388417698734
14333,0.12463580757030446
14336,0.15105385384069844
14338,0.14529772017070375
14354,0.14880521158192783
14359,0.14963393252749063
14361,0.14016008674429062
14362,0.144526852865564
14363,0.14997113257679986
14369,0.06404940752648612
14370,0.22803436843645297
14376,0.12238225809781789
14382,0.23045921352226661
14387,0.12462468761437624
14389,0.17407868161359116
14390,0.1355331671719808
14392,0.13838262387791478
14393,0.09652326328151879
14396,0.13943522284252538
14407,0.13224088542452672
14412,0.0911604440270839
14413,0.15544316152406118
14414,0.04568182495800822
14416,0.1426857399428231
14417,0.12558913302148955
14423,0.15465569231454354
14427,0.14700824866176812
14430,0.16786494807217936
14433,0.13110068125695337
14434,0.1276420542092749
14435,0.18607967681228474
14436,0.13150110904964052
14438,0.054081548135725466
14439,0.13942590598284363
14442,0.12711343072072542
14444,0.07099322596574381
14446,0.13034090836442092
14449,0.2396502843381826
14451,0.1265525928396617
14459,0.1483513984014941
14464,0.1408772647000437
14467,0.14282439248199336
14469,0.16304636093415395
14470,0.05900186010831595
14471,0.1528747850517057
14476,0.05002400704045202
14477,0.13975266886619064
14479,0.059375470922906244
14480,0.1628831232262468
14481,0.03852593296667249
14485,0.12462597615299849
14486,0.13978856545444687
14493,0.1350232510778325
14504,0.15429690370131535
14508,0.14613541051098564
14509,0.14306307993709266
14516,0.15098734232578312
14520,0.13317278408555253
14522,0.1511033372256939
14523,0.1291117965501425
14529,0.1520690700537413
14532,0.05763403015714167
14537,0.05743822019086383
14540,0.1346636078190747
14541,0.1296658997770926
14544,0.13698685686266265
14548,0.11132037817083085
14550,0.16042423984511953
14554,0.06076717303040541
14555,0.06328499044194409
14564,0.13685660540879177
14571,0.06724495011607078
14572,0.1441542639217707
14576,0.13814298207979617
14580,0.05956088401017499
14581,0.13319524378780914
14582,0.1660145709521136
14583,0.14764115491439345
14586,0.1319135550758422
14591,0.141096195117795
14593,0.14679786734127634
14594,0.13114654049969554
14601,0.14350138765726841
14602,0.1189691707380463
14604,0.15214188082430624
14610,0.1642421596324264
14620,0.12907113274438106
14622,0.16125783915070804
14628,0.05828063846034134
14629,0.23694611035865895
14630,0.1223927912855095
14632,0.36521306774786017
14634,0.13295763599935792
14646,0.05979232220321543
14648,0.15220041265157627
14651,0.13917314112275955
14658,0.23939152118635068
14661,0.13397258553240285
14666,0.05493745434594063
14672,0.1495382593531749
14673,0.12345713565409337
14680,0.12812369059488446
14685,0.17818790352780822
14688,0.14727862971535352
14694,0.14103205244765124
14695,0.15994125337740425
14702,0.15103061824408523
14705,0.05365118874321556
14706,0.15604068295731952
14707,0.1400372105241958
14711,0.139111702084706
14713,0.062382898317804025
14714,0.12537851380130094
14717,0.14344423552205535
14722,0.23270697202828342
14726,0.12445592142642202
14735,0.12187624598860917
14736,0.1478997447293867
14742,0.1635789647327626
14744,0.42267183736149067
14746,0.14314939962183756
14748,0.14593387435665314
14751,0.15584103051223389
14753,0.16682379531079072
14754,0.14395587861615353
14759,0.15455869780392043
14764,0.15266444445391036
14766,0.13898549624828202
14767,0.13003938718234
14768,0.1544212667193853
14770,0.11822342214574165
14773,0.1731865264870702
14777,0.13281112460734404
14778,0.13825062425193757
14779,0.11531997820132574
14782,0.14361528683763733
14783,0.15180572102577464
14784,0.1283888018863124
14793,0.04373871500627322
14795,0.13682079063156138
14797,0.1414572819887638
14800,0.05866016408977536
14802,0.1403869435744228
14803,0.05836166578068247
14805,0.16140604920993581
14808,0.2330638237421341
14809,0.0683782570192457
14812,0.368076923789576
14813,0.15802824555931302
14814,0.1506191220321632
14818,0.15717402227589683
14819,0.0949286093937781
14820,0.05410958070913303
14821,0.23766821687987727
14822,0.13583751568070013
14826,0.14647826315415102
14827,0.12328130606721012
14831,0.14785144883899384
14832,0.1274801950101709
14839,0.14354893975354707
14842,0.1488977598518764
14848,0.1290198781116473
14849,0.05894027216992542
14855,0.13631084476379338
14856,0.1576037220118074
14865,0.06499492106905387
14866,0.06540070888248788
14869,0.11522731793515896
14873,0.15248738489868333
14877,0.1226457168507057
14881,0.05979185212421856
14882,0.209903052634797
14883,0.14883519610270832
14885,0.14944341766300825
14889,0.17090515445090734
14890,0.1573973435631014
14892,0.14934496591211346
14893,0.0546898461456972
14894,0.0627619526633915
14897,0.14972553094468696
14901,0.09124564712006972
14904,0.056436670965752306
14908,0.15429777959980637
14914,0.13486962935784708
14916,0.11514109137830619
14917,0.0600886123467452
14918,0.1277918419918103
14923,0.13842466667526387
14927,0.14124086786991932
14929,0.14807969358779485
14931,0.13465771432588328
14935,0.225532806950732
14948,0.23259998702373771
14950,0.13008710119043637
14951,0.1474497566309444
14952,0.058772890485516475
14954,0.23424970512011625
14960,0.06467089736607629
14962,0.055081007438986286
14970,0.13988240026174267
14973,0.13474319527663517
14976,0.1540540854428488
14978,0.1447191869425075
14982,0.14217039544355684
14985,0.06107498908460989
14986,0.13642930789988802
14987,0.09321408265827252
14988,0.17259925544660096
14991,0.13437033054823044
14997,0.14571503012687068
14998,0.12666319898834952
14999,0.1476572903971244
15000,0.12665111872224702
15005,0.15165300073236698
15006,0.13808390422901992
15009,0.16000048149635093
15015,0.14181706528600566
15018,0.1333247446075038
15029,0.15195669174913043
15037,0.2178248647477957
15041,0.148963531675675
15042,0.13027009414592816
15047,0.12898216139101482
15050,0.1381791008066777
15053,0.16630280414360885
15056,0.15662552816107633
15057,0.15188007226375147
15058,0.13021381995658443
15060,0.12351706340928699
15062,0.14513569800207435
15066,0.06395915465473452
15067,0.14801934611349035
15068,0.06185853194752421
15069,0.06043149489532144
15072,0.14419258201039964
15077,0.14282591779232093
15089,0.13824975425147654
15093,0.1336329603413329
15099,0.12249510662457645
15101,0.16333671797566304
15103,0.14896833865987613
15104,0.14003305289244547
15105,0.12974706490643384
15108,0.12523320270026103
15109,0.1430724976261013
15112,0.1440748975954759
15114,0.1568827322995574
15117,0.05748497519613253
15122,0.1203519546487703
15130,0.05581147869121039
15132,0.06250656746527626
15133,0.13065938715401534
15134,0.05686113762388562
15136,0.1439111161257132
15137,0.21662429290079088
15142,0.06258211428510328
15145,0.124829142900496
15146,0.04237000126775454
15147,0.12325290838383457
15150,0.2151594416105657
15163,0.16575154625959856
15165,0.05694917768753275
15167,0.12719802796922106
15168,0.04607226789050198
15173,0.13323283528121496
15181,0.13677164133546404
15183,0.16241351477236765
15185,0.15688300476368072
15186,0.15225845958110823
15189,0.09311262287423265
15190,0.06356974100298969
15191,0.1236018371043518
15193,0.15633693401726242
15196,0.12770392667411287
15199,0.14298769757446247
15200,0.1491009904469874
15201,0.16058197955001363
15204,0.1698443805825501
15207,0.058369079868612304
15209,0.15886695587256683
15212,0.13553015392189177
15213,0.1331228142774811
15214,0.1506703278899512
15215,0.1579451519259317
15216,0.1605770310109245
15222,0.13022643363530234
15223,0.09060950873017382
15231,0.12309382193559287
15236,0.14721923712951335
15240,0.17486622929937937
15241,0.15516840004310958
15242,0.1703848747097665
15243,0.15366118100067336
15247,0.155229027618389
15250,0.11889008845174641
15253,0.13947041805298585
15254,0.14182062823416905
15255,0.1701964459277002
15260,0.1287767652432372
15265,0.05755756424339303
15275,0.12425287540761785
15280,0.1409214847336692
15281,0.1531769064813151
15282,0.16674635016428527
15283,0.15451708614790546
15284,0.1758610625815611
15292,0.152230491551552
15293,0.11990108390352415
15300,0.16140178145036374
15301,0.13572535769992822
15302,0.36065574193179123
15303,0.1343160177430369
15306,0.13649131991415833
15311,0.14101324466182116
15313,0.1368655963987505
15320,0.13934057952081016
15322,0.04557295382002955
15324,0.14130900557566353
15327,0.16062007397142306
15329,0.14222968120428145
15340,0.23491929724929603
15349,0.1461431756455459
15355,0.12337871430613247
15356,0.1545601395910759
15359,0.36305341080556425
15360,0.13919575732687703
15361,0.07595779549467495
15364,0.15698570642488488
15367,0.06376330496241879
15368,0.21130498794670394
15372,0.2286695491199817
15374,0.0629287505043719
15377,0.16174449397249513
15383,0.1576207877691158
15386,0.039487832354102664
15391,0.13721920585371375
15394,0.045609561316478586
15395,0.14691423087849248
15396,0.06255264275787235
15397,0.14167093307609965
15400,0.07395033264847643
15404,0.14022513157160152
15408,0.12161257263730114
15409,0.062203642382006506
15411,0.2390433586615921
15414,0.15305440067460982
15416,0.1164796940883601
15421,0.08526881782621772
15423,0.13140881960306042
15425,0.0539943871893896
15426,0.15473685748745328
15428,0.15521364239552993
15429,0.13081574391173548
15437,0.15798353854501668
15438,0.06129339832479616
15449,0.12599484512839007
15456,0.15159489310979227
15459,0.16838723821930768
15460,0.14943794961633583
15465,0.16050434301238756
15466,0.15802343489786877
15468,0.1658870903847676
15469,0.058412966883727685
15470,0.13411748296103126
15473,0.20796771846959405
15474,0.15927078813196097
15484,0.11948360202334112
15486,0.13630096565949593
15488,0.12744254588971846
15489,0.03975009468338098
15493,0.13873892095633814
15494,0.13161204883993227
15511,0.0571072699388514
15512,0.15953706698669945
15517,0.1596843506079683
15518,0.13246588708812101
15522,0.049429694708442766
15524,0.15718791504726412
15526,0.11599418182880615
15527,0.13766406499761755
15528,0.12667657252108716
15534,0.14712934982770395
15537,0.15134985563905295
15538,0.14257080750667406
15541,0.041174271097378055
15544,0.1498091251417256
15545,0.1416023088513698
15546,0.05637151843121557
15547,0.06689825322033634
15548,0.15786468627857445
15549,0.16977782630342383
15550,0.13544783666641622
15551,0.06433537758365757
15552,0.05763103192164846
15553,0.13408996788937874
15562,0.12564137064772754
15563,0.20938380705932658
15564,0.15604951259251207
15567,0.15081231331581918
15568,0.13743031701518046
15569,0.061891946488451755
15573,0.05746008835905436
15574,0.11765734104901082
15579,0.13837364266544083
15581,0.05941788616036755
15582,0.1439178591808671
15586,0.14489037192472892
15589,0.13638436306817506
15591,0.1261273264819467
15594,0.1235454329017985
15596,0.13913412414027373
15598,0.14293022155372215
15600,0.13299871473021405
15603,0.1620201871638717
15617,0.04823851314960703
15619,0.14795898633617108
15625,0.1161796733443295
15633,0.05775233525668009
15636,0.15696295530684296
15637,0.14341242085853503
15640,0.12991182381961577
15641,0.12475609451927287
15642,0.12554963449554069
15643,0.10465277985230786
15650,0.12108359942732515
15653,0.06960739940045098
15655,0.1670975829959417
15661,0.1626718232709186
15663,0.13855566340754363
15665,0.05898729230531181
15667,0.14238785667400758
15671,0.05716015936158531
15673,0.21266948986707737
15676,0.05969462033088386
15679,0.15161656231944132
15684,0.22762976276982871
15685,0.059070158092111656
15690,0.13264040205024788
15695,0.12238649195019084
15699,0.1916978075432467
15701,0.06395615185153895
15705,0.22948016723088657
15709,0.05727613204248649
15717,0.13998847976838674
15718,0.2575886956281119
15724,0.1546959905919744
15725,0.12947362528391657
15728,0.1420412302057574
15729,0.1415017636011463
15731,0.12749967140628585
15732,0.1336972450632836
15733,0.1442440794961818
15739,0.2122209342007028
15742,0.05611571430783601
15743,0.06068874967572995
15744,0.1258600053546661
15745,0.04728769907026676
15748,0.06426641115575289
15751,0.17359635838633217
15752,0.14418413030717858
15760,0.06252671876076843
15761,0.06148132200856462
15764,0.14934171675192778
15766,0.16903377088253746
15770,0.05520481473791158
15773,0.05954785876258853
15777,0.14947749818644673
15778,0.17081067937861416
15780,0.06560319961993948
15782,0.3484364894238468
15783,0.14918952838397984
15785,0.13713063314964483
15787,0.14890301796422806
15788,0.16739554193604247
15793,0.222317024019087
15795,0.14756818125574986
15798,0.17236587350215635
15801,0.16232013288116623
15809,0.13354350818802488
15810,0.1201414509436755
15814,0.14543611455139802
15833,0.23587155030462137
15835,0.16279697338871532
15837,0.04500913232657066
15841,0.13183960472774603
15842,0.04496291012719205
15845,0.12624746430233894
15849,0.06276748844844442
15850,0.06493067593837641
15851,0.0494235300243279
15853,0.12021480863766389
15854,0.13329311062283158
15857,0.06246700289527477
15861,0.23482225861665185
15868,0.20556357091266098
15871,0.1397488921495497
15873,0.11887381353690567
15876,0.12998438832618206
15883,0.13062443085347938
15884,0.11936822128180409
15887,0.0756241450077284
15888,0.12769011703412358
15890,0.1273782083755429
15891,0.16315952295352007
15892,0.13010485449954742
15893,0.12715453825232484
15897,0.12351310395851463
15898,0.24474658102612645
15902,0.1591639925071421
15903,0.06154189341607219
15905,0.14442326624845814
15910,0.14092465402756774
15911,0.14169302314791804
15912,0.13726261046571117
15916,0.06385242808174613
15917,0.05509646828055278
15924,0.1647743871073569
15930,0.16689422568754272
15932,0.15939641461328535
15937,0.13454217278617994
15940,0.13921854563937197
15942,0.14305667582402515
15943,0.2640055519802497
15946,0.13819333615308235
15948,0.05838026221281715
15949,0.060444297265666434
15952,0.12969269631106628
15954,0.05838407946675125
15956,0.1383054911001245
15957,0.08446442209525491
15960,0.06459851201690052
15962,0.12933862272436517
15965,0.1300912866954702
15968,0.1480988056095697
15969,0.14394853014168096
15975,0.13186019147709252
15977,0.21868221857060302
15982,0.1389180881667148
15988,0.15465026734929663
15990,0.0574669784080045
15991,0.054159591675326274
15992,0.04522490789946213
15993,0.19574154584751327
15997,0.14550261905415682
16003,0.11864090347765525
16009,0.14172608397909317
16014,0.16022038673642727
16015,0.14288551912978392
16016,0.06143700595568594
16019,0.1425993710748031
16026,0.12532345023922517
16029,0.1559410468272752
16030,0.15761977226755197
16031,0.05883212962016138
16032,0.1399913451377616
16037,0.06096761896459166
16045,0.1672388000513262
16049,0.14872663231792013
16051,0.130414625178747
16055,0.18313429775017334
16061,0.15752840615521876
16064,0.1549374579105245
16065,0.043381544265783084
16076,0.22450002020334123
16078,0.2302400272186594
16085,0.14230181413590445
16087,0.06142422804523288
16088,0.17652973028293617
16091,0.13768327512686185
16092,0.13148176228332872
16093,0.14272276113676158
16095,0.15154989541476724
16101,0.11936042826805031
16102,0.15352535079662588
16110,0.15610432308166414
16111,0.14723947216629965
16113,0.13426820469676157
16118,0.15158407849014457
16121,0.04438768501355006
16123,0.207301993023418
16127,0.14324575556939764
16129,0.03946834396682395
16130,0.1312573614369591
16133,0.13293193496450176
16135,0.12678756874962435
16136,0.1248058924446882
16137,0.16550626850998107
16138,0.06043088242582594
16140,0.16439920802282934
16141,0.149296020298145
16142,0.12724819270973353
16145,0.14773282625362397
16147,0.15706000039924992
16148,0.17146158029671235
16149,0.14812148966721025
16163,0.22984531061102675
16166,0.05533674822394413
16169,0.12354646247990513
16172,0.15442054259671192
16173,0.15818956523651792
16176,0.1514916716597076
16177,0.1524704716433164
16179,0.15174207148165803
16181,0.03983503522557544
16182,0.2779242362971382
16197,0.16664171557440347
16198,0.1300546974323146
16199,0.13207943262280994
16203,0.0862412709144824
16204,0.07261980859506471
16218,0.11431189615433246
16219,0.16876403576141016
16226,0.15142458722083227
16227,0.11161309700667815
16228,0.14500150724322655
16229,0.16013539283128708
16230,0.1467695742086243
16235,0.12977664588042329
16237,0.061690353697894766
16240,0.12524176391136774
16242,0.14101412959072832
16246,0.1735759698557616
16247,0.15497114706999823
16248,0.13878175023029257
16254,0.40469509711515794
16256,0.15153632440068607
16258,0.12712333686029675
16260,0.05314023462415004
16266,0.15470079474574125
16270,0.13805149324447508
16271,0.14662026755292476
16272,0.1402420494373404
16274,0.13343547869228933
16275,0.14938708826949745
16276,0.05851835191925945
16277,0.13412505175645217
16278,0.04116834997099419
16279,0.13894500593727838
16280,0.16652841369751392
16284,0.12230143266144163
16286,0.1267999393640917
16288,0.16390494683198856
16293,0.1269005735580727
16299,0.2429946642113854
16300,0.14995158087553662
16307,0.12253115539990855
16314,0.1474624728548494
16315,0.12853876775393866
16319,0.14910478597631635
16320,0.15492952481046326
16321,0.1408776257394245
16325,0.05412473857023269
16329,0.06125956898862389
16333,0.042749461712895113
16335,0.15446493344073026
16336,0.1509725267808963
16342,0.1514503180700833
16343,0.22724348100444644
16346,0.1519484745726909
16347,0.12796972898969292
16348,0.15814810001338267
16350,0.05797717375560483
16352,0.12036261989608461
16354,0.15049001208418245
16356,0.14675009698362484
16357,0.18520877453780216
16358,0.13509399681867854
16362,0.126779591885432
16364,0.05765523164674727
16367,0.14818541933700216
16371,0.12835007098204484
16374,0.14976313752543655
16376,0.14270659884317083
16377,0.17539921361306798
16378,0.15633194810756443
16381,0.08469639453336869
16384,0.1316491452494528
16386,0.1477584289550534
16388,0.12579019199993544
16391,0.15845652619777126
16394,0.15079323569484604
16397,0.0582283300392662
16398,0.15406900932026424
16400,0.14687368583682392
16404,0.1565565935572519
16409,0.12962545906601428
16411,0.10929946307188317
16418,0.2567866868271271
16420,0.13151631588952997
16421,0.1551184497517961
16425,0.1163353175918486
16426,0.14350918433143076
16429,0.1511996311557038
16430,0.14534708979125524
16431,0.05369488007743014
16437,0.06074958482752605
16438,0.04252428973376903
16439,0.12432598794618425
16440,0.055553868618146075
16441,0.15312328372462053
16451,0.11732331887689697
16461,0.13610168513859314
16464,0.21543929430307415
16466,0.216764896902645
16467,0.1295662192160736
16468,0.1476383264734468
16469,0.13836917943372723
16470,0.15773124798994564
16483,0.16496460055934078
16488,0.054597559005038744
16490,0.05985044903217684
16496,0.1620218412500682
16502,0.06157618108182896
16511,0.057634254785881446
16512,0.14218232032783712
16513,0.1425092396679576
16514,0.025830775949193252
16515,0.05523234097619025
16517,0.14760657813377712
16520,0.06005642802711152
16525,0.1511295442951234
16529,0.13260163045127862
16532,0.1284236985767991
16536,0.2601974385768333
16540,0.061719183226159345
16542,0.14133248937060994
16548,0.12917708826104413
16549,0.11642056213896557
16551,0.2768651800342706
16552,0.13738833423929706
16557,0.14249345868304675
16558,0.11780032102770843
16559,0.15928142236876894
16561,0.13941065820680695
16562,0.13992373960361956
16564,0.12132721523939706
16566,0.13277881127672217
16572,0.15796791771714105
16573,0.14778617369889938
16574,0.16605108069349286
16575,0.059285535904357194
16579,0.1777703881909519
16582,0.11998059409391615
16584,0.16213689316639088
16586,0.1364251015035252
16588,0.14074207320094748
16595,0.1402500781886673
16597,0.13147468985751185
16600,0.14351959708134884
16601,0.13304397224046222
16606,0.3826538179195181
16608,0.041845830919199294
16611,0.1446892434152801
16613,0.16018073154826185
16619,0.15043029715391823
16622,0.14836008350847338
16624,0.13743793481166391
16626,0.15590142375210284
16628,0.1336732811434472
16630,0.13356657454351475
16631,0.06657850284715398
16634,0.14459553931543428
16638,0.1551721684007958
16643,0.0834954206041492
16645,0.2101801331447852
16649,0.14800406263405075
16651,0.1508374635884088
16652,0.14684401668667676
16653,0.09742983695633033
16669,0.15807582457287964
16672,0.15617740030976077
16677,0.14965555583753712
16679,0.14021623225932786
16680,0.14661009905382663
16681,0.06042668515009302
16684,0.0378718240914836
16685,0.13216389951388965
16686,0.17393521448206128
16689,0.11503813098008764
16690,0.03563191310424926
16692,0.1393949070563765
16693,0.05671281010179546
16696,0.059011873566934714
16703,0.19976675880200015
16704,0.04262573084395877
16707,0.12728222215190618
16711,0.11928668671171531
16713,0.11993890785888008
16714,0.41534375022829795
16716,0.12172278542812026
16717,0.15718280502855386
16718,0.14391501669774545
16720,0.053429436226617937
16723,0.1272354599657032
16724,0.216424525958219
16728,0.26923154234993874
16730,0.13813868060278728
16743,0.11725918448429533
16744,0.04148460785239184
16748,0.14604314629858609
16750,0.15282877233092254
16752,0.15666997450093098
16753,0.12503899512917704
16755,0.1678567789084119
16756,0.05600092691477726
16760,0.1305417524474338
16764,0.05453773665084204
16771,0.12392845488616172
16772,0.18042424851263741
16776,0.13956954176242856
16777,0.061855056272895136
16780,0.1604023192055472
16781,0.13592973424003432
16788,0.13005661512753516
16792,0.13070711747393335
16794,0.16327559229700941
16795,0.05535903820884375
16796,0.04530203095748122
16798,0.12446416729339972
16801,0.13730680831251438
16802,0.13737797907090188
16803,0.1502308977561301
16815,0.1320630201689678
16816,0.0983074921740732
16818,0.15560175459961453
16819,0.17247520890482684
16824,0.1305599130124859
16829,0.13556461721861446
16833,0.13664282636206246
16834,0.12489110026259605
16846,0.1493961480814698
16847,0.15440434732147132
16848,0.13519378023088854
16852,0.13392696113238212
16853,0.14767885336409484
16857,0.1317307106083254
16858,0.16201580765730922
16861,0.14281511016807213
16862,0.1633537732392738
16867,0.11615173465294416
16869,0.1365106802172554
16870,0.1410048329311517
16872,0.13934978424820657
16877,0.09113081532395058
16883,0.1269912545553917
16890,0.06889769862889925
16893,0.13576332849487324
16894,0.06262130693340116
16897,0.12244079301835946
16901,0.12766874239141957
16902,0.07807456437274753
16906,0.038557223495979176
16910,0.044073018464841664
16911,0.270611369741322
16921,0.12212549649739107
16926,0.16251321098734303
16928,0.15068779713887362
16932,0.18181668419176533
16933,0.13923667499281256
16935,0.14284736678566695
16943,0.14790020560530673
16947,0.0432976287033466
16948,0.14253779063705868
16949,0.05937150119969801
16953,0.15071981965602244
16954,0.13259933342820737
16956,0.1335405833143484
16958,0.042933854198032945
16962,0.14005782863253932
16969,0.06188202882748344
16970,0.04123613163405005
16979,0.1348584047238832
16981,0.15359439297892366
16983,0.14792008269731616
16984,0.11919313142862863
16985,0.12962626679719333
16987,0.16317176110709905
16989,0.24508240779015922
16990,0.15156465188269164
16992,0.13836977597805766
16995,0.13599240410214225
16997,0.34737028704664413
17000,0.1560879229770747
17002,0.15268649549359864
17003,0.1357267110419159
17006,0.2288582944532841
17007,0.15766888524725745
17008,0.05429805811000016
17014,0.13176782977128165
17015,0.1506544432818038
17018,0.16279338103971983
17020,0.07445019973177817
17024,0.25890832128116265
17026,0.22086721363192993
17028,0.13980036761015574
17035,0.13566122393588104
17038,0.13853091229569134
17041,0.24663867134221187
17046,0.17223543246702322
17052,0.04743467503440988
17053,0.07012039799925669
17056,0.09351855152051385
17063,0.1450805155769638
17068,0.1252655870533967
17073,0.0631038012516938
17077,0.14961327670214045
17078,0.12728830555766543
17081,0.1470440417467026
17083,0.14314405717985904
17085,0.12812716556910306
17086,0.14590744970034375
17087,0.13790516278599715
17088,0.14041129031682867
17090,0.14800294652490642
17093,0.05660811782904058
17094,0.06165621422015267
17095,0.1341295585011869
17096,0.06193272541819455
17099,0.1578137407969764
17101,0.1466425814951292
17102,0.163229469943752
17104,0.14473788699298837
17105,0.13859219108908824
17115,0.1315923231158181
17116,0.15698762458512686
17122,0.059425507077276195
17123,0.05674246922390661
17127,0.1491465493474267
17128,0.14810940526795305
17131,0.1540872005528531
17136,0.14481315548463428
17140,0.04533140454431605
17141,0.1479871295281101
17146,0.1099201165837841
17147,0.05616422439387994
17149,0.1721760281629228
17155,0.14911831418918628
17158,0.2082587861113523
17159,0.1319428023582918
17163,0.14264293531579192
17164,0.12780558242405723
17165,0.14541723146513383
17169,0.21111070376540775
17170,0.12240848549258938
17171,0.16069979481181376
17172,0.11391893043913896
17175,0.37656604531112486
17177,0.12745253314055593
17181,0.12934135053554827
17183,0.05323816495320222
17188,0.12883552949467006
17189,0.13735726576013765
17191,0.12080853393386652
17192,0.12638518897766224
17194,0.1320047609833588
17210,0.12083424742961581
17212,0.1692425968861637
17219,0.24123427126663768
17220,0.1405645978218727
17225,0.1479817844011937
17227,0.1480107826798832
17228,0.0563898959818377
17229,0.05736565539738936
17231,0.14623351328704218
17232,0.15275472045230987
17233,0.0488802179574756
17237,0.13435852863188866
17240,0.1575414823447404
17241,0.14052948346421118
17243,0.11522884193584497
17246,0.1777667721687801
17247,0.1176148907802846
17251,0.2724335787638991
17253,0.13260659828083543
17254,0.05757421174658515
17256,0.05610034411174899
17257,0.14057814053314263
17262,0.11114982000957042
17267,0.06921691455214447
17268,0.1320465064072794
17269,0.1388335110681657
17270,0.1569044106884972
17275,0.1597908530508286
17276,0.18346404276655023
17277,0.267602606287681
17279,0.13884658515237527
17283,0.060134357584828234
17287,0.14214939923706318
17288,0.0628898931005554
17294,0.12955077307958887
17295,0.042091428916870795
17298,0.13428535589437726
17300,0.0375659284482498
17302,0.16340382294301636
17303,0.1353530348388914
17305,0.14545411021335872
17307,0.1656224023695646
17310,0.1292378731251436
17312,0.06508779853684386
17316,0.13571975624329755
17317,0.127817948334662
17318,0.05301831172205058
17320,0.05925866157937703
17323,0.1407581433017422
17324,0.1281067608703728
17328,0.21462901680859617
17332,0.1464640256844226
17333,0.12559746485904352
17335,0.04459282269593071
17338,0.13592148582129043
17340,0.1516117991274443
17344,0.1562932735411705
17345,0.16730312138998463
17349,0.15487358451663316
17351,0.14245902755526077
17352,0.1315015742447141
17354,0.06342313395390696
17356,0.21151425449722283
17357,0.15847315705804338
17361,0.06092121449363511
17362,0.164688765902792
17363,0.15752891277440353
17366,0.1490046045696752
17367,0.13724618036993244
17369,0.06251285869554364
17371,0.167854562644381
17373,0.1504027560600096
17378,0.16447030637801552
17380,0.15978096213409146
17382,0.15359308019198903
17383,0.14828425331411355
17387,0.13488391511117293
17389,0.14887458271052792
17391,0.07844358776954324
17398,0.15853861897910157
17402,0.13455222313422707
17405,0.24398066807255006
17407,0.05544076258153937
17409,0.12916101594349075
17411,0.14928049921158837
17412,0.053697908537746177
17413,0.12913606162338812
17415,0.14902089409032773
17420,0.12996220441485962
17421,0.14034813758771178
17422,0.15079814919767046
17428,0.15887691418582084
17430,0.09431939159915238
17433,0.13587339517447578
17435,0.1498890507214081
17438,0.11491287391073796
17440,0.060760177743429684
17442,0.1424170402431346
17444,0.14007738216662127
17448,0.14617500002968697
17449,0.212278072671517
17462,0.15435499768659985
17464,0.14674620905807348
17466,0.06137774503111154
17468,0.16793962739632004
17469,0.13525582464405794
17472,0.1028358777699811
17473,0.13737189619006737
17475,0.14078150090575695
17479,0.053151346067973705
17481,0.11977374390682533
17482,0.14275813242062374
17485,0.045359066749505995
17486,0.23194096109092857
17488,0.15423953584446448
17489,0.04424495585797807
17490,0.120232511480362
17491,0.06484481375362797
17492,0.14160093715634117
17494,0.07904375539740438
17497,0.2136148980561917
17500,0.14515848318625976
17506,0.14896412491995326
17507,0.15309007583289302
17508,0.25229086755373986
17510,0.11489544960591498
17512,0.22828817899102746
17513,0.15938715921933022
17515,0.15766395834537014
17520,0.15493652498988644
17521,0.14122089906379257
17522,0.15519318519496772
17523,0.13372465186414798
17524,0.1325120343578455
17530,0.24281796569712855
17535,0.13793539808643296
17536,0.1324554708724078
17545,0.1491282842073979
17548,0.16366131890314853
17549,0.14077285108312002
17553,0.15422283056432626
17555,0.16676557998637434
17557,0.14204203991543998
17558,0.13067537783177996
17559,0.15327222036405266
17562,0.16575862674281763
17564,0.041695360767684514
17565,0.22808680149482682
17566,0.16877083055617456
17567,0.1488244295268473
17568,0.056908025128591645
17569,0.13739786574575966
17572,0.12437462401554349
17573,0.1791870765511987
17575,0.13739966740388834
17577,0.15694791900831387
17578,0.1450506093458724
17580,0.12465701169678585
17581,0.15783870109226547
17585,0.14681770651044848
17586,0.16608866717241252
17591,0.1440474826285237
17594,0.15665051924910278
17596,0.12458311094848405
17599,0.23438513750589643
17602,0.14988525210856726
17603,0.16681747431219915
17606,0.058347190856452534
17614,0.1570515103754075
17621,0.1574841428060416
17624,0.17518122275724327
17626,0.24890711197637713
17628,0.04249762404026322
17629,0.13304668982607779
17630,0.16854507642186156
17631,0.14838291631887798
17633,0.07752930229225517
17636,0.16653158138796811
17641,0.13942144759480068
17642,0.24956071264296212
17645,0.17470737765126199
17646,0.14711612617689387
17650,0.1418638952887161
17655,0.14104199922794716
17659,0.12934746053650772
17660,0.13672860373126675
17662,0.14457269034316542
17664,0.06726871521580514
17671,0.03932930237517277
17673,0.1492710351056097
17676,0.15011275549274603
17679,0.14970154924279952
17685,0.17172596451735136
17705,0.17552106520160446
17708,0.146638821838147
17711,0.1532936623976173
17714,0.1761505595819514
17715,0.058752928035763596
17721,0.13364421321107162
17724,0.26389046344108075
17726,0.14610766379946102
17728,0.14507871099903957
17730,0.12012120046709457
17732,0.12827344343739677
17735,0.2704599705552654
17737,0.12517265691837676
17738,0.15425545755198553
17739,0.15126766034203007
17747,0.1427041010444943
17749,0.1328601895938948
17752,0.13591993395978916
17753,0.1677673347152119
17756,0.136582498669139
17758,0.08124016290582538
17760,0.14477882623351987
17762,0.1452932379817775
17763,0.23407675812701476
17769,0.0634807077057515
17775,0.14371101951710538
17776,0.06070445634299826
17781,0.16644161983244
17782,0.1280177208539823
17783,0.0557068036183162
17784,0.16574989116851055
17785,0.13397938848476054
17798,0.11721149903560742
17799,0.15453094330020564
17800,0.26714092625917973
17803,0.13871674457822267
17804,0.04322758271409923
17805,0.11997319181196149
17808,0.14372339351409
17817,0.1407622927587183
17823,0.2878077479236434
17824,0.145370491441594
17825,0.1389902545980398
17827,0.05682245741766656
17828,0.15193092296280772
17831,0.12531125246559927
17834,0.13586308296688793
17835,0.27615573430889184
17837,0.1393245949509804
17838,0.16433033537452546
17839,0.13213574857692104
17843,0.16318433829754508
17846,0.3756491864029213
17847,0.14849082732472974
17848,0.1513920944126171
17853,0.06505409609168217
17856,0.13996067904217993
17859,0.12628114257824932
17863,0.06385759894592007
17868,0.062242803422279926
17869,0.1317961871828002
17870,0.20297095428083736
17875,0.05889460518511061
17876,0.14102062206457444
17877,0.1520413918735873
17879,0.167239358695663
17884,0.13514495376015842
17885,0.06486915794748267
17886,0.04073484548646389
17890,0.15518072333773034
17897,0.0798481293118173
17900,0.06680536234932849
17902,0.14463170652748505
17903,0.1426296330697309
17908,0.1483821509296369
17914,0.1594848409558082
17915,0.15703977039829622
17916,0.058550381041316074
17920,0.14147469406076765
17921,0.1815137668266252
17924,0.14846640017911697
17925,0.08743769710973608
17926,0.07329522110846626
17928,0.20581951972729753
17930,0.12514863308511576
17932,0.1164658029479117
17933,0.1603941769031529
17939,0.1554114563570528
17941,0.24532975057402498
17943,0.21081315684413182
17947,0.056729347119826766
17948,0.13831770769730933
17950,0.14664460458783993
17956,0.13965309704018702
17959,0.1335658865573601
17970,0.16874844749015305
17973,0.14453811558031948
17974,0.15154735662820318
17975,0.13093841560965366
17976,0.15032473552014658
17980,0.0821593665985096
17986,0.16895334736983467
17987,0.062386887155523964
17990,0.2168313112926512
17994,0.13741927553075559
17999,0.13278130536925525
18002,0.058884334975051404
18003,0.05682199459583587
18005,0.197678931527881
18007,0.2139141085229098
18013,0.11789325043491382
18015,0.05845209477724697
18016,0.12453269560598136
18018,0.1279672191135809
18019,0.13603281890569444
18026,0.1473613513318562
18030,0.15065070929976518
18032,0.16513984183419472
18035,0.1427556501015171
18039,0.15944959290487057
18042,0.13038910840165965
18044,0.1504842891439952
18045,0.12173824178314113
18046,0.15648801186260744
18052,0.13123498401882824
18054,0.06438303944402242
18055,0.15432982583946273
18059,0.11636917224841087
18066,0.14052125276440516
18072,0.1638427386735817
18073,0.039732647201094984
18077,0.1559111479880535
18081,0.05850315893151611
18083,0.12147098866766425
18084,0.1439861184905548
18085,0.13093468766029073
18086,0.12506619036550082
18087,0.15089605064293957
18092,0.14722916251588483
18093,0.10187470936763592
18095,0.06284648594601766
18097,0.12422488599596836
18100,0.1485001761369087
18101,0.11072620146341834
18103,0.15606768834616927
18104,0.14802871507451454
18105,0.1301263625184644
18109,0.11894545610787893
18110,0.17058486270332662
18113,0.17564951802930598
18117,0.06595721572988199
18119,0.1322826471335281
18126,0.16241259456101928
18127,0.057521023371170966
18128,0.04616205260330534
18129,0.14707844199861483
18130,0.12662586749900653
18137,0.38509683792879607
18142,0.14777706652586972
18144,0.04809388844204365
18145,0.12041168976456451
18146,0.14421593722184617
18149,0.16541315900992407
18152,0.06031844363063495
18153,0.20097581806663425
18154,0.1297739368796008
18155,0.14164833307004032
18156,0.1611832529675237
18161,0.1594516095685171
18163,0.06955090478522681
18165,0.059935452204867484
18166,0.1403274139804851
18168,0.14767472570881093
18172,0.05594436403127634
18174,0.14341222966097997
18176,0.06247836003695612
18177,0.07213602060472367
18179,0.15497414698172285
18181,0.157858083163862
18182,0.059360833397392794
18183,0.1594891423889707
18187,0.13452728320945073
18188,0.24091320493583676
18189,0.15795284894725772
18194,0.14428122631118456
18196,0.14578011038792318
18197,0.1517050124039235
18198,0.07418506355856459
18199,0.1526641378939885
18201,0.15233731487505697
18205,0.1388905926774124
18206,0.13456452852228123
18207,0.15771960666234705
18210,0.13362041819331796
18212,0.13609565825354733
18214,0.12946366373026075
18215,0.12659279247480812
18216,0.14421100851739124
18220,0.06656811589002337
18221,0.23520638563469762
18222,0.060198937667022195
18223,0.1870006268649916
18227,0.1469453360789619
18228,0.17011132865059872
18229,0.06004794322327353
18232,0.16414705522957881
18234,0.14432482924622825
18239,0.1345105867848038
18243,0.15091287535500938
18244,0.06051481065857237
18245,0.16508468569360876
18246,0.09422160121343122
18248,0.15729285301750648
18250,0.250612571876006
18253,0.24943688364704109
18254,0.13018494970307384
18256,0.1356188198543351
18257,0.13329046116001356
18263,0.06269806555603984
18264,0.040261518885759365
18266,0.12889441182132502
18267,0.03967613712008623
18268,0.11845736619714604
18269,0.15236156228061457
18270,0.15385104949455447
18271,0.2530031749445185
18272,0.12334015718046498
18276,0.15542396304977937
18277,0.0621938869793787
18280,0.13263363821129798
18282,0.058044035166460006
18285,0.14847263295934024
18288,0.3648362789738769
18295,0.05700006089026451
18298,0.11830461496959836
18300,0.11971802660966101
18301,0.12565031196242227
18302,0.12245988866829631
18304,0.060659641124451
18305,0.14211578880706258
18306,0.2188244573912376
18307,0.061320984592469985
18308,0.06543694847395375
18309,0.13470344884201
18311,0.15403200712497936
18313,0.15165615505392213
18314,0.14853055061129003
18318,0.16244545510724082
18320,0.2181124919957573
18321,0.12792253830577976
18330,0.15416032956883288
18334,0.1294839421457639
18336,0.05569320361478384
18337,0.1386275789207686
18338,0.11519997946389611
18339,0.13701112273442
18341,0.2367914052632447
18347,0.06395042725863638
18354,0.06167651991836557
18355,0.058173078178045956
18356,0.13770566320938848
18358,0.12693128913622562
18360,0.15553825043507144
18361,0.141269683847157
18363,0.15153269872576322
18364,0.2250951917618327
18367,0.14227196544228535
18380,0.05947284809902711
18383,0.1327811083209067
18384,0.1336570360957995
18385,0.1587644008566926
18387,0.37623033018373286
18390,0.14085370127264737
18391,0.17408584814439307
18392,0.13209039555521185
18395,0.3690695918373408
18396,0.17121867298843574
18397,0.13397262637828788
18399,0.14804462015764913
18400,0.2243450115746681
18403,0.16505144980448497
18404,0.1352109162386824
18406,0.1266097874955647
18407,0.23010483255241135
18413,0.13393439991344078
18415,0.15336418514038638
18417,0.15625134172685856
18420,0.057842581176566855
18422,0.12111102170440086
18425,0.06245235799980207
18426,0.379148465548282
18427,0.04300652933649297
18428,0.1293396022435593
18429,0.14346956037727446
18430,0.12298065550961294
18431,0.13901240087835426
18432,0.1688759021456676
18433,0.38542582078437215
18435,0.13451574822906864
18436,0.09115283058954082
18437,0.05679246202976381
18439,0.12126464545874797
18444,0.1278449346799352
18446,0.14588616706313193
18448,0.15385140110500684
18455,0.07956500488261388
18457,0.13987363411363576
18459,0.15808758407797058
18463,0.18726135363589705
18464,0.14050242225751672
18467,0.13402956515530082
18469,0.1434627694662066
18471,0.056602902822969335
18475,0.13011101791453641
18476,0.059273364322392386
18477,0.12113223520915019
18483,0.14155737767799673
18488,0.16892532942934743
18489,0.06950141793388194
18490,0.13083893395544824
18492,0.23544241270633592
18493,0.13671964895591499
18494,0.15003278188078076
18498,0.09020036616314635
18502,0.13711376809917078
18503,0.044258541900762664
18504,0.1473576406916927
18506,0.13231366156193491
18507,0.15443334941663228
18508,0.1370322057432571
18512,0.13635117276194686
18515,0.04345815361891889
18517,0.15207940616605067
18518,0.13638086023627058
18520,0.13918693317829042
18521,0.11519678317895876
18522,0.14153200048250666
18523,0.13308013522022902
18524,0.0700736093900491
18530,0.13424769559158314
18531,0.13970147912285497
18532,0.06009027814434617
18533,0.13913096453146234
18534,0.1578709050413958
18540,0.13461489912417132
18542,0.1353771848505899
18543,0.12897848448002575
18544,0.14425898986529864
18547,0.13650957842901992
18549,0.04177455099630483
18552,0.15253901123661937
18553,0.1674644833390162
18555,0.14211699090611019
18558,0.16313572223899933
18565,0.06236223666743559
18568,0.2584821101894809
18572,0.12771661216937333
18575,0.14868748514204974
18576,0.16481834309478935
18579,0.1285574271903738
18581,0.15528983567887167
18583,0.08478766291475155
18584,0.041668423748809504
18585,0.06079038453956437
18590,0.05851534681833206
18594,0.14239090305524915
18595,0.12709652465638258
18598,0.130445053044845
18600,0.1674178372312868
18601,0.34780573459790315
18602,0.11957745578505251
18603,0.20090464422751783
18604,0.04751886194654525
18610,0.13484211764402734
18611,0.1486231368855265
18615,0.15058408654441954
18617,0.13408317974484538
18619,0.16081547901826218
18623,0.06101234299448526
18630,0.1182490152591099
18631,0.16988567927305095
18632,0.06007030769882549
18633,0.14675414791665076
18638,0.14139472362925268
18639,0.11620158255017582
18640,0.1341760648478303
18641,0.059705196856284594
18645,0.16743454843141636
18648,0.08581714996255958
18649,0.13311561217518306
18651,0.13651116785202358
18653,0.09991926295046227
18656,0.15947944235092837
18657,0.13944227912261228
18658,0.1441341665701248
18659,0.13927792511904077
18661,0.14820344909993213
18663,0.24908432625314228
18668,0.1733717666145735
18669,0.1254764623049174
18671,0.1320270508216549
18672,0.0805832917383174
18673,0.1421990065068419
18679,0.13511691112566127
18689,0.1523435357942605
18690,0.15605216643142483
18692,0.139498209485558
18694,0.1451134910612143
18695,0.1776901744010092
18698,0.15657922426549475
18699,0.1460801964648973
18704,0.1410599865078464
18706,0.35589589587618536
18709,0.16283163897481714
18712,0.15855140122988567
18713,0.17012663181700458
18717,0.14605884678904277
18719,0.41715998707576407
18724,0.12516827967284028
18725,0.06534617018992488
18728,0.15484229359272508
18729,0.12132871945862177
18732,0.04386992299758861
18733,0.13601382464482778
18734,0.06654047542313525
18735,0.15241258781108122
18736,0.15520272137091085
18739,0.13017065462138602
18740,0.14718347296983814
18742,0.15208967413823993
18743,0.26434383596561895
18749,0.05715157975251301
18750,0.16258670638440165
18751,0.12859626931422416
18755,0.12753769299741005
18756,0.046347826021268614
18759,0.14875658560495122
18760,0.06769311334463803
18762,0.1565722885366916
18765,0.15451084656618344
18766,0.14329480666930985
18769,0.1235525005256517
18772,0.13963062970182352
18773,0.05668294107801386
18774,0.14109753572544773
18778,0.1408775301336895
18780,0.07141284873542357
18782,0.14258057608383776
18784,0.14140191254028853
18785,0.16046801588752682
18786,0.14554056796847284
18801,0.07203856426376788
18804,0.13991797651443924
18807,0.14936989281603752
18810,0.21796141607631683
18811,0.13325610241721375
18815,0.11991815860445248
18816,0.15232568803526966
18818,0.15487854753407168
18819,0.15967012858527108
18820,0.1695275077371967
18821,0.22249585863758892
18822,0.1773890753313826
18825,0.14697199841316236
18827,0.22204019976016223
18831,0.1303896032111395
18832,0.15097690971108205
18834,0.20298559367549773
18836,0.1371644633970768
18837,0.13098843551554507
18840,0.06409546998908555
18842,0.11052798062687419
18847,0.1336473583896652
18849,0.1427060422809904
18852,0.1365443640835272
18854,0.15767113890217463
18855,0.12666573942448214
18857,0.12412728912445364
18859,0.16401197501695355
18860,0.1292495822962591
18861,0.14639914980753482
18862,0.05793309880599786
18864,0.13965396300241473
18868,0.12894168634800046
18870,0.15066727647136732
18871,0.06009521795487358
18874,0.13657393843625026
18880,0.17528590343181885
18882,0.13890645792356796
18884,0.13336055769836427
18889,0.1549807960010028
18892,0.1568033572065465
18894,0.23970823386466503
18895,0.1561587169860664
18897,0.16926970942542205
18898,0.05808840384195988
18900,0.18737292976380382
18902,0.14675702699515875
18907,0.15692091971264288
18909,0.176374798249655
18910,0.34930746430198195
18914,0.13999051880816094
18917,0.13013608143658506
18918,0.12788450739805265
18921,0.25502539993478085
18924,0.1485398592323043
18925,0.11742676780704962
18927,0.14696228481653528
18928,0.058494936089628545
18929,0.1209299855132121
18930,0.1308156005791454
18932,0.14927475980315316
18935,0.05389427946091399
18938,0.057151891070579275
18940,0.1380371851060779
18941,0.13816656138776312
18942,0.15644968516202276
18944,0.05829644188666346
18946,0.1533350587738009
18949,0.12586373449105334
18954,0.062110940207579755
18956,0.15280671418014857
18957,0.06666629131793152
18959,0.16250335738432564
18960,0.10413121055565377
18962,0.14854852746971947
18963,0.1725679511710337
18964,0.25443227072844304
18965,0.14359328604068938
18967,0.1293287007586648
18969,0.14891629216092306
18971,0.21833795506018683
18973,0.13592406455194958
18977,0.13393508958395403
18978,0.17342396461477105
18981,0.15545852604089996
18982,0.06398678264707787
18983,0.14723833082747206
18984,0.1382828577359646
18985,0.13788876329192282
18986,0.15799202300258666
18987,0.13112840743433204
18988,0.1196915471053857
18991,0.06678204422014195
18992,0.14046930577336333
18993,0.1472575949297143
18994,0.26200649829482975
18995,0.13582022322408302
18997,0.1394646543283474
18999,0.1270030023012876
19002,0.12640475428188122
19004,0.12401609788120177
19005,0.12261708736774872
19007,0.11678804495185095
19010,0.14832608136173162
19012,0.13575549822551436
19014,0.1299962732167965
19016,0.15068383963747903
19017,0.16565214636230974
19018,0.14227754866045486
19019,0.14789852467903372
19022,0.2032155443171381
19023,0.2613760297113448
19024,0.24580322656444376
19028,0.14422210211849956
19029,0.05553742071912595
19030,0.06352466583389417
19031,0.16991756516204312
19034,0.14526879503073112
19035,0.05304106986672639
19036,0.1723042695465807
19037,0.1459647087640219
19038,0.16644585045176033
19040,0.043820883649699605
19042,0.24473283870256468
19043,0.1331151465341421
19044,0.12023242902552311
19047,0.22830930840286578
19048,0.16967852129914085
19049,0.15459615909887844
19051,0.15482917161084855
19053,0.13322515064042031
19054,0.24407694875208832
19056,0.12197437157213
19057,0.1501215992233864
19058,0.140798953529231
19059,0.12664964615495197
19060,0.1400123287884582
19062,0.15433355431129162
19064,0.1570817469502839
19071,0.2518851476375041
19078,0.10990218112670512
19079,0.13261441219835782
19080,0.11216489988246119
19081,0.05870582959748318
19085,0.1432572089331564
19088,0.15775276178116293
19089,0.14641448177757718
19090,0.15603682540561806
19091,0.266571650736523
19092,0.11800600602636081
19094,0.14251767748881702
19099,0.15771293252092952
19100,0.1461468702666801
19101,0.06317862805940826
19103,0.14395243379729197
19104,0.16232892468727775
19106,0.1427381304003296
19107,0.2288261390218481
19108,0.14958172086869756
19109,0.03877025252602866
19111,0.14519572759140695
19112,0.15661244236067587
19113,0.1368833605824983
19114,0.14243874225082195
19116,0.1610223374117257
19117,0.1556694260133243
19121,0.14074822633830586
19125,0.2338913348896503
19127,0.1888646326028551
19128,0.13326272514380763
19136,0.12837907121171757
19137,0.12184914288231712
19142,0.15279452735601662
19143,0.12309827508586522
19144,0.1428344782330474
19146,0.14830993075314616
19147,0.11922517699347325
19152,0.06929625295849236
19154,0.0551845162046602
19157,0.1522295358673882
19160,0.14630070057231662
19161,0.062228059735845186
19162,0.23150109668218932
19165,0.05849380659404977
19167,0.05807280911801149
19168,0.15627638023676652
19171,0.05971013098415449
19172,0.041669170087003084
19173,0.14710438692701747
19174,0.13509542852845408
19176,0.13679316154714585
19177,0.16156588915032025
19178,0.043180098112551975
19179,0.2211312570349411
19180,0.22333115908473777
19182,0.15585334462080216
19184,0.14985460070924816
19185,0.042769779398576485
19187,0.06606070929173466
19189,0.21911587378890007
19191,0.12548436785200226
19193,0.14848641068992827
19194,0.16160290935661614
19197,0.1817043982037713
19198,0.1385949856854196
19200,0.1637130105238839
19202,0.03981449086535953
19204,0.08718291418589992
19205,0.1335201079312469
19206,0.12626844828726416
19212,0.05780303138406929
19213,0.1367742568219694
19214,0.40819074054649923
19222,0.15120166592028453
19223,0.16114057340223978
19225,0.23311122865296507
19228,0.1510737523602271
19230,0.3950953787132853
19236,0.1469213029734212
19240,0.15473954152476574
19241,0.15561903961336596
19242,0.14239989983253037
19243,0.3443956524251303
19244,0.13189504634236915
19248,0.14175744209952387
19249,0.15954250791286387
19250,0.14954135785068165
19251,0.16541782393814675
19254,0.15231447339536416
19255,0.14806154186412357
19258,0.1584063889272026
19259,0.14003477096850858
19260,0.25946025150640545
19261,0.11643047147209466
19262,0.0633028681057745
19264,0.1386086512377809
19265,0.18464408112846528
19266,0.15246133147388025
19270,0.1300224134687892
19271,0.1319725910468488
19274,0.15025393272166004
19275,0.14029310377985804
19276,0.07854807313014814
19278,0.056205599686047214
19280,0.12925229728224263
19282,0.14715114461937792
19287,0.16657793593493
19288,0.13284148052833392
19290,0.1590669152330795
19293,0.1571344824376113
19295,0.22034373193095388
19298,0.20584345207318674
19299,0.1871038147836961
19300,0.056859060673897004
19301,0.13413706589345506
19304,0.1382792500854936
19305,0.15711539922554363
19306,0.1228002354954947
19309,0.16041401430074595
19310,0.1268069010851951
19311,0.22462965375188693
19313,0.1826406502856199
19317,0.15642929329568733
19320,0.17687008225990433
19322,0.054796317695598507
19324,0.17051315632787936
19325,0.1543576329375027
19326,0.08945892539831318
19328,0.14937430135925747
19330,0.1510120533703894
19331,0.4173833691316578
19332,0.14539560913256686
19334,0.1425944824309824
19337,0.13300795232318643
19338,0.15214189655999202
19340,0.12504221605243812
19341,0.13920485254724246
19342,0.14309962510267485
19343,0.1563135309170762
19347,0.36954637111438854
19348,0.15968394462851354
19349,0.24217416324341787
19354,0.1529200312252976
19356,0.14581076402256896
19357,0.13070462641039615
19358,0.2085658852448664
19361,0.12337972910811805
19362,0.14873481793587642
19365,0.14301752267792023
19366,0.12592751416109138
19367,0.15590047610768645
19369,0.13394701443478127
19372,0.14366868265473975
19376,0.05438566594687785
19377,0.14903574736477213
19382,0.05940380766331977
19383,0.2377183397671737
19384,0.1639560267694087
19385,0.13613436454939976
19386,0.16059317256538364
19388,0.1466004232655612
19392,0.1451624575533644
19393,0.1646626314804861
19394,0.12233368742626582
19395,0.21357828527157172
19396,0.14418417595773092
19397,0.1281780242816241
19399,0.161989950006426
19400,0.15729511563209433
19402,0.14405066209741876
19403,0.15099035805082103
19404,0.12340806124466928
19405,0.1336182706877467
19406,0.1433132367793946
19408,0.12779979115827775
19412,0.17468485121258379
19414,0.14626458701267145
19419,0.2327833854270572
19421,0.15220618656344267
19424,0.12687940386900742
19429,0.3919896986622193
19431,0.14739246823692617
19432,0.1466924052851914
19434,0.06201930883882841
19435,0.13200143637409206
19436,0.13696341248371077
19438,0.12609528712095913
19439,0.25297060917371184
19441,0.06089559615417355
19442,0.05943043485891817
19443,0.13908178608452382
19447,0.11201711073980038
19448,0.13272151286147435
19449,0.12520690321784472
19450,0.15633822538804854
19452,0.14151724274075905
19455,0.2577096659380649
19458,0.14224062560409786
19459,0.16495823984993654
19460,0.1493606146857606
19461,0.03978772555928959
19462,0.13254414212431745
19463,0.13571130354539865
19468,0.15744440750732747
19469,0.054963085657320575
19470,0.3890918085321695
19471,0.21495539314450504
19472,0.1435604570674858
19474,0.13965373267666928
19475,0.14170536880651216
19477,0.14593074393580643
19478,0.1406229961081512
19479,0.25442100901954
19482,0.1513897842734957
19484,0.2677532885396467
19487,0.1395656816098738
19492,0.14210715484327133
19495,0.1374426836094413
19502,0.14158405736007607
19505,0.12486823857154535
19506,0.12854212739090864
19507,0.12632175456203432
19510,0.13747050777330008
19511,0.40344601299186933
19512,0.042765184551345814
19515,0.14579962861308288
19520,0.15630004759177932
19521,0.14770193267644313
19526,0.16513313266295268
19527,0.13932503265966825
19531,0.2438505236636195
19532,0.13234936636834949
19534,0.14823034548338607
19538,0.1518673547138453
19539,0.05700723736968812
19542,0.09944290791129913
19543,0.12807739481927438
19545,0.1510083879780839
19546,0.15345113544945044
19548,0.17547867286703145
19550,0.17482304921597516
19552,0.13649601618547375
19553,0.02630069944727344
19554,0.1308568651632695
19555,0.13347641899296758
19556,0.15137507522791102
19557,0.14557675701634545
19561,0.1551843187220451
19563,0.15190391076928297
19570,0.13587988752672867
19572,0.1388528088187804
19574,0.23210578852456573
19578,0.1250804772810464
19579,0.15440110460446949
19582,0.17287732822364232
19586,0.04177486971076124
19587,0.08424248588425078
19589,0.1261274788758114
19590,0.06091011542089609
19592,0.13914501407055388
19594,0.0676065754190358
19596,0.22761217007318543
19599,0.12445509473888146
19600,0.11977624233772188
19603,0.12053104095445354
19604,0.13877527073943766
19605,0.17894384587936804
19607,0.11133703930186684
19616,0.059706667177951554
19618,0.06300955229677214
19619,0.05838701482925391
19620,0.1302497380367533
19623,0.1343272776463705
19624,0.17506006405930666
19625,0.1473569313954731
19626,0.14399049542785655
19628,0.14725762805841583
19629,0.15827659992731935
19631,0.12178472510580017
19633,0.1424158000736139
19634,0.13258916101250873
19635,0.26032663358060065
19636,0.15915250606311743
19637,0.12947934619180188
19639,0.1602335089320683
19643,0.15225978691213538
19644,0.16862373328423494
19645,0.1815837436322442
19647,0.15594539846261804
19649,0.1564652531691537
19650,0.1544080725425945
19652,0.1588352518510844
19653,0.15767192516456144
19656,0.12890364105098803
19660,0.15455473984512766
19663,0.14794024687991011
19664,0.16958211973887924
19666,0.1619103868322015
19668,0.13473361312191404
19671,0.13891385425806027
19672,0.14176136282795826
19674,0.21131073986453783
19675,0.14071419725901027
19676,0.14970243940529368
19678,0.15475600618498683
19679,0.1479792539288428
19680,0.1790857603410857
19681,0.15974591109676758
19682,0.12724676869710175
19683,0.15057276494768856
19684,0.11769793660757204
19686,0.1391329835462703
19687,0.15308462871288264
19691,0.13867055222657182
19692,0.1425833680694818
19698,0.2222676669316377
19699,0.13428649235867396
19700,0.13545043044870375
19702,0.1373002231877863
19706,0.14875651792005154
19707,0.3804223511194578
19708,0.1285534267592572
19709,0.1620783193391843
19710,0.1338770273334427
19711,0.14887013125996515
19713,0.08077907441874328
19714,0.1392133267134966
19716,0.1639166617556151
19718,0.12614665615191747
19719,0.15859144382287674
19720,0.12555179258475463
19724,0.05586945040001771
19726,0.2366315102523903
19727,0.14522876836045936
19728,0.059470779987558786
19729,0.15390670198675782
19731,0.2338426589825133
19733,0.15158099039607933
19735,0.12936734901592975
19736,0.16062346885350168
19743,0.14835515655627882
19744,0.15333009479154922
19746,0.12881106415734855
19748,0.15091630047828034
19750,0.1486763610275862
19751,0.2305001390122571
19753,0.12893474333343946
19754,0.1514716688658773
19758,0.1170300571316476
19760,0.1554354119888988
19766,0.06206961674808948
19769,0.04703196085138659
19770,0.1544019544376716
19775,0.15629023052534655
19778,0.1191715637486832
19779,0.0481151783869494
19781,0.1370524389171531
19782,0.37413145110300033
19783,0.13386049997587127
19784,0.055161515415353274
19785,0.24385043867100142
19788,0.22785943237141418
19790,0.14717242273328807
19791,0.06355301592772927
19792,0.056024147199155196
19793,0.13799110663892966
19795,0.14212392619768485
19797,0.25333145883150604
19802,0.06467272641946246
19803,0.16628920268802602
19805,0.15806463857268338
19806,0.1493441350658422
19810,0.16808184814753127
19813,0.0387712598864579
19818,0.08880089435796469
19819,0.15293193370588912
19820,0.15531976024551208
19824,0.18443334689279908
19828,0.12504371865091324
19830,0.14045297923724157
19831,0.24259619480487796
19832,0.040755032640349215
19833,0.16347978489308926
19834,0.15355387886169838
19835,0.13124626489525057
19836,0.13304497744058197
19838,0.1489982342498473
19839,0.15419785498607172
19841,0.15119002022886738
19843,0.1371309542899208
19844,0.1361125362486013
19845,0.140121749315443
19847,0.21274013200149933
19848,0.1628704284696077
19851,0.20221349637228905
19853,0.16632182508629278
19855,0.14158033402684225
19857,0.15606716480749547
19858,0.14442134035069357
19861,0.06305555384533182
19867,0.15226965605998297
19868,0.14995254575195346
19871,0.12212313177082716
19875,0.15003946117777975
19878,0.13773560774564944
19879,0.05710448226926689
19881,0.1802572315174196
19882,0.13754648611410145
19883,0.1342792444327814
19884,0.2317126937655397
19887,0.38649564710087114
19889,0.13885359864220173
19890,0.14446063238705556
19893,0.2090409751610932
19894,0.2568217031639463
19896,0.14133994165325595
19898,0.3730820317398511
19900,0.25488252310410425
19901,0.15311062536481715
19904,0.15673277284090356
19906,0.3906988302118939
19914,0.042611961068295144
19916,0.06095899405672217
19920,0.22363654384040696
19921,0.059772821520919
19922,0.1297377504062394
19924,0.2800968128137906
19925,0.13690414158320088
19926,0.1646135005936615
19935,0.05377672832116603
19937,0.10051689117994973
19938,0.1325020926267787
19941,0.14704456289128476
19943,0.12172465318894558
19946,0.15205553402092595
19949,0.062207879184864145
19953,0.15421060821047458
19955,0.15059337268692952
19957,0.15793926951601658
19958,0.13720482248874238
19959,0.16378304843946503
19960,0.15108957768888262
19963,0.1343612220817939
19964,0.3760679053773533
19965,0.16557508383204653
19966,0.15756752791691528
19967,0.12809684735251506
19968,0.1613465284886082
19969,0.05472020250079704
19970,0.04581969543961087
19972,0.11553477196032101
19973,0.13665833756017923
19974,0.09225196872148857
19975,0.1413745896474908
19977,0.27076063048561144
19983,0.05719633933304635
19984,0.06811524759052968
19986,0.2307671255989924
19987,0.15640857539660627
19988,0.14627929789109154
19989,0.11871883168580673
19993,0.1251631620634176
19995,0.12130422415173003
19996,0.14894187591653793
20001,0.14905485518675352
20003,0.11591470283853632
20004,0.1664123588886304
20011,0.25313622022956683
20016,0.2104564464724635
20019,0.150330126572273
20020,0.12951287158607208
20024,0.1483321464740727
20025,0.25078223368145885
20027,0.1463998683653653
20030,0.1576501312483867
20031,0.05691405340715383
20032,0.13613886983824958
20034,0.15223473264246612
20035,0.13267839398740633
20037,0.0693874789532013
20039,0.1459577930252267
20040,0.15248320569741244
20041,0.13794580253910368
20042,0.15477472091809644
20043,0.15223180366271352
20045,0.1255277517023672
20047,0.15968475083906233
20048,0.24697064272259198
20049,0.14993055947561973
20051,0.24726651257312773
20053,0.15222667959615815
20055,0.15811123498976304
20057,0.2566503808512485
20058,0.1514429420656935
20061,0.14721494009273417
20065,0.15590354924085836
20066,0.13631351431566982
20067,0.14747091907400203
20068,0.05824620526675295
20070,0.16781423637721207
20072,0.1368657758180094
20073,0.1696074450619013
20075,0.18201519709480127
20077,0.2151498972901006
20078,0.1423337865803451
20079,0.148669010299135
20083,0.12571188511469966
20084,0.08676989948678127
20085,0.1382622388958142
20086,0.06321247622616112
20088,0.12784711530280157
20089,0.15079582493555202
20090,0.04523027168164806
20091,0.2759526189625812
20094,0.18475289046459353
20096,0.15056791812313688
20098,0.12229032818975384
20100,0.13592671510689883
20102,0.17018344533622823
20103,0.15561833211471443
20104,0.16370599536446287
20106,0.13261630939361332
20108,0.43514877992117196
20110,0.14565684679550814
20117,0.14854742988311778
20118,0.36900896915838954
20119,0.14487840201420008
20120,0.2818315866240679
20126,0.11970053433163613
20127,0.13037924275917231
20133,0.12787848075939842
20138,0.13071295020504056
20141,0.14549668458923146
20145,0.1701224439156869
20146,0.06368260415057013
20148,0.14045766254197864
20150,0.15056746472912888
20151,0.16151091314100352
20152,0.15760177452797577
20156,0.12689289300870585
20158,0.15291203496892103
20160,0.15010074964643438
20161,0.06379971590887538
20162,0.14409109577275309
20164,0.1793451254154472
20167,0.1239448764091638
20169,0.15529072271623734
20170,0.15618275921572458
20171,0.1469539583348889
20172,0.05365061746428095
20174,0.11911175390531466
20175,0.14697278335380617
20178,0.13801396648967765
20181,0.14662474760260327
20184,0.05862275907813455
20187,0.2497619601776436
20189,0.138375642989269
20190,0.14540587211070233
20191,0.13187187388417876
20192,0.1524435570007235
20193,0.15545296640774076
20197,0.24130824697784137
20198,0.13076347076600028
20199,0.12393170848398576
20201,0.14307687487313228
20202,0.118210961740911
20203,0.13803552149264217
20204,0.14685494424832704
20205,0.14579874880778312
20208,0.05881817170425784
20210,0.14048106575719002
20211,0.14755715910518294
20212,0.15098507344466064
20213,0.15676285840230425
20214,0.1636101134458531
20217,0.12941332374760228
20218,0.14987683209412248
20220,0.14389630702246936
20221,0.12033928319451515
20225,0.13607390284827173
20226,0.15489179464041344
20229,0.13973078579254108
20234,0.1456622800780723
20238,0.14375165179774077
20241,0.06743110107429544
20242,0.15093986665393067
20243,0.1698163974317631
20245,0.15312777051578416
20248,0.1678071838095371
20250,0.13344685160946315
20251,0.22997227338319734
20252,0.14223684518446308
20255,0.05928698749130923
20256,0.132384067624205
20259,0.061459751704526465
20260,0.058676448302281116
20261,0.14057990434196696
20262,0.13136175071065936
20263,0.12892633920169863
20265,0.03900878984403163
20266,0.26087293780107973
20269,0.057164755139350154
20270,0.1508834149658702
20274,0.12474897051281458
20276,0.21171720058098312
20277,0.25690173497937346
20278,0.12678920394103713
20282,0.13701929106911495
20285,0.14507312907774128
20286,0.15603714976302394
20287,0.06306786872404206
20288,0.23628823143101055
20291,0.230941164332371
20292,0.0632062737192977
20293,0.14707681784525511
20296,0.16308893521550025
20300,0.1406160139355154
20302,0.13855556137335678
20303,0.15405452673426193
20305,0.16446525247888372
20306,0.15399234323171715
20309,0.1304699444631184
20314,0.23331598203718484
20315,0.13582471831503576
20316,0.13218155742019055
20317,0.13632215830161834
20318,0.15320193686009972
20319,0.12854802849209213
20320,0.16426161906257608
20323,0.15019505275844222
20324,0.0645899687576983
20325,0.05972958042432409
20326,0.05803405293039666
20327,0.1261405259989047
20330,0.13324271648744532
20331,0.13719256325695536
20342,0.1521705144019996
20343,0.12973541495216878
20345,0.14309781815171105
20347,0.0651086645669837
20348,0.1451678149308046
20352,0.11922821177032843
20354,0.05875534980511921
20355,0.13617015619899717
20356,0.26057279458580945
20357,0.15639527154685265
20359,0.12675007054470555
20361,0.15191351958445234
20363,0.06259383944031854
20365,0.15217878536104787
20367,0.35609232052329226
20370,0.05898722746386715
20372,0.11465827414639158
20373,0.14703881704425073
20375,0.38649494840368986
20376,0.1361569957928108
20379,0.06092818670038878
20380,0.14528013401645815
20383,0.134491830283919
20384,0.16232334983019336
20385,0.12590703800184108
20386,0.13053824735012431
20387,0.16672295149988994
20389,0.13805967493626473
20391,0.16552574949435653
20392,0.07249964295480714
20395,0.1432783363325332
20396,0.22557329290810346
20398,0.33059323402790364
20401,0.14163787092878297
20403,0.14663009908684524
20404,0.14569660329393544
20406,0.2343510110402872
20407,0.15128890168454293
20409,0.14191416886813116
20411,0.1291183024337046
20412,0.16025462845739258
20418,0.14144796699319442
20419,0.1456148603341354
20420,0.05586513426505258
20423,0.14113178371438498
20430,0.1666902177467253
20432,0.1286150203008176
20433,0.40655167480691673
20434,0.2599822588769014
20437,0.13811670769715798
20438,0.16332952234727668
20439,0.1364029463676986
20440,0.1344279499644987
20442,0.1353635874453856
20444,0.2665987185925273
20446,0.13825170181393495
20449,0.17294376524147628
20452,0.12307767963185574
20454,0.13672134986305656
20455,0.14622985461171814
20456,0.13424663132607262
20458,0.15699191334300452
20462,0.1513592604148987
20464,0.16168380614149258
20465,0.13392876761573824
20467,0.15145474297743033
20468,0.048129488905508166
20472,0.17024710987101122
20473,0.0576632542470509
20475,0.1389908570720538
20477,0.1517768415613892
20482,0.1337591274280141
20483,0.23584374122787222
20486,0.24321305060088091
20487,0.16741535823610745
20490,0.133185796850975
20491,0.13187535236604975
20494,0.06354750737835997
20495,0.14586936650098956
20496,0.1275839313857581
20497,0.13169707275511788
20498,0.2162435865358694
20499,0.14030550753600465
20507,0.12526520473451766
20508,0.143202987153367
20509,0.07110783487774161
20510,0.14004321329340974
20511,0.14773918191500582
20512,0.058307003811020074
20513,0.15952474790603244
20517,0.16533419907215993
20518,0.26497490519622047
20522,0.15606075726560484
20525,0.14748395603864883
20526,0.14378304468052994
20531,0.22636355925291482
20534,0.16732003273927296
20536,0.1485844627220741
20540,0.13844946078504497
20544,0.1525834570013011
20546,0.15579269042169938
20548,0.057286213776377465
20549,0.13889137890536385
20550,0.05696931547976226
20551,0.11915935629474066
20552,0.14752148486808925
20553,0.13670499030488067
20555,0.22765109580421308
20559,0.16509823210555985
20560,0.14688431005732275
20561,0.24694326701914246
20562,0.13480325733986218
20563,0.1489619970469652
20565,0.1550347532020535
20567,0.14477444511524032
20568,0.18241577214198115
20569,0.1538107905475995
20572,0.1370533982644899
20580,0.1537347701525937
20582,0.14996037123916747
20584,0.2684396561629848
20585,0.1569175662065043
20588,0.045318319012944475
20591,0.15215710547911185
20596,0.1389230837771038
20597,0.05760089675475699
20600,0.14423790004706696
20602,0.1988356702053979
20606,0.05756596714045112
20609,0.14501427747675416
20610,0.1648630424303451
20611,0.15338971561835976
20613,0.12922462441712732
20616,0.2134311153247331
20619,0.04132569561747953
20622,0.1550243532803484
20627,0.1387544389105045
20630,0.1310573968793026
20631,0.055918895937424544
20637,0.11158423952537912
20641,0.2363805574795025
20643,0.22690361884081559
20645,0.15052692379798663
20647,0.11497966288431172
20650,0.14998723093316113
20651,0.13803973807699624
20653,0.16806243517776853
20654,0.14799445609893144
20655,0.060771302697813896
20656,0.1562902614602952
20657,0.13117781503902812
20659,0.04287277515651631
20661,0.06494090083193826
20662,0.060697161753130176
20663,0.1350621879768439
20666,0.14383217406377793
20667,0.12329314595362562
20668,0.14779965147497479
20669,0.23254661136548796
20673,0.06306288996976207
20675,0.15437701424782935
20676,0.17094029881665118
20677,0.140863286710219
20681,0.1197238884392451
20684,0.13175472397782526
20686,0.14930574705709623
20687,0.141395034358685
20689,0.14040404257766304
20690,0.15926827896245058
20691,0.15308213770768755
20692,0.14142985175905765
20694,0.12985702258736234
20695,0.16561954669154239
20696,0.0647813827668644
20698,0.13418181758216738
20700,0.17632644670337347
20703,0.14231601603554464
20704,0.39086814028197203
20705,0.14240717461221505
20706,0.11914407200811694
20707,0.14366533100600773
20710,0.26794928019962944
20711,0.12873525960980056
20712,0.07943337910879808
20713,0.14688799179317483
20714,0.15204558770062115
20715,0.1332876973104608
20716,0.16125308642433792
20722,0.14130901096548565
20724,0.1671278499161042
20726,0.23888743098393625
20728,0.16607795731259278
20729,0.23489306946221852
20730,0.13867220577185863
20734,0.1473750653676915
20735,0.05869251029371673
20736,0.1300809445130724
20737,0.12453111812628774
20738,0.1437965696855175
20742,0.23994585239472574
20743,0.04326440599449998
20744,0.12171004319681063
20745,0.14561733065101296
20746,0.14691525980618023
20751,0.08430883683734565
20754,0.1333540077911633
20756,0.2319155318111452
20758,0.13129603816296107
20759,0.15032188150246314
20760,0.1692288434274308
20761,0.21031200292803823
20762,0.11775825690917602
20763,0.07797580912168371
20764,0.12305915486362214
20767,0.22992562851197684
20769,0.08360640366197082
20770,0.1482788750359564
20773,0.1374734930305296
20775,0.35442221877644303
20776,0.1199916118441819
20777,0.21657064420721697
20778,0.06051446514306138
20782,0.13280647355297448
20783,0.12433949826849144
20784,0.11833419704823278
20786,0.09941161876889788
20787,0.1393207120387819
20788,0.12669797212615866
20789,0.04477362889710703
20790,0.057073344453114655
20791,0.13482709675567853
20800,0.2564407024138078
20801,0.13519440454104623
20804,0.141215214019858
20807,0.18015235926391207
20809,0.05822378125895789
20810,0.345003379759818
20812,0.38091588327894405
20814,0.13468995324485747
20815,0.1370585132602106
20818,0.03788433351087765
20819,0.15455128122671974
20820,0.14355147665656798
20821,0.14471396235520564
20823,0.14530576583816593
20826,0.16113473621779847
20827,0.2733713855957285
20828,0.14076457122905492
20829,0.12448733952623663
20830,0.15391259212387595
20831,0.12719915320988595
20833,0.13638964533389755
20835,0.06673875671125408
20836,0.1284393275469665
20837,0.17502313578993736
20838,0.13564558407414687
20841,0.1491567663976792
20842,0.1385377933193621
20843,0.1493281213327929
20844,0.12899247917707024
20845,0.13305939728990224
20849,0.2253873876915431
20850,0.12801340514901063
20851,0.14163199424347475
20852,0.14870134790366255
20853,0.15633715308582882
20854,0.13412405912156333
20855,0.1454316727890006
20857,0.061721971509722
20859,0.14324285307483495
20861,0.13639543279934863
20863,0.1608301704270365
20864,0.254777397858936
20865,0.12147238536530607
20866,0.06747219159604212
20867,0.21451983134680533
20868,0.21876926152499973
20869,0.1575485224708996
20872,0.16916823253947208
20874,0.05601274145940368
20875,0.15506507080726975
20876,0.13468502887263997
20878,0.15360391148496189
20879,0.15898855912498774
20880,0.05703517550175119
20882,0.2253793729893536
20883,0.22124972469896742
20885,0.045547953714554335
20886,0.1365607714201564
20887,0.06158951563336847
20888,0.1565885731405795
20889,0.12544995432662706
20891,0.1384120500339957
20892,0.15526720451845785
20893,0.15068055884902
20896,0.1384480615229088
20897,0.03921283121000768
20899,0.14012689662873323
20900,0.25810798112581573
20901,0.14304209907451512
20902,0.13998159550539044
20903,0.11753623820816068
20905,0.1303839359435064
20906,0.2039736223817945
20911,0.13460980821260962
20912,0.1543972214040038
20913,0.15623527201227883
20915,0.12393952410733668
20916,0.17020025994757312
20917,0.3601176800944073
20921,0.1272047327805915
20924,0.12121135301930815
20925,0.14794522218537587
20926,0.14941985834386615
20930,0.1462779868954738
20932,0.15223632322398714
20933,0.1352935364209983
20935,0.15683888914554056
20937,0.10082778972796382
20940,0.16398490419728604
20941,0.050488034660549214
20943,0.12364999891577282
20944,0.05951797028732051
20946,0.08765584086905176
20947,0.13790192153067102
20949,0.14309230520543467
20950,0.11182730550108451
20955,0.1237945986657701
20957,0.14940129460300913
20958,0.14807899885862072
20960,0.15230329572252824
20965,0.2020438937829122
20973,0.23417523029521778
20975,0.12218739409575764
20976,0.15397347225376992
20984,0.1518901279240832
20985,0.13685640094872273
20991,0.2508186113846986
20994,0.045522986586626256
20997,0.14710806327467643
20998,0.13250748525073874
21003,0.14288954578985572
21004,0.1535957664311779
21006,0.10264671670426162
21008,0.12937260549725577
21009,0.06274859907966535
21010,0.14110485843675463
21013,0.24093549731343758
21014,0.1668429243121742
21016,0.14953192694811554
21017,0.13579633938642463
21021,0.055512647526865765
21023,0.125998412780469
21024,0.14202989953278744
21025,0.13268194841048667
21027,0.1617812189813005
21029,0.06743544321872157
21030,0.06593882515008644
21031,0.057698402436625766
21032,0.1569709480836735
21033,0.15649429997231304
21034,0.21479613641305825
21035,0.05718974222920114
21038,0.14265823964592875
21039,0.11334501816690223
21042,0.15181301401092065
21046,0.14175579986312228
21047,0.1415286680996173
21050,0.05926738776182513
21051,0.22615458790594725
21052,0.15997778473459442
21054,0.05191452564800906
21056,0.15774088066717476
21057,0.14386127926099693
21058,0.1303738654638071
21059,0.12423020386472272
21060,0.06505897104282926
21063,0.042296942683771876
21066,0.06098231027227003
21074,0.15483608489178008
21076,0.14480966407780327
21077,0.146759462753457
21078,0.12994846344867408
21080,0.141016281325012
21084,0.03886274084014138
21090,0.22364833644283558
21093,0.1227918900568437
21094,0.13582509952938485
21095,0.20370898955845432
21096,0.1478951718544057
21097,0.19403664981579483
21098,0.061961321797739666
21099,0.14417189956122478
21102,0.1638803494026003
21103,0.15320327932722913
21104,0.13910779821247546
21105,0.1436742763380182
21106,0.21131416913295478
21107,0.17297468641526906
21108,0.15321157085597567
21109,0.05827390550408554
21114,0.05780638004601435
21119,0.13356526537763
21120,0.11699930539563208
21121,0.1427356772274313
21125,0.1583049468825376
21128,0.15108564608610317
21129,0.06713399690206999
21130,0.1382351913513591
21131,0.13906587686554409
21133,0.2310157608303116
21134,0.1389298349777573
21135,0.13866414380617395
21137,0.12248603417102492
21138,0.1361152460915411
21139,0.057123510955403724
21140,0.1372305291427395
21141,0.1331148557363851
21142,0.145663120765287
21143,0.14071818488247487
21144,0.11586663706027633
21146,0.09016474353180111
21147,0.149711970667467
21149,0.14117017488849604
21150,0.14487251338154708
21152,0.23201379048424828
21153,0.14855891088194237
21155,0.06458164269635819
21158,0.12333009169515226
21159,0.14576994925777487
21161,0.16391021665888397
21162,0.12200224013577528
21163,0.1426075782574146
21166,0.15236752674601453
21167,0.16254779255636662
21173,0.12281295792530346
21174,0.15347253010713835
21177,0.1448811882060742
21178,0.13970949862427975
21180,0.2268337957647765
21181,0.058442242208668886
21182,0.058838294987048824
21183,0.14925082495199182
21184,0.14017052536559413
21186,0.12419537241061497
21187,0.21312966136894484
21188,0.13805126068982027
21189,0.14772753353576354
21192,0.14914545221260223
21193,0.15162708058125607
21196,0.04584327940041288
21198,0.15547443792015778
21199,0.14209286528657247
21200,0.15427946083895713
21204,0.15995426877271324
21206,0.14139343167376248
21207,0.12790192917205426
21208,0.1577451133255974
21210,0.12769294774691264
21211,0.05111632183374132
21212,0.12546212867971063
21213,0.12485223084234977
21214,0.14251368480602364
21216,0.22123617061085385
21217,0.06217290953664398
21218,0.14946871899448066
21219,0.2214896728268502
21220,0.13966415973447646
21223,0.24339584461443906
21224,0.16075785279534774
21226,0.26791412671881226
21227,0.12637501083503014
21229,0.041462309641898225
21231,0.15644629057729453
21232,0.15605918583988043
21233,0.13757998534495083
21237,0.1282689206733967
21240,0.1302621867032814
21245,0.2251839920300072
21246,0.1554731362551941
21248,0.1575777720116976
21251,0.12623429643457815
21252,0.13478182327006913
21254,0.13187069882172653
21256,0.15016307385059555
21257,0.14028106853633257
21258,0.16169724064463117
21259,0.21653384356278207
21260,0.1564463006347758
21262,0.12677165010212946
21263,0.17306977561812187
21264,0.16484429800973074
21265,0.14635334808715508
21268,0.06002366208547405
21269,0.037784030091823934
21271,0.2385355144680679
21272,0.2257234460317421
21274,0.16172806572302756
21276,0.12569915884717212
21279,0.13993240472617305
21281,0.12504140480641812
21283,0.1977469413981595
21285,0.11494747558762418
21288,0.13426623042517608
21289,0.20304271443890823
21291,0.1435250211660675
21292,0.058946710415921866
21294,0.17298172641349863
21296,0.1436680681028973
21299,0.14403668188439922
21300,0.14230740923442908
21304,0.042674434066616536
21306,0.06775981549238813
21307,0.13574205523250435
21309,0.15933858974031265
21312,0.14023353458407403
21314,0.14522554025512893
21315,0.3456643564287356
21316,0.13619957343195443
21317,0.13903884705868097
21318,0.0748550768664551
21319,0.14879765729462383
21320,0.14751849142548068
21321,0.14848643404367587
21322,0.20278835225853106
21323,0.16045238506911486
21324,0.12264572640065453
21326,0.2671817744339497
21327,0.14423563139722975
21328,0.1599327606618188
21330,0.12079545479058527
21331,0.13509971215598474
21332,0.2113712713703745
21333,0.1388877907697317
21334,0.14434419803088663
21339,0.060562316828618755
21340,0.039500989202397904
21342,0.05692452202697724
21344,0.15989573033658055
21345,0.23622252217056547
21346,0.2433585244199409
21347,0.061167567389795174
21348,0.051950088813261706
21349,0.14014397887621313
21350,0.1618063417760979
21352,0.060359226515090396
21355,0.061205635714758434
21359,0.1741801096474486
21361,0.12931850823873503
21362,0.1401372234477887
21364,0.13556888256526797
21366,0.1067672270183803
21367,0.15203601063587166
21368,0.14054491620404422
21374,0.20223413374868918
21379,0.12899690434201969
21380,0.06706551761117316
21382,0.11830339355964979
21383,0.0983035778970458
21385,0.14241033582299809
21388,0.1586727433709416
21391,0.16119955490409077
21393,0.13853504596584457
21394,0.2219670019471632
21395,0.1320252818276142
21398,0.14882735054467508
21399,0.058081467086798434
21400,0.15274453028080512
21401,0.14482755673458067
21402,0.2266143523716793
21403,0.21674698379514357
21404,0.059375962261687475
21406,0.13963827010812932
21409,0.12406214924194064
21410,0.14062730391709463
21412,0.14318128349622553
21413,0.1178712569516367
21414,0.15023888642952501
21415,0.15845035559026696
21417,0.05534013793851333
21418,0.15127715376852
21419,0.12383549472181521
21420,0.13026170211813748
21421,0.22455857080804
21422,0.1312266101136878
21423,0.06132865661156517
21426,0.1665322389779288
21429,0.05683452686103383
21432,0.1384253147813248
21433,0.13896034341042432
21434,0.140876157015464
21435,0.15482678469845268
21436,0.05786796341345604
21437,0.21167492844474012
21438,0.12948620809789047
21443,0.16405264447521686
21445,0.14463427271881804
21446,0.12307672067725217
21448,0.16398149943094553
21450,0.059508451696373955
21451,0.13093441335458286
21452,0.14046311422881097
21453,0.14606463133415526
21455,0.16311739887317325
21456,0.16129701093736404
21458,0.05506524276567071
21459,0.14252060509257772
21463,0.1430439862284378
21464,0.38769045238144423
21466,0.04508466957881385
21468,0.14008633739641982
21470,0.1090588427960556
21473,0.1642036093931403
21474,0.1417308763096955
21476,0.1384025160577593
21478,0.10914511165561692
21479,0.14842324843178142
21482,0.12739111374772935
21486,0.12916697840120397
21487,0.13740670868993446
21488,0.12665256092427016
21489,0.06220656420739601
21490,0.1405495470123641
21492,0.25676448837724575
21493,0.261979963933739
21495,0.15675354421707946
21499,0.1449529870302569
21500,0.12252694822603187
21503,0.14403201011775563
21504,0.15647278947918578
21511,0.05641768448572742
21513,0.14968114800627141
21514,0.04193697491587189
21515,0.22964636474522102
21516,0.13958978458121873
21517,0.0418676459158632
21519,0.14010659743644294
21521,0.14115053959983062
21522,0.25604800198391264
21525,0.06606451879547239
21526,0.20800731095414082
21527,0.1417502712348433
21529,0.1463016282105358
21530,0.10771743327807853
21531,0.2586246505763357
21532,0.21046659375662893
21533,0.1277607938867414
21534,0.1575731576398497
21538,0.09758611999299127
21540,0.13487815067635575
21542,0.1339765636658313
21544,0.14633652002407482
21545,0.06081767788121867
21547,0.1425561989586328
21548,0.13529886853933684
21551,0.12382784031934187
21552,0.16423960405327873
21556,0.11831984441932374
21557,0.13160837634334663
21558,0.13097799870753565
21559,0.21027350764167663
21560,0.09663231135648294
21563,0.06330294347802275
21567,0.1587037209432938
21568,0.1278275435563089
21570,0.06432800651131913
21575,0.13187999561584615
21576,0.36924153236949714
21577,0.056450025419249095
21579,0.1317188436108195
21580,0.05558052541008082
21581,0.13068932862009508
21582,0.12697202464835775
21586,0.1533512819793331
21588,0.1399401722464828
21589,0.1488437340373641
21590,0.12814318863031524
21592,0.14423932108324602
21593,0.15156683049136352
21594,0.17808568392777693
21595,0.07702143251444957
21596,0.14329395283796026
21597,0.1427285909544086
21599,0.145946730225906
21600,0.06213303743305206
21604,0.05758062488721933
21605,0.1259006477001531
21606,0.3534776386809046
21607,0.14972804931896086
21608,0.157348323197807
21611,0.06095904201873923
21612,0.2387364335654648
21613,0.14340702149638054
21614,0.15535956240279938
21617,0.14015161661423423
21618,0.14638386452670005
21621,0.15370933120023791
21623,0.1628841757970796
21624,0.13017861221568267
21625,0.3912827168676703
21626,0.14086307444808346
21634,0.13066663442595414
21636,0.14172465865518377
21638,0.15146211940013218
21641,0.13221006589984097
21643,0.15262944434375805
21645,0.059207216126638186
21646,0.05903525008761023
21649,0.1435054238886464
21650,0.14082714460415813
21651,0.05881592868732835
21652,0.1438216337460977
21653,0.14124850256694443
21654,0.15606848911710572
21659,0.1256700067080577
21660,0.028301824949835613
21661,0.12393493019628722
21664,0.1421421917224928
21665,0.12390694415315491
21666,0.3869287827596219
21669,0.14032945563286822
21671,0.13668035964568784
21673,0.23822057925437337
21675,0.13640480913289524
21676,0.13305694434864354
21677,0.12362424192799276
21678,0.20714143604739024
21680,0.13912219664819905
21681,0.1439395018573902
21683,0.1343689670776421
21684,0.12299775826305011
21685,0.057663649410365385
21686,0.1435953530618486
21688,0.13816798032685976
21689,0.15770000536234086
21690,0.14785423817676427
21692,0.1504365329197861
21693,0.13452817410276682
21694,0.06099527631452233
21695,0.12299670299778671
21696,0.12725992343952364
21697,0.13627662730977033
21698,0.20794283411646997
21699,0.12903754312979
21705,0.13745195869298377
21709,0.15646615121257815
21710,0.16517081200247827
21711,0.253024033533095
21714,0.14452343585925553
21715,0.16363138257760382
21716,0.13388021690625496
21719,0.22383586511032058
21721,0.16774428492031226
21723,0.18568036368846053
21727,0.23550395340960503
21728,0.13407250217394315
21729,0.14074630287197734
21730,0.05795797771723322
21731,0.16775972546947723
21732,0.07300156464397188
21733,0.14650745402163523
21734,0.14786651546671256
21736,0.14021548192725006
21737,0.14092040962903804
21738,0.16247910924833267
21739,0.17091666119996604
21741,0.16689207290901428
21742,0.14877797831576423
21745,0.21904315595618937
21746,0.05460436427108267
21747,0.14569363630716642
21750,0.0943932704620275
21751,0.09968719871286584
21754,0.13751679770402445
21756,0.15038974865577334
21757,0.14699704554967905
21758,0.14587067652098726
21760,0.12427826749458205
21765,0.1417127773778121
21767,0.12269363060037208
21768,0.13807534904341515
21769,0.15849507165180965
21770,0.10044855736134338
21771,0.1270464152835248
21772,0.15469123990188366
21773,0.14043170776854916
21774,0.1614413342605923
21775,0.1401828197665759
21780,0.141717804468551
21781,0.12775511562553285
21782,0.15693613804733011
21790,0.1454696929006359
21791,0.1527157599588548
21792,0.1406992446163948
21793,0.2194248828977949
21794,0.09333966657405617
21796,0.0561536308871397
21798,0.1564458300307703
21799,0.12500892484212808
21800,0.1442066074749222
21802,0.1381556410016391
21803,0.13906338984939376
21804,0.15246007072650583
21805,0.12894267275535246
21806,0.15302680229623844
21807,0.22728587186808805
21808,0.14712418225823812
21812,0.12153801576305855
21813,0.04211485785469259
21816,0.15918047014098854
21817,0.11451785968613952
21819,0.14379997422016508
21821,0.055309356131992525
21823,0.15171926006621209
21826,0.1386499984020391
21827,0.13040454984474278
21828,0.13876462832137468
21829,0.11585764819797746
21831,0.14635752760742804
21833,0.13686173393433673
21836,0.23577275892113145
21837,0.16619771138939357
21838,0.14939813171115143
21839,0.15557535602965808
21840,0.12377201516209287
21844,0.15055420506787873
21846,0.14028882422149266
21847,0.1564979420132224
21848,0.23045369033916666
21851,0.1490756256970043
21852,0.1478105235136792
21853,0.17317470306260807
21855,0.11183042327982073
21856,0.23449212536689065
21859,0.16232974153353888
21862,0.08836872081624249
21864,0.07221110859704505
21866,0.24510205911991303
21867,0.1405259797853334
21868,0.14731497381987377
21869,0.14058885165615823
21870,0.14208191732290734
21871,0.17334197727475656
21872,0.05939308407146015
21873,0.21282088244945277
21874,0.11663102093816528
21876,0.13685086706559899
21877,0.22710071884522967
21879,0.15497630721072042
21882,0.23295198596383346
21885,0.1325669474412631
21886,0.12200369149323238
21887,0.14295656591232955
21888,0.15719328136922642
21889,0.14311930788020746
21890,0.148429460766959
21893,0.13953725942284015
21894,0.13094266161304244
21895,0.12363772103420191
21896,0.21884173663086867
21899,0.23435064394339125
21900,0.15349755696127856
21901,0.1372553974937846
21903,0.13470656813929643
21905,0.14761543111701791
21906,0.2119716052533991
21908,0.07841917032232719
21910,0.15305162047037726
21911,0.1310786759291199
21913,0.15147470464215504
21914,0.12048849845064356
21916,0.12417569344644004
21918,0.054848708193922936
21919,0.12096459739615735
21921,0.15708143962136714
21923,0.13118535500739184
21925,0.06047227524093027
21926,0.15770991767745837
21927,0.1479274429570542
21928,0.12452542993689923
21930,0.1509081582868074
21931,0.13193506855418813
21934,0.14066164729601496
21935,0.13892010297463855
21936,0.3796696856987203
21937,0.1337658742622702
21938,0.24393606908767929
21939,0.3654503995787984
21941,0.11852403519966097
21942,0.14824372224961024
21945,0.15799231938495117
21946,0.11673329262196995
21947,0.1651365346031781
21948,0.14643988814421974
21952,0.060111139309253325
21953,0.15954267327010765
21957,0.15930512990477508
21958,0.047425718473018096
21959,0.13726736036990217
21961,0.1319718948136076
21962,0.14734218301397103
21963,0.06248995909756767
21964,0.15514909609197144
21967,0.16143263002658184
21969,0.05837594344639327
21970,0.13606627598881663
21971,0.05547397258384632
21973,0.17415129363205362
21974,0.13028747433008
21980,0.12572627055592253
21981,0.06357526386063159
21983,0.12418524722292767
21984,0.1298558048088114
21985,0.13121457264909642
21986,0.15016944764267784
21990,0.1505360160323123
21991,0.134101812956286
21992,0.12345747698373188
21994,0.1646088133192069
21995,0.1135447771026064
21996,0.06540207601741965
21997,0.14041888509448258
21998,0.15738795899889005
21999,0.1285502068693619
22002,0.057057309712251404
22004,0.12974507251877296
22005,0.258529385915254
22007,0.14816529452156998
22008,0.13658906313030475
22009,0.12885462018971242
22012,0.36111984747303105
22013,0.13033403827125137
22015,0.06492684522049755
22016,0.13158172525757603
22017,0.05999880452546977
22019,0.21762160531401567
22020,0.16485156062538972
22021,0.03238359447472574
22022,0.1377200965225437
22023,0.16064686393069208
22025,0.16660097097677115
22027,0.17202965472605336
22028,0.05963630097840424
22033,0.1425545846149447
22034,0.17313732045295352
22035,0.14473287224269074
22036,0.12606666958041682
22038,0.038579960840071044
22039,0.15930738991622354
22042,0.22360304431339104
22044,0.11200520485743247
22045,0.1335885407328298
22048,0.23974373792898077
22049,0.13883170300712536
22051,0.13185478917139506
22052,0.06203812684444352
22053,0.13628286848009222
22054,0.15652060995112035
22055,0.13535531973735138
22056,0.1523874650622498
22058,0.23082613384561756
22059,0.14443341732655432
22061,0.06496657772886831
22062,0.14150438396520035
22065,0.13926652676586704
22066,0.13806768854524978
22068,0.20230468091091072
22069,0.1454267751827105
22074,0.17589332216975404
22076,0.15402421967929497
22077,0.13585307088707263
22078,0.15498264886480842
22079,0.2492612072758323
22080,0.1599547857196485
22082,0.05345518639340444
22084,0.14867690778169348
22085,0.1472426652994501
22086,0.13903674317987105
22090,0.22673712783100655
22091,0.15189704092606524
22093,0.1459964581236461
22095,0.05722247058134807
22098,0.12254146747254617
22099,0.060722905697715046
22100,0.08661764472188667
22101,0.16604600035727157
22102,0.4161465060969783
22103,0.12299882040607506
22106,0.15203497232155513
22107,0.146241329492771
22111,0.14322949853761605
22112,0.20073852647650361
22116,0.06880812608761981
22121,0.20230941696618218
22123,0.05426467240925185
22124,0.06299102777132486
22125,0.12887326801642318
22126,0.15571216512969444
22127,0.07973733453872595
22130,0.1349511894368489
22131,0.17301922679288115
22132,0.0636893584251274
22134,0.23233129890777846
22135,0.14784250740820226
22136,0.2328550541599251
22137,0.1405313022384629
22141,0.16013210045157186
22143,0.14459369978957928
22146,0.14188762834162602
22147,0.13335589733963368
22148,0.24800212426861204
22149,0.13123145278204895
22151,0.15340296591982716
22152,0.14200590588158377
22153,0.13862155192246253
22154,0.1356388634795251
22156,0.16838502427230306
22158,0.13595709963555677
22159,0.16440402427979475
22160,0.1490745812479885
22161,0.14108429399535963
22163,0.07504861923173517
22164,0.21759991700691564
22166,0.15094147232921626
22167,0.06081999954784325
22168,0.2588497777438965
22169,0.16389915523445184
22172,0.1567849800936354
22175,0.1383526329532143
22176,0.06153995059346521
22177,0.1191333064506044
22178,0.26572785524339926
22181,0.14561660879559865
22182,0.12542381963225002
22183,0.05618663762338055
22184,0.14028610063821417
22186,0.357148482392911
22187,0.15428990990938607
22190,0.18063156494741295
22193,0.13227615022262207
22194,0.13571170671830934
22195,0.16249962596370948
22196,0.05473869908109282
22197,0.23737053880137238
22198,0.054229634440512486
22199,0.16535879547907498
22200,0.14062736986402
22202,0.22704392035669455
22203,0.13338154668305932
22204,0.14768161075697347
22205,0.12456436972147537
22206,0.15659846584923712
22208,0.13884288725971994
22210,0.12042676876608875
22212,0.23153955068786683
22214,0.13349944619260737
22216,0.16259154378800952
22219,0.16626703569543774
22222,0.1637622421321572
22223,0.2594444162382697
22224,0.1408218864561758
22225,0.147386525724474
22226,0.05860511622221709
22227,0.22450474565915482
22229,0.12536104144186144
22231,0.14620011207558273
22233,0.14847900605598627
22234,0.2454818308989485
22235,0.13611555857232863
22236,0.14902424862699237
22237,0.15403308106487965
22240,0.11731453877468838
22241,0.16769807559621389
22242,0.14509349076705885
22243,0.14895952510613694
22245,0.15014846469079193
22248,0.16222259402974049
22249,0.13422533465168554
22250,0.1657647783312774
22251,0.1502116332484089
22252,0.05899440077372473
22253,0.14240341423499422
22254,0.11960314323114334
22255,0.1485850300868845
22257,0.09022520134573853
22260,0.14754889549376554
22262,0.15981060441563574
22263,0.15267656345926808
22264,0.14701862181173483
22265,0.1490478855460412
22267,0.3633917675314251
22268,0.173701431620466
22269,0.23402708716740264
22271,0.05916779795173111
22272,0.1445750829557475
22273,0.14073136487148247
22274,0.17008627753655384
22275,0.06688706115637905
22277,0.40034162140965385
22282,0.14093904477083583
22283,0.07255592332505485
22284,0.05774697248657388
22286,0.16460789901161504
22287,0.058212892303254514
22288,0.14040926356520647
22289,0.14601390539031886
22290,0.11410853547948763
22291,0.13443934311999273
22292,0.0585435500066153
22293,0.1519201718945691
22295,0.1406394723884095
22296,0.14730491550263966
22297,0.1561627901279896
22298,0.13205900502389578
22299,0.12456131377918889
22300,0.20610911593970735
22302,0.19963290825658894
22303,0.200444346890715
22305,0.11575459920845217
22306,0.15262357941753124
22307,0.22540195323837367
22308,0.12960160888810038
22309,0.15572015708238354
22312,0.23713736548542888
22313,0.11938574805518236
22314,0.15991721284932245
22315,0.12341750613943582
22316,0.22301978179681972
22317,0.05435069383033822
22318,0.16926545884166813
22319,0.24069144686795085
22320,0.1588605243341877
22322,0.15671616262512603
22323,0.2406675128087392
22324,0.14761195727073959
22328,0.14677872333199404
22329,0.13272423174448827
22330,0.13603821244225825
22331,0.15735393446781842
22332,0.13599436180117294
22333,0.05579087971727977
22334,0.15511976690921117
22335,0.14996709373020964
22336,0.17623836506870869
22338,0.22534848685330686
22339,0.13465523467290894
22341,0.1338583637058292
22342,0.14284196251908463
22343,0.16376906577155229
22344,0.06200884758120669
22345,0.16600674946254432
22346,0.07017301719645241
22350,0.1347733458975953
22351,0.13204402527772865
22353,0.13204400598858057
22354,0.16722645737148367
22355,0.13630146474202728
22358,0.14682989016847622
22362,0.1516995378131537
22365,0.14864871120951687
22366,0.16329430815217505
22368,0.12570584670591078
22369,0.1190778301346463
22370,0.05421424159918851
22371,0.12431279504386732
22372,0.23647906696497745
22373,0.12502980620633627
22374,0.1248295739360911
22375,0.14469067031928334
22376,0.1561993457446139
22377,0.1343090414461184
22378,0.1399647386738078
22379,0.16109254503651757
22382,0.13804507830467072
22386,0.12772852248381517
22387,0.21762137584701513
22388,0.1305087747495783
22390,0.1432492056692472
22391,0.13105896449090848
22392,0.11088556010277356
22393,0.33845156762737655
22394,0.16243769612065384
22395,0.16192163257534828
22397,0.15690309921419546
22399,0.17487841758553957
22401,0.14157919846248498
22402,0.15777475152627593
22403,0.1468343494791077
22405,0.21505613725139436
22406,0.13402717572503556
22407,0.1770476691887598
22408,0.15828184155545608
22409,0.0583069238102453
22410,0.12443672206892435
22411,0.27311987848924296
22413,0.16526441243072473
22415,0.15051180995647376
22416,0.15750737095879466
22419,0.1627066812699889
22422,0.1631658067928386
22424,0.15433984649323224
22425,0.26975696124429166
22426,0.13666011888263235
22427,0.1658406361352146
22428,0.14424275844837522
22429,0.1597137434866039
22430,0.12395094632467636
22431,0.14109766092593137
22432,0.12779065038844487
22433,0.05547243651976041
22436,0.11724511284024773
22437,0.13613450966268828
22438,0.14144362220147852
22439,0.13221731686154295
22440,0.1505453165793443
22441,0.12084206398196946
22442,0.12254877058588066
22443,0.15388000396426696
22444,0.1224079831699658
22446,0.05649714126604872
22447,0.14368025040476437
22448,0.15619238814398043
22449,0.15124886259928724
22450,0.14740193119445136
22451,0.14563024023091112
22452,0.21714954437263176
22454,0.056569321390422665
22455,0.4044455137491587
22457,0.1430698172301677
22459,0.12757262510030437
22460,0.1482477063872756
22461,0.13429442578983145
22462,0.16970899673342246
22464,0.1315394492716139
22465,0.14010199045347463
22466,0.22987159234098384
22470,0.2234347779915015
22474,0.17007495232647277
22476,0.12207028645840101
22477,0.15139124989616126
22479,0.15603492338364564
22480,0.26601041552898125
22482,0.1456074087469373
22485,0.12717892384615304
22486,0.15941439295064633
22487,0.1291269798002184
22488,0.06462376476096902
22489,0.12820485758698127
22492,0.14156580425281431
22493,0.16215491008472657
22495,0.13473274964373777
22497,0.1487646971517961
22499,0.12410325945620264
22500,0.12304006325797169
22502,0.1570068960286697
22507,0.14409101071226113
22508,0.04781391476004876
22510,0.12231398176183096
22512,0.15184242434502473
22513,0.12990597782011215
22515,0.14591700177345904
22518,0.1453785715227622
22519,0.1436009281766942
22520,0.14339272913719012
22521,0.08480129987097433
22523,0.16173659777078628
22524,0.4103303655179273
22525,0.14989665582897782
22526,0.2336909282369016
22527,0.129641249117647
22528,0.12779384358148835
22529,0.09647697819857516
22530,0.1893866359751383
22531,0.13511945448067353
22533,0.14796354879897147
22538,0.13465466497021727
22540,0.054052197398028294
22542,0.1530083131644097
22544,0.15078457831981007
22546,0.08018822170286825
22547,0.23967661996235154
22549,0.13207643898075558
22550,0.34409042429300496
22551,0.2486877661230716
22552,0.15335436829294538
22553,0.03779126924715316
22554,0.20512954110930792
22558,0.06193582953672394
22560,0.12343363793574336
22561,0.1984468713597305
22562,0.17573472760260203
22563,0.2595931314162115
22564,0.21581529962965337
22565,0.15079296733967965
22566,0.13945251179883805
22567,0.1459868682936284
22570,0.12186307417669107
22573,0.16267774824680303
22577,0.15893853943012484
22580,0.1381368718300384
22581,0.1562129853885241
22583,0.20567448331370594
22584,0.1621297264829611
22585,0.12039097754500555
22587,0.11872936836552367
22588,0.12851243437441415
22591,0.2302271776015378
22592,0.21256734408692682
22593,0.16416503026915166
22595,0.2009705069699391
22596,0.22969824015394222
22597,0.14943220399411875
22598,0.1456731882616568
22599,0.05932619213560438
22600,0.14697921838909034
22601,0.14647191672401094
22602,0.161367493108198
22603,0.215100125565758
22604,0.23896786884999158
22605,0.12778118831729748
22606,0.06951420678962027
22607,0.13202353683767293
22608,0.1322346103971693
22609,0.1265093586503623
22610,0.1678667091728997
22611,0.15033865104677022
22612,0.15412592764424018
22613,0.24585210130870716
22614,0.23247064010797838
22615,0.06431015688645333
22618,0.14097237546597194
22621,0.1367681454423317
22622,0.12692496328220473
22624,0.13394580149604854
22626,0.15433140464007675
22627,0.1370145750720337
22628,0.12384148231208587
22629,0.1387499813379651
22630,0.12275374391964057
22631,0.11696343760915513
22633,0.13474374897826288
22634,0.13357618880541258
22635,0.14189266385601326
22637,0.12025395011781914
22639,0.16814883304301498
22641,0.1403139590017585
22642,0.17520269366571128
22643,0.15389872302925015
22644,0.3986892463391028
22646,0.13144792045791387
22647,0.22557044149535374
22648,0.13842327346602465
22650,0.22716581493149354
22652,0.12478633968645375
22653,0.14218973136132976
22655,0.26282089351393584
22657,0.03709402306389468
22658,0.1413624619246397
22662,0.14643294679635036
22663,0.13546291465631863
22664,0.2352922646336625
22665,0.15419964654812857
22666,0.25341299156481994
22668,0.1518365314817528
22669,0.15555906320066235
22670,0.18004170645454867
22671,0.1594892904726797
22672,0.1219858068755363
22673,0.06689239211387439
22676,0.1323618828067069
22678,0.15071979770518862
22682,0.1566728506667983
22683,0.1362435789056302
22684,0.1306818526630083
22685,0.13998372878889886
22686,0.1521314009827719
22687,0.22800106230550374
22688,0.1225214639226297
22690,0.1464537264025102
22691,0.1392885898102488
22692,0.1402469096251208
22694,0.1396822683316473
22695,0.1415044584142436
22696,0.054755140773480974
22697,0.2605340288945758
22699,0.233891700914905
22702,0.25727496219923524
22704,0.09304005123733394
22705,0.16260696521505413
22706,0.17494947623321266
22709,0.05741586923705169
22711,0.22834686994865336
22712,0.13908611153248815
22714,0.14750310122701202
22715,0.14589336408244022
22716,0.1251591769015323
22717,0.2069945813492963
22718,0.058256585086734536
22720,0.3739161011571868
22721,0.06278785239064573
22724,0.14038519994670398
22725,0.1454973345596302
22726,0.27266295367088045
22728,0.12817072466624901
22729,0.0820334474803426
22730,0.1613160108147604
22732,0.17051079910144074
22733,0.22438654113327328
22734,0.14508023117399893
22735,0.3508289131415232
22736,0.13810937078033858
22737,0.14485071177185851
22738,0.040085428698510985
22739,0.2415830412231668
22740,0.24173767971326798
22742,0.143355973373075
22743,0.15024414044731174
22745,0.13816480609280027
22746,0.04331407020469158
22748,0.42070966382529384
22749,0.1998671588041293
22751,0.07598112466935097
22752,0.15245699465249984
22753,0.37255818756081616
22756,0.12630134451535546
22757,0.05363258120619382
22758,0.22121690519432122
22759,0.13329560105861019
22762,0.13060618893802114
22763,0.22230019416493133
22764,0.1514117133714857
22766,0.06906158024801164
22768,0.060860315218598394
22769,0.1326699264453635
22770,0.1233371464606186
22772,0.23236549622204908
22773,0.12573464973616075
22775,0.1461454819511019
22776,0.20397649526976203
22777,0.13730544142348064
22779,0.06314155925882962
22780,0.1577018221308398
22781,0.3872087784981455
22783,0.1972043827319655
22784,0.15587323270536144
22786,0.1638149826495875
22789,0.13758974134133725
22791,0.06259140212098563
22793,0.15633248760436225
22794,0.14388865680281868
22795,0.06150240933127071
22796,0.061586080254719365
22798,0.1571948395225694
22800,0.14230076975762898
22801,0.155084148990844
22802,0.16956758509459927
22804,0.06764936286793934
22808,0.12342225297537683
22810,0.35558958326469914
22811,0.13046572824319977
22812,0.05559465371594116
22813,0.1322648879691676
22814,0.1495082714851124
22816,0.13016002749538377
22818,0.14002289630134604
22820,0.22521889725177713
22821,0.05861342031460302
22823,0.1452492822378458
22824,0.1443253188332225
22825,0.14055130990176912
22826,0.26219959389808023
22828,0.1422102426711941
22829,0.23516970574245044
22830,0.176962011248875
22831,0.15691699153727165
22832,0.14623149229989582
22833,0.056980413952640176
22836,0.1343910670630506
22839,0.11855841885932487
22840,0.06424668267022908
22841,0.13899393911831448
22842,0.12823783562502225
22845,0.20281181173561844
22846,0.12750755149496742
22847,0.1545787373681673
22848,0.1391998811734546
22851,0.136979500847217
22853,0.12335823502944078
22855,0.14122811047392445
22859,0.13132124243332824
22860,0.36993895266407445
22861,0.11305843938638893
22862,0.2057799633337165
22864,0.13030707752565118
22865,0.04082821805230757
22870,0.15050418678812016
22871,0.14834233293292903
22873,0.13454637315735635
22874,0.14806835583793146
22875,0.14056780029717408
22876,0.14884657003925497
22877,0.3545015267236537
22878,0.13395534451180902
22879,0.36300516712953956
22880,0.15097241537470513
22882,0.12956260376502957
22883,0.2753763680926378
22884,0.1417558188127661
22886,0.04228812112100475
22887,0.1346627965043381
22888,0.140651760070867
22889,0.15236061748023544
22890,0.2189843020042734
22891,0.04334456041941634
22894,0.15434571402963573
22897,0.15414086678706795
22898,0.22862571282139096
22899,0.05735568305985781
22900,0.05340338869831406
22901,0.11860963517323514
22904,0.12702628241751526
22905,0.1572722704334142
22906,0.16462629159644335
22907,0.16820842617345091
22908,0.1480892226492741
22909,0.06769173163454016
22910,0.1597517234145359
22911,0.14548405850408155
22913,0.15257345329202987
22915,0.15123975237897921
22918,0.12439070380081019
22919,0.24186995230758201
22921,0.2500270080002731
22922,0.05948206008212369
22923,0.1376091507867908
22925,0.15390489621187603
22926,0.11812070661035363
22927,0.1569615879671589
22928,0.13710351836323892
22929,0.21183167207397957
22930,0.11096717907407323
22933,0.142427177694433
22934,0.153480517620088
22935,0.12415742588029986
22936,0.16603583777320152
22937,0.1367689545967723
22938,0.1482148406551173
22940,0.12700275367803623
22941,0.42624178523531525
22943,0.14670300889896626
22945,0.11621262680968791
22946,0.1340091309907903
22947,0.1993873932063154
22948,0.22090429423634386
22949,0.23937415367183257
22950,0.1504717870761824
22951,0.13657319287792194
22952,0.14972882959154854
22953,0.14860212920259366
22954,0.13552246155100253
22955,0.36505069131231443
22957,0.39482923568259604
22958,0.13435746063470325
22959,0.12894789564415574
22961,0.15430124771383605
22962,0.12878922500078005
22963,0.12491606545518796
22964,0.16668228569707258
22965,0.1514097925016069
22966,0.14246493360879664
22967,0.15249063596454104
22968,0.36418162535414905
22969,0.12271535272614163
22970,0.12016016454217332
22971,0.16495679697215948
22972,0.35763572838740343
22973,0.1704075614439101
22974,0.22168611638537591
22976,0.1469618473655074
22977,0.12765058209829197
22978,0.14558233511159302
22980,0.13865140883671515
22981,0.07783575390776105
22983,0.12843480307585928
22986,0.13665078793640092
22988,0.16325896989452415
22989,0.36519456811691803
22990,0.13679567337908186
22992,0.1368140299338311
22993,0.04029347050959263
22995,0.1376965501675882
22996,0.07639110988984506
22997,0.062248333409485664
22998,0.14239077532317135
23002,0.1404763132826454
23003,0.13270776827951622
23005,0.21724617146875558
23006,0.13101829928742967
23007,0.1170941133049585
23008,0.15582081034974296
23010,0.14722679941293945
23011,0.0719590619381514
23012,0.16732556189230285
23013,0.23747689018550389
23014,0.11133721948345314
23015,0.13964666007795692
23020,0.1461641432791153
23021,0.14465113926717574
23022,0.20299622089216526
23023,0.06289142164192175
23025,0.23453554536677176
23028,0.2516974403004591
23031,0.14873349686239382
23032,0.35886920464396327
23033,0.13744217450992827
23034,0.14086403215868784
23035,0.15470853925305014
23036,0.15635801571427818
23037,0.061537692700616715
23039,0.3366532140312271
23040,0.1264831530888544
23041,0.12555116125702592
23043,0.12260970278676446
23046,0.14475116867889506
23048,0.06164438188571569
23051,0.14980238879800115
23052,0.14048328495275367
23053,0.14814514392371791
23055,0.18056729894427195
23056,0.12608399800390055
23059,0.16708985611970503
23060,0.13000838162625294
23062,0.1380536883185279
23063,0.13026097043076365
23065,0.14018224243603475
23066,0.1333167228657133
23067,0.12003673977077155
23070,0.15817304197551826
23072,0.13636298480251582
23073,0.1309118459604583
23074,0.126816179789121
23075,0.1340207820777584
23078,0.12811927613909901
23079,0.16344652705989057
23080,0.1514817783115864
23081,0.05523869108023799
23082,0.2415996977463042
23084,0.12152960295320743
23087,0.1205115191849848
23088,0.14759211150711227
23089,0.16165484600303462
23090,0.1551067426339391
23095,0.1395685365952191
23097,0.14196211277874915
23098,0.05617080058914298
23099,0.12726219733448027
23100,0.14751082882853137
23101,0.15358359596122034
23102,0.1735017650090717
23103,0.23565552720122354
23105,0.12771878153697758
23106,0.1239349965735257
23108,0.05806423315410824
23109,0.1495300819240178
23110,0.19778823911475962
23111,0.11167420739117968
23112,0.11574947988289858
23113,0.06164694207399027
23114,0.1482401784947258
23115,0.26517530421126084
23116,0.06204564141298561
23118,0.2037759821345364
23119,0.12601042234721896
23120,0.14483825011150409
23122,0.16623452675686304
23123,0.14038386685153903
23124,0.14157149726832333
23125,0.12313618187697632
23126,0.14553684757653454
23128,0.14700076578445956
23129,0.24761876548005404
23131,0.12753224972535135
23132,0.14531149411507116
23133,0.24138673966239446
23134,0.15326366520791293
23135,0.13636639633756245
23136,0.13640988258423148
23137,0.06790215488513804
23139,0.14639480116871692
23142,0.03847397697132745
23143,0.14261483984488116
23146,0.1631688222457968
23147,0.1285342320144849
23148,0.13469754159243139
23149,0.1252541877548653
23151,0.130025056932535
23152,0.14343178635133572
23153,0.37082128673499937
23154,0.13757008936647871
23156,0.14687458410033064
23157,0.11735976743103153
23158,0.13452976778399914
23161,0.1583090354380984
23162,0.15086341285165275
23163,0.14776080226795682
23164,0.1893342090803506
23166,0.2527891099196346
23167,0.16680502429197466
23168,0.1279711350818924
23169,0.14920318946444489
23170,0.12782500516238757
23171,0.1571401620402538
23172,0.04578669350461784
23173,0.213280825818523
23174,0.13512607118506603
23176,0.1532386756658105
23177,0.10790714913152498
23178,0.1324723345369836
23179,0.13199273073449705
23180,0.13804071071883325
23181,0.3387959392895876
23182,0.15818517642711585
23183,0.12454059901891744
23184,0.12677983246511573
23185,0.14925156348181098
23186,0.13066374606058906
23187,0.2256394923099876
23188,0.15355984551633556
23191,0.14598870494220653
23192,0.1400603665346082
23193,0.14243705115290814
23194,0.13294950002445358
23196,0.1176136182973495
23197,0.13768215038277745
23198,0.13325766971172523
23199,0.06376467393990785
23201,0.2321850249125975
23202,0.16351154075400584
23203,0.1367314933184107
23204,0.05995833508842208
23205,0.16491093608868193
23206,0.1460634782844377
23207,0.0591412735186437
23209,0.15082038836806147
23211,0.1535778319520796
23212,0.05933143202603134
23214,0.14085841863639367
23215,0.1222709187066442
23216,0.1599207763081974
23218,0.22164546205566568
23219,0.13853748149611264
23220,0.15829858984401493
23221,0.055727133827574514
23222,0.14807144727115887
23224,0.14474692348389917
23225,0.14339111748163927
23227,0.13686090770260928
23228,0.14742451667310133
23229,0.237937881090898
23230,0.12966748728410374
23231,0.3523144506573581
23233,0.1579489846187356
23234,0.139166303002533
23236,0.14956948941393525
23238,0.1321579297378268
23239,0.06793113895931217
23240,0.14320126705566613
23241,0.1457866846436812
23242,0.36451918729519356
23245,0.157964533691337
23246,0.1318450519895338
23248,0.15107620066042665
23249,0.23152047508857318
23250,0.1603263122079189
23251,0.15194897737696664
23254,0.1551115183165922
23255,0.16240869093120192
23257,0.3620805192921998
23258,0.1609351007306073
23259,0.14779387320080714
23260,0.13957561721937853
23262,0.15530075823905545
23264,0.15153707767851363
23267,0.1684981367683042
23270,0.14603157167329736
23271,0.1472379023715441
23273,0.16491388268777754
23274,0.13327060078931655
23275,0.13904488528954348
23276,0.15328673896946718
23277,0.14705470962603864
23278,0.14314951846843885
23280,0.26587350572895924
23282,0.2311152284378134
23283,0.14458960735814358
23284,0.1550005438247911
23286,0.12504522008442245
23287,0.14853765462136514
23288,0.1421014044862012
23289,0.1493777313785826
23291,0.05765005604580531
23293,0.22195980278162253
23294,0.1357247480036869
23295,0.14235874684631705
23297,0.13514419873740893
23298,0.1096405809812976
23299,0.14719996885781436
23304,0.22811102107898093
23305,0.13391505795541678
23306,0.11573856858877662
23307,0.05540339032730185
23309,0.20688503467150401
23310,0.1687901325116862
23311,0.16427892954568782
23313,0.13421830919677094
23314,0.15617630740184146
23315,0.13930170945638695
23318,0.12308446146874902
23319,0.0593320925924234
23320,0.13820946567870993
23321,0.15004360989740476
23322,0.13624983474605049
23323,0.14885942198194232
23325,0.12294097263914945
23326,0.14883079699465704
23328,0.3477123210874795
23332,0.03774986033140851
23333,0.03967317167319402
23334,0.4019060357238655
23335,0.13370089072722754
23336,0.14426860285862578
23338,0.06586702674529148
23339,0.1420924751454026
23340,0.16222784613028665
23343,0.21260694888829024
23344,0.13942683563409017
23346,0.09124494043644509
23347,0.15157581078509402
23348,0.13581741651112758
23349,0.22302145478329094
23351,0.14282782609263325
23352,0.2046117659952725
23353,0.3849028684912728
23354,0.14066683820317774
23356,0.27565226565643314
23357,0.14519380165348847
23359,0.1304176936757112
23361,0.16008784917177207
23364,0.1527569476873222
23365,0.12784552449089634
23366,0.23304329631967327
23367,0.13261161004978653
23368,0.1773861516400562
23369,0.1469584504200109
23371,0.17342833250445833
23372,0.13993142773759534
23373,0.15992206596156386
23377,0.11522831025409568
23378,0.14216280798317824
23385,0.14266507606095452
23387,0.06019105727337173
23388,0.2071279511855358
23392,0.06022328322554412
23394,0.3471318136980927
23395,0.16165490952234737
23397,0.27004962352353573
23398,0.05976850110309042
23399,0.15177224995338415
23401,0.15670390376813456
23402,0.13897198466860197
23404,0.15733704279622499
23407,0.24408997818355113
23409,0.13358958254346623
23410,0.14836241539872716
23411,0.05542717232626628
23412,0.14563711049970518
23413,0.079440110863789
23415,0.14753828360879204
23416,0.15501422646206028
23417,0.13079691280351338
23419,0.12578802622678462
23421,0.0688846137733188
23422,0.13280011725180924
23423,0.1467364646392885
23426,0.14453569674086347
23427,0.1409610885176029
23428,0.13300382457970128
23430,0.17200852303608072
23431,0.1363571042401425
23432,0.13536976904024786
23433,0.13351507025646886
23435,0.04552984668442681
23436,0.13045082961702623
23438,0.14715196552279428
23439,0.06077198786836583
23440,0.14631011924580403
23441,0.06311689230545695
23442,0.1323552847726612
23443,0.15596036820365874
23444,0.1427905481242375
23447,0.0600474415232414
23450,0.14904339624618154
23452,0.13985037226636068
23453,0.1492618012562453
23454,0.130915116165475
23455,0.05743644383768387
23456,0.06183225707483119
23457,0.17237407170562058
23459,0.1338599760315223
23462,0.14528184087334983
23463,0.2049565148627345
23466,0.13873822762926186
23468,0.14861139428883366
23469,0.13745978678971904
23470,0.12813788526117412
23471,0.21585110176295555
23472,0.23749922063875814
23473,0.1576697110684118
23474,0.22896899136181129
23476,0.15615189017770914
23477,0.11767888187205224
23478,0.1625919497761162
23479,0.2402432374323862
23480,0.15225472757022718
23481,0.13765374068507458
23482,0.12608553095248373
23483,0.22960400520293348
23484,0.14708982376371385
23486,0.13351705358275082
23487,0.12835867190568293
23488,0.13539791650407884
23489,0.12768681576638294
23490,0.23179967834680926
23492,0.1397977450338752
23493,0.03819448143080852
23494,0.25438760795868137
23495,0.37622190068881983
23496,0.1553274203101305
23497,0.14916925169676176
23498,0.09033322695408665
23499,0.12679697038989382
23500,0.1325750760558134
23501,0.05600554061948974
23504,0.17010063664062777
23505,0.12193313559784352
23506,0.1274515914447701
23507,0.22913582357592888
23508,0.14192569188968557
23509,0.0934610112006095
23514,0.1495869244565026
23515,0.057236427219334064
23516,0.06139521720918362
23517,0.2597059890840114
23519,0.2407660613779453
23520,0.13295241670656663
23521,0.1447074412210367
23523,0.12352819035474762
23524,0.14689260447432792
23525,0.15506341141995372
23526,0.14237643301145797
23528,0.13957487011789785
23529,0.14037291585420764
23530,0.13786590295130544
23531,0.15363497579042562
23532,0.041129215062741066
23533,0.0469269355527547
23534,0.040136058501345946
23535,0.12645066281853634
23538,0.09525053144760413
23540,0.06218799295034647
23542,0.04621987198443644
23544,0.158066511912731
23550,0.23251655957795955
23551,0.20134388653594873
23552,0.20563426233281476
23553,0.13646002506962465
23554,0.14392243467378105
23556,0.14653471447286756
23557,0.15733599758015832
23560,0.14869129986045768
23561,0.13042081779571266
23564,0.14144949699420908
23565,0.16027444726311932
23566,0.14212654151328621
23568,0.24902131035625916
23569,0.03805359274886656
23571,0.16819765956501234
23572,0.05531344581228076
23573,0.13938965751869944
23574,0.14227961984850898
23575,0.13496286105457955
23576,0.17187908365250512
23577,0.14391702023701103
23578,0.22154944977248262
23581,0.2433716713032
23582,0.14113352022461692
23583,0.1523960829791683
23584,0.15339596679219006
23585,0.08095218564488922
23586,0.15141799493652136
23590,0.10051578981265545
23592,0.06361170033376862
23593,0.12739431450630098
23596,0.16209033309095802
23598,0.15246794127200458
23599,0.12243482515791904
23602,0.14364374192686816
23603,0.2584563328142739
23604,0.22036946908001276
23606,0.12378706526610635
23607,0.12266062458826799
23608,0.06858690177481337
23609,0.23187635030934406
23610,0.15576016110130408
23611,0.06623503677649391
23612,0.06383067165997434
23614,0.059477855291926236
23615,0.1383851211519782
23616,0.12493737035718115
23618,0.14655068600157248
23619,0.13925312445359175
23621,0.11961411303133156
23622,0.14136175436716422
23625,0.13903224092071761
23626,0.14059586298536914
23629,0.14322863611407918
23632,0.14563485415711672
23633,0.13829298753910296
23634,0.13039172816426914
23636,0.1476294276610884
23642,0.1404805049259306
23643,0.13914097780876897
23645,0.14315722669117306
23646,0.15931633092160147
23647,0.13285626764586433
23649,0.24252719552387214
23651,0.13524528654539222
23652,0.13445006341063126
23653,0.08913849252071156
23654,0.36638756686196144
23655,0.15548703576214795
23656,0.14342887438741356
23659,0.14149104033852059
23661,0.061036450840313596
23662,0.14020149917388997
23663,0.16649400301842385
23664,0.16524014579060164
23665,0.13108950468555033
23666,0.16334261969907246
23667,0.14026336683733487
23668,0.053842235673650214
23669,0.15303019981548113
23670,0.13769535428408267
23671,0.16299242775643388
23673,0.13442599639015818
23674,0.12553841935924034
23675,0.14452439781366755
23676,0.21313284240441024
23679,0.1910698907167946
23680,0.1477698109505561
23681,0.13766535146806672
23684,0.3652548671541504
23686,0.15591075555899295
23687,0.1277019637185964
23688,0.041693337972483736
23689,0.16671068221532992
23692,0.37601027591199737
23693,0.1364951239088539
23694,0.16194580783201004
23696,0.1087163930824754
23697,0.1356663660625332
23698,0.13959173903721833
23700,0.12221364186371093
23701,0.154973320520534
23703,0.16399518057206805
23704,0.11857478792863763
23706,0.05834229077015848
23707,0.13610449324958038
23711,0.13832260244368577
23713,0.36549881741252066
23714,0.1526425277578303
23716,0.12690961009823395
23719,0.14298828285704576
23721,0.12973385775235038
23722,0.13132439121907355
23723,0.1624482785489781
23724,0.14532880281095717
23726,0.04075585254341164
23728,0.12200491452342543
23729,0.2493210741886793
23730,0.40903127773277137
23731,0.13297006162382166
23733,0.1343835895772544
23735,0.1412849467139323
23736,0.06931475093900788
23737,0.07823747068288263
23738,0.231698033325061
23740,0.14313646202148225
23742,0.14585469539880835
23743,0.22565194578651013
23744,0.12252246760318519
23745,0.24451019838651333
23748,0.1484968697403299
23749,0.3468992869005694
23751,0.22518056650983306
23752,0.23916011681407137
23753,0.13460652140704044
23754,0.15846109699204267
23755,0.07071065661112536
23756,0.12771327539764823
23758,0.132826160202158
23759,0.22873727971464772
23760,0.136555691619616
23761,0.26776761358839835
23763,0.06188788139803497
23764,0.2275131214747422
23765,0.11855011373899953
23767,0.1189453221159189
23768,0.1447084559825548
23769,0.1331337603991217
23771,0.15671744316918698
23772,0.1337610499813437
23773,0.06436997547668577
23774,0.27654541279756106
23775,0.054715986838605034
23776,0.07206407426090189
23777,0.038835759082995934
23779,0.11962602321055521
23780,0.06887440208901402
23782,0.10899620400234762
23783,0.12667748656681577
23785,0.20665994447515434
23788,0.08024822190005214
23790,0.15603252971555046
23791,0.13265049751517788
23793,0.16662227553778866
23794,0.1599351016501183
23795,0.13690607928465434
23796,0.12245975631075558
23797,0.13577418720616136
23798,0.03725052554395644
23799,0.12671304512427464
23800,0.20163122971970884
23801,0.13027286966574084
23803,0.14065258818893464
23804,0.06637929359214384
23806,0.12867194267838317
23807,0.16446908170780847
23808,0.04866063934535222
23809,0.14492765450439726
23810,0.2082261318708896
23815,0.1707194520464703
23816,0.1651979148608944
23818,0.12935498973124013
23819,0.36330972162614467
23821,0.1504348975138029
23823,0.14771970912406046
23824,0.143826665905561
23825,0.1510950043237572
23829,0.1366161722239347
23830,0.16319318334862454
23831,0.04395789277081907
23832,0.12659788580963463
23833,0.25509410947053895
23835,0.13306853136329894
23836,0.13286683790099485
23837,0.15364359396679275
23839,0.07073577676410427
23843,0.21896583044374332
23844,0.1436851426971514
23846,0.17080319082277398
23847,0.12386468346225726
23848,0.1419916250311729
23852,0.1620775085910153
23853,0.12580148658382379
23854,0.1381117567374032
23856,0.1362028359570809
23858,0.15652731300739253
23859,0.3701566750455862
23861,0.1470809413228822
23863,0.15407801616488467
23864,0.14473022771817787
23865,0.14569451676476006
23866,0.13461912018749642
23867,0.12145099464198118
23868,0.14520316146851717
23869,0.03878348660659529
23872,0.1478218444374485
23875,0.12206914885366571
23876,0.14620976164788282
23878,0.1339117041168478
23879,0.13472841579741238
23880,0.23291615966302884
23881,0.14352824668501243
23883,0.15922176446011835
23884,0.13231293951703396
23885,0.16491984512164293
23889,0.21304221924599656
23890,0.13897394790633413
23891,0.14507699198762578
23892,0.15466516676221737
23893,0.18923707816233706
23894,0.1480906085323492
23895,0.11283900328070305
23896,0.08431424031185004
23897,0.14478759607856917
23898,0.15874517357693427
23899,0.06256225061487503
23900,0.0810806659586389
23901,0.15272074496486418
23904,0.1554076333659665
23906,0.23770424765314702
23908,0.15283283870192862
23909,0.1600569366127715
23910,0.213477354602467
23911,0.16066608143316596
23912,0.14353333647776126
23913,0.16813038807059824
23914,0.21920067491161374
23915,0.1439650503676813
23916,0.13744240278674524
23917,0.15816643928525245
23918,0.08986140589780388
23919,0.23420849863693327
23920,0.13047521707051238
23921,0.13620479652302106
23922,0.22201248764361425
23923,0.2194625904906191
23924,0.14850437504228475
23926,0.13642118195204503
23928,0.22450868397884405
23929,0.23052763885146108
23930,0.157446528039287
23931,0.05677699443453508
23932,0.11851969238077005
23933,0.12729729285926764
23935,0.1604089782999513
23936,0.12681849682037216
23937,0.1289405151729007
23938,0.25275019853007347
23939,0.15310689460089613
23940,0.35138119390795647
23941,0.13819013594033216
23942,0.13016679560412273
23943,0.04277835018561208
23945,0.145314622079126
23946,0.11839991115933761
23947,0.1391935422858758
23948,0.350305594419908
23949,0.17813538190207845
23950,0.12800582441099626
23951,0.13593857249273306
23953,0.1515109490457356
23955,0.059167631743578065
23956,0.1470440503709539
23957,0.22288979203383233
23958,0.14258183468681743
23959,0.3730221443357899
23960,0.12927460845584102
23961,0.14119593029453772
23962,0.10288120459222867
23963,0.14416407748910237
23965,0.14028623593087128
23966,0.0391796040634487
23967,0.14876724742244715
23968,0.09263790850736746
23969,0.10444600831433604
23970,0.25413203325636863
23971,0.1395267082099421
23972,0.24086953212832019
23973,0.14621606122465677
23974,0.18432703955652874
23975,0.05773097223261489
23977,0.13683002117999202
23978,0.1304162789018002
23979,0.1183044747244096
23980,0.12689562433012982
23981,0.11753712869817885
23982,0.14845948667910325
23983,0.05607474924373936
23984,0.05094153288535766
23985,0.15195906176986904
23987,0.2724617330679134
23989,0.14913224599926755
23990,0.26614466946220355
23991,0.22833986313235444
23992,0.13518459611112524
23993,0.1479070850968864
23994,0.1225098684509417
23995,0.27283486080478064
23996,0.20491943599477155
23998,0.14473593862621112
23999,0.0721590641371564
24000,0.12211632219676527
24001,0.20712723192208446
24002,0.1658896719778353
24003,0.12598657690039727
24004,0.05831511245042766
24005,0.16033836775729424
24006,0.13670229952879082
24007,0.13722889067844737
24008,0.13972245420655544
24010,0.15551385953958155
24012,0.12179703556903754
24014,0.2160424873829567
24015,0.34038851095353256
24016,0.37737960404057147
24018,0.1146560818401814
24019,0.14790824307633665
24020,0.2113003913021636
24021,0.13659863993686153
24022,0.20154460877877092
24024,0.15594368033201358
24026,0.17294569838521232
24028,0.13326285741806143
24029,0.15321842103060154
24030,0.1580837969419232
24031,0.15592639447991838
24033,0.0560838626590145
24034,0.39699830453538637
24035,0.23279100249067483
24036,0.14132402005651232
24038,0.1421742329976
24039,0.1629772879479089
24040,0.05693490160386345
24041,0.12646064517984726
24043,0.2342115770681029
24045,0.24753654567620895
24046,0.14404649913795864
24047,0.14890420124639414
24048,0.23401275549523703
24049,0.22676170888554667
24050,0.4117339624258222
24053,0.039680878328995355
24054,0.04195485450443242
24055,0.14374524126855256
24057,0.1474047721020125
24059,0.14848528211848636
24060,0.14810170048073742
24061,0.15998936133722386
24062,0.15449674526787546
24063,0.17789761976012275
24064,0.37805123663279816
24065,0.2236203692615262
24066,0.1314131437039873
24067,0.06004168412994936
24068,0.1557360068663479
24070,0.18447948146104284
24071,0.1230528003423232
24072,0.24367416380850504
24073,0.059757467824581696
24076,0.1292878225759144
24077,0.12640693313764242
24078,0.13076169291515075
24079,0.13079458781122508
24080,0.13629573782954407
24081,0.15391266688202052
24082,0.05937042436980747
24083,0.11090842632983654
24085,0.13713562532679938
24086,0.11475864623193162
24087,0.15327998146409186
24088,0.16684208125955965
24089,0.12336984760454665
24090,0.4257308797917851
24092,0.12829276726561434
24093,0.15174233674294713
24094,0.04515193124556755
24096,0.13334236326985427
24097,0.16511541133067306
24098,0.14277840556463706
24099,0.13273380729651232
24100,0.14391100928858983
24101,0.13111957052799614
24102,0.23231214331747554
24103,0.13581594767692404
24104,0.12361546627307352
24105,0.1402304002540259
24106,0.15836522481218465
24107,0.15835794630539624
24108,0.12759406499315837
24109,0.16136335016610134
24110,0.05627611772634692
24111,0.1371500800466493
24112,0.14298834085694254
24113,0.06258669034739683
24114,0.13943269925352017
24115,0.15216301961821185
24116,0.06460006490829932
24117,0.155554344823944
24118,0.13254029296931594
24119,0.35709281220688144
24120,0.08926917911999148
24122,0.056289604843654105
24123,0.1485790093351639
24124,0.1311806226396812
24126,0.16534034993626393
24127,0.24298006791354157
24128,0.35074172372222034
24129,0.12995607585915578
24130,0.1514695022954731
24131,0.04162733291835698
24132,0.3492928214976753
24133,0.05527073379060559
24135,0.14716288177756473
24136,0.0849499444797483
24137,0.138122805226375
24138,0.23029378510091406
24139,0.1417351883221496
24140,0.14225738149603698
24141,0.06444290469357648
24143,0.14280983158528307
24144,0.11673510205326863
24145,0.14440201578480805
24146,0.06168152096087931
24147,0.16558345408367864
24148,0.1791902348807597
24149,0.13224241480474377
24150,0.16510618839584115
24151,0.1422827322565853
24152,0.17177302122803892
24153,0.1368974824891892
24154,0.15174139059516104
24155,0.13014758191505638
24156,0.14222844263259096
24157,0.145678139996251
24158,0.2385003357493667
24159,0.24460046749080858
24160,0.19804864772443379
24161,0.13554744581796807
24162,0.062397660644374624
24163,0.1432866911753051
24166,0.4093700216604497
24167,0.13553375065595238
24168,0.2298868365567637
24169,0.16362367778818526
24172,0.15310796781277677
24173,0.15618692766552
24174,0.06390319183429849
24177,0.061861743721053346
24178,0.4053943021655628
24180,0.34049262740014735
24181,0.15869498557113595
24182,0.15131627847102302
24183,0.1573109929927192
24184,0.1580644091015648
24185,0.06353489595174197
24187,0.1516441282325095
24189,0.16364584664281936
24190,0.3586003830755891
24191,0.1753880752064345
24193,0.058581487487408136
24195,0.24842148073683287
24196,0.14994464948655373
24198,0.14368141102558205
24200,0.36147375449150654
24201,0.13938952235936256
24203,0.14602398178089118
24204,0.1615950894513297
24206,0.1497879001079533
24207,0.23324809760284992
24208,0.1387022491787587
24209,0.12775092612851083
24210,0.13451753586844184
24212,0.12633665259464888
24213,0.16272577653774226
24214,0.16910955350682647
24215,0.17545112996717602
24216,0.21750090274359743
24219,0.12736155232211946
24220,0.15098979944763344
24223,0.23083994371531172
24224,0.1361997298278892
24225,0.14338307856672403
24226,0.23010742881973137
24227,0.12205395124081825
24228,0.11106514829723567
24229,0.13946366336314073
24230,0.13415353251272732
24231,0.2275561031633312
24232,0.05755663967646274
24233,0.13138580950380765
24234,0.1379279680649454
24235,0.07428404992439008
24236,0.34175425476578464
24237,0.13448177449406207
24239,0.1507615532308703
24241,0.12478685796101148
24242,0.06811971807705113
24244,0.12160499036474771
24245,0.2527623427593723
24246,0.1494656211870292
24248,0.15427742220510968
24249,0.13651652085010801
24250,0.19448390788805703
24251,0.12364414487655034
24252,0.11685081181435193
24253,0.14040137126727809
24255,0.26253275319463515
24257,0.13395050452016943
24259,0.12894432442218473
24260,0.1274517435798248
24261,0.15131421552464444
24263,0.1323075877707071
24264,0.12679901792028728
24265,0.13858771713604015
24266,0.14823442518096408
24267,0.13889186920925908
24268,0.3469197846398357
24270,0.15260768334723862
24271,0.16017718211804485
24272,0.06288868875188866
24274,0.23012166963273498
24275,0.14758120718439527
24277,0.1574412826880105
24278,0.06349846173739757
24280,0.13077425367491466
24281,0.14264934983701366
24283,0.15746588999238242
24286,0.15781253868805398
24287,0.14361272710248504
24288,0.15156569215765464
24289,0.13591268595280515
24291,0.13852157926094186
24292,0.193108027524141
24293,0.043226063076657446
24295,0.12856620271810115
24296,0.13876046081951585
24297,0.227559376343304
24298,0.16426839033941343
24299,0.1620992267698824
24300,0.14087955606111333
24301,0.13872302315082477
24302,0.14017874255662077
24303,0.39272731598825006
24304,0.24798633927853456
24305,0.15327915740362236
24306,0.15569856190899126
24307,0.1330648343749663
24308,0.1632034179707302
24309,0.0577996501180651
24310,0.15071767461905275
24311,0.1409477006337617
24312,0.1407111156303821
24313,0.13774031137564022
24314,0.13665693005526447
24315,0.0921722009719435
24316,0.12692083255762232
24318,0.0592695633906565
24319,0.2578609387440122
24320,0.14134795796065314
24321,0.1311902464590505
24322,0.2822848820917643
24323,0.25487041364952123
24324,0.14352155178922557
24325,0.3791320612413565
24327,0.15027006433949044
24329,0.26119780282544874
24330,0.15785273096797178
24331,0.1485835534627824
24332,0.150001383154984
24333,0.3603720992385994
24334,0.12281487882754084
24335,0.2056180433921284
24338,0.14932442429398765
24339,0.057194232301859736
24340,0.1447415908407166
24343,0.3689694974074713
24344,0.055720018128955995
24345,0.14479163051490854
24346,0.1338751540318002
24348,0.24784242841864432
24349,0.142002376951981
24351,0.13511086704751868
24352,0.23460921349545502
24353,0.11847075410953452
24354,0.3511612011312493
24355,0.15776305244638392
24356,0.14709065637526264
24357,0.13937982887998127
24358,0.21270627903490325
24359,0.13063547344178583
24361,0.14348238753431555
24362,0.0892074147190635
24363,0.06408338062719765
24364,0.129320040574449
24365,0.25222086258388204
24367,0.15048668412604124
24368,0.038394727107979795
24369,0.12962883561814534
24372,0.15191333037314567
24373,0.12325299650582881
24374,0.12699646327159633
24375,0.12665021234243998
24377,0.2164968436053444
24378,0.1229940702000868
24379,0.3584723114040241
24380,0.12061960383980415
24381,0.15006902144517872
24382,0.1256056211611937
24383,0.15151461623661822
24384,0.0639619315856685
24385,0.13158268755219257
24386,0.06610624725767461
24387,0.1511865214890536
24388,0.1445275198567332
24389,0.12602840277359798
24390,0.06328640094419931
24392,0.12766515910351398
24394,0.15148701916605256
24395,0.2423591211606374
24396,0.3903747563140325
24398,0.15967266956358328
24399,0.04445415779062279
24400,0.05700516750246961
24401,0.12305944434453465
24402,0.12872136053614527
24403,0.14072839384350566
24404,0.13699647669592507
24405,0.17316892762057742
24406,0.2429019860704086
24407,0.15059925113304864
24408,0.14271880709567997
24409,0.15989175102394484
24410,0.05815455809662573
24411,0.09387140882511576
24412,0.057567939110965284
24413,0.0602394082729806
24414,0.13571445140812957
24416,0.24392869065631984
24417,0.15598570905851797
24419,0.12865916342839276
24420,0.12802045691008707
24421,0.06979112710771404
24422,0.12310003067125237
24425,0.2662488972706095
24426,0.06366414880025288
24427,0.21252759865490148
24429,0.151730223589257
24432,0.13250909544522374
24433,0.14395190167550073
24434,0.14320720583226795
24435,0.3642029282849799
24436,0.14330749029695863
24437,0.1262342223065526
24439,0.13375343660106007
24440,0.14152572098557226
24441,0.15761302272025465
24442,0.18215031572440765
24443,0.12495817362495006
24444,0.14012791553578055
24445,0.1419670091286002
24446,0.12744088160808878
24447,0.23112611256947313
24449,0.142107145299591
24450,0.13074369794442212
24451,0.15020295256381092
24452,0.14443878502945043
24453,0.14713466604196931
24454,0.05677861269992928
24456,0.1763775715209833
24457,0.13329717990499876
24458,0.14480132733769016
24459,0.056164909944298846
24460,0.13374091433214166
24461,0.1429960012774196
24462,0.13442125200807417
24464,0.1719017208268037
24465,0.06443423717149462
24466,0.1348124429240045
24467,0.13701756733793388
24468,0.15532815119898116
24469,0.1476050332806775
24474,0.15541723868938098
24475,0.059929309054116774
24476,0.15772048786829282
24477,0.17114406362796686
24478,0.2555796748188548
24480,0.15197560779475436
24481,0.12767403300570968
24483,0.11396668185594629
24484,0.13344334252823015
24485,0.17672542068186425
24486,0.24394578390486013
24487,0.13852920884906286
24488,0.13348958615185383
24489,0.14466458072191565
24491,0.1340015396296935
24492,0.1989087223164114
24494,0.04292235563139147
24496,0.14452139476678708
24497,0.15338392323170866
24499,0.1372998441451189
24501,0.14013261669357513
24502,0.23198787943264845
24503,0.3434269803275285
24504,0.25833487917668246
24505,0.1943005769734827
24506,0.1525663319847221
24507,0.14647361187270844
24508,0.09272240513577036
24509,0.14123588940503007
24510,0.16009847192460114
24511,0.21100133383563835
24512,0.059661667509586784
24513,0.16128341460180276
24514,0.15045148925677146
24515,0.13531177810693842
24517,0.23718194365958944
24518,0.06631475549142789
24520,0.06320297166807835
24521,0.06432498591146474
24523,0.1508849149387507
24524,0.06013910930054157
24526,0.13030343823788645
24527,0.13993551777373578
24528,0.12826265862377736
24530,0.1366616208533742
24531,0.17373715293156466
24532,0.25259357294974305
24533,0.16329768029303762
24534,0.14854193111997596
24535,0.2272341824875528
24536,0.1536201950421702
24538,0.15052473387586665
24539,0.13009172016676832
24540,0.26174186300096336
24541,0.14202862070078215
24543,0.16421162238747225
24544,0.14471113138841166
24546,0.15278004315040453
24547,0.20549252584317626
24548,0.13824586658822804
24549,0.15108735219821587
24550,0.3666717862926842
24551,0.13212904410605433
24552,0.1646139406146894
24554,0.23323937392725894
24555,0.235892837157326
24556,0.1270690634710041
24558,0.20053340614765694
24559,0.37123456229915197
24560,0.13379660550886918
24561,0.1257970834204776
24562,0.2175739373387531
24563,0.1950599992571599
24564,0.14532590330878692
24567,0.14187748027334715
24568,0.13153201590006172
24569,0.16940541435329978
24570,0.16396864452725934
24571,0.14544765037131993
24572,0.3634716406424678
24573,0.22338685719358775
24575,0.268964308318407
24576,0.14265664566777336
24577,0.14938514731316554
24578,0.28130154680425656
24579,0.10317267048062063
24581,0.1306981601224788
24582,0.14070293913326937
24583,0.12588675314385736
24587,0.13750092793103913
24588,0.1415154039246144
24589,0.1630811928893603
24591,0.15292042787413582
24592,0.061010183771313786
24593,0.13271664357088794
24594,0.149165951176601
24595,0.23466206509732904
24596,0.14396877343723002
24597,0.1361245848305683
24599,0.12261757489037568
24600,0.1430064104230561
24601,0.14384928066034966
24603,0.3682251211914706
24604,0.14850375283672534
24605,0.13104303637237838
24608,0.1346565676132656
24609,0.16342039503823738
24610,0.09615966817539191
24613,0.14939336131730577
24614,0.14705896382154734
24615,0.1378655215807334
24616,0.06361211637202126
24618,0.21547957156945385
24619,0.1466777523982373
24620,0.1526558744617603
24621,0.1265545640442464
24622,0.1506284363198219
24623,0.14511477415610816
24624,0.1645850900183913
24625,0.16238853757632646
24628,0.16160634453731162
24629,0.14093011725929505
24630,0.1941648725775169
24631,0.22342121493692466
24632,0.20165429786798147
24633,0.14056826399042688
24634,0.17355744890740107
24635,0.15641758385304497
24636,0.1468643424974694
24637,0.21708985348099477
24638,0.05457916133361382
24639,0.12901280229723291
24640,0.1456345236510905
24641,0.12866515967085115
24642,0.055615694443122865
24643,0.1242044617963603
24644,0.13607250627163045
24645,0.1203368841268166
24646,0.13074328795117995
24647,0.12500909923235656
24648,0.22143904776541123
24649,0.1317089010711686
24650,0.08939133890455586
24651,0.13141535120845502
24652,0.0978777467446496
24653,0.39068709705760796
24654,0.2490664743707883
24655,0.15847359093276817
24656,0.13938869050450434
24657,0.14224016378302465
24658,0.0528628219936495
24659,0.13370510077627745
24660,0.1536108011639242
24661,0.33659707636190506
24662,0.13321632245547047
24663,0.23693314770773766
24664,0.13876319707098647
24665,0.12980015260996552
24666,0.13584728283676725
24667,0.12763034332020998
24668,0.15746236047230855
24669,0.1301781936706201
24670,0.38990601790870727
24671,0.14723249029364316
24672,0.39526716141472407
24673,0.1375318331383488
24674,0.13223574352746933
24675,0.14048835654594574
24676,0.1270389637615974
24677,0.26114429145986334
24678,0.119453381546593
24679,0.13951897686923478
24680,0.12716002354311548
24681,0.13463105953177937
24682,0.12273012127674204
24683,0.15417480710320153
24684,0.24657066294589225
24685,0.13393059455868925
24686,0.1563714733236774
24687,0.1537428025754115
24688,0.12600969434963405
24689,0.11402358104564486
24690,0.14557607509347106
24691,0.13139259188716823
24692,0.084022704879536
24693,0.1548053479911434
24694,0.1290634100002428
24695,0.2152331573677209
24696,0.14100252790730317
24697,0.14437596510666753
24698,0.14477341870082197
24699,0.10022713569281012
24700,0.0523419376905794
24701,0.15634835058295604
24702,0.36221793412433917
24703,0.12755244269895227
24704,0.14047574992249048
24705,0.23618982339594455
24706,0.16172719095299273
24707,0.11744381403098315
24708,0.14186197936583267
24709,0.1358570481675259
24710,0.13356079065449092
24711,0.15328348128028557
24712,0.14338838105461552
24713,0.1367485493613869
24714,0.35073649739775875
24715,0.0570808983932733
24716,0.06304113881123653
24717,0.14492384961451565
24718,0.14920345414627542
24719,0.1305117855295461
24720,0.2046343922441202
24721,0.1654583224659906
24722,0.14627293619988563
24723,0.1233558289623524
24724,0.07895850820419631
24725,0.36809568501383105
24726,0.15292106319590107
24727,0.1351671538835035
24728,0.11591752609153862
24729,0.1412317207691375
24730,0.15348823094724748
24731,0.13038278922874016
24732,0.3603013669212835
24733,0.12018693776652406
24734,0.14850203590565572
24735,0.12970468353084733
24736,0.3610414388729421
24737,0.3512350486966557
24738,0.20599164156055313
24739,0.1825642530071461
24740,0.14200316518697537
24741,0.15802909559577735
24742,0.1523867403678387
24743,0.06368623889275395
24744,0.12735386324970985
24745,0.12421746953756461
24746,0.16037146143365036
24747,0.12129593545726318
24748,0.15652401309964584
24749,0.16794036397346912
24750,0.043175283456199615
24751,0.12299984317154272
24752,0.12955864191348163
24753,0.12838492925864223
24754,0.24844824536662538
24755,0.3788509662103278
24756,0.17740374227223957
24757,0.25240221277466723
24758,0.06139646950756539
24759,0.1426992773099469
24760,0.11666123017265793
24761,0.14759362623372171
24762,0.13241010842576914
24763,0.04396816018247157
24764,0.13942852234714867
24765,0.12648129465922572
24766,0.1468321375848823
24767,0.14492271879980526
24768,0.15351156036376
24769,0.14872194502422834
24770,0.15550066809199328
24771,0.1490632044628727
24772,0.16253646143728417
24773,0.08980306070934586
24774,0.16832734767092994
24775,0.2033265582244516
24776,0.157716218891231
24777,0.09646234788388752
24778,0.13928188228054303
24779,0.12296583677577488
24780,0.16277711583082055
24781,0.12663088712387768
24782,0.06658377395646158
24783,0.1365040292485191
24784,0.26682511149774607
24785,0.134485694058566
24786,0.13994059777671686
24787,0.12343819292118031
24788,0.35151015177315426
24789,0.12782143613198926
24790,0.1879909063907411
24791,0.16261422075714912
24792,0.16738779763109105
24793,0.1439529395479013
24794,0.20182190032288627
24795,0.3465883303286861
24796,0.09823985710749993
24797,0.14646109080690492
24798,0.12821963239237363
24799,0.14916946239406123
24800,0.3328112156282173
24801,0.36331149141525204
24802,0.3604937813969767
24803,0.12549831412543586
24804,0.132581411066683
24805,0.1548148403496736
24806,0.14109768787218188
24807,0.14100747084711485
24808,0.11469237397088854
24809,0.23425747782279963
24810,0.37079953438931357
24811,0.39119967956423257
24812,0.13225022972624392
24813,0.1293690104449403
24814,0.13549863935958484
24815,0.14971835068251002
24816,0.13956850628937478
24817,0.13621045317909586
24818,0.12591866868581822
24819,0.13821650749957778
24820,0.04700498410726612
24821,0.38034751810604916
24822,0.12558138615898629
24823,0.24781587625142762
24824,0.13383900167603077
24825,0.15432614929208652
24826,0.13149307205404526
24827,0.2310871787255124
24828,0.16816003361669674
24829,0.12665584481345532
24830,0.1303987730440666
24831,0.16657784282724022
24832,0.1206247866791356
24833,0.13430209016839575
24834,0.14260034926230103
24835,0.1096856780105807
24836,0.15199393480598306
24837,0.21280818064626847
24838,0.13113792095745933
24839,0.355982945018267
24840,0.13508525271522817
24841,0.14921405194614157
24842,0.040219543941064466
24843,0.13816872678076134
24844,0.14031491021270448
24845,0.06339099231431682
24846,0.13512927556104193
24847,0.262942742952778
24848,0.15442277862081474
24849,0.15067114185517447
24850,0.12802478779837115
24851,0.14804641320119452
24852,0.1372727985101189
24853,0.14309245387768213
24854,0.1393453101289047
24855,0.06004269522017305
24856,0.12929922872696553
24857,0.3746723701881678
24858,0.06066657228417224
24859,0.36113028039112693
24860,0.3459398991745332
24861,0.13559875486765283
24862,0.15498292300926156
24863,0.21593488495247462
24864,0.3903821620231626
24865,0.04531496391385383
24866,0.14397638493697798
24867,0.21015521984714522
24868,0.12901477959332502
24869,0.1503731218122913
24870,0.13121301376542466
24871,0.1425197141940703
24872,0.13571331860314687
24873,0.1629150662065413
24874,0.14412510694636124
24875,0.21874126172323718
24876,0.14035782861700474
24877,0.14241610792510231
24878,0.3488135582660681
24879,0.12158987296641381
24880,0.06017231433505091
24881,0.14570673954657748
24882,0.1347192013778199
24883,0.23471804685830142
24884,0.15724966085083256
24885,0.1505827245947531
24886,0.16397607009580958
24887,0.12552615394227307
24888,0.12204501771461544
24889,0.12761022844073308
24890,0.34439383315025757
24891,0.13831864169983824
24892,0.23717715851138074
24893,0.061748706992784584
24894,0.15049934927704767
24895,0.1319194236512906
24896,0.15410019062194472
24897,0.06228426914547477
24898,0.3349219296642434
24899,0.14156802070205654
24900,0.05868854027184237
24901,0.22791616978717488
24902,0.12041277285977635
24903,0.1485146694651747
24904,0.05973075744706526
24905,0.1474310425704912
24906,0.12068954051791579
24907,0.14009303378886792
24908,0.21165942127511417
24909,0.12371007589848781
24910,0.13554072047616234
24911,0.16078988047887474
24912,0.05797087408107915
24913,0.13965322287574058
24914,0.059600891445077825
24915,0.13565697270361166
24916,0.05394340527045353
24917,0.1553228948507075
24918,0.07300102148790895
24919,0.15151209445783806
24920,0.12594835139294713
24921,0.13716917293622125
24922,0.12205744855239616
24923,0.2133112639229178
24924,0.19337505462550497
24925,0.14421472641153502
24926,0.03981844256912338
24927,0.22896342480057
24928,0.14901240853819334
24929,0.3354525950250735
24930,0.22681191838820247
24931,0.33066623819073854
24932,0.13580198008506433
24933,0.16186427428658764
24934,0.1393687937459961
24935,0.1283342844347252
24936,0.387836882283689
24937,0.16143795046810774
24938,0.13971505342827406
24939,0.21393686178753105
24940,0.15603618266432812
24941,0.14826232240908035
24942,0.1815069635848121
24943,0.054507927363223484
24944,0.2298062374280497
24945,0.3764415955124567
24946,0.20082921241122906
24947,0.3754903940696579
24948,0.12733349660163926
24949,0.12961859227044384
24950,0.1193293036410333
24951,0.33979354959163016
24952,0.06478963186713686
24953,0.17297719125915897
24954,0.16401081067140166
24955,0.1402837476777169
24956,0.15423868274321387
24957,0.1386606448062865
24958,0.057058366884387875
24959,0.12087473300315375
24960,0.1506087330815423
24961,0.12194733752230504
24962,0.3484476076108285
24963,0.1556396061388414
24964,0.13799685078877785
24965,0.1565365116024334
24966,0.14066243554890664
24967,0.04193750312119473
24968,0.34301670149242863
24969,0.10966304697678142
24970,0.22196801476308678
24971,0.16310789832582426
24972,0.07058293849947167
24973,0.13825991283002492
24974,0.34070713831959015
24975,0.13817796767516627
24976,0.2367517493021339
24977,0.13307086332188717
24978,0.152438333032436
24979,0.13103746086890777
24980,0.0556033815923479
24981,0.12790841900540537
24982,0.25252550393357337
24983,0.14427697665817676
24984,0.1418611652744807
24985,0.14214176372520557
24986,0.12269471303715455
24987,0.1587027259650475
24988,0.14211660656074998
24989,0.2150353169785326
24990,0.16057273824328877
24991,0.21437125247572117
24992,0.19356303245684645
24993,0.22691535939836172
24994,0.12942972476430062
24995,0.13310782526370393
24996,0.056229147327093866
24997,0.1349561726918784
24998,0.1534153130225768
24999,0.14599434140636827
25000,0.14323904238256188
25001,0.13294316378631507
25002,0.1425821549086178
25003,0.16265226144031653
25004,0.1718717505661964
25005,0.11844206812201558
25006,0.15259234109705677
25007,0.03961978467674505
25008,0.14184801440247857
25009,0.15186468281507334
25010,0.14099742330580342
25011,0.14804716211504132
25012,0.05827020811082186
25013,0.1636326195671212
25014,0.1306215997055624
25015,0.12944955412934872
25016,0.2145776487314639
25017,0.3625792616036246
25018,0.14458602442470278
25019,0.1228986957655633
25020,0.20037113897744407
25021,0.14476359807373748
25022,0.14345198597475273
25023,0.12963010791041588
25024,0.15363932967693214
25025,0.15674431543665937
25026,0.35725558564424986
25027,0.14585599471145513
25028,0.055228055976886535
25029,0.14080310776502838
25030,0.1469676385933347
25031,0.38837968493240527
25032,0.06112036657253544
25033,0.127210188552206
25034,0.19566947220278685
25035,0.14266826156372034
25036,0.12068662354074496
25037,0.3913600270528988
25038,0.14066424524401802
25039,0.3417648452164943
25040,0.07284327206105623
25041,0.2634836853248028
25042,0.17037029708671078
25043,0.13490770730022697
25044,0.15621666943965784
25045,0.14281841257788194
25046,0.35073764269862456
25047,0.05860491645769877
25048,0.22531267926209733
25049,0.3656955988090194
25050,0.21801584791174614
25051,0.1404095730995797
25052,0.14738664643092558
25053,0.05535774848294688
25054,0.2279741557330152
25055,0.15062619403632518
25056,0.15570431772127166
25057,0.14397744674441829
25058,0.13530814810963743
25059,0.1504261205540283
25060,0.2556611149431794
25061,0.12021340842233845
25062,0.14042711275842282
25063,0.34174849007343316
25064,0.20773460551947664
25065,0.05536897051773145
25066,0.15970078670250085
25067,0.10925200738668765
25068,0.15975326701941295
25069,0.14544009626676366
25070,0.3481227348286587
25071,0.1335788067709405
25072,0.15019398856053462
25073,0.3569029136397077
25074,0.14583453556066894
25075,0.15358954143720363
25076,0.14109941007291046
25077,0.15066929067095802
25078,0.09967968786948021
25079,0.14837842783008287
25080,0.37240812218873215
25081,0.14175199615605752
25082,0.20672007915328364
25083,0.1274112258480524
25084,0.15081033806308805
25085,0.32677452985422284
25086,0.145590724208854
25087,0.33708014856131613
25088,0.12644410244334126
25089,0.18715690086196904
25090,0.11097734224037385
25091,0.3487794964352748
25092,0.193012786694162
25093,0.3307270942717998
25094,0.2402827742800627
25095,0.17198632235183933
25096,0.13960365177518166
25097,0.3484255240094995
25098,0.25173869236530416
25099,0.19481447056166837
25100,0.25442931500344707
25101,0.14074449997928723
25102,0.2237845349162569
25103,0.173368825929788
25104,0.15459640260673735
25105,0.11918572259230242
25106,0.12254034478123194
25107,0.14261640733543005
25108,0.3667221484917061
25109,0.12596262373054837
25110,0.14562861124683182
25111,0.14176755635740076
25112,0.1617046246576014
25113,0.19763317588893894
25114,0.15379504751181153
25115,0.2470977850623239
25116,0.21500127046158357
25117,0.1446911206418867
25118,0.12267409506513766
25119,0.14286908564277725
25120,0.06907990705441122
25121,0.11964477456314375
25122,0.2412208872474512
25123,0.16309585425786174
25124,0.15241383243565923
25125,0.14883242590804577
25126,0.2549257742074999
25127,0.2127470583560568
25128,0.40577471923042024
25129,0.1454013868098246
25130,0.14097736768137248
25131,0.12950905923397246
25132,0.11979395711094204
25133,0.15161091874812604
25134,0.05840940683504397
25135,0.12646196060657802
25136,0.14807450966224997
25137,0.12507381520178534
25138,0.14334320246353727
25139,0.12811518164244703
25140,0.13327927609822007
25141,0.15141199429187166
25142,0.14193615632976797
25143,0.04506045699481621
25144,0.12509850219969995
25145,0.15803789273770255
25146,0.20216459516537674
25147,0.15567517669723804
25148,0.21509282233486535
25149,0.2477705465005343
25150,0.11933861480853054
25151,0.1375229725820382
25152,0.07023336631838034
25153,0.13790594803757975
25154,0.3507008156015851
25155,0.1342310528042685
25156,0.14052918953712165
25157,0.1286519029381787
25158,0.11850878964863364
25159,0.155987832045722
25160,0.14432648469204376
25161,0.18182815486890846
25162,0.13541486068290023
25163,0.13876157771992614
25164,0.13654960033822913
25165,0.12403983245855803
25166,0.060752824174176955
25167,0.16018641990708685
25168,0.18868780923197295
25169,0.04273452473093944
25170,0.14508052092889187
25171,0.173824438438814
25172,0.12959568772769117
25173,0.062459492412764696
25174,0.16251627657853152
25175,0.1503925082985242
25176,0.063046997360017
25177,0.14187750052627265
25178,0.12198649472018573
25179,0.15303533336156244
25180,0.14686004882370382
25181,0.11279485975656169
25182,0.3414739536612324
25183,0.12484223431951007
25184,0.13323582123955213
25185,0.14345991972228375
25186,0.15446249003147985
25187,0.12015555554488093
25188,0.1513975040266597
25189,0.12357827722819102
25190,0.1672495969790806
25191,0.2574969195542347
25192,0.3821325012706492
25193,0.1591939713472059
25194,0.13233440283561884
25195,0.34240432322825615
25196,0.14235855112167542
25197,0.12878416616740648
25198,0.05696606792705811
25199,0.25459279963482145
25200,0.13924584125861142
25201,0.3573265895958117
25202,0.11612862053844508
25203,0.1234304266499897
25204,0.1166684808507603
25205,0.2363079843865211
25206,0.12435074411383458
25207,0.13052503152861408
25208,0.13403335056330193
25209,0.21188217740585227
25210,0.1531525441571672
25211,0.08244583413027758
25212,0.368202612674643
25213,0.10913379038609657
25214,0.13402323917848344
25215,0.13849838083427266
25216,0.2216026942461763
25217,0.19636687215221812
25218,0.13419421466587036
25219,0.15447129671840165
25220,0.14730264371025992
25221,0.2503158750298069
25222,0.1540894804322178
25223,0.14659010270337483
25224,0.13463925268243374
25225,0.1659537002136733
25226,0.2929164140428726
25227,0.1299959633923653
25228,0.16637599678100737
25229,0.14647802951561573
25230,0.15990408147701726
25231,0.12395679842976592
25232,0.12533924479537892
25233,0.159477691843031
25234,0.35220626963744067
25235,0.1420308688787796
25236,0.15640323631634775
25237,0.35432382474140894
25238,0.2090611583574132
25239,0.14441426694468676
25240,0.34289143750926726
25241,0.13412310999639476
25242,0.11889304331848988
25243,0.13195202420052043
25244,0.3845105016073822
25245,0.14275598885418173
25246,0.1491630592876826
25247,0.1597807086907513
25248,0.04110087916816787
25249,0.14798768061090897
25250,0.12414888109768045
25251,0.1389128734653848
25252,0.19044592176894268
25253,0.05927703637506246
25254,0.1500903414091375
25255,0.21408922724845225
25256,0.1417349756434615
25257,0.08444448623443594
25258,0.13609158081081787
25259,0.14705843053193227
25260,0.21891798162878318
25261,0.23732523295126398
25262,0.16770867935707093
25263,0.13655106015884486
25264,0.125272943121662
25265,0.1318959172925115
25266,0.12064369987984917
25267,0.13714641389973362
25268,0.12440727694873462
25269,0.21822275663004778
25270,0.1292885033619848
25271,0.04296140532462179
25272,0.12251631434137324
25273,0.3520167439562676
25274,0.12207938334878367
25275,0.24418938669099266
25276,0.13378597697003203
25277,0.13095431619812334
25278,0.2101669329737257
25279,0.14036805996557547
25280,0.3430220592504291
25281,0.22207228003513632
25282,0.1617127264098943
25283,0.17501553664682565
25284,0.19465764560683876
25285,0.1520311363455765
25286,0.14231056592037852
25287,0.06665080915439549
25288,0.13689873022008933
25289,0.14568705183767583
25290,0.1382991960658485
25291,0.13014402313979131
25292,0.14842199140440668
25293,0.22408212949574868
25294,0.26363009410900085
25295,0.141813509605372
25296,0.14524591115773441
25297,0.14869090565918755
25298,0.060364447552803874
25299,0.151357217959627
25300,0.060135375325338136
25301,0.14083707203915044
25302,0.13455410117594938
25303,0.1517276720336268
25304,0.14826366006532843
25305,0.23980014018353793
25306,0.15084420830000922
25307,0.13526693940888584
25308,0.1197629855832224
25309,0.13234376885283847
25310,0.12557758845105874
25311,0.18198393228121879
25312,0.1412004125265604
25313,0.14177190019970268
25314,0.155515764862423
25315,0.1617863398137885
25316,0.059486405057957104
25317,0.12102864396378292
25318,0.19290203502809322
25319,0.1320524857622266
25320,0.19696147854733884
25321,0.14482286766056562
25322,0.1418320716347633
25323,0.15253788617043199
25324,0.23580522902048692
25325,0.13206888094927294
25326,0.20753987043334257
25327,0.2200055662002538
25328,0.16158944852285193
25329,0.1261487605093408
25330,0.14544107235517434
25331,0.04384227509399823
25332,0.1709377376062827
25333,0.14295619668023982
25334,0.34172315771198286
25335,0.20248794798585237
25336,0.3449091953724394
25337,0.22540591197697832
25338,0.0826081827407083
25339,0.2025161877469636
25340,0.13660953592543612
25341,0.17111880789009484
25342,0.12080946715970842
25343,0.3462556850358549
25344,0.1662443461746391
25345,0.14454657856579298
25346,0.16658137924578534
25347,0.15945566595198016
25348,0.15996138941775487
25349,0.12984953813969616
25350,0.15004446281791128
25351,0.1236590462604028
25352,0.06141089201676525
25353,0.14481752297820438
25354,0.13748313199331053
25355,0.15566814549841454
25356,0.12962988242934012
25357,0.057944553092524644
25358,0.20944409059369015
25359,0.35549879205845775
25360,0.13163293952490976
25361,0.13458663778366906
25362,0.2102341227333678
25363,0.12536584836982068
25364,0.12113314230894122
25365,0.14263637736616022
25366,0.3463124007098067
25367,0.15162667949874273
25368,0.12663416253001808
25369,0.12442560345040458
25370,0.13413000459198318
25371,0.14694461217460805
25372,0.12533626027943814
25373,0.22679755323851403
25374,0.22389459735290398
25375,0.2500011475214461
25376,0.1500471227124394
25377,0.38544705359223724
25378,0.12543973723851606
25379,0.14066913858063904
25380,0.04521541865661049
25381,0.07222596833796008
25382,0.13483174448946722
25383,0.14683376022526862
25384,0.12703887343409806
25385,0.1282127001034881
25386,0.3411581068328198
25387,0.1213746577295844
25388,0.15903548890465036
25389,0.11625871597202769
25390,0.2481078456716459
25391,0.11823186295880674
25392,0.1364825376166164
25393,0.13401380533831883
25394,0.13519102419112264
25395,0.34283743431113606
25396,0.14026377944386606
25397,0.0638941504568179
25398,0.15723218632629907
25399,0.14287502055328036
25400,0.14195432147269765
25401,0.15619176667361567
25402,0.20274657339403215
25403,0.23257483220636724
25404,0.1421546198465935
25405,0.13154745807148557
25406,0.08729079051421583
25407,0.14777002969657285
25408,0.14665489956363642
25409,0.15023242200615086
25410,0.2718384074847657
25411,0.14248341614704838
25412,0.3611622427319578
25413,0.1332699266614578
25414,0.2231711655719623
25415,0.15364721864888709
25416,0.14608398952491572
25417,0.142688455393549
25418,0.21881364755143087
25419,0.12935772257161748
25420,0.11840136701582431
25421,0.12178380733224231
25422,0.20652719311848602
25423,0.40691253607964284
25424,0.16495161442944087
25425,0.12165445383766506
25426,0.2425941253705176
25427,0.1496890683770038
25428,0.14820583075439184
25429,0.21938682666895762
25430,0.11585567815230043
25431,0.16367979391396745
25432,0.1660760344297655
25433,0.15965044238667167
25434,0.15301668920759923
25435,0.06292157484268653
25436,0.14657028994540564
25437,0.16807594657269123
25438,0.15461793844226515
25439,0.12331772417281317
25440,0.20780012941736045
25441,0.1324429096549195
25442,0.1452286164017993
25443,0.11890397428617545
25444,0.3485622029075139
25445,0.1270561673414483
25446,0.3864042502107184
25447,0.11163345061915313
25448,0.13691198053577977
25449,0.33872331916542237
25450,0.139176991959064
25451,0.20584530242453522
25452,0.06299248428989608
25453,0.08532229656887114
25454,0.1369556902860332
25455,0.14335413260982124
25456,0.13968525788019118
25457,0.13274771515389625
25458,0.12727291996733583
25459,0.22548168149103753
25460,0.05373994294411861
25461,0.1357537224156206
25462,0.14152113884746956
25463,0.1347997395340628
25464,0.33959493607174607
25465,0.34098642501153087
25466,0.23068162415894922
25467,0.14141334962796667
25468,0.14711043499304136
25469,0.14924194140635053
25470,0.22275012025032678
25471,0.1568792551889385
25472,0.11991272749572947
25473,0.15067067415772886
25474,0.12907494491683894
25475,0.2117652569806643
25476,0.13581517700938409
25477,0.3618110604651859
25478,0.1339204814148617
25479,0.377857660861933
25480,0.2525869925533692
25481,0.1418558062109996
25482,0.24255226203694727
25483,0.12595423268885664
25484,0.13678544262243067
25485,0.15218442589730574
25486,0.19669816453449993
25487,0.35169075821138723
25488,0.2034679881263063
25489,0.1307240801606478
25490,0.12274324356341175
25491,0.11375046290157453
25492,0.14672949431411583
25493,0.16074193023024405
25494,0.14216509341234043
25495,0.0902344769880958
25496,0.0655199371668482
25497,0.15386609599668225
25498,0.06490930448049635
25499,0.15769106318513018
25500,0.25488481695146326
25501,0.10892685483752242
25502,0.13956517713866015
25503,0.15509073218808034
25504,0.2163859383378357
25505,0.05723914917508271
25506,0.146074781177244
25507,0.05765817670383675
25508,0.12193404539807619
25509,0.12830639656535223
25510,0.16542468704821536
25511,0.15126136026862233
25512,0.3539571536207895
25513,0.21060778227498625
25514,0.18969048507576294
25515,0.1495533898575521
25516,0.14588004646226646
25517,0.05754206307308841
25518,0.16024133078013802
25519,0.1478546640809846
25520,0.13812283784136506
25521,0.13483482712216832
25522,0.1467324551006151
25523,0.21823074547447086
25524,0.13306021284268513
25525,0.12119340145985719
25526,0.04442865373094301
25527,0.12277138249234953
25528,0.20039736365237448
25529,0.1544460196181842
25530,0.06071847901669214
25531,0.13269130602705093
25532,0.12665223364735875
25533,0.12289449458410641
25534,0.14269228766028888
25535,0.34985958813325024
25536,0.20374891265172831
25537,0.22574224357028264
25538,0.11883372212069652
25539,0.1633637517936014
25540,0.14576838615920107
25541,0.11820443096291174
25542,0.15443683789220486
25543,0.1330643157780003
25544,0.13265122179644837
25545,0.15021422683837268
25546,0.13322612352784285
25547,0.13786748054218748
25548,0.12183219565288177
25549,0.06485681724124284
25550,0.1467859263925326
25551,0.12069185877645466
25552,0.14835139792093113
25553,0.3576200583243687
25554,0.06393690953585389
25555,0.07391197448726697
25556,0.1432702582604832
25557,0.1547260839707861
25558,0.12655511812621945
25559,0.16376490419738818
25560,0.15020441689266592
25561,0.06317272756694066
25562,0.15504388806154104
25563,0.1254774589000988
25564,0.08980463387044231
25565,0.13485973194628034
25566,0.13811712692937403
25567,0.13367291010025023
25568,0.13052737130303296
25569,0.14728590749638318
25570,0.13929625480039895
25571,0.24982878149058332
25572,0.13494275388328134
25573,0.19625211275306712
25574,0.12214199297847317
25575,0.15889497096866734
25576,0.13359714738692108
25577,0.12580984115764937
25578,0.16225007788760548
25579,0.12062093446124533
25580,0.15809525368814215
25581,0.2315357467193523
25582,0.1357027201665398
25583,0.1226511214757684
25584,0.1609890239470176
25585,0.14342339322858952
25586,0.20263166426653556
25587,0.20733710242579773
25588,0.22898866258921025
25589,0.14012867304993584
25590,0.12584601768477058
25591,0.1418350924804355
25592,0.12295916092129504
25593,0.1487818416108275
25594,0.13218049540973292
25595,0.06791887748652158
25596,0.1264133951029309
25597,0.04115290453190568
25598,0.2450274581587911
25599,0.12308964972047891
25600,0.14833418933369238
25601,0.12791012649563813
25602,0.15453805030251264
25603,0.2100432004710279
25604,0.15254806149698344
25605,0.0734290137443754
25606,0.1430636263313204
25607,0.12377187146773279
25608,0.21748884388430575
25609,0.11589264068674172
25610,0.13321591527829188
25611,0.07981741813432312
25612,0.13307025932829367
25613,0.15277318010187535
25614,0.2545250129397263
25615,0.12276430484643425
25616,0.1326124146597648
25617,0.1537660897202144
25618,0.34708503500233195
25619,0.22131277445693817
25620,0.22736405188509168
25621,0.14327951922173773
25622,0.15621258599776724
25623,0.14097548815632888
25624,0.12900471513300904
25625,0.15113935692248234
25626,0.14441590668453153
25627,0.3551311934708488
25628,0.056813288085845216
25629,0.052626083899774724
25630,0.14016136587296324
25631,0.2489131275042059
25632,0.12975796786330332
25633,0.11583319232062506
25634,0.13545915286813356
25635,0.11693087768513316
25636,0.1576393157996583
25637,0.05730246242581497
25638,0.14467964319892598
25639,0.12795364057127354
25640,0.15626075533532433
25641,0.1523591933265391
25642,0.12412208308440191
25643,0.1525708170779384
25644,0.2013745142787732
25645,0.133347214250433
25646,0.16351656680852464
25647,0.14291613451555898
25648,0.14943313458838095
25649,0.197303184067255
25650,0.1428374453069219
25651,0.1630383385786425
25652,0.270369524094753
25653,0.1261649236159297
25654,0.13370219209490664
25655,0.3450231059189097
25656,0.3744736660593755
25657,0.13813046482743607
25658,0.05941111191393572
25659,0.11830177342054943
25660,0.11379377668453315
25661,0.19737619432685363
25662,0.13719432951955882
25663,0.1194279915441138
25664,0.2218574703170566
25665,0.1470559858911038
25666,0.05690938358239809
25667,0.08736667943912489
25668,0.14417547756124205
25669,0.22676707953855904
25670,0.15242255685090847
25671,0.13660915026647188
25672,0.16493404995345678
25673,0.053963806023899996
25674,0.12391515315561556
25675,0.12605629684714886
25676,0.20264191129484752
25677,0.13413947456947184
25678,0.16745082675700237
25679,0.15809660826626462
25680,0.13169607974864703
25681,0.14861845727111864
25682,0.1441020660189393
25683,0.40748653280882685
25684,0.15022826993948502
25685,0.13860927336115075
25686,0.14383736378638937
25687,0.11097619625489939
25688,0.2539345631013406
25689,0.14935244986787236
25690,0.13359333157923123
25691,0.12348625375316524
25692,0.13225584447045843
25693,0.1474214147395413
25694,0.15210680931339846
25695,0.14827081846155998
25696,0.13239036864176532
25697,0.35401341721528246
25698,0.12571932454724374
25699,0.06376910068972529
25700,0.1379535562063339
25701,0.15062842089656972
25702,0.14959203667140109
25703,0.23405903680353013
25704,0.3614350303339038
25705,0.14209287080063132
25706,0.14163460250490648
25707,0.21717406532368944
25708,0.2305547523911425
25709,0.1240497862257508
25710,0.05944293231407941
25711,0.2072278691013957
25712,0.139787713700128
25713,0.05833538915535257
25714,0.06142371553264744
25715,0.16086879728024558
25716,0.11306860762801073
25717,0.03983981630490508
25718,0.14166019529358198
25719,0.18388059349997352
25720,0.15111541207356718
25721,0.2273809686351319
25722,0.3539213982671791
25723,0.1340847206963404
25724,0.1451801518566692
25725,0.1377647775808473
25726,0.05841652280263559
25727,0.13002193284588248
25728,0.11443636213050046
25729,0.12351239710885369
25730,0.15617837077834262
25731,0.1487036356888739
25732,0.1446465024083209
25733,0.12389262480794093
25734,0.2403608881766018
25735,0.1186954972170801
25736,0.1485555756556015
25737,0.13572691016599062
25738,0.21782332666027346
25739,0.05903931112642417
25740,0.12797041438773815
25741,0.1402858422477541
25742,0.1288847087653195
25743,0.12866582005058788
25744,0.11873610726320438
25745,0.09450806538675859
25746,0.14754095468783726
25747,0.1292435187777946
25748,0.14216731947311134
25749,0.250186006670843
25750,0.13690630237932191
25751,0.3422686281199386
25752,0.1483338274678249
25753,0.35476555738453025
25754,0.13910336784001864
25755,0.04283940424820203
25756,0.15741142809071063
25757,0.16377347802298678
25758,0.11903834446444177
25759,0.20933740413539484
25760,0.12990521406656105
25761,0.11734220326596724
25762,0.09127469029574292
25763,0.12630184349120263
25764,0.12902813683978828
25765,0.13152587846658984
25766,0.14781417180166315
25767,0.41244962057198675
25768,0.127470469775795
25769,0.14903602424053566
25770,0.05539090913463762
25771,0.20711351655203036
25772,0.12168204317122262
25773,0.1525935098656883
25774,0.34726856600089007
25775,0.1512331700021277
25776,0.12412263893230992
25777,0.22304379180081946
25778,0.1660760787096613
25779,0.14628688604239617
25780,0.21371846312368414
25781,0.15176392148877604
25782,0.1299421260336074
25783,0.15176899214178924
25784,0.16272907291488828
25785,0.058055024383334854
25786,0.1341029503545753
25787,0.12820649056995667
25788,0.3346385709555939
25789,0.1322653263439136
25790,0.1362863505398091
25791,0.14550272061056543
25792,0.14067320678349413
25793,0.15448031579998514
25794,0.1329179733818073
25795,0.17073855996003337
25796,0.13835848531079925
25797,0.18914853941612741
25798,0.13665975185439252
25799,0.22567302955903315
25800,0.15256067870110043
25801,0.13969001257764682
25802,0.2160108673588609
25803,0.15656977849084366
25804,0.04008900071069637
25805,0.12921472592493552
25806,0.1462025233276136
25807,0.3521347472244132
25808,0.13509248532084106
25809,0.12166575784667437
25810,0.14965022700549724
25811,0.037351695805328135
25812,0.1193939740449627
25813,0.12666751930696765
25814,0.34061423973886523
25815,0.12272493013032469
25816,0.12306320116314529
25817,0.3357643069844041
25818,0.06484322961274613
25819,0.18490928156531047
25820,0.13287752130947392
25821,0.12496557482021571
25822,0.1369854100201072
25823,0.14856905279985969
25824,0.05752767666943811
25825,0.1510631576756275
25826,0.13386110389798833
25827,0.05764939253274568
25828,0.2268389971575664
25829,0.07840897445536044
25830,0.1328377752942306
25831,0.1414289166865836
25832,0.13953696650253636
25833,0.14530715555545023
25834,0.2012659512795514
25835,0.1493555243304693
25836,0.31479028882207827
25837,0.19423181781717824
25838,0.14242535183090593
25839,0.14464784596442495
25840,0.14369405972756819
25841,0.16343777520162314
25842,0.13175941089129486
25843,0.13282878956786795
25844,0.19507326850606396
25845,0.23793768580864874
25846,0.0637279589878895
25847,0.12134216178231594
25848,0.06822067335676708
25849,0.11541525531946654
25850,0.1342514013632957
25851,0.14256659353325798
25852,0.13786410268041463
25853,0.05926672409735176
25854,0.14719614963090152
25855,0.15136635089977948
25856,0.14020717731169624
25857,0.17432426238478171
25858,0.22225691100166592
25859,0.11135995907102407
25860,0.14080120933817097
25861,0.3714889957468303
25862,0.16195964844858637
25863,0.12200979087292076
25864,0.1234953186169842
25865,0.12883357879620497
25866,0.24236605682792056
25867,0.14034157199301814
25868,0.19326221192687265
25869,0.13347999861415258
25870,0.1556860702620346
25871,0.23619329327351238
25872,0.06397746651338403
25873,0.13350650809657547
25874,0.13571856522785639
25875,0.13033808326467483
25876,0.12673857320186924
25877,0.12432422852122312
25878,0.20098793380455296
25879,0.17250200850369346
25880,0.1617622604431981
25881,0.05070997957465088
25882,0.16072246268156215
25883,0.14340799835732473
25884,0.1265843708635213
25885,0.2150646163432931
25886,0.3610326205671616
25887,0.1641165224536811
25888,0.13852077984081146
25889,0.1393634196866322
25890,0.14018246216984337
25891,0.11534146405725004
25892,0.14750994552669527
25893,0.14661411120616108
25894,0.3450826817223949
25895,0.12925504471778437
25896,0.21543593887309023
25897,0.24275383341286336
25898,0.14088455531171376
25899,0.059448248820049975
25900,0.13703594491632712
25901,0.13420424921366106
25902,0.129420100045446
25903,0.11935495006319619
25904,0.14978071910942348
25905,0.15431724370047264
25906,0.12568469965971196
25907,0.13203580451457578
25908,0.1333235392352091
25909,0.14288798966683194
25910,0.13504364971709307
25911,0.13709896105027783
25912,0.13962226970203775
25913,0.20231024684906793
25914,0.14876052815391375
25915,0.12813528422161638
25916,0.14413700295892215
25917,0.1428859442924775
25918,0.12536696371707826
25919,0.0593988024690455
25920,0.12300110967577378
25921,0.19177938857626087
25922,0.13715705789247637
25923,0.13437850096967555
25924,0.2152137406695295
25925,0.15510420014853774
25926,0.17474117062002703
25927,0.13072740371612013
25928,0.21565056261049306
25929,0.12316289781190544
25930,0.15853200718690932
25931,0.12644928275531622
25932,0.15399268691197487
25933,0.15490346035117122
25934,0.13331371183217453
25935,0.057807682711689755
25936,0.15541590090980015
25937,0.12078948126808299
25938,0.056038040523867565
25939,0.1765109835388614
25940,0.1543767135577355
25941,0.1341262866443658
25942,0.128826133688269
25943,0.12496683719999852
25944,0.2310641246058711
25945,0.09934545312771074
25946,0.13645271862265582
25947,0.21021069659793878
25948,0.15270394892676384
25949,0.35865531180854626
25950,0.11537714211344645
25951,0.1394269386153971
25952,0.15079047127397127
25953,0.15312959709292026
25954,0.055904412222816315
25955,0.15678522218821964
25956,0.1437904614485914
25957,0.14231196666318555
25958,0.15404068782637462
25959,0.15779633051422148
25960,0.138340823577285
25961,0.14182433924379226
25962,0.21855240443552304
25963,0.11752517955370802
25964,0.15843448099667756
25965,0.14321003209954383
25966,0.13382497998589118
25967,0.14241107135587128
25968,0.13456607349374197
25969,0.12212102025928499
25970,0.14706366506973786
25971,0.061693964808059665
25972,0.2540383124201457
25973,0.06053056416098213
25974,0.1321175086419633
25975,0.13795186186980626
25976,0.13994481829276842
25977,0.24897653081286628
25978,0.16643192117936959
25979,0.14978433536797806
25980,0.20350985486082118
25981,0.3567581553155348
25982,0.039441444452375275
25983,0.059273399263552025
25984,0.056818719035120535
25985,0.24476992018079577
25986,0.13728423101136125
25987,0.1305394124274106
25988,0.1353795790878619
25989,0.11643460607425364
25990,0.12772666486815368
25991,0.16117096360265074
25992,0.10551361995086816
25993,0.22359989601468386
25994,0.1464929850788723
25995,0.1244372753122203
25996,0.1475090224857166
25997,0.14425528361840143
25998,0.12207656340195595
25999,0.15428107829504858
26000,0.14852889834887786
26001,0.11404144973772677
26002,0.1267159160144701
26003,0.13106349551692076
26004,0.13696157889892538
26005,0.1440705267280681
26006,0.1568091664923619
26007,0.13137497109051818
26008,0.16087729268118545
26009,0.1402986521083908
26010,0.1563577144453819
26011,0.061150008031290226
26012,0.12129693334738968
26013,0.1398749291929842
26014,0.12214030737628702
26015,0.1549674219991418
26016,0.20915167643873947
26017,0.21712769729448644
26018,0.14934321766881198
26019,0.056367785031495476
26020,0.08627725241000904
26021,0.20080926850058944
26022,0.14765551870409463
26023,0.12156828274720245
26024,0.0782258268831263
26025,0.15522418786709394
26026,0.20945688073101168
26027,0.3324027047839789
26028,0.061639348099039
26029,0.05564122512778553
26030,0.12785657252599814
26031,0.14022121041804386
26032,0.4028292400971112
26033,0.13407567028632836
26034,0.1504320224129166
26035,0.057444493672410356
26036,0.13897282949317505
26037,0.20621970686330485
26038,0.13801660385207845
26039,0.1476280383403473
26040,0.22330842452247834
26041,0.14310466805427025
26042,0.06359802542168211
26043,0.12105004664995085
26044,0.13280046975138474
26045,0.15089256286853495
26046,0.1494249526839794
26047,0.2280857627287589
26048,0.1368107038961106
26049,0.2172054749059864
26050,0.1604575049278798
26051,0.1218766981423165
26052,0.05746228894161665
26053,0.1512940075437238
26054,0.058676560911256774
26055,0.14908506516051873
26056,0.23256979254858604
26057,0.11607006900381567
26058,0.17408671985717797
26059,0.12841534803177604
26060,0.1454987367716339
26061,0.12088650708422109
26062,0.13681567034152664
26063,0.14510082336339603
26064,0.13673624450662514
26065,0.16467303440938444
26066,0.14069493299537203
26067,0.05712018189028369
26068,0.1595950787206236
26069,0.143899767707397
26070,0.2073143346051776
26071,0.12302555465382982
26072,0.14466373070855307
26073,0.1586005616691921
26074,0.1467049881887311
26075,0.1415039325453134
26076,0.14620269938580108
26077,0.24617861737958235
26078,0.3351549564660929
26079,0.160778487932141
26080,0.16740353081670536
26081,0.14472554914922311
26082,0.1286379827268435
26083,0.13951966840088512
26084,0.13241029687312764
26085,0.11822900001719248
26086,0.1285046828608427
26087,0.11879470228692375
26088,0.12075955882592632
26089,0.15067407626058998
26090,0.15012273843504312
26091,0.13096706406989686
26092,0.258148594171449
26093,0.13511420840629323
26094,0.1436038161522667
26095,0.06518819020472078
26096,0.13629403587623976
26097,0.3588523636411532
26098,0.41677286361667004
26099,0.14352157185139217
26100,0.1266438797523916
26101,0.06534689894546614
26102,0.1380419666994029
26103,0.2042018197861779
26104,0.3324710921471565
26105,0.06435220924767406
26106,0.05917242767678075
26107,0.15139263286931406
26108,0.06160968739350709
26109,0.14714882647434926
26110,0.16353956912728115
26111,0.1136000719654681
26112,0.1259348217337208
26113,0.13300514586794007
26114,0.15634352650792463
26115,0.12312185394374821
26116,0.12433107577731643
26117,0.12988680308897682
26118,0.1480797050204531
26119,0.1452571859433297
26120,0.4043630327781133
26121,0.13248571222775293
26122,0.14131594827814106
26123,0.14098718686517753
26124,0.22031464376689833
26125,0.15494260146687766
26126,0.13305446744533317
26127,0.11217868875381627
26128,0.06295934302898784
26129,0.12180420854816658
26130,0.03599888552451927
26131,0.15704813536943632
26132,0.0639982349512564
26133,0.26313748975283313
26134,0.13097966153837035
26135,0.14305127814417107
26136,0.1265400582360353
26137,0.13508438308839174
26138,0.14505532169658855
26139,0.14478404910531925
26140,0.23566262898273674
26141,0.06693685178618991
26142,0.24942604088856127
26143,0.14660131966460835
26144,0.17217870901184584
26145,0.14708850437615925
26146,0.1460062252411871
26147,0.04386739500079077
26148,0.14422070554525362
26149,0.1509877995724298
26150,0.06302830914189105
26151,0.13907023573553556
26152,0.13455618508928865
26153,0.11031013427367659
26154,0.20047778660062998
26155,0.1472510987126218
26156,0.1433869108670229
26157,0.14764093046571028
26158,0.05932554454268805
26159,0.14891982199421874
26160,0.12844099801409625
26161,0.23334038319757955
26162,0.13318273277067466
26163,0.13508520930373225
26164,0.2486520082114572
26165,0.15201353052914993
26166,0.14637086629089166
26167,0.11409739373143357
26168,0.18367804356479023
26169,0.06613653934784507
26170,0.14688206724671812
26171,0.15610460969634915
26172,0.2078666657781786
26173,0.13981181974172327
26174,0.36462427367000333
26175,0.06924234245560627
26176,0.15383370012505634
26177,0.3488510373836069
26178,0.07081800984907403
26179,0.14515227599076655
26180,0.1280239944373066
26181,0.13338810219027494
26182,0.2765449151386744
26183,0.13235786995694945
26184,0.13806246101847894
26185,0.23976112008746295
26186,0.15202910502975445
26187,0.15891256047769234
26188,0.16227159654413703
26189,0.06075769365512224
26190,0.16474442773461234
26191,0.12531389072690466
26192,0.12235649248776398
26193,0.14733143547895847
26194,0.1256351973655995
26195,0.08489558662734713
26196,0.05616278732872401
26197,0.12692126842684998
26198,0.14800934669182828
26199,0.14260723480903537
26200,0.21977506133373204
26201,0.11508044844449493
26202,0.2545430311464461
26203,0.20081692891891945
26204,0.13523152873252478
26205,0.2522440451198247
26206,0.13143956770328818
26207,0.18533857256728015
26208,0.36480281013537735
26209,0.21085390914340987
26210,0.15014854813720638
26211,0.39364873304680864
26212,0.06227632693661419
26213,0.21095062862365355
26214,0.4041717058483227
26215,0.15844588839440307
26216,0.1521862706401281
26217,0.15144070209331215
26218,0.11522066240981156
26219,0.15738794677919632
26220,0.1347821186957506
26221,0.14001276939196658
26222,0.15085864658170825
26223,0.1280204323078303
26224,0.14440427459755661
26225,0.1351093901902047
26226,0.13479424820868033
26227,0.1525064629093582
26228,0.1349398726141159
26229,0.1723347958049413
26230,0.23440735260557366
26231,0.06390696368761967
26232,0.14041343491876432
26233,0.1633134188359701
26234,0.1267400342992615
26235,0.24753214594345052
26236,0.11638225157373465
26237,0.12489629423827768
26238,0.13265182326981853
26239,0.25357479898557767
26240,0.12440955619470793
26241,0.13129362629050464
26242,0.12835388933403238
26243,0.1506179089723422
26244,0.14913094300215043
26245,0.13418615839256653
26246,0.14642656156404835
26247,0.14108450223231372
26248,0.14877949962933296
26249,0.2649636826852893
26250,0.1375572756066411
26251,0.21155847112579043
26252,0.13676359442024774
26253,0.15626024087552742
26254,0.15677008472994158
26255,0.15749362485093074
26256,0.24810705607938063
26257,0.12050736375978736
26258,0.21953895627589307
26259,0.338774757994716
26260,0.1462952062279619
26261,0.1568613488781154
26262,0.14254848993951674
26263,0.16016049287179962
26264,0.13861263098894216
26265,0.13821755092081542
26266,0.13709526729787372
26267,0.16688311444887802
26268,0.1427203577484518
26269,0.1202538027491332
26270,0.13731479256881782
26271,0.22214696732745196
26272,0.19095098638557906
26273,0.1608641288760537
26274,0.12372236062914622
26275,0.12828518907559847
26276,0.15375840513196684
26277,0.18120153307215156
26278,0.15199805765604746
26279,0.1306090070796246
26280,0.15737598480765572
26281,0.06636967805242999
26282,0.15419147992810883
26283,0.2271192036651509
26284,0.13078276262190763
26285,0.20380730420486262
26286,0.05822930107683796
26287,0.14829265562721208
26288,0.20280938888781783
26289,0.13736789681665862
26290,0.13426224872818518
26291,0.13016807268388764
26292,0.17330754508104362
26293,0.154522201203288
26294,0.33932319459452404
26295,0.057965089708220154
26296,0.12463997700342673
26297,0.12403407898730738
26298,0.05932324773242619
26299,0.12810465451871952
26300,0.12378149349324323
26301,0.1937317775272899
26302,0.1331591759911495
26303,0.1501892539060179
26304,0.11047371292632198
26305,0.22038469866374122
26306,0.13257446440515053
26307,0.134032830301709
26308,0.25945771155873415
26309,0.21539933983561466
26310,0.15529404127489324
26311,0.368512177109313
26312,0.14143382403311544
26313,0.05786322929003671
26314,0.1167802905661044
26315,0.15022794890274702
26316,0.12357973916768472
26317,0.394425254359602
26318,0.15187331170432805
26319,0.14883937133273362
26320,0.13516715988751657
26321,0.14323542197662234
26322,0.14461506925865095
26323,0.16016395393987062
26324,0.144705046681691
26325,0.16194999166205906
26326,0.04143475350722733
26327,0.06188930727700157
26328,0.13295186503780423
26329,0.138905625786975
26330,0.13804588556951536
26331,0.39273312040205344
26332,0.15378237494964822
26333,0.06170002421191576
26334,0.13022705809867888
26335,0.216127930048742
26336,0.17117254511120092
26337,0.12888856119764894
26338,0.1419191857505332
26339,0.14049125381753422
26340,0.037803572205387784
26341,0.057517283965322415
26342,0.354354788006266
26343,0.1364773274170422
26344,0.14369317976626836
26345,0.14545386517008155
26346,0.15592581925502072
26347,0.1343946929259627
26348,0.1343003589322059
26349,0.1258255299332425
26350,0.19380125922101965
26351,0.1487512347725588
26352,0.16445061773798128
26353,0.06454734952546716
26354,0.042333189925461645
26355,0.1621944033103342
26356,0.14261606877145153
26357,0.12213648602651528
26358,0.1331502471615298
26359,0.03036244870962986
26360,0.17060234261994742
26361,0.12065696809258201
26362,0.12754519749205936
26363,0.06048255356240087
26364,0.14702616472255667
26365,0.1312843007918275
26366,0.12387707353671602
26367,0.16125004014681443
26368,0.3674940068430388
26369,0.1405792340853895
26370,0.14640511155302308
26371,0.056496673906503946
26372,0.25384078283822425
26373,0.11865123997124577
26374,0.1381008615575031
26375,0.12846639572650762
26376,0.1267653973180278
26377,0.0569655183547391
26378,0.12498418272693516
26379,0.11857224397871541
26380,0.13018278364347757
26381,0.22110719959781053
26382,0.16747406588269062
26383,0.2691791613306787
26384,0.06124513058308184
26385,0.2602885848408673
26386,0.16188269277007897
26387,0.2630872708722058
26388,0.13878307089473405
26389,0.13613414902406745
26390,0.14133227206321786
26391,0.06246079163827172
26392,0.1355304125659853
26393,0.13872727835937804
26394,0.12723774069581475
26395,0.12540057958754836
26396,0.14148008080809613
26397,0.13078187249895734
26398,0.1333913543841779
26399,0.16762223097485254
26400,0.055369998002949776
26401,0.1433959895344479
26402,0.2328314039328716
26403,0.15302530469962258
26404,0.13300562224381032
26405,0.054042116288356895
26406,0.201928242516328
26407,0.1265825777895938
26408,0.15041814200808357
26409,0.15343823678205293
26410,0.13747533063673767
26411,0.14389412163497314
26412,0.05912705989355574
26413,0.14955437740755542
26414,0.22238706845602488
26415,0.1290586335719778
26416,0.1526955690289903
26417,0.20333129324807994
26418,0.15320733032915893
26419,0.405372965532048
26420,0.1281674475793535
26421,0.2309559221492868
26422,0.13178683562727309
26423,0.13879306326647742
26424,0.21074564345914074
26425,0.1312004351987297
26426,0.13681048925026387
26427,0.20043911808042572
26428,0.13527393805704865
26429,0.13525006200267783
26430,0.15695454389087457
26431,0.1241616318345119
26432,0.1125015670756163
26433,0.13591263192551994
26434,0.1301884463319403
26435,0.06190349639372012
26436,0.15175695517484447
26437,0.14940317315602253
26438,0.14252492754585913
26439,0.13470827972060212
26440,0.11063608356413417
26441,0.13212049715398885
26442,0.15534018033821653
26443,0.1336537711591633
26444,0.1316856266259456
26445,0.1282372799373333
26446,0.16227522496625196
26447,0.14661670889922437
26448,0.1321836302252215
26449,0.11905630743452349
26450,0.05578602454684156
26451,0.17199148721766414
26452,0.13318784153099275
26453,0.24244533815762748
26454,0.12802246218531016
26455,0.03769659968688471
26456,0.22769174503435988
26457,0.13533055556131424
26458,0.14557581719889454
26459,0.22307874940921202
26460,0.1299113379055837
26461,0.17617951539289714
26462,0.14109429229083592
26463,0.3551648539362647
26464,0.13358727609079737
26465,0.1294374066059832
26466,0.22025886208092413
26467,0.20103621997712515
