id_cliente,probabilidad_conversion
2,0.2809802875908624
3,0.2562679766598588
7,0.30839935223660175
10,0.2136020453705187
11,0.28355954917911486
12,0.15762335041598974
14,0.29948231346086956
16,0.2889274020930928
25,0.30695766494678756
32,0.2727604744088448
38,0.28282670696105716
42,0.3034493708762391
63,0.2871440690435437
65,0.29333609523083
70,0.2870240887944874
74,0.27072539164578324
76,0.2947332548372654
83,0.196180461281506
90,0.19011082616092184
98,0.33787119143652644
104,0.28258359085365164
121,0.214067922821873
124,0.3164463528741652
125,0.3157805264054868
137,0.31540180924668704
143,0.24450263784282603
144,0.32020126639187874
157,0.3116346116951146
163,0.282913606488994
197,0.22152839816023548
203,0.32939299076249395
205,0.2885959118515224
209,0.17257564692041164
228,0.29987411317342194
231,0.30139355926142597
237,0.3168170206666744
243,0.23793039751365314
247,0.2794188741827746
249,0.2382461753763905
253,0.30934613483771967
261,0.2869371761011318
263,0.15294151948168208
275,0.187504558595936
279,0.3199675425355375
280,0.3014463438063863
292,0.2968965993054838
297,0.2848490375618732
299,0.2754502899997656
302,0.21439777607395022
304,0.30508228406591675
308,0.3542481331433164
318,0.3285857442114971
319,0.3316106085152719
323,0.22174768255294758
325,0.3108514483694359
339,0.3095447476698533
340,0.29078370572535656
355,0.2901211433524983
359,0.2986340248513388
368,0.3166953076156813
371,0.27143957756407516
378,0.3016872052338394
390,0.3117183533824909
392,0.2958652760263969
409,0.2922821711571246
412,0.22434204034758232
420,0.2994166275343567
422,0.2506400111397463
428,0.304481930263424
429,0.1887359351231077
430,0.3026717866280777
434,0.20188692610927914
437,0.30062794893639666
447,0.23905167862136656
464,0.19386345138539612
466,0.32196846285471337
468,0.3767308552467311
470,0.316102451109806
473,0.29202325138445345
475,0.21335159879964752
476,0.3038656713911709
480,0.20925930033639673
483,0.2920078301839738
487,0.2948220027614823
495,0.33021345102973554
496,0.31086313271978205
499,0.28619697270597766
502,0.22751990550042742
504,0.2900659207421581
508,0.2146239247788727
514,0.2934980269038199
515,0.30983809300129783
538,0.2833315996064763
548,0.28919632049299915
551,0.2931346869003488
553,0.30847134911936863
560,0.21630936873779216
564,0.25076181357099936
572,0.2052897395254768
577,0.16752473372942195
578,0.36250341543739073
591,0.21861998617637204
593,0.2973673260627314
604,0.2926163641172984
606,0.2909259013949204
614,0.3063706955007257
616,0.23438449351154533
622,0.29650653152305906
626,0.23176952662848327
632,0.22592234586889431
637,0.20480683816277173
640,0.18294667199511266
647,0.2786027996141308
648,0.20871066593220916
653,0.3151620455861837
654,0.20183805809234934
659,0.32086399257297754
661,0.16601472589840158
670,0.2328600406366281
671,0.20939949541192093
673,0.28090987755394387
674,0.24471505423368534
682,0.28661458052784095
683,0.302332619556521
687,0.301064281997035
688,0.2187767356492843
689,0.31490866521557165
701,0.2724783461585216
705,0.29258464674667783
707,0.2805708038944364
710,0.30910407347473917
714,0.2837321637067222
716,0.29309946862720654
717,0.3171352610092063
729,0.24844423548023456
732,0.30302878356362883
734,0.30230922823626594
736,0.2915665753584006
742,0.20291102615342033
750,0.3091184447279723
764,0.2895327523911013
767,0.2789232588511521
768,0.30041720302439007
774,0.3229882551032091
777,0.20616348769034304
784,0.28919534339335373
785,0.2983508111727693
786,0.28808055767568963
787,0.346672044767659
788,0.2988097965096298
790,0.3198594523497827
794,0.21334199737756065
796,0.30078874919826326
802,0.19816030801533063
812,0.2842500865591694
814,0.2242171950275403
816,0.23223952726797095
817,0.2981176504110323
834,0.305503777795903
835,0.30852233371519205
836,0.27968883334381367
837,0.29750764327824664
840,0.1717054978616491
841,0.17510741351304465
854,0.20111750116188876
858,0.29009728893070197
859,0.20583020898827722
883,0.2989472833311927
887,0.24881975760468183
902,0.30582981672998566
913,0.28946508892763134
915,0.281252195332722
916,0.3033277214103642
917,0.2886270263428563
924,0.28430325226283276
929,0.2933847359359396
933,0.2789479832529648
936,0.31486154113751286
941,0.20467336517466744
946,0.22178097499363758
948,0.20181569473891064
952,0.26766332870032883
959,0.292442065682158
963,0.29977939463059144
965,0.19585323614367295
970,0.3343048956398932
975,0.33260604848033803
979,0.2878195388194791
982,0.25847219729800225
986,0.16540844102683414
992,0.29749018678086026
1003,0.15524130420993196
1004,0.28627522029972285
1007,0.2854832536670759
1014,0.21216948238102365
1017,0.20212443654585943
1018,0.2852846929719254
1043,0.21832789446282247
1046,0.2910179871500028
1052,0.30338594244216827
1061,0.20725450354013258
1063,0.29970352691594904
1064,0.30951432316042227
1067,0.30622643520761916
1070,0.2399400514192043
1075,0.23534189468315864
1105,0.20211968671799518
1116,0.3598931054869951
1117,0.33367629544575544
1123,0.30561527055733106
1125,0.29708667913495435
1132,0.2737702864465702
1160,0.18638926572674688
1161,0.3054511504139454
1165,0.21883092378003366
1171,0.35584956713067706
1181,0.2398765031592282
1185,0.29018414582509144
1197,0.3086403121988289
1202,0.3124924913462169
1205,0.18476271697456492
1206,0.3175023783134789
1213,0.29986877117053845
1216,0.2183145688647658
1228,0.29879060139252867
1232,0.30381541536192463
1238,0.20518433321240764
1241,0.23350735003583473
1246,0.2812847404088784
1258,0.27092240483781543
1263,0.3080205478029622
1289,0.28713520008817883
1301,0.290998394713834
1302,0.2342226244315727
1303,0.31213938446030715
1312,0.2781246354096806
1314,0.2877862104703142
1322,0.21193971701390527
1326,0.2240454980071567
1328,0.21936122157473853
1334,0.3060429535372523
1336,0.2936863531831299
1337,0.20057133295869597
1338,0.26754181259043786
1340,0.3068123605711481
1361,0.3242024826936066
1365,0.33435169699526185
1368,0.3750825249406223
1370,0.19020622371961146
1378,0.30314973773169107
1381,0.3169645504297519
1388,0.29923010037573855
1393,0.2876777517647079
1395,0.26756130116722
1400,0.2677138778495546
1404,0.22540265356651895
1405,0.2400450444844311
1411,0.3143072215341489
1414,0.3087429920149769
1415,0.1824045366937544
1420,0.2666737713114529
1425,0.2160981056192583
1434,0.3327082082800035
1453,0.30517776168029886
1455,0.3534751981212573
1460,0.3089999226635371
1465,0.38325867773490807
1474,0.2970254129256264
1475,0.15701226640641167
1476,0.23031865212936495
1477,0.28127166680949156
1489,0.20231655426743725
1495,0.27875062848355575
1496,0.21425941792156505
1501,0.29694890458303086
1504,0.23006953141732828
1506,0.30165630871588445
1516,0.31847986371501813
1535,0.2190109762696319
1541,0.24479760938761763
1546,0.2128402368713635
1552,0.20736551596875705
1558,0.31125234821380277
1559,0.30908599884897303
1564,0.2682185653802821
1566,0.28223245240766986
1567,0.3056075693236774
1573,0.30886673346929017
1576,0.21862314905904962
1577,0.22610741059106299
1578,0.25556148236664905
1586,0.30067061921966987
1587,0.21730741293553574
1589,0.3034478926281983
1591,0.285512552179248
1592,0.24926211979210858
1598,0.19728854213315128
1602,0.32721793617108397
1604,0.21410686976590199
1606,0.21924311888297504
1614,0.15739971542512413
1615,0.3439683075484814
1619,0.28333241866276926
1623,0.30726816772247434
1631,0.3127292740919656
1639,0.22482705523893617
1648,0.17713480612477484
1659,0.2915727915161158
1669,0.3171234633306457
1673,0.29072818254416316
1678,0.2934975437627037
1682,0.3768192534677188
1683,0.2910131752019431
1692,0.2834944701759873
1693,0.3189606011985047
1695,0.31008275275910513
1698,0.30388550368356176
1706,0.37569404554720587
1709,0.2808967675982553
1710,0.3062337275747244
1719,0.27761258356402957
1720,0.15807816103556635
1726,0.2885702150556153
1730,0.30004661080776635
1732,0.2960278979030489
1733,0.29106446833703103
1736,0.20077870870125697
1743,0.3115102449900575
1751,0.29159739592157724
1752,0.3070650652405124
1754,0.3224580222321946
1756,0.19428042682408198
1760,0.2845532266515758
1765,0.20443693391330775
1776,0.2705350438373139
1778,0.20018382538541654
1779,0.3114528311930698
1781,0.22000331811383944
1795,0.2896491080728659
1808,0.1343208194416835
1809,0.30563632892852344
1814,0.2987537590606703
1821,0.28790832651006454
1822,0.26984592087315784
1824,0.31785125677039394
1827,0.3151818756835008
1834,0.31441059919820646
1844,0.33790668022786663
1851,0.31894064770677794
1867,0.3070932034497956
1869,0.2691730644781405
1875,0.36793631185907594
1882,0.2892496895510619
1897,0.31510966604784163
1910,0.27193041661594863
1917,0.31130753480739926
1918,0.2505396559295797
1935,0.2912047341492188
1936,0.2942148865269958
1937,0.21135264753268215
1949,0.31242710623927855
1952,0.21023068365961525
1956,0.30876850904523695
1969,0.20471145439397978
1970,0.2808286987867001
1971,0.28972250428728696
1977,0.3321189172721149
1982,0.3173917167561419
1995,0.2748634644418264
2002,0.31286665329262603
2004,0.3067883309148432
2011,0.30911937619163565
2013,0.3138378829154022
2014,0.27779102901682456
2026,0.277341707992571
2040,0.2936455222891556
2043,0.30416173049689277
2060,0.2912993263916678
2069,0.20117772430803266
2073,0.26866137648058747
2076,0.1852792993232086
2082,0.2838979812434292
2089,0.1911595653555961
2091,0.3124950240253058
2103,0.24763811303341543
2109,0.2137507781030633
2112,0.2955945119516369
2113,0.2946737106835805
2119,0.21621649276599367
2121,0.3119040664157259
2125,0.2969868375863186
2127,0.37630458383123294
2128,0.3012605245501856
2132,0.305295911394654
2146,0.3049556608960041
2148,0.17328549221771183
2149,0.3318234341886706
2156,0.23935910976382216
2157,0.30792594302925397
2159,0.28864303052706397
2160,0.28573976741172213
2169,0.3120446249349434
2170,0.2450011252678287
2186,0.20999755038537057
2188,0.19851303018748373
2190,0.2810391352801625
2203,0.27212307997571983
2204,0.306000065099971
2205,0.28877940761232007
2207,0.3031114259419575
2209,0.2068079206844953
2211,0.20508609735379246
2220,0.22602509494599285
2226,0.29660495457234554
2229,0.27781752975410806
2234,0.282916420167731
2237,0.3191277348086967
2240,0.28711163978118004
2249,0.22553716043838268
2252,0.3113473584665436
2264,0.32644138875104184
2269,0.29191694535145196
2272,0.2081473013437258
2283,0.2918930454904498
2284,0.31752822005456016
2287,0.3277210620870842
2290,0.28338845762324244
2298,0.22365939858200573
2328,0.2847317233861846
2329,0.320039012579841
2330,0.3174442255566682
2336,0.3107053382719508
2338,0.30284540439868046
2341,0.3607718280556086
2353,0.32123202696720654
2356,0.18026330832479626
2366,0.28112324226057767
2401,0.28699390006178427
2404,0.21521663478288358
2408,0.2838266763584008
2409,0.28940683888119806
2410,0.2982098082700869
2421,0.3576136011401064
2425,0.3087564707671352
2427,0.33200004886636897
2429,0.3146025284570533
2432,0.29591258158633726
2435,0.2709314914108676
2436,0.3011280327198952
2447,0.29533726185891224
2449,0.224949187589822
2454,0.23110591306666559
2460,0.1954409991942358
2472,0.2987617720180746
2479,0.2848274071134259
2483,0.30663220846007777
2484,0.28321359266438717
2492,0.3129579967746793
2493,0.22442352654758754
2495,0.2937019072959712
2498,0.3183736787705128
2501,0.28694950025261057
2510,0.292259569346784
2512,0.17695664606946357
2516,0.20715763483313446
2517,0.3160834314637041
2538,0.17745025034116657
2561,0.2924396753514755
2563,0.29020708220862057
2567,0.2819119143828873
2569,0.19741685819832888
2576,0.30354279931791517
2588,0.3080148904502643
2592,0.16687532251919185
2593,0.2721589866274671
2604,0.28655082415440636
2613,0.2951179810992223
2620,0.28574297741480176
2626,0.21479818859038466
2629,0.1926812315223078
2634,0.20874122755592323
2637,0.298952466833321
2649,0.31613874355569477
2653,0.319611091078785
2661,0.3036386223923237
2662,0.2108922918523649
2668,0.26461334808761594
2684,0.2975516357439862
2686,0.3055639370522968
2706,0.28691484446436055
2709,0.2904152997756789
2710,0.2815757061648819
2712,0.21299067407791178
2717,0.2841316721690551
2718,0.318314528813627
2720,0.2722471094922231
2726,0.3152674912439553
2732,0.3290290862884221
2735,0.32449256092668494
2736,0.2568609639393532
2754,0.29678292253731064
2755,0.2081975529894766
2758,0.30979576912710394
2759,0.23348345835508114
2768,0.30693648719521816
2769,0.32739934557106926
2770,0.2896415192547911
2776,0.19119404256456946
2779,0.3525122964175635
2790,0.2277449814800698
2794,0.2874332566782183
2796,0.181954314699613
2801,0.29885014490977646
2810,0.228100636312823
2813,0.29789177231052677
2820,0.3034195398899927
2822,0.2858247494406857
2830,0.30267847956296934
2831,0.3095686051041277
2835,0.29892543545350225
2837,0.288995558462433
2852,0.32263044790983963
2861,0.2808428530874953
2864,0.21719875300241737
2869,0.2044030990362517
2870,0.4007028136097451
2883,0.15900335809475213
2890,0.1987769218065404
2892,0.22482850704610335
2895,0.3218689464290937
2908,0.31284907721610977
2911,0.15980235402595894
2918,0.2928293232791683
2931,0.33237004969839756
2936,0.31075202125455875
2938,0.34763016164978955
2940,0.31947226065215456
2942,0.2872519896870986
2943,0.19227121518887746
2945,0.33038521681044086
2949,0.21254425841230384
2959,0.30792068847421694
2966,0.2996564843477884
2969,0.29669935968024974
2970,0.29373434109048013
2975,0.2924865965920455
2976,0.3076642827114865
2987,0.2934971583198911
2993,0.24535845946270704
2995,0.21906700817352287
2998,0.20534210010087642
3002,0.29994535512162757
3004,0.28515139614363916
3008,0.30131972503385407
3010,0.29078920922013196
3019,0.25465042338029
3027,0.241948183334284
3030,0.3215730107471343
3031,0.3091962461333002
3037,0.31025956371271296
3038,0.2769908363270935
3039,0.20721106567375522
3043,0.2905699804150991
3048,0.21158378373176084
3049,0.30943933887751013
3053,0.1964287463361489
3054,0.21011785834537994
3056,0.2710069891385771
3069,0.36538274654887837
3071,0.30703488012405056
3072,0.3068391355119056
3075,0.3046532160586968
3078,0.2968788798640253
3080,0.270441381538735
3104,0.3019089826357217
3109,0.306954250583534
3126,0.21238359410727434
3137,0.20523893686412775
3139,0.27362392734372576
3142,0.293457205218948
3147,0.23133411805088766
3168,0.26415057293606603
3169,0.2902263456829518
3172,0.2852904648088157
3174,0.30135173913577784
3178,0.3259721648785442
3179,0.20406302063376783
3181,0.27227847689867435
3190,0.32316171175439934
3192,0.3190672337476697
3196,0.3171352610092063
3197,0.32848506446280235
3206,0.30375494687993293
3208,0.16046116560298945
3210,0.2786134133404784
3214,0.3617022864454503
3220,0.21431533388802745
3228,0.20799456269140765
3232,0.26414409373393605
3247,0.2760761381535577
3253,0.2802511127216798
3256,0.2216290715823882
3257,0.279975902492326
3262,0.2712976391594041
3269,0.18649650981752286
3276,0.212506536657126
3279,0.37467507376211684
3282,0.22181034353731785
3284,0.23743460618186135
3285,0.30296936588381984
3295,0.2917707406488108
3297,0.22743842978007667
3298,0.3060226336823201
3311,0.20023176833998713
3313,0.29230875268049955
3321,0.28155435603334134
3325,0.27246063276636995
3329,0.34208963473764203
3345,0.313480757148395
3347,0.278675494479047
3349,0.30202137052709344
3350,0.2539807024411846
3354,0.2996858714538729
3356,0.3726136718151273
3363,0.2853238725010748
3372,0.26314610610398875
3376,0.2923221379031405
3380,0.2836434568915084
3383,0.30730155656469504
3385,0.2933986818846378
3387,0.30761590030343333
3395,0.20559499880236454
3396,0.18461933493045687
3397,0.27881360641379394
3411,0.2571102244890773
3413,0.19231895981826455
3415,0.20276041925942562
3444,0.30124119807411265
3446,0.30738208377988774
3447,0.20765043548196427
3448,0.2677241766461545
3454,0.22451164947483762
3466,0.286115516480392
3471,0.29789510181913437
3474,0.22869621709841698
3488,0.31540554122063474
3496,0.2472365180227109
3498,0.3173599079719367
3508,0.2882996753628097
3511,0.23760661968352795
3514,0.2397357214703385
3524,0.21367607343341646
3526,0.2730252820490868
3529,0.16627780233024753
3552,0.18618720770919475
3561,0.22671487571308646
3564,0.33528160565726867
3566,0.20034449329891196
3576,0.3006888812684893
3581,0.22036735829550042
3582,0.2897732133257892
3583,0.3587129564498451
3587,0.28945679000431984
3589,0.28784444454720903
3590,0.24434325713716826
3592,0.307305338818922
3594,0.2365458264959714
3598,0.28858399492816633
3605,0.3095326066060478
3608,0.3200631927798386
3610,0.28909085999154727
3619,0.307194998893175
3622,0.2808394955968759
3623,0.33656054223775206
3628,0.29869247175369734
3629,0.29189902505100984
3647,0.21100376129893342
3653,0.2844472755579557
3657,0.31659809157093577
3658,0.2181204587643056
3661,0.1833786347141753
3665,0.30927442949163425
3668,0.2001719593865655
3670,0.19823384872536476
3672,0.15741884493657682
3675,0.24083429111084337
3680,0.16595958755671833
3697,0.22196567213464574
3698,0.17360286845837253
3699,0.30322516320851345
3703,0.1737887551102579
3711,0.2931177945361547
3712,0.3305846722758231
3716,0.2941124230094678
3717,0.31208835738501073
3721,0.30342380454131723
3726,0.30476299174374266
3735,0.3082194456130254
3736,0.36615772366477173
3740,0.287049887003688
3748,0.25226426888650844
3751,0.2150357618765182
3753,0.2134112737771367
3754,0.21490065884377507
3755,0.21767405812711668
3764,0.2778502644009612
3768,0.2986032466800644
3781,0.28567939110376306
3782,0.3065731189611367
3787,0.22004184890481296
3800,0.2882457880732793
3804,0.2534082917573185
3820,0.29000784547711855
3821,0.31690169794554235
3824,0.19921793302309232
3825,0.30257257578762553
3826,0.3252161644893794
3831,0.2860433472858099
3834,0.2844805625481864
3835,0.308147730658171
3836,0.28380356948842655
3840,0.2199927835341046
3841,0.30905092120594335
3848,0.3389161650294578
3863,0.3271845731263676
3869,0.28935495850321236
3875,0.2592027182627332
3877,0.3682290823573381
3878,0.30759918184742885
3879,0.330630105041891
3881,0.30038878742847275
3882,0.1979816348664084
3887,0.3014290931770295
3890,0.2873388797216002
3904,0.16740265114729072
3905,0.3729990360132354
3908,0.3199861324410499
3917,0.3329929982458372
3927,0.312432039445441
3931,0.3055915989930411
3938,0.3044890198957612
3944,0.32807105653809393
3947,0.2839663806386098
3950,0.29440970772935515
3971,0.2866463716993755
3982,0.23179283985675908
3991,0.18744090082366732
3992,0.28402361660643305
3997,0.2073889372862786
4005,0.21807219248215357
4008,0.29121056386805466
4016,0.24195105545089113
4018,0.27719973960520966
4020,0.32698157399732064
4027,0.24238161627192742
4038,0.2914987801134009
4045,0.27045438426804996
4048,0.2917856502478164
4051,0.2900054884596623
4054,0.2969938252513835
4055,0.26607321191134975
4065,0.28867120433403975
4066,0.27286394183893375
4073,0.28431125081935105
4079,0.21316272613354637
4084,0.2542138148265207
4087,0.3303885230464711
4089,0.22252853329864997
4091,0.36121875674091714
4092,0.2740724366269609
4102,0.349036057401363
4108,0.2844643663618205
4113,0.3093288636140531
4116,0.3100189243654872
4117,0.18985477852279597
4124,0.28418912647752426
4125,0.30170972037031984
4128,0.2890012679393897
4129,0.301564751966345
4130,0.27712560107545486
4134,0.31131753810955065
4144,0.28416154200423477
4147,0.34821913610986516
4150,0.2212550649177095
4158,0.3252614354756478
4162,0.28766667011813374
4163,0.2808160919359805
4166,0.16306007572752962
4167,0.3014667597381525
4168,0.3053170377862896
4175,0.17141130700362525
4179,0.24241232027505866
4180,0.33002475445924767
4189,0.30555811638410785
4192,0.32662412297146626
4195,0.30395028195511503
4197,0.3047051900698099
4198,0.3013805130547587
4202,0.26293295128441596
4208,0.2968062986121077
4222,0.3030559010320284
4225,0.1620036915823911
4227,0.30962508138992983
4229,0.3105249048129885
4230,0.2910161552193863
4244,0.3696850417389746
4247,0.28487320975296443
4249,0.30938534134517975
4258,0.28806876023629935
4266,0.33053715232251657
4283,0.22406640635433622
4286,0.2709143311992748
4287,0.2840049494808736
4289,0.19350261767791427
4291,0.3060832430880812
4292,0.3104568663920513
4296,0.2003366078249486
4309,0.1503270315985153
4323,0.32019254271678665
4324,0.30289291306891153
4327,0.27054102934651086
4328,0.3004077524685192
4330,0.2147562967821775
4334,0.19310660221951076
4338,0.23062183314660187
4341,0.29481861532368364
4343,0.35773980650620263
4349,0.22371530626155145
4366,0.2797340407698459
4367,0.20990766983885123
4373,0.23703623442230115
4374,0.33770064125284804
4384,0.31706275981335386
4390,0.31928000878857027
4403,0.2995544330548481
4409,0.23295709605204135
4419,0.31893703856214556
4427,0.2585482158696938
4428,0.30781273310109086
4429,0.29837255311449395
4430,0.18041576589942537
4431,0.27848975677227406
4433,0.2470033041195519
4434,0.2932200977239987
4442,0.2035369161458879
4444,0.2601049038762855
4456,0.22973754312498104
4457,0.30548780176000806
4459,0.298555295371797
4463,0.30753475110230255
4465,0.3236361858715877
4466,0.22133335538142754
4469,0.2218662391202772
4486,0.28590062660199245
4488,0.288111958936063
4490,0.2876286564579663
4492,0.297339947630516
4500,0.2131026050887046
4502,0.32393268861964153
4507,0.3021234915015959
4511,0.2964076741525556
4512,0.2748790333124369
4516,0.2979920700276488
4520,0.27885789628477337
4536,0.19624466314800332
4538,0.224937543712304
4549,0.23186416919123576
4554,0.29679064566770097
4561,0.31475530981089467
4564,0.2797113982073581
4566,0.2965447097533372
4568,0.3244488567402406
4580,0.31050950159326896
4586,0.23320797930915776
4594,0.30145651201523377
4598,0.28987020942369884
4602,0.2814503694456472
4609,0.30030478257430837
4610,0.29240720641962487
4611,0.288812519169052
4619,0.3065912031267985
4624,0.3113777325965658
4627,0.3042925813434608
4631,0.2925189681927586
4632,0.31625366121324294
4635,0.20890577918985417
4637,0.3168735461566793
4641,0.3078015133519153
4643,0.2493143655192414
4660,0.15859272680786138
4665,0.2935768676517011
4667,0.18451548567250803
4668,0.282429928393308
4670,0.2920832681576306
4674,0.20256504319887286
4676,0.3025865518851217
4683,0.31842540569839417
4684,0.23788747491215373
4687,0.29055642340125265
4704,0.2854511851385802
4706,0.29822182678553105
4732,0.30028790955241147
4734,0.32824052316989594
4735,0.2822414551591855
4744,0.2128044607962312
4755,0.29411373441325156
4759,0.19504269528828322
4762,0.21334011536302602
4765,0.31021835624548894
4767,0.29623273462194294
4775,0.28870506383523103
4780,0.31999467235880774
4789,0.26285539116961637
4794,0.316586461516315
4795,0.29146502026123194
4797,0.2957694919171134
4803,0.21237288249196248
4810,0.3066054388156171
4812,0.29279367020295277
4814,0.30741411101849747
4818,0.2708056314639507
4820,0.23355183965296222
4822,0.2983541381472129
4827,0.21021916621633016
4828,0.2108033332501782
4831,0.19323352746468314
4839,0.29700792929089037
4841,0.3033620957024834
4842,0.19966849968452108
4844,0.286091718372872
4852,0.18489863396524087
4861,0.2270701591749933
4863,0.36349037394994915
4878,0.2854199250220162
4881,0.3122226321108404
4883,0.3261683551660277
4884,0.2939711491343155
4890,0.3053560781551796
4894,0.1609249455861197
4895,0.33219091473302587
4898,0.2595640494837571
4899,0.21071009301982802
4901,0.21490495020935835
4902,0.17337563519523458
4919,0.2984995997058182
4934,0.2162098064464571
4937,0.2894837856446768
4939,0.21706411696171551
4945,0.17804395185769253
4952,0.2608843069171054
4953,0.3023163796077556
4954,0.304895499611816
4955,0.2856304850793513
4967,0.2271509140374531
4970,0.3107518044979388
4979,0.30489507634201396
4983,0.28844598431342905
4989,0.28994201141830134
4995,0.3000264430009258
5004,0.32567085828010905
5007,0.3027500001778249
5009,0.20160102041996522
5010,0.2804336537521148
5016,0.30397049478771804
5033,0.21622698825102166
5038,0.1627769461015863
5045,0.2349041272556515
5049,0.23367590072669894
5051,0.20535689726253603
5055,0.2728368356811309
5058,0.21526763707706004
5059,0.22196527646011022
5073,0.2982105716480558
5074,0.373300915446274
5076,0.3040896680530247
5078,0.23443890290202074
5081,0.28483727493822514
5082,0.27230446842656014
5084,0.17685284329330742
5105,0.2908598243583552
5107,0.31593679636026883
5111,0.24775534837682
5120,0.16253079238128548
5121,0.25233618528827356
5123,0.30320489946192386
5141,0.2855577641688774
5144,0.3074721419478571
5147,0.3147353931284997
5149,0.16893161920689834
5152,0.18809868391176762
5160,0.28608443169721653
5170,0.31557387494980765
5171,0.285713404470995
5176,0.302813956168821
5178,0.33750688180217
5192,0.20211798005386689
5195,0.22085786153939715
5204,0.3062844139999783
5208,0.30881148527122904
5211,0.2025614189244202
5216,0.21224482226627395
5217,0.277018128886059
5225,0.30945336547491503
5228,0.32992548790178705
5239,0.17517644688495976
5241,0.23424104052290778
5243,0.31252708555150754
5246,0.3173376271394613
5247,0.3270871397389998
5249,0.23178203267442005
5251,0.3358721075904709
5255,0.3073463439923134
5257,0.3193367917423358
5259,0.23358126217785885
5260,0.29427026028675796
5269,0.31936900868358115
5281,0.289083609214373
5284,0.3029385180340193
5286,0.21702348669232818
5292,0.23907543570686912
5293,0.25927333164885485
5299,0.2964775881958778
5301,0.28367025718205163
5303,0.2512992236315648
5305,0.30751859209773735
5319,0.23389817129682658
5325,0.1951976754124603
5331,0.2827933943518698
5333,0.2691191245583717
5335,0.29873157756081936
5339,0.244364485463759
5340,0.29232165368785873
5341,0.262342888133032
5343,0.2271096349367671
5347,0.3345106697039774
5353,0.30371152969340437
5355,0.2824341869696411
5363,0.27747659910300027
5365,0.313996048223158
5373,0.26652876248093915
5377,0.30801132178716273
5379,0.23807125715194663
5385,0.30600680481549003
5386,0.22160033037364452
5387,0.3074671828928226
5389,0.19181357959189108
5390,0.21999416218403617
5396,0.23555956587683524
5397,0.16672603051218854
5404,0.27789868651062055
5407,0.29673190779533287
5410,0.16273261722258583
5411,0.21414089183879734
5412,0.27831486970588953
5413,0.19264795515892064
5418,0.31835928253260115
5424,0.30273747075480417
5427,0.3112611826672547
5428,0.2836731401794082
5433,0.3079227463082378
5441,0.2895074633055161
5448,0.2921390112023847
5456,0.3070671388799388
5460,0.1619134110110658
5465,0.31908398942773053
5468,0.2149471266352589
5470,0.3188634604763725
5475,0.2926766619242405
5487,0.3134352568497669
5501,0.23756229841854537
5504,0.28267363326124684
5508,0.31732256892317023
5510,0.24919144076340305
5514,0.19504379622355225
5528,0.30402978002741643
5540,0.2751943550068366
5543,0.2924287318693402
5545,0.27074929119761293
5546,0.3116279146697819
5548,0.21959607320891408
5551,0.3644411393116519
5553,0.29525076541803
5556,0.29886632390998796
5560,0.31040166564977856
5563,0.3065567556729609
5569,0.18514575411123924
5572,0.23967228215690123
5576,0.2082396760641971
5582,0.2904957468209319
5586,0.2385625130528298
5598,0.19716491913195064
5605,0.2871544179927016
5608,0.2939469668418179
5610,0.28351688240407424
5622,0.2123026219185977
5628,0.2922250640863601
5632,0.28322247669119927
5640,0.20443239809672734
5641,0.2488938696069593
5647,0.2088121939345477
5654,0.327871290154096
5665,0.29540866871338667
5667,0.2932549084979737
5674,0.22040636682707748
5691,0.30441494373682837
5694,0.3098931360374078
5706,0.2971011038899827
5716,0.24667225706909207
5722,0.2334645284489842
5738,0.303928795500957
5745,0.30119055563868935
5746,0.2135690340459018
5755,0.31535210543303965
5756,0.18468484261358664
5760,0.31862764876290445
5761,0.29895208112941724
5762,0.2365110962130878
5763,0.1973337010674619
5765,0.31541854665019803
5773,0.29748412234436217
5781,0.29833817842638233
5786,0.31568546856582674
5789,0.2961501696399122
5802,0.29940949472751865
5808,0.2975747206405751
5811,0.27973537884555616
5812,0.3800755185475746
5813,0.2932917545810949
5821,0.28520469595108855
5829,0.31983849157502997
5838,0.30740020046941563
5842,0.3164856730705907
5861,0.28779209985079174
5864,0.29564665370105836
5871,0.3040995625786353
5875,0.31422054270505395
5879,0.32035362254363237
5881,0.2977776135497404
5891,0.20133079225662828
5903,0.15153261305747368
5909,0.29976913556030516
5914,0.3402083139139611
5918,0.2968827520403427
5933,0.21504968113335332
5945,0.21339100067253647
5948,0.20558190243670224
5949,0.16076598414783455
5950,0.2893056790458971
5952,0.30337315472105986
5955,0.29093344829696943
5959,0.30419300695351076
5961,0.27548923514165585
5964,0.2133297510895052
5966,0.32210280066463365
5978,0.3170066276063634
5980,0.2806135088209602
5983,0.32824462265504306
5985,0.29090288647090123
5995,0.2938863422590576
6009,0.31252438351730333
6016,0.20377460324881347
6021,0.3179037420930464
6023,0.26236274612257665
6029,0.32116193175358315
6033,0.3132066703237494
6036,0.1988604633067242
6039,0.29078797702161097
6046,0.3529953732898583
6047,0.2598478638556445
6051,0.2885994488561927
6054,0.21041489045702833
6061,0.310480798098068
6065,0.28176915055752605
6068,0.27614842619315755
6069,0.36145900170404555
6070,0.2984157909134626
6072,0.27003582984132274
6076,0.3056161384537511
6082,0.26120117186931063
6104,0.3228724435266482
6110,0.3100031813790413
6122,0.2938412068570532
6123,0.32233191040063625
6126,0.19122955977452083
6128,0.3197323138209067
6131,0.20719559807541568
6139,0.2803459861291996
6140,0.3047829173470398
6142,0.3577714630362032
6143,0.2157526328187825
6147,0.3056909574800706
6152,0.32107333815320155
6164,0.28128397177924436
6171,0.32030186212569733
6173,0.32142345023404795
6175,0.33167662149097826
6176,0.18040764219865452
6179,0.3038118193254342
6181,0.29839371907561685
6191,0.21745817108798046
6200,0.29573607271442953
6201,0.31401618460602815
6208,0.3287656127028303
6219,0.30583683115255705
6223,0.20341431141810123
6224,0.3199037054235977
6237,0.22656429107247142
6255,0.2763087277235796
6265,0.31548081471664235
6273,0.290717698653922
6279,0.3003046719738203
6284,0.31955791320192717
6295,0.2949889021479988
6306,0.19139356930262783
6311,0.3432245265570114
6327,0.27989704308590035
6330,0.27549367496091565
6338,0.3104042285083586
6343,0.32646666470786945
6345,0.3579082113861337
6351,0.2859439354148544
6357,0.16845467374356837
6360,0.2936454852612866
6389,0.21252935348791827
6392,0.3023325212386643
6404,0.28621151647314125
6406,0.18857647831443441
6407,0.304469906746346
6414,0.24505422052025141
6419,0.30860776967782255
6425,0.29346865163243396
6428,0.23556986083477674
6431,0.27542698420610595
6435,0.2874701810170291
6436,0.2223146888360299
6440,0.2707608934326243
6446,0.2993966346211204
6465,0.28676762125931354
6473,0.26674884982933816
6476,0.2091484090511921
6477,0.26259276079071253
6478,0.3130809234306648
6494,0.2707422332011894
6501,0.2973502934151939
6502,0.3374762084293495
6503,0.2885332992403751
6514,0.17984669877844614
6516,0.28191152616217163
6534,0.2845022148578738
6541,0.17826147163841544
6553,0.30784506964450864
6557,0.28018493790687415
6559,0.3164003030486352
6560,0.3289675052360931
6562,0.2948552425041053
6575,0.31025902970498065
6583,0.18704448081670383
6588,0.31527821744431206
6590,0.2382333381294984
6594,0.22684469280451383
6602,0.3173109765941107
6603,0.28982145659479797
6606,0.28155652032709644
6614,0.29073517805063703
6618,0.2592113391582661
6628,0.2983195115669873
6633,0.24308204576776365
6639,0.2647829880717609
6648,0.30375367024243227
6654,0.2576591876910852
6656,0.2239507110013499
6657,0.32288940446207703
6663,0.16309543227163625
6664,0.26316298786579795
6666,0.19034137450146593
6670,0.2695727928345231
6671,0.2327887429161757
6683,0.2177557904239692
6694,0.2882437545430233
6695,0.30902960128822254
6699,0.2882640519200381
6701,0.29963099300026175
6706,0.1606362162915681
6707,0.17892429927590617
6720,0.28508941154944234
6721,0.2215114286871983
6726,0.31494931713381497
6735,0.2819006265171914
6745,0.2959353336545459
6746,0.29263183459487796
6751,0.1638563201046068
6759,0.324003737624803
6760,0.22740671638113863
6765,0.31266177504314185
6774,0.23647062042185654
6776,0.3030853900924946
6779,0.3093458508949534
6789,0.298560076574004
6792,0.3648032450985561
6797,0.16129142788163675
6807,0.32522281770650285
6808,0.31855845602850213
6811,0.3148175360970269
6813,0.2434432622690672
6814,0.28169885797381655
6817,0.3008622292281727
6826,0.2859716977211541
6830,0.23340249637146626
6832,0.31170897738119696
6838,0.328483034791087
6840,0.2918647973028168
6850,0.2771603145646758
6851,0.297766001041326
6854,0.35458464330974526
6856,0.34272962452875955
6858,0.23239593308523027
6866,0.3035615407805151
6871,0.31152168662339275
6872,0.2858286931267684
6879,0.3082689391990667
6881,0.19937613111907565
6882,0.29829649135771313
6883,0.28958302730124924
6894,0.31764318960689025
6899,0.1981782307183016
6903,0.3019427930866905
6908,0.3282636834948922
6914,0.30331345088173894
6915,0.32256519743744566
6917,0.2922031800201922
6922,0.20054697443401825
6933,0.22827371049007064
6944,0.29355901474799306
6948,0.3028021182006955
6957,0.2663240781417294
6964,0.29923018853169336
6987,0.2891456598682255
6989,0.17876252165547935
6991,0.2834885577110695
6992,0.22674425551819366
7019,0.28020809121450335
7021,0.21352677826774785
7023,0.2602110094656905
7033,0.2203206890334943
7034,0.2950737831704792
7043,0.3036574686373609
7047,0.28299466748630897
7050,0.2799339187868848
7057,0.19072808574723765
7069,0.21101188559950124
7070,0.2561345152244487
7072,0.3084230659797912
7081,0.27769827590616
7082,0.24049184580099303
7088,0.28776238089682205
7093,0.3117241328603275
7100,0.30328108206754634
7104,0.19181582394391042
7109,0.19497537833016282
7111,0.3133655109566727
7113,0.16005157244732698
7119,0.2767189878843678
7122,0.18440429333558198
7134,0.37657015470107724
7147,0.2228429829637913
7155,0.29136024138498373
7156,0.2849215525725131
7163,0.35232736745919824
7173,0.19934107130918788
7177,0.2904398882529674
7179,0.32385267414781543
7191,0.29948191834092636
7196,0.30449148558677436
7197,0.1955946344121558
7205,0.18875906686341581
7209,0.24096879683173833
7215,0.20766660984404764
7216,0.2703526082509733
7217,0.3047088209661827
7224,0.2883814090062295
7230,0.316951314514092
7235,0.32505631166697635
7237,0.3282215303126648
7245,0.2905960814612779
7246,0.27816957734583114
7252,0.231734950816114
7257,0.2914266549553059
7258,0.2879263044177006
7261,0.25703303191811666
7269,0.28894311805228856
7270,0.2828546908692603
7283,0.3016513106293919
7299,0.27803767131534085
7301,0.19018063225207174
7304,0.3055072213317552
7311,0.290730795692499
7314,0.31041604465951833
7332,0.2994743371292097
7333,0.32182437822033505
7335,0.30997119968366293
7336,0.2174880466666967
7337,0.30033986427721837
7344,0.275119561863004
7348,0.27809663402323265
7351,0.29182025407929335
7352,0.21931501336369819
7371,0.3049411534824093
7373,0.29081475189684985
7376,0.22658557584413738
7383,0.3522453199642327
7390,0.17731255946174376
7391,0.25016164102680855
7392,0.297194279440835
7395,0.2224240138445368
7400,0.29930878577752273
7403,0.30543388724421766
7404,0.2927376139786553
7414,0.2625477273544665
7429,0.3098033136794546
7435,0.3147395767443818
7436,0.29183899257050033
7438,0.25522205099666173
7441,0.16181267971586952
7443,0.36089821009811807
7444,0.3324811507930521
7452,0.21963835118016586
7456,0.2661443774470639
7462,0.21943942920534593
7483,0.24073298541608582
7490,0.31169701493613344
7492,0.30904280586009847
7504,0.21263605563195923
7507,0.2974619981324068
7511,0.21843562093353405
7519,0.2941310198271624
7520,0.384532030289065
7522,0.22388028650010006
7530,0.19403242437190926
7536,0.2991971499523181
7541,0.29895092028169545
7543,0.23654061654793518
7545,0.3024713580077377
7558,0.32720357171656106
7560,0.30148259906443153
7561,0.29097032588619104
7571,0.3050925208485806
7579,0.2870047812038514
7580,0.26415944765220045
7581,0.28694112382603737
7586,0.29592733518054165
7590,0.31626646080118953
7592,0.285547149093558
7594,0.2812566822945459
7595,0.3211519402877165
7601,0.3078842109223749
7602,0.29470317701097193
7603,0.2821271405547792
7611,0.2803246717330786
7617,0.15335251724024435
7618,0.3176316088817115
7619,0.28220054568858843
7625,0.20450698147930424
7628,0.3016636285976629
7630,0.19077522913881323
7631,0.1979070938283472
7633,0.3138525013814827
7634,0.2869148404366003
7641,0.31708677713288175
7642,0.2972636648790087
7646,0.2651044071240473
7662,0.3228605266106565
7666,0.2706232286535637
7674,0.2720526796751587
7676,0.2704079531266983
7679,0.31428084032226766
7681,0.29443180245822087
7686,0.22926733863152593
7696,0.33498077128907433
7707,0.2313698791483909
7708,0.14688790764960036
7712,0.174681094701943
7715,0.3043023210538507
7716,0.25927672165961724
7717,0.32595505494269905
7719,0.1905859374989678
7723,0.2597167917088516
7726,0.31239970537508976
7734,0.3268583267113543
7739,0.22697536899389126
7743,0.2916160051409317
7751,0.22330729409530897
7752,0.31089326994187233
7755,0.2747415989705778
7758,0.2221029697943217
7761,0.289850526661626
7767,0.21936259204907763
7773,0.3033535770961631
7779,0.22450694861774706
7785,0.2535933998412748
7792,0.2084564661013231
7800,0.28819890555841365
7801,0.2567999442051661
7802,0.2626857859255626
7808,0.33052342686941194
7811,0.30292466031520204
7816,0.22364056489829715
7822,0.2569602786394024
7823,0.25392038743555173
7832,0.27874201692686185
7833,0.30473082889307623
7838,0.22537021466642568
7840,0.2784378876143077
7857,0.2863076289352493
7877,0.20794841328999117
7885,0.3625946962876744
7900,0.2980839733251501
7907,0.2883696315703057
7910,0.19508058143558737
7918,0.32293831004109014
7919,0.22603161390998983
7928,0.30012691543144987
7933,0.3169968092580772
7941,0.27140284126142433
7947,0.22241839924706658
7955,0.30729355601989283
7956,0.3100907449186426
7957,0.29645624777918067
7964,0.2862302957556357
7968,0.303395997258132
7980,0.2574320727059812
8004,0.3609904845097246
8016,0.28262123377849024
8017,0.227042958704257
8024,0.3183115173040467
8031,0.27895476452603213
8032,0.23491167997607332
8035,0.2822122912504046
8036,0.28755719635069976
8037,0.23995540211959546
8052,0.28650702015251284
8055,0.1917625429654337
8059,0.289240442423292
8063,0.309953119008025
8064,0.30643437708257437
8068,0.3018824953004146
8070,0.2113683945086167
8072,0.3037079044412789
8085,0.32077410325352973
8089,0.28916044689558434
8097,0.18864544019459673
8100,0.30503366790439557
8102,0.31113362415222096
8105,0.2319950126208184
8114,0.2909313490742457
8117,0.2750132129123052
8120,0.2859910838232478
8126,0.2909351971990116
8128,0.20869666924681965
8135,0.23184757463032082
8137,0.302665459219385
8148,0.2699911054824198
8169,0.20964975583177403
8173,0.20493900311865493
8178,0.2773136678965268
8179,0.3498413803751347
8182,0.16761669116262773
8184,0.27616263004679886
8186,0.29476340302917636
8189,0.2972152428536346
8196,0.30457500804926285
8216,0.28537583631399516
8219,0.27744323168533375
8221,0.28861796921901195
8227,0.20601705682802843
8232,0.2832750244612528
8245,0.2897040210483631
8248,0.297863676694918
8249,0.30266698793376073
8250,0.2965333433821451
8256,0.20798046067077194
8258,0.31832765378896116
8259,0.1892173357343893
8268,0.29509981684223235
8271,0.2808089724566945
8273,0.297265736723721
8275,0.2935543732179223
8277,0.3061802315659307
8283,0.3083299541090612
8288,0.23386509929285448
8299,0.1998949275174049
8300,0.28515728013337405
8301,0.2052569769826708
8307,0.30537947098144747
8315,0.31532771196484694
8324,0.2707999276576407
8326,0.29856733341161246
8351,0.23353925567211517
8367,0.1756564235668809
8368,0.30292635319926464
8371,0.3405200064366526
8383,0.28242050080914693
8386,0.29280045417935685
8402,0.2005623464385841
8404,0.3144074686375283
8421,0.31699807241433875
8422,0.22704973698507971
8425,0.3185158164910283
8429,0.3011019474032877
8433,0.3179206498031468
8437,0.2753849533090759
8440,0.19506240344253056
8455,0.3194212913443982
8479,0.3207923100241996
8482,0.24306193310190083
8485,0.3031162242272043
8489,0.23517719904471157
8490,0.15886479487851216
8492,0.21062721751108385
8496,0.3034810820173398
8497,0.2996174056069963
8498,0.28307371725900504
8500,0.310000465452666
8501,0.2996163915448254
8508,0.31086251545893917
8512,0.3348895116404266
8522,0.33425645520742997
8536,0.17410775985607696
8545,0.31292947008905936
8546,0.2878150484804341
8554,0.2969972470051552
8556,0.29125325708214567
8557,0.294699091141272
8559,0.2864930921031927
8560,0.3156551402395781
8563,0.29122630045027137
8565,0.3054276215707832
8574,0.2749025906041478
8578,0.24001712045561632
8585,0.1939197989992229
8602,0.32047441971227003
8605,0.22997117585731647
8609,0.2881375964065189
8614,0.20888629651928176
8619,0.3032876318286293
8629,0.30886366231925977
8632,0.3065435479125441
8635,0.21071408018276522
8639,0.19378335952041387
8642,0.24603601755373686
8643,0.30513533306904905
8655,0.3103570173505718
8657,0.29343015835134273
8662,0.3142191173152594
8666,0.3130705014905322
8674,0.21582505602919405
8676,0.3078258032626558
8686,0.3039379085672689
8691,0.27711968329943015
8702,0.30650249485070913
8714,0.21056984127686382
8718,0.2936947831943584
8731,0.3081058049273762
8738,0.29291212089153207
8745,0.2210926508267767
8749,0.3131310942998533
8754,0.30287205647990784
8760,0.28032081976145035
8762,0.21465097553682577
8767,0.1645522282131799
8768,0.30301072756766667
8769,0.16164052672705403
8771,0.30968312439932844
8795,0.2850967024467385
8796,0.23791315953231906
8811,0.29595682923819805
8815,0.3259843754628786
8820,0.29425184440948604
8825,0.29998098775623827
8832,0.278892443181786
8839,0.2753280461481358
8841,0.31758094774814505
8848,0.2835744827204095
8849,0.21567869775269094
8856,0.30514886751334924
8875,0.2855557371288998
8879,0.24896536414618736
8882,0.27933789604337744
8885,0.2946366785117267
8892,0.2972743683990394
8897,0.27951837694237364
8905,0.19254897912871693
8921,0.2032895700934461
8928,0.28692366929125446
8935,0.28427097540586366
8939,0.23917785640741998
8941,0.2995123400171321
8942,0.17420050891975908
8949,0.2780127298313039
8951,0.20492841229386533
8958,0.28723731932695895
8964,0.2138699804687541
8972,0.18043415778396596
8978,0.3128583690207952
8979,0.2390440120074447
8988,0.3075025846494783
8997,0.2970302622612221
8998,0.1916541973964681
8999,0.3018275356071863
9006,0.24051244049583037
9012,0.31622624475095584
9024,0.30542189637525063
9026,0.29923593307329155
9030,0.3151567083613878
9034,0.20125912891813721
9036,0.3055006190947074
9038,0.21506347586923422
9040,0.3039100256468028
9041,0.20574723756949817
9042,0.22712721222487858
9046,0.2392719364568066
9051,0.32217872561238875
9054,0.33435169699526185
9057,0.21501799179372683
9062,0.24703970243254278
9072,0.2933455315800922
9075,0.27819196024348847
9079,0.3042752269683543
9081,0.2065298461841162
9091,0.26903248021168047
9110,0.19797425665187768
9113,0.3073210465391932
9116,0.30479718165152736
9120,0.2509043190915679
9126,0.33638820224998583
9133,0.3065001396824237
9135,0.31375309987435107
9144,0.26797946834917047
9146,0.30369276605983586
9153,0.2815970622335599
9155,0.20889128091245732
9160,0.1991801380491402
9165,0.303169514830243
9172,0.31975490226336617
9174,0.23101266886492025
9179,0.2038527371248035
9180,0.2853144911650156
9195,0.357725808754798
9199,0.2907658132349765
9204,0.26427256199924876
9205,0.23172497701155997
9210,0.30906540141878186
9228,0.2793983079090292
9233,0.30222965145675684
9235,0.30289250385837085
9237,0.20020227571081833
9239,0.21139748283719317
9240,0.23203360622949443
9241,0.3478762524825415
9242,0.28863161923801606
9246,0.2321461761331337
9248,0.26960999855420054
9253,0.28307663040361863
9254,0.2942602238941331
9260,0.2823973299557334
9261,0.19147014245331198
9262,0.31787433604754217
9263,0.3138286202729823
9268,0.28420087204732286
9275,0.20391243180056337
9278,0.27806157731831305
9287,0.2899519491166954
9292,0.3148881327105568
9308,0.3215036077341291
9309,0.31976475058388215
9310,0.31801872938913767
9312,0.1949416517146831
9314,0.21502465246408073
9316,0.19486881073209106
9318,0.2835707327998987
9322,0.3298544262207096
9325,0.3122432576420535
9327,0.29612364819422604
9336,0.2794560985079496
9340,0.31207694965572225
9342,0.3133682674131218
9346,0.26516401757021013
9351,0.3560507163011725
9357,0.28613972103836705
9372,0.2963938597174589
9374,0.1740051491717633
9378,0.34345765193393596
9385,0.25648327357793965
9413,0.21845929015086135
9418,0.31610275685832345
9420,0.2830107091298014
9422,0.21461467788991564
9423,0.2995594774354392
9425,0.27950935727841164
9426,0.32951264298419203
9434,0.30279447569404494
9436,0.23689133668967083
9439,0.17222784498318075
9446,0.2322017539047196
9460,0.3101137491372104
9461,0.3100943198331044
9467,0.2987215240560134
9472,0.2766093178342631
9483,0.27495441282581
9485,0.30582956509003517
9492,0.21035636122977613
9500,0.30142080635751456
9507,0.28963934402359254
9514,0.29676394369205056
9516,0.3070161424150396
9520,0.23886177424093674
9542,0.27787998702752614
9544,0.36590547421138264
9548,0.3475951596066197
9556,0.2339465879704577
9558,0.26656692245171454
9565,0.2998335053037484
9571,0.29381479152899986
9575,0.30700537041195664
9587,0.285171951988754
9602,0.3339841390329439
9609,0.2151847144893188
9618,0.2655151366040892
9622,0.3167156903181854
9624,0.30056272073987844
9648,0.29972403451792723
9658,0.3222335702816484
9668,0.307244786956942
9702,0.20336173650314332
9705,0.29336205052671993
9706,0.22963277193365272
9707,0.29038888995471535
9708,0.2595118521395555
9710,0.3284535945823339
9726,0.31753489100283283
9753,0.18794972554959877
9757,0.26445865223453685
9761,0.21376812227198233
9765,0.3470739342481317
9768,0.2995956363941171
9769,0.3104727279325667
9775,0.17908663146857562
9778,0.3039404420440819
9788,0.24685718766856612
9789,0.3133824867552707
9792,0.297861592441323
9815,0.28802353706177364
9816,0.22374889471866735
9822,0.2163444329323722
9823,0.31387478406629743
9827,0.2940560550438429
9835,0.3096364039406539
9840,0.15156596357595487
9841,0.2864411128696873
9849,0.29415731674224443
9853,0.30149895303460406
9869,0.2556980303220023
9873,0.18835023944131987
9881,0.15115614730718208
9892,0.29334242569840285
9898,0.2921855486981115
9899,0.29925511005566324
9915,0.281646299254091
9936,0.33022829845771834
9940,0.29493506062975183
9941,0.20563118449229564
9947,0.17544902149748132
9957,0.2942539757285306
9962,0.2163918464667941
9963,0.2993974108703211
9964,0.308597738690527
9965,0.31572779718452443
9968,0.29811522814926855
9971,0.29196071608299806
9973,0.3108654798417193
9980,0.20911239696196396
10002,0.33865611227327214
10005,0.2558346996796028
10007,0.2899102514963895
10010,0.31719201460690266
10013,0.3000612777633619
10014,0.2405717413825256
10017,0.2936499107104698
10024,0.29916978485842105
10030,0.2634405760477575
10037,0.3003212274341065
10046,0.2396268906338098
10051,0.2866632206302561
10063,0.30780649138064614
10067,0.27420164137978403
10073,0.23920984992372624
10096,0.2052310549221742
10099,0.2444707065445312
10100,0.1623556379960954
10101,0.30704343747754453
10103,0.24296152468299337
10110,0.3093356270428865
10113,0.3045391696295936
10116,0.23055349626902485
10124,0.32567393591783117
10127,0.2791275875507032
10129,0.3171362319508214
10139,0.3179302853354461
10140,0.33188778500278293
10145,0.3587963878044388
10149,0.27024954436210735
10151,0.318009845848884
10165,0.21118951628138963
10166,0.19876772782164193
10168,0.2729555760879839
10174,0.21781851408413866
10186,0.23489753847276443
10189,0.2868355139373772
10193,0.31386562038916355
10197,0.21148543521737026
10201,0.27409483557508646
10206,0.29248594417635365
10211,0.28575896576915405
10216,0.28570188039026645
10224,0.2888891588806521
10234,0.32056475301684606
10236,0.28278742185684874
10239,0.307235154175281
10247,0.24218002586875315
10250,0.1561284539782211
10253,0.30061028227025177
10254,0.28783656497771726
10263,0.32019027816076506
10264,0.3255057439927682
10265,0.28893618462238
10275,0.1920860511278249
10280,0.29321285546209636
10286,0.30523597916001505
10287,0.32000638093016964
10293,0.29632464642831335
10294,0.2926489707057107
10303,0.21940721660151788
10308,0.3096640008569702
10311,0.28833161668202234
10318,0.3164766367898158
10323,0.32678115993563017
10324,0.3039137443557305
10327,0.2697982287718193
10330,0.2889875698165686
10331,0.2842203700940384
10333,0.2253331303765734
10334,0.3167165655501374
10335,0.28324312318317757
10338,0.30293209569825863
10339,0.30844808227798826
10348,0.2176519664558763
10354,0.3577503810327191
10356,0.28380275776361114
10367,0.24070057778932852
10375,0.29782028048861175
10384,0.2948527632084611
10386,0.23409030154460322
10389,0.2955767177166251
10393,0.30540695411109353
10404,0.3037278823446478
10408,0.23668564690251953
10416,0.2717222011965447
10434,0.3183107328465904
10448,0.3277926045008558
10449,0.21837521763247048
10452,0.20943371746125458
10453,0.30076746575599406
10454,0.299517878470842
10461,0.28914234700761776
10462,0.1958989322170263
10472,0.21370869885136734
10474,0.32935772399663527
10476,0.31308312649432457
10478,0.20912552476948232
10483,0.21643727665257556
10492,0.2964235586767787
10493,0.3162036877443208
10499,0.21939787607351918
10501,0.19213732989116922
10509,0.2920040007191837
10512,0.2956817051356224
10513,0.2571100624122724
10516,0.28782843179086803
10517,0.28565292936581366
10525,0.2930108491784149
10529,0.2976944560163236
10532,0.2869569881588334
10537,0.29149078017995234
10541,0.320274755132976
10545,0.26274834155650495
10548,0.28050274654432183
10552,0.18118150164255745
10554,0.3300459885929128
10557,0.3004182125278386
10564,0.30225994083065183
10574,0.2374104874924543
10591,0.28730289892956384
10596,0.28625303055959495
10600,0.3360315535940014
10606,0.19675986422368755
10611,0.26323362563142705
10622,0.19022892170616723
10626,0.2838983968823408
10629,0.23788240863983173
10630,0.2984946870432834
10631,0.3073834979754918
10633,0.18522480044809822
10638,0.31022498561510836
10639,0.3297207727591413
10640,0.22473800541459465
10657,0.29650942415023407
10663,0.2854003170356873
10664,0.29110967151806133
10667,0.2991757759546918
10671,0.3053475842251445
10672,0.2851538457174963
10675,0.29488646333035273
10679,0.32252741926133044
10681,0.29520336531049396
10683,0.22791802320594168
10688,0.2799120684508129
10701,0.31809852471724903
10704,0.31824646519558625
10709,0.32392097012354176
10715,0.2926570426496968
10718,0.21418825897221389
10724,0.26600264173558863
10731,0.2262702616052819
10733,0.28791886425797825
10737,0.28027739262010465
10744,0.17517581538004393
10750,0.2334198072294053
10770,0.29753018847310847
10776,0.31332570054193615
10780,0.2172089414400313
10782,0.36401697539774625
10789,0.3085904110321389
10793,0.30445412652693665
10795,0.3215416545680059
10807,0.2919673045807452
10813,0.2918518539245555
10815,0.2846960262322502
10817,0.29897546720062135
10819,0.2959836391297635
10824,0.30693064972832496
10828,0.3186092940081133
10830,0.22334493008203432
10832,0.30556960529944655
10836,0.31077135570397213
10839,0.32381627745905117
10843,0.2916779555597584
10844,0.2717968476353798
10866,0.36538671261552746
10872,0.2824676362583758
10873,0.22403771130257794
10878,0.3558912081152539
10889,0.20860576017984195
10899,0.3230366114236184
10901,0.3143484000201903
10904,0.3108583897717655
10910,0.3077345120553012
10911,0.28189511266101924
10917,0.28043204892136764
10920,0.2980101545329346
10921,0.1841911653015544
10922,0.2622779764832809
10929,0.1630077523635754
10930,0.21998698345941037
10933,0.30789696980908937
10934,0.21414816450463456
10939,0.28073803864817864
10942,0.1888022279050759
10943,0.17228960862530712
10945,0.31797630726438797
10946,0.30893710784112566
10949,0.23116500141443647
10951,0.2705854938605966
10952,0.30972117917122266
10953,0.24303519276480245
10955,0.1574557862561973
10956,0.30369523111987
10959,0.3331330687189855
10963,0.20152372784432357
10965,0.3099047942213542
10971,0.23017797039622617
10975,0.3102130862263789
10979,0.290749235183114
10983,0.30046796435504897
10984,0.27504687319256405
10989,0.24302024960390026
10992,0.2712727687767784
11001,0.22498591471680218
11003,0.21309581168983988
11004,0.17195888644960777
11008,0.21585917402898153
11016,0.22662564725186407
11017,0.18766487744035767
11021,0.30345983899740314
11028,0.3451869364238036
11034,0.3077098121671276
11035,0.20286350015015153
11036,0.21701362404175853
11041,0.27952324736345663
11047,0.33423295144611453
11056,0.33196421642736795
11058,0.29854175843634834
11059,0.22165268981775388
11060,0.22590378581702014
11064,0.2986278042612611
11066,0.22728786378381263
11069,0.2830622714677667
11071,0.2691901283143499
11072,0.30513355998103486
11077,0.2976288545159981
11080,0.27457909583625767
11092,0.29400348822871003
11097,0.21430805719991233
11098,0.2913457207085538
11114,0.27706680590814076
11121,0.16880882883889886
11124,0.28046398315103904
11131,0.2922284385263033
11143,0.3208796602008134
11146,0.21929820717031154
11154,0.29935270850652157
11164,0.3251072631124804
11172,0.3082082451710466
11173,0.23621229480812903
11174,0.2664941310458103
11175,0.2931293473863727
11180,0.3023178782364036
11184,0.17877447344791475
11188,0.2867338077610051
11189,0.24230593504381087
11190,0.21674183766646804
11197,0.2015698716948699
11201,0.3232091174777361
11204,0.3264808579621877
11211,0.289021260938605
11212,0.2979857388838489
11218,0.2988781076579574
11219,0.2956667739044939
11227,0.2840680545813567
11241,0.29382608106042213
11251,0.23338464249194146
11254,0.17345801437492245
11260,0.22732725622485897
11264,0.2862533151853638
11273,0.22467067620792708
11276,0.23248419613025337
11278,0.2221995886146582
11282,0.3090407660081492
11283,0.2931839422304359
11291,0.305810814115606
11293,0.3189857624683844
11302,0.32008821017089206
11304,0.22333760171979256
11305,0.2955681770592973
11315,0.3157513105853147
11321,0.2792860575147728
11325,0.3141166868221154
11335,0.2953754158926772
11341,0.3012763352304476
11343,0.30834114626089176
11344,0.32646879864735245
11361,0.28395093830808094
11375,0.27354480153962085
11377,0.2491020181969384
11379,0.31930319082768144
11380,0.3116653234886093
11391,0.29184951779654517
11393,0.3130685702916449
11394,0.31471002046505225
11398,0.3131624480026583
11399,0.2891065292980603
11408,0.26391083784059943
11412,0.28284543140522234
11420,0.29388918011734205
11421,0.3279889931394619
11430,0.2176325922554511
11437,0.2992264621383412
11446,0.36427659472494167
11471,0.2886333188457488
11472,0.31329348632045617
11475,0.22738394191500436
11483,0.3046681829327837
11492,0.2954747367239666
11497,0.28637186217287036
11498,0.2613053700073642
11502,0.31125138707086003
11504,0.3583461388623911
11511,0.3467308983625095
11512,0.29265276968871173
11514,0.24741673335498285
11522,0.3089770030285537
11524,0.2998329515983296
11533,0.3116557353366871
11534,0.19019841860530265
11541,0.2850951007286998
11542,0.2862409328456699
11547,0.2784169133838831
11548,0.20521437667435777
11566,0.33208080487347663
11572,0.3182386262156041
11574,0.23695673659916106
11576,0.2978299350514621
11577,0.22768109137005413
11580,0.28863026542209586
11598,0.23590506497976385
11603,0.2780627931219761
11613,0.30225012352477854
11614,0.303433325567885
11620,0.28855452411081756
11621,0.32530076776016975
11622,0.231332542229528
11626,0.16339051194616774
11630,0.30059764543361506
11636,0.3066878080327256
11637,0.21392905124626527
11639,0.20683819443797585
11647,0.2846965108594623
11653,0.2886968620229885
11654,0.16267891899589992
11660,0.27229138552714416
11664,0.30498390347841264
11667,0.31083459519133405
11679,0.2996064921557307
11687,0.32196201120089823
11691,0.20504913860866608
11696,0.2980049500613764
11702,0.3348014776079111
11703,0.24744138854170047
11705,0.3062856954014339
11711,0.30988452093803964
11716,0.24137312182033416
11717,0.3225276598998362
11722,0.2105920723997865
11724,0.28724961001574556
11728,0.32192650729829053
11737,0.281558274263177
11738,0.29072138876065096
11744,0.284186753777441
11747,0.17512370843128905
11753,0.20441246995607443
11757,0.3184152119023236
11758,0.25374230271620474
11760,0.2583413341836749
11762,0.2768814877148489
11764,0.2976353155827062
11768,0.22936636846208752
11773,0.24779058693770062
11774,0.3234407105739003
11783,0.2955020882017356
11785,0.23306260954432118
11787,0.30842458183235677
11791,0.270454844694935
11796,0.2104451474092251
11797,0.21026808088305196
11798,0.2073987709319186
11803,0.21640980659534187
11808,0.3057847610322051
11810,0.30406745740307994
11814,0.3076209547952928
11822,0.2873641088633777
11824,0.23283430650001172
11829,0.2828813945717704
11846,0.2978821648304699
11847,0.297516560783836
11850,0.37803166995368365
11853,0.20120101904190446
11854,0.22488291462592647
11857,0.2883052989297487
11862,0.2792742494821429
11883,0.21157894319101653
11890,0.3017360808201367
11909,0.1609967084853118
11913,0.31940362181355975
11917,0.301810991915585
11919,0.2967199354117712
11920,0.23584508816139516
11921,0.2826520581572833
11928,0.27944401360681437
11929,0.290666297237346
11935,0.18277799770946088
11936,0.20342000105504907
11939,0.21114331142146703
11942,0.19540309612670836
11943,0.28535253213478684
11946,0.29212603166002904
11947,0.28980431116547223
11952,0.31175877389702644
11956,0.2977770543518389
11959,0.3684872260173545
11969,0.30290620025433396
11973,0.31185106658628153
11974,0.3108459147506444
11975,0.28326227635215057
11993,0.30262136367193515
11994,0.2948419689415023
11995,0.2658075691870964
12002,0.2965318602888994
12006,0.2656719754882139
12007,0.2660269859671172
12014,0.29245034494482974
12017,0.33254605577935964
12021,0.32086108396041596
12023,0.3027319606948251
12024,0.29459166837264006
12027,0.30915946458818555
12034,0.29705389808796623
12040,0.2898056979962346
12048,0.2594080266673221
12052,0.2348653357614754
12057,0.3172452738031939
12058,0.33934871772658004
12061,0.27891333000067947
12062,0.2963102275523595
12064,0.23955592629859243
12071,0.2666686067125955
12080,0.3250307530542759
12085,0.2236202610203623
12090,0.32335165797384313
12100,0.30268509470201915
12103,0.31658702434603003
12104,0.3025217439312652
12109,0.1936661409925104
12114,0.31440078524745124
12123,0.24954849744992513
12124,0.2077139665202336
12128,0.3570382939573399
12132,0.29495307401890675
12135,0.2948245368634978
12140,0.3733544150215095
12149,0.20449311164602685
12155,0.280008732336037
12158,0.2859321822358521
12161,0.3259309874395967
12163,0.32072605547017574
12164,0.2981498383569227
12174,0.19530995735711548
12175,0.29971441059457454
12179,0.3697802002617216
12183,0.2765107600208081
12184,0.3207592727507256
12186,0.2380986411403898
12190,0.2963340450483529
12193,0.3091036422151952
12195,0.2183945762047067
12196,0.1957448016758456
12205,0.2928057895412176
12213,0.3155236626691836
12220,0.30626432963924727
12221,0.2865407756689261
12222,0.23416837288892423
12224,0.30059048199822486
12230,0.30496123444133255
12239,0.29355067975463894
12242,0.28963218035035254
12244,0.28518372020777516
12245,0.3123879927052047
12247,0.3067747948535783
12254,0.325522379423111
12258,0.29468116204907613
12266,0.21041042873246432
12267,0.2863341464464319
12272,0.3191606550705096
12273,0.29140667590211694
12276,0.3134358750984805
12277,0.2776855737024096
12283,0.28218448770994226
12289,0.22717370404998394
12297,0.28997773094161794
12300,0.3839297889346266
12302,0.23338280504697442
12310,0.24123355737126453
12312,0.27195032854518125
12314,0.2071789217516051
12315,0.16056390779093827
12327,0.284532610503781
12329,0.2977861774312458
12332,0.29836989996152075
12342,0.24489868439580872
12346,0.2863673695419584
12347,0.37046992544994806
12349,0.2004306373771345
12350,0.2628946060163818
12354,0.29968660088025223
12356,0.1769734481304929
12359,0.2973167640804523
12360,0.3204162269770609
12369,0.29969925471377223
12372,0.21903206172287665
12373,0.15703700872510032
12375,0.3111039907556137
12376,0.316097646705752
12379,0.2124748554717172
12382,0.3028595306012745
12387,0.25488814885519157
12389,0.295784949680333
12394,0.32582376747231373
12395,0.2941719179264044
12396,0.289014953439236
12404,0.33539568712839246
12405,0.28781403857920007
12412,0.37681465937005343
12419,0.23797227526654127
12431,0.28840556496067277
12440,0.304841704341699
12444,0.33294443151095277
12447,0.20306192994239847
12452,0.28758202977220776
12454,0.292305299544154
12456,0.3194608507802808
12461,0.2081047231689445
12469,0.2819892130268213
12472,0.24908972906022253
12473,0.1946239627916202
12474,0.2787980470235819
12476,0.3127092101040058
12479,0.35813310953797073
12481,0.310837739403688
12487,0.2448627682855457
12493,0.30263525780795275
12501,0.2986169265278782
12504,0.2843671832860506
12507,0.2831803670651047
12510,0.2949660594945913
12512,0.3650266387834484
12520,0.29432501865662575
12526,0.29455805660422946
12529,0.2979723977902825
12532,0.2976200612358255
12533,0.318746482395067
12544,0.344807175527036
12546,0.29992043775965077
12551,0.29101972485564354
12555,0.36016840212389534
12576,0.28473880737277163
12581,0.3199925824001657
12588,0.32000472985392553
12593,0.21550618543645655
12594,0.28390049195997324
12598,0.27369210505689456
12599,0.32071039370666454
12601,0.293984854433
12610,0.32157117628741083
12622,0.21339754327140473
12624,0.28296256025113314
12625,0.3016374802051486
12629,0.39518031969892337
12632,0.17839954801501884
12634,0.19453417012850116
12635,0.2909178522341898
12638,0.298050372468987
12640,0.1997512207965887
12641,0.3037906913446188
12643,0.2901744948595958
12644,0.2017338292079816
12647,0.2888358888489029
12651,0.3158256133150499
12657,0.3064916922539171
12658,0.28624607362273297
12660,0.3063394029216666
12661,0.26781475504324087
12666,0.2745030862909801
12673,0.2451600196825656
12678,0.2715661761408216
12681,0.30463430247496137
12682,0.3698627212219662
12684,0.16439644528767142
12689,0.2934844934119945
12699,0.2928854843251457
12701,0.30422773025210303
12710,0.23959369639812977
12712,0.3048878823427989
12713,0.3012743986290334
12715,0.3069442685432028
12716,0.2946524477683442
12717,0.28327453498800037
12718,0.3015981079187864
12720,0.28299083611168296
12724,0.29468851036952803
12725,0.3150001239269109
12726,0.29034129833877315
12741,0.3022383876715584
12742,0.3233058663570349
12743,0.3197170417990389
12748,0.2964204261106244
12749,0.19661013975597597
12751,0.3089660443875339
12752,0.3007126190947264
12756,0.2948207572639454
12760,0.28546165957881425
12761,0.2921107305064997
12764,0.3148630774647855
12767,0.2391170589141941
12774,0.3070364607840052
12782,0.24839077638934381
12783,0.35945648519028034
12784,0.3100836556193801
12785,0.30456011835918584
12787,0.32390786117937365
12798,0.28203000956339613
12805,0.2696346333712721
12806,0.30683279906288496
12809,0.24671783986606236
12815,0.2949794489024383
12820,0.2239585990997996
12824,0.2850635038712746
12829,0.28427124005873816
12833,0.30354832372444174
12841,0.3064070039900793
12843,0.23629620183835948
12847,0.2955012320734275
12848,0.29129226379392015
12849,0.3095095340046642
12852,0.29002154111270845
12855,0.30524303810405123
12864,0.3089778376692639
12872,0.2291000752062876
12873,0.29792102140833093
12874,0.30983071224407177
12877,0.3566105814418709
12879,0.28638916355588084
12885,0.3003522947290228
12893,0.2994280882535346
12894,0.3258997497235611
12895,0.3484795307226092
12901,0.19684450689990818
12912,0.27620462357612446
12919,0.30641137056479884
12924,0.28457078580747724
12929,0.29116891947812534
12931,0.3011118159274963
12945,0.2854939814884363
12958,0.17329089467120154
12962,0.2954041821367296
12964,0.3078023977835706
12974,0.30187771163708293
12976,0.16788457837134688
12980,0.2891479366171529
12984,0.282511340516402
12987,0.22160503210693516
12991,0.2843715533969604
12995,0.28586969966977066
13001,0.3623028209522974
13005,0.3051300126188115
13006,0.3064639657504723
13015,0.29129090990473827
13017,0.3080052768551298
13033,0.32482121473465503
13034,0.3134477063121996
13035,0.2929244129667251
13038,0.3474713490224527
13044,0.23709327735935384
13045,0.2961111656308179
13052,0.2148334521816221
13059,0.30427804467172664
13060,0.20108510919445846
13061,0.2834459067614449
13066,0.3737891629233596
13080,0.3615144001709907
13082,0.2977523600822845
13105,0.3033614183131448
13106,0.36150673818839574
13121,0.3085534250617999
13123,0.3131299391700836
13125,0.2292566623337492
13129,0.2872734958043978
13130,0.26794930200471934
13132,0.32173581942324836
13133,0.29915615651912936
13135,0.29711855599059334
13141,0.2862338959750077
13145,0.3570844829495191
13149,0.2219977038419204
13153,0.30781254722910856
13158,0.29873947571086834
13159,0.30363351387528853
13169,0.39434961321062656
13170,0.2898877571251752
13178,0.30673586382844875
13179,0.21574936959499935
13180,0.3054347593825857
13181,0.30286924286965855
13183,0.23486877270742584
13196,0.2818117481485094
13200,0.3222172090376364
13202,0.19664491604887563
13204,0.21602737716975234
13208,0.2895930943300631
13212,0.28811349159380484
13213,0.28688649689979934
13218,0.3099574540088904
13225,0.29450401285147876
13229,0.2888359173084957
13232,0.2849537075834637
13233,0.313145268323704
13234,0.21012425846776694
13249,0.2231682454037427
13253,0.3151818756835008
13255,0.3069343959864209
13257,0.36159097648066024
13266,0.2137748254730085
13269,0.21813766383464642
13270,0.31181708404636965
13274,0.31718350453740685
13281,0.3160834314637041
13287,0.2792645556273042
13305,0.3103752032475654
13308,0.21627592400334245
13309,0.22136133979231148
13310,0.32728250085265187
13314,0.3168486284766236
13315,0.2072235320408002
13324,0.2584571205250687
13326,0.2988472613065576
13333,0.3144276842755674
13336,0.27138356965573596
13345,0.29333728940796433
13348,0.3189190212095484
13350,0.3566972097074178
13354,0.31797327476075987
13360,0.3145896640621469
13364,0.3300980828036575
13366,0.3071596369572198
13368,0.2618107301869575
13375,0.2543254992831878
13376,0.28667999670060174
13380,0.2683741613674534
13382,0.15795049361017663
13384,0.3185118222223006
13387,0.31698022967214173
13390,0.2174699418760094
13398,0.30525253242439443
13403,0.28386729733040095
13404,0.25373894274236053
13405,0.27501548501848094
13409,0.3199191144424005
13411,0.3023807350743754
13414,0.3014663537436629
13416,0.29506814790749764
13417,0.2373161948262331
13418,0.2905507962870112
13422,0.2430533456452351
13430,0.35832908576027117
13435,0.1609808949937546
13439,0.29527955693159513
13446,0.27519481494119535
13448,0.1953791574324297
13449,0.2782342065074152
13451,0.30062793261635123
13455,0.2970810233820975
13468,0.30904157972705015
13470,0.23331713947798816
13474,0.2233379475358485
13478,0.28062688850605394
13485,0.29536576860511127
13488,0.306644803345983
13489,0.2730740468150216
13500,0.2961971051147334
13505,0.21388476983946658
13506,0.3049086775492999
13517,0.2348220991327272
13518,0.2176285794250447
13523,0.28383514293640055
13529,0.3001131077691688
13532,0.22075183859601083
13534,0.29377055961725623
13539,0.304429214553562
13547,0.29703579977173744
13548,0.30119490287588285
13550,0.4011596521903668
13554,0.3131805003584994
13555,0.33425420766807246
13556,0.31937138106807006
13558,0.24834460857759305
13562,0.2903408296664956
13566,0.28161986811148243
13574,0.25884897480383207
13576,0.3079800947724006
13577,0.3227371676133942
13580,0.19562964234996988
13586,0.3512220827500227
13598,0.3559041443542326
13600,0.28290140020560084
13602,0.283719120223912
13604,0.2753719983656989
13616,0.31474824107768407
13623,0.2823265743623428
13627,0.30331321867366795
13630,0.21651777354462484
13633,0.31290202194315286
13635,0.31622470272229
13636,0.330704277850582
13640,0.29205942848882127
13642,0.3463127525811111
13647,0.3187372831918338
13648,0.3699055346870177
13652,0.28407484351232914
13659,0.21143025379474523
13660,0.27739239498338497
13666,0.3013769742582086
13667,0.22865997056017412
13672,0.3004863162542223
13673,0.3051524089202599
13675,0.26641545417170476
13678,0.30749007783173143
13682,0.27996144259291833
13684,0.30283456700927014
13689,0.2889137765514959
13690,0.29123301929151735
13696,0.2833794543229177
13706,0.3088593143357595
13710,0.42139353660309103
13711,0.3042294747466322
13712,0.3040747267919565
13717,0.2107034157080448
13718,0.2572892095745124
13719,0.2659959450965968
13720,0.19848499457335483
13722,0.2980194325761313
13723,0.30951497773311654
13726,0.2895823500317132
13733,0.16311685547783772
13739,0.3133911458569154
13743,0.3017283667667331
13750,0.2952306950730722
13751,0.2755883281012578
13754,0.33616447444196584
13756,0.2197296759241444
13760,0.20987179172909964
13762,0.2967831127907928
13763,0.29655097891155296
13766,0.24425206068866917
13767,0.21302968936865427
13769,0.21127195343970728
13770,0.2941468512810449
13774,0.290856437179267
13776,0.2894794559625457
13780,0.2640401243793513
13784,0.21476854792458383
13789,0.3059046550644221
13790,0.31114790157230166
13792,0.23681750103955326
13795,0.30027809292094837
13797,0.2834243364914941
13800,0.29247811974246574
13804,0.28327903638979646
13815,0.2846738467798229
13816,0.3147156418422214
13817,0.30042786983405867
13820,0.3471413860072673
13824,0.3298234870941454
13830,0.31494442768185554
13838,0.30043209094755874
13840,0.20884349933914187
13841,0.209609436805003
13842,0.3008175601544453
13843,0.21865091229635458
13849,0.3158910714182784
13852,0.29943506214329285
13855,0.17638646947327344
13858,0.29610782184406376
13863,0.2056910063841814
13871,0.3617515370518456
13872,0.29331383506782077
13873,0.2864956679419418
13874,0.30111640134448053
13877,0.32791822410281907
13879,0.29028627228898657
13885,0.3174942304984334
13886,0.31193328275648724
13892,0.299554458837788
13895,0.2133964400777455
13906,0.32159950364646817
13907,0.30607878284826107
13908,0.2140398029349902
13909,0.2925562342765804
13911,0.28064603198082794
13918,0.30377233758294914
13919,0.29840851070674834
13927,0.3287464237346719
13930,0.24138360971667325
13931,0.30643638250980887
13933,0.3162417522383596
13938,0.32220993100243767
13943,0.209648359491751
13944,0.23618304798894812
13946,0.30327652727984367
13949,0.20937684546380614
13952,0.3401416028779932
13957,0.32224890196281114
13958,0.2673620179589524
13965,0.24783466117038327
13970,0.1977462000107358
13972,0.30827915212959334
13981,0.3030963595289227
13983,0.20140689593136274
13985,0.2801790213938896
13986,0.2303939207755218
13993,0.28261644479226317
13995,0.2912220952869399
13998,0.26770244796657683
14000,0.21760982058842843
14002,0.16811320873735466
14003,0.21359858927298145
14019,0.3100690267037943
14021,0.4139370497427801
14026,0.31663080545185307
14031,0.22537459312426344
14032,0.3058589405702996
14034,0.2678587500953418
14035,0.2925312657189608
14043,0.2428835256805891
14046,0.3289427573688166
14048,0.2799200630728998
14057,0.3069609615116565
14065,0.2912895953226807
14067,0.25257539261299977
14082,0.1826927716243044
14086,0.2718693083522674
14103,0.36176556720338054
14104,0.3236873460745311
14106,0.3136643196669443
14107,0.309766440943049
14111,0.2350433308604029
14116,0.22224019070024512
14118,0.21079648950268573
14119,0.28646994836057155
14122,0.2809629048420192
14123,0.2963163659723278
14124,0.23573378891023794
14125,0.3135916763727558
14126,0.30613405300729435
14127,0.2891343065784098
14133,0.30108338584392014
14137,0.2927035477076529
14139,0.2606937941074643
14143,0.281085071067816
14148,0.29790337256142146
14149,0.28761137375267415
14150,0.19527040931638828
14162,0.2065143938284908
14163,0.30130710469068095
14164,0.2833820422417265
14173,0.28681599258610385
14174,0.32177955631936883
14178,0.29307128500580615
14181,0.23934369580736692
14186,0.27814094420758817
14187,0.30972178182237176
14188,0.2865056877535489
14192,0.29455737983245944
14193,0.2790757950837063
14198,0.3711292542990155
14200,0.3122198956433401
14201,0.3092180817261704
14208,0.36327101671997425
14214,0.28390539002269616
14220,0.26768448495627506
14224,0.2869973680636603
14229,0.2865981326467697
14233,0.24976460498123948
14241,0.2077438342095827
14242,0.30919165729101283
14246,0.28095525326764914
14247,0.27640098568833893
14250,0.2427991045446361
14251,0.3416052634832719
14254,0.316771669739891
14257,0.2004176583321719
14259,0.3021461148908172
14261,0.2891683210451573
14281,0.2752907092093893
14282,0.3119702040997738
14285,0.21572252691333202
14286,0.3001697270894781
14293,0.2965626895815061
14297,0.22993618712787248
14298,0.2837660982469136
14301,0.22495881073544297
14308,0.27903906221443076
14311,0.3193378216922672
14313,0.35607765260206886
14314,0.2329210812483686
14315,0.19761145896849752
14320,0.29172276017078813
14325,0.1878927883412536
14333,0.3019363629466827
14336,0.29317868154563487
14338,0.30372701347222275
14354,0.29062453668842847
14359,0.31676387022292496
14361,0.3048095256320917
14362,0.2849961985525971
14363,0.3210617463567772
14369,0.2241844870939185
14370,0.3711678712895531
14376,0.27999875166372196
14382,0.3507091296089623
14387,0.28395726496608303
14389,0.3297610620635586
14390,0.2843253129797578
14392,0.30358996004787414
14393,0.28147021548333373
14396,0.2772485758578085
14407,0.2976642875411506
14412,0.2197069183523248
14413,0.319778465919659
14414,0.20177098582659586
14416,0.29972674506802693
14417,0.29148834860043377
14423,0.31158706389269
14427,0.31795721066202737
14430,0.3260053735241544
14433,0.29304318187834255
14434,0.2847279270002264
14435,0.3361650275528531
14436,0.2825747593845103
14438,0.19475699080415693
14439,0.2899153284271345
14442,0.27697048784833594
14444,0.2698681228104769
14446,0.28982837809189266
14449,0.3597301570413484
14451,0.2861709236944203
14459,0.3188308418469957
14464,0.30096929657108523
14467,0.27924096120992214
14469,0.32580278474693747
14470,0.24525697722867507
14471,0.316647799460212
14476,0.2227682047044437
14477,0.30716765916742794
14479,0.18775647868901307
14480,0.3215580015328703
14481,0.162373840264587
14485,0.3056528018840043
14486,0.2939800751726453
14493,0.2907176151963634
14504,0.33203696722443043
14508,0.3004786706373439
14509,0.3239790036332736
14516,0.31129413486479834
14520,0.2952977997169615
14522,0.31980594460781614
14523,0.27463591123920245
14529,0.31941383380167343
14532,0.22076576541761575
14537,0.20829790959589317
14540,0.28214047343395343
14541,0.2853596120835039
14544,0.3035400927851335
14548,0.2653456315741075
14550,0.33688119848647335
14554,0.2292169794547868
14555,0.21417945973645686
14564,0.3052545831562028
14571,0.22693895271431286
14572,0.31414463464761433
14576,0.28856227678297997
14580,0.24587372407763955
14581,0.2951658088311306
14582,0.3114926237075072
14583,0.2676018312483143
14586,0.2838045272651342
14591,0.3042476469378424
14593,0.3095578063812973
14594,0.3023742414677417
14601,0.29168207114509487
14602,0.30443327721180385
14604,0.31188726674250156
14610,0.3268971133926121
14620,0.2853742821611148
14622,0.33291717343831473
14628,0.23795061172602636
14629,0.3514493378412923
14630,0.2849516851549542
14632,0.4052416007779592
14634,0.2941570857564255
14646,0.19722903842444545
14648,0.28601659276508784
14651,0.2805459541083813
14658,0.35743227387881704
14661,0.30635820090701804
14666,0.20702147420723765
14672,0.2815137488267783
14673,0.27586355191185274
14680,0.2827821790550155
14685,0.33086756255606425
14688,0.27943068696939105
14694,0.30507743903110185
14695,0.3302830385787917
14702,0.3119832314023617
14705,0.19244252038528234
14706,0.28559910789072135
14707,0.3090547930692147
14711,0.2988737231328308
14713,0.20693479526712727
14714,0.29736112558550465
14717,0.31230928485705145
14722,0.3528040894814928
14726,0.29276180221485926
14735,0.28559811354000575
14736,0.29779679655146296
14742,0.3062776613874579
14744,0.4216542142783755
14746,0.2989553355456902
14748,0.30166789637243363
14751,0.3445425341632532
14753,0.3235131752314363
14754,0.3052311443403227
14759,0.31984098299006647
14764,0.31271534313504606
14766,0.30001446651893005
14767,0.3027609801987608
14768,0.285751102404318
14770,0.28496630539564877
14773,0.33373982901800625
14777,0.30001952578635976
14778,0.3009727447529509
14779,0.28324726285825547
14782,0.3081642549159797
14783,0.3111807413167728
14784,0.3105832098580674
14793,0.16716075528626526
14795,0.2886360825024691
14797,0.30706910601007564
14800,0.2076499466380711
14802,0.2812976883039127
14803,0.24174939374577475
14805,0.32155361966125007
14808,0.3783405942833506
14809,0.23934915566832504
14812,0.4150273467222322
14813,0.31150742864533204
14814,0.3003423387751264
14818,0.3332071433458529
14819,0.19673023112160293
14820,0.1892359159309961
14821,0.3647745309421193
14822,0.3118255244710428
14826,0.3156966132871853
14827,0.3090640088788342
14831,0.3214881835719178
14832,0.3031082133397976
14839,0.30976960709910045
14842,0.3210587661912617
14848,0.28968150731366316
14849,0.20914076028946804
14855,0.2953829431579045
14856,0.3296757395668674
14865,0.22693601107669062
14866,0.26577943819366734
14869,0.28353269660432234
14873,0.2971504244269834
14877,0.29269700992345443
14881,0.2185819816364512
14882,0.3608426071748185
14883,0.30172558457829735
14885,0.30711704719036753
14889,0.3176208379479568
14890,0.32160225910719936
14892,0.3073157574472325
14893,0.19907740665079113
14894,0.25506676023368385
14897,0.29728003068177017
14901,0.25876326285386386
14904,0.21121570324713454
14908,0.3056157714411823
14914,0.3014712479128266
14916,0.2383421777809314
14917,0.21538234301305192
14918,0.2885793981026386
14923,0.2980000616723669
14927,0.284134678995879
14929,0.29776311476383255
14931,0.29134941548161736
14935,0.35401415039040257
14948,0.365479315200714
14950,0.28704066671864803
14951,0.3134934911792109
14952,0.21813230626886193
14954,0.36242913644004243
14960,0.22482031064169347
14962,0.21557619811474396
14970,0.2867911291206729
14973,0.27815388297041777
14976,0.3183618023071176
14978,0.276488533708328
14982,0.30618027681820004
14985,0.19882143521747941
14986,0.3002004415921429
14987,0.22844423018711643
14988,0.3459205090412339
14991,0.2889929022396748
14997,0.3015094735310514
14998,0.30005093230470037
14999,0.3065122607013364
15000,0.2814951045415192
15005,0.3087893027368701
15006,0.30293369583586366
15009,0.3184124685134419
15015,0.29721126200221093
15018,0.3006921853870921
15029,0.313167852852268
15037,0.34501304190604565
15041,0.2971589201241463
15042,0.29034226606299607
15047,0.28789977016305124
15050,0.3114170066595457
15053,0.3106646801821935
15056,0.3114130306921531
15057,0.32809228498866816
15058,0.291645140363355
15060,0.28428359100038414
15062,0.3125500375644799
15066,0.25207118989883026
15067,0.31643383154812976
15068,0.24774105469275096
15069,0.257547298865921
15072,0.2863606446308292
15077,0.3094427718118159
15089,0.3051517707731981
15093,0.2962716868112927
15099,0.2807193114908171
15101,0.3256599671432056
15103,0.32146933568096936
15104,0.3120375517662264
15105,0.3044834077278292
15108,0.2825875848668598
15109,0.28730363659718594
15112,0.28224237839036215
15114,0.3208581608618857
15117,0.20605417107192725
15122,0.2621699759596213
15130,0.21850784539179596
15132,0.2112754718816553
15133,0.3047080616122148
15134,0.21236285939072344
15136,0.31000231143975066
15137,0.36154887543183345
15142,0.23869809038475492
15145,0.2628257124824139
15146,0.18564425304779503
15147,0.29456580175273483
15150,0.35755740301764166
15163,0.3201358322018465
15165,0.2363390254646815
15167,0.28515603410767915
15168,0.1958287264535035
15173,0.29978055039478224
15181,0.29224021930095656
15183,0.32576230601822886
15185,0.3074026999327148
15186,0.32236122135053086
15189,0.2418450405986648
15190,0.24794668291667646
15191,0.3042087406588847
15193,0.3096621661938157
15196,0.2741345383773723
15199,0.3025037797799035
15200,0.31639176984680417
15201,0.33159690914296114
15204,0.3207133656752297
15207,0.24897996634006195
15209,0.3163709549381937
15212,0.30722220917690274
15213,0.3047809345381717
15214,0.3083791329065187
15215,0.32540339411630814
15216,0.32275884261013144
15222,0.30132351471787877
15223,0.2863784718104416
15231,0.29645956480369196
15236,0.3033363289839237
15240,0.3284723207393129
15241,0.2924194955072368
15242,0.33900408646901864
15243,0.30165643504958395
15247,0.3022319073423183
15250,0.28516944601825234
15253,0.2974618898294436
15254,0.30335184634137435
15255,0.29432274874517184
15260,0.2653493029946351
15265,0.2213041450160713
15275,0.26833328609044876
15280,0.31147694398954
15281,0.30848754392749966
15282,0.3329800041484034
15283,0.32044664645083637
15284,0.3340764342955979
15292,0.3003847196232026
15293,0.27214005868452357
15300,0.31322258743451104
15301,0.29321886322579926
15302,0.40338620219973814
15303,0.30148952977833654
15306,0.28758518551180606
15311,0.29880084994328254
15313,0.3104853108037827
15320,0.3018665078458088
15322,0.2427023475626938
15324,0.2902234256389278
15327,0.3205779814379324
15329,0.3095728375548057
15340,0.36780565264483717
15349,0.3005445411277946
15355,0.2655567500818419
15356,0.30714424287166125
15359,0.400421423377613
15360,0.2772858327903378
15361,0.21645296240351292
15364,0.3177987773370229
15367,0.23017492525834957
15368,0.36156034074107946
15372,0.37562189240661015
15374,0.2427580335331677
15377,0.3186475029430684
15383,0.29912010549946727
15386,0.18573096094584715
15391,0.31559537366847257
15394,0.16253925710984918
15395,0.31480974014362123
15396,0.2522708476396091
15397,0.3000227952533174
15400,0.27112738922433555
15404,0.29486947110639644
15408,0.2942044485877125
15409,0.20024552524348427
15411,0.3633036454268716
15414,0.3156212145194632
15416,0.2492086189373905
15421,0.20014086430525566
15423,0.27541570875864096
15425,0.21152884927059284
15426,0.3244608451170853
15428,0.32301656556453323
15429,0.2909462119250944
15437,0.31980644196859187
15438,0.24111703452415767
15449,0.2746891411301773
15456,0.30390529126061516
15459,0.3333810731602893
15460,0.3110719026232846
15465,0.31527718518985615
15466,0.28764107097515645
15468,0.28495109106763095
15469,0.21936470800425456
15470,0.29529616488957167
15473,0.34724361418189753
15474,0.28871535300475715
15484,0.2842058367337231
15486,0.30508060269038284
15488,0.27644408521249
15489,0.16130244212786132
15493,0.30921142731864515
15494,0.2841169580474985
15511,0.21595276759649934
15512,0.332039826042445
15517,0.3252274471235771
15518,0.2973070986343658
15522,0.17306199350969947
15524,0.3070234143850649
15526,0.2862730883519789
15527,0.3105100951439959
15528,0.2908412769321896
15534,0.30685709423876395
15537,0.33042185584265665
15538,0.30086985568544317
15541,0.1869110692329969
15544,0.30819686428873594
15545,0.3007789378350022
15546,0.2056536999927812
15547,0.21177054156063976
15548,0.32600825964137065
15549,0.32959507525706144
15550,0.3010261416253913
15551,0.2312057843198767
15552,0.2266450637890592
15553,0.28259336423270365
15562,0.2712545350110384
15563,0.3354426207072512
15564,0.3181307464464532
15567,0.30875254312937567
15568,0.2917977325608997
15569,0.2119221246292034
15573,0.23880719609285414
15574,0.2823703149646515
15579,0.3069670505365467
15581,0.19351396402539625
15582,0.2703238437395589
15586,0.3060458003745908
15589,0.30280776584408925
15591,0.2793393368813998
15594,0.2844311930237891
15596,0.28458826867974085
15598,0.30343092521673554
15600,0.29048811735787317
15603,0.32273360693638364
15617,0.21082415046240227
15619,0.2869834385765154
15625,0.2756233680066193
15633,0.24514292494777432
15636,0.30271926175586394
15637,0.3065125453169484
15640,0.2966969357726441
15641,0.2914372759493805
15642,0.274746966837981
15643,0.2237338045811269
15650,0.2816868678310897
15653,0.25079046039751496
15655,0.316382460640881
15661,0.3330654020902331
15663,0.31450140334478116
15665,0.23144290093785122
15667,0.3093912482848864
15671,0.22262506120683706
15673,0.3603415262085736
15676,0.2008109112816166
15679,0.3198909370942682
15684,0.346597545869164
15685,0.207417998899862
15690,0.2838444210259978
15695,0.2832141501500974
15699,0.3386843398889384
15701,0.25972296926306315
15705,0.3611523901440953
15709,0.2352086675036712
15717,0.29713739554763463
15718,0.3719334571678695
15724,0.32128235900844665
15725,0.30850784447667257
15728,0.3053199465851372
15729,0.30360419612029704
15731,0.26441986002713924
15732,0.30132855954709936
15733,0.30173547963422037
15739,0.33836146689204505
15742,0.21773380544110427
15743,0.21811544941245414
15744,0.28190836623216753
15745,0.18230430502588613
15748,0.20967189608385775
15751,0.3399132561903928
15752,0.313097744152602
15760,0.21647136551250776
15761,0.23437363795678362
15764,0.30879921328655857
15766,0.31755731000293347
15770,0.2372728301343288
15773,0.2428319092203904
15777,0.3012706488483225
15778,0.3099169130594996
15780,0.2443282752445271
15782,0.4047542633130754
15783,0.3036399249635282
15785,0.31648063554832584
15787,0.30232723557010754
15788,0.34051414920052786
15793,0.3517655420894116
15795,0.2954505004048157
15798,0.33485335916424763
15801,0.32133666562942304
15809,0.2991390254147281
15810,0.28216733229396085
15814,0.30456476275203326
15833,0.36901029289081844
15835,0.3258254893075202
15837,0.20715685972501505
15841,0.29963468866627785
15842,0.19603770904807793
15845,0.2986003458328568
15849,0.20102027821827517
15850,0.22704746262856443
15851,0.20529331006278634
15853,0.2766572743912842
15854,0.2966408108031064
15857,0.2256734207865732
15861,0.3645993372886991
15868,0.3430330103116602
15871,0.29429881557002957
15873,0.2792462326657619
15876,0.2886191694543005
15883,0.2906317288330964
15884,0.2979512272845222
15887,0.20425070260979022
15888,0.28584990844225744
15890,0.29226798027232664
15891,0.30850709469739596
15892,0.2828433415238093
15893,0.28580766197254426
15897,0.301595561645976
15898,0.3757364575192215
15902,0.33055774268352345
15903,0.2176723143757326
15905,0.2972664619488118
15910,0.3010509367876079
15911,0.29704331636389364
15912,0.3105837080893217
15916,0.20085708170496402
15917,0.20203742681860898
15924,0.32015165039268106
15930,0.32304943261178265
15932,0.3301752127077791
15937,0.30417210392801386
15940,0.29045136685941314
15942,0.3099446857065774
15943,0.3643672235372227
15946,0.30078090017611436
15948,0.20565129604303345
15949,0.20854125627099537
15952,0.2839730309808041
15954,0.19508398954102724
15956,0.2812099185113407
15957,0.26873802222578674
15960,0.23574835985599668
15962,0.2925858048968114
15965,0.28026734530960373
15968,0.31466090179523243
15969,0.29212150782764934
15975,0.28555791887901943
15977,0.3596587920987779
15982,0.2879085227057585
15988,0.31534601184733513
15990,0.2454316347586616
15991,0.22630641250205574
15992,0.20174004359484368
15993,0.3368836007590288
15997,0.3118920579523988
16003,0.2956527737000443
16009,0.2890998001342881
16014,0.2885881317197059
16015,0.3040290378806066
16016,0.21428670860867163
16019,0.30806781243495
16026,0.2921506140659667
16029,0.32929461131497184
16030,0.3157862665865568
16031,0.20379506155546223
16032,0.30531523369415003
16037,0.2375874896356809
16045,0.3237485578194199
16049,0.30209091432550816
16051,0.27284578393538217
16055,0.33354126518313026
16061,0.3172205993184998
16064,0.31102692972014634
16065,0.18321032403589707
16076,0.36299857771712807
16078,0.36619550387327043
16085,0.29345195122934664
16087,0.21138721558613394
16088,0.33626260225839655
16091,0.2610451116272575
16092,0.30778453614678647
16093,0.31287435216401077
16095,0.30180362111070863
16101,0.274080145486564
16102,0.31956665766145054
16110,0.33068385052554056
16111,0.3014313442222036
16113,0.2867047963818097
16118,0.3123974605605387
16121,0.17621369383943275
16123,0.3616748808920073
16127,0.310549268473198
16129,0.16702556912084443
16130,0.2797068044275449
16133,0.29032170991409584
16135,0.29033375060341704
16136,0.28839551858911583
16137,0.3239520777998423
16138,0.20070174794830908
16140,0.3328168338339887
16141,0.30263410103676536
16142,0.2911985604223053
16145,0.3184854346395957
16147,0.31448261758213575
16148,0.34072715643749385
16149,0.2944425051775086
16163,0.3734576666134437
16166,0.18658564234845565
16169,0.27180833757132594
16172,0.3094319998357956
16173,0.31610661733597994
16176,0.2994118239661709
16177,0.30431663052792557
16179,0.3209715238153437
16181,0.19305373331807318
16182,0.3860893595399509
16197,0.3134944614495637
16198,0.2962135761204111
16199,0.30503711505652586
16203,0.23893354021367397
16204,0.2437123567285448
16218,0.20479926386046735
16219,0.33752683070726186
16226,0.30224872020605054
16227,0.28110296723232625
16228,0.3060442140288999
16229,0.3258450581088894
16230,0.3045485178475933
16235,0.29026037842009644
16237,0.20925370947040117
16240,0.27919503367626947
16242,0.29062976461062384
16246,0.3102909105276465
16247,0.31548132690314534
16248,0.2813492328933706
16254,0.42263612826637487
16256,0.30072210599960353
16258,0.3004724949593077
16260,0.1971258505095379
16266,0.3142193148932237
16270,0.29262303250372834
16271,0.2802504885830585
16272,0.2988028135360443
16274,0.2931151723896632
16275,0.2707359734747323
16276,0.22344520175291402
16277,0.31642042652639785
16278,0.17795156733532763
16279,0.280024893612836
16280,0.3192161282919273
16284,0.27373798557966056
16286,0.27723978453660203
16288,0.3284563519091132
16293,0.28672214709103866
16299,0.37456886334693806
16300,0.30159667336295093
16307,0.2875698519621662
16314,0.3134961634303274
16315,0.2915098837022865
16319,0.31386253491919924
16320,0.31195667322710235
16321,0.3078023375069951
16325,0.19415909743143817
16329,0.20890133707204078
16333,0.19329771546630486
16335,0.31438695386397303
16336,0.3182026802513861
16342,0.2955859578114372
16343,0.34465823845861704
16346,0.3136761463842682
16347,0.29122962109498285
16348,0.33278049314284086
16350,0.24972747599768746
16352,0.2891601695605871
16354,0.31520849093197056
16356,0.3145828177552566
16357,0.31269849342465184
16358,0.2814642524553971
16362,0.28398258055701736
16364,0.20979107999812502
16367,0.30230693183972623
16371,0.2703501770492328
16374,0.30728523485586
16376,0.3158392261876839
16377,0.31852541702127374
16378,0.3231645976692529
16381,0.2162567183246913
16384,0.29422878590306045
16386,0.2974841229057034
16388,0.28762862352945334
16391,0.32097219090114854
16394,0.3090645224298112
16397,0.25201630600306263
16398,0.3109379843395677
16400,0.3050527517234528
16404,0.32708507485391014
16409,0.2711762910256236
16411,0.2699722738829854
16418,0.3616302636868629
16420,0.28621063498637195
16421,0.3219862984770835
16425,0.2812325795574663
16426,0.29016310083745767
16429,0.3260680733344116
16430,0.28361522411561346
16431,0.23808836359407737
16437,0.24634244744116635
16438,0.17545327205800018
16439,0.28967866973474105
16440,0.20546980408834845
16441,0.30707794880629646
16451,0.2779554333612953
16461,0.26888677840732444
16464,0.3527663056847863
16466,0.361373223922549
16467,0.2955948374812999
16468,0.2855252759546305
16469,0.30433858100523153
16470,0.2869606543303974
16483,0.3355729154455581
16488,0.22717582512506201
16490,0.2161900736616469
16496,0.3336285146186124
16502,0.25803554385750516
16511,0.20657457610450908
16512,0.3069331060995818
16513,0.27682396713788693
16514,0.1315777118498217
16515,0.18365618429085873
16517,0.30791284698202603
16520,0.21875302236738417
16525,0.3259140987106398
16529,0.3010658715567875
16532,0.29468510079162946
16536,0.3754025343071254
16540,0.22697525981252997
16542,0.30370162097271
16548,0.2894846756905105
16549,0.28920511933336385
16551,0.37868198176147794
16552,0.2942202433707165
16557,0.2830365549313436
16558,0.29314612617424607
16559,0.305673896997436
16561,0.3046075980537329
16562,0.3164336590311706
16564,0.2865182312022578
16566,0.2830173016446096
16572,0.3251814381010137
16573,0.3061626290115824
16574,0.3315183872149855
16575,0.22228309611785382
16579,0.3396575709015235
16582,0.27138770451891814
16584,0.31443141409895603
16586,0.30409748195009684
16588,0.28031532798269815
16595,0.3155462703710802
16597,0.27771863377351813
16600,0.29621771684878806
16601,0.28325385049557117
16606,0.4009514872858869
16608,0.196105700593732
16611,0.31527467979146817
16613,0.32126627493874305
16619,0.3092047545677915
16622,0.2928355445909249
16624,0.3303063111740631
16626,0.32762465093446
16628,0.2850804409676285
16630,0.29457799370499327
16631,0.26420406950965264
16634,0.3047637125525269
16638,0.2799177019368503
16643,0.26777679356450496
16645,0.3541664844328428
16649,0.3161179475307078
16651,0.3174942304984334
16652,0.28777685809385617
16653,0.22756667604071612
16669,0.32014045406303476
16672,0.2898641220473499
16677,0.31642042652639785
16679,0.3037652828189749
16680,0.28796736532934253
16681,0.21142044363056178
16684,0.155669713122793
16685,0.2955880410103038
16686,0.3016636827276886
16689,0.28247697311338604
16690,0.16363693677047242
16692,0.3018826079282215
16693,0.20828354447174774
16696,0.21379711109609392
16703,0.3378819882563812
16704,0.19572903047755874
16707,0.2987394347841739
16711,0.27183997996374043
16713,0.28840304718738663
16714,0.4195630977994312
16716,0.2837575057176741
16717,0.2987034527579235
16718,0.2996677996061931
16720,0.2184902006341497
16723,0.28576072662769847
16724,0.34207590905982393
16728,0.3794489958737285
16730,0.3068662106976914
16743,0.27061678339515893
16744,0.1615326670707791
16748,0.31343345377701953
16750,0.29886910661597116
16752,0.3319263426191066
16753,0.28616493950082544
16755,0.32288082549613073
16756,0.22089284027535816
16760,0.2963271974529826
16764,0.2071633505377738
16771,0.2869352667021319
16772,0.3348872688319383
16776,0.3008392088872673
16777,0.2230855651292902
16780,0.3235268229545405
16781,0.29596772106848623
16788,0.29438025634994713
16792,0.2809868495356081
16794,0.33210661358510823
16795,0.2166963498333662
16796,0.17586926748654466
16798,0.2872900309388652
16801,0.30245369842060615
16802,0.2638041892478211
16803,0.3146715406522492
16815,0.29225366420869436
16816,0.2574049108232367
16818,0.31561112182223183
16819,0.33142607638468385
16824,0.30072258534796437
16829,0.2996148640745249
16833,0.27946850927477285
16834,0.2917914376328007
16846,0.2931887468559675
16847,0.30889148183205334
16848,0.28496023302333306
16852,0.2882254521242929
16853,0.31268219992615387
16857,0.29024076962669354
16858,0.3202710047982622
16861,0.31169153179387504
16862,0.3161111748358238
16867,0.2826994542143421
16869,0.2979643579806652
16870,0.3067407975827129
16872,0.29871984657333733
16877,0.21347303209588678
16883,0.2827237233889711
16890,0.23411564792193643
16893,0.2876521527733009
16894,0.24410141791592
16897,0.28632244991298855
16901,0.3009883922362866
16902,0.2704796601763742
16906,0.1602844119344572
16910,0.16496936701160475
16911,0.3749520969112049
16921,0.25856899282499884
16926,0.30310925072220707
16928,0.2939421465058837
16932,0.3327968153574114
16933,0.2927817043557226
16935,0.3109711390144626
16943,0.322440741645118
16947,0.16098120032677968
16948,0.31358707153670046
16949,0.24013707931690234
16953,0.3069760681781419
16954,0.30082258425423825
16956,0.3005332167594404
16958,0.18081506445792764
16962,0.3136174158662257
16969,0.255491048670814
16970,0.1737743295596922
16979,0.30760002745790443
16981,0.2953588443311161
16983,0.27956450754543527
16984,0.2750455699409234
16985,0.2927749489297008
16987,0.32087106461304193
16989,0.36252709631811003
16990,0.2909929372236105
16992,0.2810558409219415
16995,0.29054084538092273
16997,0.4007376100439199
17000,0.3296177779748712
17002,0.3077221456147011
17003,0.27885469331397994
17006,0.37779723459776066
17007,0.3230435102752645
17008,0.19101109098497054
17014,0.2876134722660172
17015,0.32462593711048465
17018,0.3121872374029657
17020,0.21964269591085925
17024,0.3863599358378523
17026,0.34611233778432265
17028,0.3061241601375509
17035,0.29440914666381807
17038,0.30191030651383766
17041,0.37259048238478026
17046,0.3191730907334662
17052,0.20496615106771102
17053,0.24619811546815992
17056,0.2620520304718133
17063,0.2924384006459899
17068,0.2900490111941312
17073,0.21586893059014275
17077,0.3084425117066659
17078,0.29285438791100415
17081,0.2987913037681916
17083,0.2869321719356806
17085,0.2663208774289876
17086,0.3123998267059932
17087,0.3051377797675433
17088,0.29980776325021385
17090,0.3054617676569852
17093,0.23734132992502646
17094,0.21834722234761292
17095,0.28113555722760425
17096,0.2405341162827997
17099,0.31554982184103575
17101,0.3164168702187103
17102,0.3077983139180843
17104,0.3092712975423386
17105,0.3027807212434677
17115,0.2870868052922118
17116,0.3055450868225831
17122,0.2045650374923273
17123,0.23618887963338198
17127,0.3024613292991081
17128,0.3116966832898666
17131,0.3208918171073393
17136,0.2960793019928186
17140,0.2049898519577199
17141,0.30058939056016554
17146,0.22326554621759606
17147,0.21142475503958502
17149,0.321722657597613
17155,0.3164739317731554
17158,0.3482729685245468
17159,0.2865637335703739
17163,0.30245791360747043
17164,0.26838189838686627
17165,0.3052948940243355
17169,0.35620956632688294
17170,0.2825427806725771
17171,0.324883890741477
17172,0.209092420729664
17175,0.4013784216163775
17177,0.294418751279595
17181,0.2920023198691746
17183,0.1974064992971107
17188,0.2904591586736494
17189,0.30472558597553867
17191,0.2965541908529373
17192,0.29417679609795094
17194,0.2801926945684706
17210,0.27711345653282154
17212,0.3445088809969563
17219,0.3655066423164578
17220,0.31473187909764555
17225,0.28437253650484673
17227,0.3106509670563451
17228,0.20956309772043594
17229,0.2312349906506518
17231,0.31889134459125085
17232,0.3021362548298481
17233,0.2243786274633676
17237,0.29271862115452696
17240,0.3164003030486352
17241,0.3018834328939219
17243,0.2577735270859754
17246,0.33684107408513986
17247,0.2683395570248547
17251,0.3738348733595925
17253,0.2674189208823108
17254,0.21470675675406548
17256,0.2143247877856942
17257,0.30472405213306675
17262,0.2843350304627646
17267,0.22801610665851357
17268,0.29301804781753504
17269,0.29295117787727626
17270,0.30448838925784627
17275,0.30712465963291136
17276,0.3153292608373303
17277,0.38202232521878354
17279,0.28648483935196617
17283,0.232702060446995
17287,0.29255942830384996
17288,0.2237564984855394
17294,0.2851594765652414
17295,0.16841281527941865
17298,0.2998459339347519
17300,0.211800945674084
17302,0.3187960051666324
17303,0.2958314686145268
17305,0.30075671025355805
17307,0.33144690619922523
17310,0.2907491054844369
17312,0.24662792986474594
17316,0.3075460464063868
17317,0.28374007430939957
17318,0.21500661177758504
17320,0.18632602588144193
17323,0.2926908138358425
17324,0.3011756194726839
17328,0.3581434541787002
17332,0.31440736332350755
17333,0.2857018408952118
17335,0.1754245128774423
17338,0.29471326458965186
17340,0.29657707181258586
17344,0.32722809102631983
17345,0.3287702139428104
17349,0.3085717698328866
17351,0.3044657769064471
17352,0.2916774993953782
17354,0.2564900835033761
17356,0.36047191847545934
17357,0.2984157909134626
17361,0.23959707958985854
17362,0.3276290929389678
17363,0.2967337095721975
17366,0.32075640006693396
17367,0.2972404932747287
17369,0.241267654256008
17371,0.3114458179186236
17373,0.31557176461768743
17378,0.317792645875823
17380,0.31898017568022485
17382,0.3080424482576625
17383,0.29963766940961234
17387,0.29393053740292246
17389,0.28758289966373224
17391,0.21242243328024604
17398,0.29636795757462325
17402,0.2974956112244458
17405,0.3778425225606703
17407,0.22015174422908773
17409,0.29186427829182837
17411,0.31589204176043567
17412,0.2173980922721522
17413,0.28477754814585227
17415,0.3102344172673376
17420,0.28761572056590584
17421,0.29728888472139103
17422,0.30676824672730973
17428,0.30543007941880146
17430,0.24494306095829818
17433,0.291145753377733
17435,0.3281197249315686
17438,0.2725497013862277
17440,0.2128748325664404
17442,0.29124361156434464
17444,0.30612879101227064
17448,0.3169124905110885
17449,0.3484944401700683
17462,0.32718677176244937
17464,0.31859128017325905
17466,0.22994276645660366
17468,0.323220209777856
17469,0.285070838655921
17472,0.25598636932782126
17473,0.2935612993299432
17475,0.30290753437430734
17479,0.2117342959957707
17481,0.2988952444726923
17482,0.3114338054612427
17485,0.2206980066049661
17486,0.3555604326117759
17488,0.31907871265788057
17489,0.17540342329795922
17490,0.2782860474501255
17491,0.24643551394471608
17492,0.2904901834627326
17494,0.233052527075072
17497,0.3427457018519977
17500,0.3010319420579059
17506,0.2888026140341364
17507,0.31144597760881576
17508,0.3574211057982732
17510,0.2667281766756421
17512,0.3572525184133225
17513,0.31038959597593624
17515,0.30165472154524636
17520,0.31580131259540817
17521,0.30626793017238274
17522,0.3192036131772527
17523,0.30096612240363785
17524,0.28215230352483284
17530,0.36993440808216793
17535,0.31052047969070606
17536,0.2861418964570076
17545,0.3033923730006828
17548,0.32824896010686383
17549,0.2958145175779075
17553,0.30156131004165926
17555,0.32781929645740204
17557,0.2994256390814973
17558,0.28868766466251594
17559,0.3113604295833639
17562,0.3319845641833372
17564,0.19688379389991995
17565,0.3562821863371506
17566,0.32054369365019475
17567,0.3151655068193101
17568,0.23343994257110798
17569,0.2799466243358668
17572,0.2960197405126236
17573,0.30943815976499534
17575,0.27630635057679753
17577,0.3069260970993733
17578,0.2955572022295553
17580,0.2821245927018694
17581,0.32762825072756374
17585,0.2978296636708263
17586,0.3185267356783201
17591,0.30568061832051846
17594,0.2968460579190042
17596,0.2637677853796947
17599,0.37351252087953624
17602,0.30695737066896006
17603,0.3197927621790853
17606,0.2510493458606452
17614,0.3335162090006141
17621,0.2908317439578335
17624,0.3179419744792779
17626,0.36712742059763903
17628,0.16291675833581432
17629,0.3031773691243849
17630,0.33544622034627125
17631,0.30972022355975937
17633,0.23350055000363046
17636,0.3153028871326611
17641,0.3006792114823499
17642,0.3772418078472443
17645,0.32923560034673766
17646,0.3089256919249778
17650,0.2971172897556782
17655,0.27851980633271434
17659,0.28081291787750645
17660,0.29807282336681884
17662,0.2731425654177827
17664,0.22709499570457614
17671,0.16264204706652155
17673,0.303495239507995
17676,0.3153145274158419
17679,0.2940503602526028
17685,0.29243969120128455
17705,0.32781486229481643
17708,0.30813210924919743
17711,0.32091726829425865
17714,0.3219235316826091
17715,0.21556935699940916
17721,0.2982647460757393
17724,0.37791449723493087
17726,0.3047579333128567
17728,0.2887801223466345
17730,0.27364469489427484
17732,0.29034513637837783
17735,0.3708548985430191
17737,0.28210968292231037
17738,0.31170464943808907
17739,0.32114815219573023
17747,0.30723657324217024
17749,0.31637664548824523
17752,0.3027003540633727
17753,0.308980376248545
17756,0.2722940192438216
17758,0.19732588908990994
17760,0.30505308727737257
17762,0.28295131417781433
17763,0.3733262965344397
17769,0.2076920353342318
17775,0.31571818296291976
17776,0.22812458574636654
17781,0.3277842501303955
17782,0.2643053770535049
17783,0.18862548008713237
17784,0.3161193279948982
17785,0.2931517809862409
17798,0.2953877874874026
17799,0.32288896799706435
17800,0.36851377277932074
17803,0.29126462666738173
17804,0.18847617888560694
17805,0.27260757415044745
17808,0.2965473488332513
17817,0.30416706494650214
17823,0.40097058214411263
17824,0.30592358306281425
17825,0.30969366294108464
17827,0.24131419982221014
17828,0.3088115746476007
17831,0.2687553775590941
17834,0.30714424287166125
17835,0.3709523340760017
17837,0.2949139150894489
17838,0.31900410686120284
17839,0.3094218796139885
17843,0.30862708952251877
17846,0.4147076083720141
17847,0.3034176484486524
17848,0.30804795569494203
17853,0.22815790824645862
17856,0.29853012271711726
17859,0.28446600178095927
17863,0.21469935516568275
17868,0.21007611226721135
17869,0.2862839975612187
17870,0.3509794919879896
17875,0.236089607525738
17876,0.30888780332657917
17877,0.3124549299026744
17879,0.30757901341165483
17884,0.29566902804502315
17885,0.24283861159133982
17886,0.19356217260417916
17890,0.3187191489374489
17897,0.1867052998576263
17900,0.22130372656949074
17902,0.31067539792627097
17903,0.31367250108250005
17908,0.3038595106108604
17914,0.2990238738001508
17915,0.30754602979488055
17916,0.19711505679184532
17920,0.30090192654912423
17921,0.3382535764818173
17924,0.3118995592361972
17925,0.24406402717072395
17926,0.2213929824020798
17928,0.3518288731900815
17930,0.28233956278344696
17932,0.2581135559545144
17933,0.2981481899871053
17939,0.3214916062364072
17941,0.3776823421377379
17943,0.3478331549973631
17947,0.22791155018125311
17948,0.30131231249233476
17950,0.29285399484174857
17956,0.30949206850672295
17959,0.28825044125722904
17970,0.3194460243042544
17973,0.3097543694984142
17974,0.3101718082113544
17975,0.2842048997407811
17976,0.3184340955752179
17980,0.20856175706145047
17986,0.33017303180844776
17987,0.220324521397203
17990,0.3581220887872645
17994,0.2875183435177321
17999,0.2894889798595013
18002,0.22925639101645123
18003,0.1982975348619466
18005,0.34823343300173715
18007,0.3625459085136151
18013,0.30143414820920783
18015,0.20425986311183286
18016,0.28206491664247535
18018,0.2951261552396073
18019,0.30315898962946236
18026,0.2983128666741181
18030,0.3123983971026215
18032,0.31442268651465627
18035,0.3109185988340671
18039,0.3048800760762099
18042,0.2840147813017847
18044,0.31762481380973684
18045,0.285224079216383
18046,0.30333480038076
18052,0.29820745261380505
18054,0.25344372426329376
18055,0.30629865697780556
18059,0.2723893043249607
18066,0.2887173110061696
18072,0.3184171917109945
18073,0.1926789393449136
18077,0.3271886319485867
18081,0.2004434887288788
18083,0.2942034509278597
18084,0.3100144371125572
18085,0.29516062755500494
18086,0.276667253998251
18087,0.3062316697424919
18092,0.2878876016207788
18093,0.2296306244304824
18095,0.20794048066458815
18097,0.2898107683394369
18100,0.3213371281339534
18101,0.25612265905492004
18103,0.3129036944503865
18104,0.3150724716264897
18105,0.2863302539491136
18109,0.26056133554343036
18110,0.3370557912815735
18113,0.3355954126209257
18117,0.24246523124264763
18119,0.3119880073520804
18126,0.33245287653233835
18127,0.19672549844049866
18128,0.20896903363156213
18129,0.32276574418096604
18130,0.31186057646584986
18137,0.4154199281182745
18142,0.310129432571684
18144,0.20748642631946768
18145,0.27327737243297884
18146,0.2986654532325617
18149,0.30933522476073677
18152,0.19914325153713025
18153,0.350991259781229
18154,0.2941446530748695
18155,0.31230583770036735
18156,0.31189892179389556
18161,0.3107778069428953
18163,0.23621867991613998
18165,0.23545563959379273
18166,0.31184302824511506
18168,0.31985845865723317
18172,0.19502727385656668
18174,0.31796504579369916
18176,0.2515547199788267
18177,0.22890574016766582
18179,0.30361133296701903
18181,0.32598113713987414
18182,0.20971834612411236
18183,0.3139148461209655
18187,0.29708742490646334
18188,0.35023287009390264
18189,0.32250377959926013
18194,0.31853735795892096
18196,0.30476425028670284
18197,0.29741005898687367
18198,0.22033107239105518
18199,0.3116455285344649
18201,0.3129350643840926
18205,0.30071548690753336
18206,0.30305328718793545
18207,0.30121234957141396
18210,0.28092484608533197
18212,0.30225378330239355
18214,0.29518013291662715
18215,0.2867602069710923
18216,0.30959012844828315
18220,0.25531807654010485
18221,0.3739539224922005
18222,0.20695068531019306
18223,0.3441030884135622
18227,0.29366411478612625
18228,0.3278461680853287
18229,0.20845543823353269
18232,0.3305245608909727
18234,0.33205534551976845
18239,0.2799278229512166
18243,0.3089823980634257
18244,0.22190452131639832
18245,0.3143584516263113
18246,0.23255745709170644
18248,0.29861950387130287
18250,0.37685533496605683
18253,0.35977987551948226
18254,0.29919678203283506
18256,0.28801161780880646
18257,0.3104856925036823
18263,0.21032628159093866
18264,0.16501587586253125
18266,0.29698130015372937
18267,0.1747247449153607
18268,0.28811902819537855
18269,0.3223758293276688
18270,0.31415228238878995
18271,0.3546028230436648
18272,0.2809679972975694
18276,0.31006622571178943
18277,0.2359053782195745
18280,0.2831941221125911
18282,0.22679593570200435
18285,0.3119570198467837
18288,0.40699956278063243
18295,0.21965396375384302
18298,0.25906356399660424
18300,0.2784615407569696
18301,0.29413462218671654
18302,0.27852043800327153
18304,0.25021217522400896
18305,0.30814612904636546
18306,0.36781647949860097
18307,0.22773262694417346
18308,0.21104655048069557
18309,0.2690413080957634
18311,0.303483462055729
18313,0.3185460554519732
18314,0.3251188631403053
18318,0.3223404122812189
18320,0.36333486904463563
18321,0.29269838134114146
18330,0.313750734117841
18334,0.2912428155750611
18336,0.19377264199626054
18337,0.2802618450019289
18338,0.2877417293427838
18339,0.2872240982760043
18341,0.36589101796955487
18347,0.23151774440805287
18354,0.22181922475244753
18355,0.20616550391970262
18356,0.313807216930593
18358,0.2868414907009712
18360,0.3286279089995256
18361,0.3057912493543744
18363,0.3171234633306457
18364,0.3500575622249458
18367,0.30696171689255086
18380,0.2212113427147243
18383,0.28130516170259984
18384,0.31416091333882407
18385,0.3153651532590648
18387,0.4090015445762342
18390,0.3036064350128449
18391,0.3419888934848957
18392,0.27832522448338565
18395,0.4070642288048816
18396,0.3206845487740859
18397,0.2785005093807651
18399,0.31060673968191416
18400,0.3618964739638607
18403,0.3294500356794037
18404,0.2963662361614387
18406,0.274871835732833
18407,0.34055446679846324
18413,0.3084786693210885
18415,0.30617431139812457
18417,0.3251065543405779
18420,0.2361328850640104
18422,0.2819833844839579
18425,0.23022521820842867
18426,0.42137088988096727
18427,0.16906198786292456
18428,0.2902187971463754
18429,0.3058533796907014
18430,0.28560541220681324
18431,0.29469384144044186
18432,0.3151592090713963
18433,0.4190342994226826
18435,0.2874887354557956
18436,0.21883306040829956
18437,0.21347542592217023
18439,0.2802629127236136
18444,0.30529935185312973
18446,0.3080580426388517
18448,0.3145393210976671
18455,0.19697738960987404
18457,0.27778049293799856
18459,0.3356330941794239
18463,0.33351502815954487
18464,0.28603352795281667
18467,0.31101318627617897
18469,0.29589418050463995
18471,0.23436825235742761
18475,0.29392388202215175
18476,0.21400672500190454
18477,0.28771367618101573
18483,0.30104994535688046
18488,0.3206497228712858
18489,0.22369399955452854
18490,0.3002421954357848
18492,0.35944320978322025
18493,0.3079742285527136
18494,0.306756620263805
18498,0.23530638695543532
18502,0.2953064134391091
18503,0.16036716858048036
18504,0.3093719365082713
18506,0.29041828244267287
18507,0.32008929006297937
18508,0.29703525196836683
18512,0.2740592434293526
18515,0.18355448290999915
18517,0.3256661098825337
18518,0.3104042285083586
18520,0.30468303478273073
18521,0.3034884905928762
18522,0.2985981668213588
18523,0.29147331920966507
18524,0.21157301760920771
18530,0.2881779191236035
18531,0.30468141434384627
18532,0.18821027499875728
18533,0.30809882320081644
18534,0.3258390164696015
18540,0.2983625628610973
18542,0.2820877637475188
18543,0.2959591550367389
18544,0.30710432636772356
18547,0.2967338133242
18549,0.1875132211963651
18552,0.3357137936080651
18553,0.33828725206789406
18555,0.31161249881153313
18558,0.31604682811585766
18565,0.21357908968674108
18568,0.376575572946623
18572,0.28930777468433944
18575,0.31907288775566134
18576,0.31978622325888617
18579,0.2872319878317698
18581,0.3241471745870038
18583,0.24142936584216168
18584,0.1767141767845377
18585,0.21274957655689758
18590,0.23291507645110948
18594,0.3090905592752995
18595,0.2864493362051359
18598,0.30588892396410444
18600,0.331116316763342
18601,0.40165119438106905
18602,0.289566999055682
18603,0.3628888029272621
18604,0.18280497863258244
18610,0.293655110344717
18611,0.3099007739752996
18615,0.3180756912072269
18617,0.2757968232089977
18619,0.33399235472086797
18623,0.21229303637996966
18630,0.289871381738682
18631,0.3315616423011081
18632,0.21672963335357504
18633,0.2825111099131949
18638,0.3127356759322425
18639,0.28005878774084975
18640,0.30566298068387465
18641,0.22078229101345537
18645,0.3080355413980956
18648,0.215542046311688
18649,0.2919025624360081
18651,0.2596714144670066
18653,0.22719124140722236
18656,0.33623974386015426
18657,0.2797780543969402
18658,0.28024600636485597
18659,0.2775845910616078
18661,0.2960394692033246
18663,0.37897473600716175
18668,0.2917120057075521
18669,0.29264073019040865
18671,0.2741398682255049
18672,0.20089692995067795
18673,0.30667496179315024
18679,0.28663035530974135
18689,0.3059306166981042
18690,0.30409769979285123
18692,0.3153734369068374
18694,0.31300349073962996
18695,0.3339482629717138
18698,0.2766298753369653
18699,0.295974781202543
18704,0.3077971336789632
18706,0.40040331468622997
18709,0.28679224511795465
18712,0.3186994726004139
18713,0.3068532959567081
18717,0.3146940036789952
18719,0.41934448593746976
18724,0.2879943738773776
18725,0.225231293404148
18728,0.3145399912364337
18729,0.2935154186272336
18732,0.19664010821801656
18733,0.2870528889199149
18734,0.22331554370150117
18735,0.3205753137841433
18736,0.2951564097092544
18739,0.2817871686157503
18740,0.3110851750930771
18742,0.3138835766107232
18743,0.383009839528765
18749,0.22589417170454473
18750,0.30464881982004954
18751,0.28790990160193175
18755,0.30286029799278313
18756,0.1733306291402745
18759,0.3248298284180483
18760,0.26767674421257015
18762,0.3275083521107398
18765,0.3037867039990602
18766,0.3006205601021546
18769,0.2853011578051664
18772,0.2981934581172839
18773,0.16859710859726212
18774,0.2954974040723066
18778,0.3078674902166949
18780,0.22491445388211873
18782,0.3035678348380829
18784,0.3062036681816256
18785,0.3183257039350475
18786,0.3031252825318215
18801,0.2094569000939118
18804,0.2879697946036297
18807,0.3052449571215007
18810,0.35660374174720944
18811,0.2741512795162907
18815,0.2942449990738007
18816,0.32453709039493783
18818,0.2957973283979437
18819,0.32886470747640223
18820,0.3055526002871989
18821,0.3560921569059892
18822,0.3372321223222758
18825,0.31257076538129913
18827,0.34673133494465347
18831,0.28508000887400187
18832,0.3206335946912924
18834,0.34816789102579404
18836,0.3192917781517068
18837,0.2871552437874799
18840,0.22088833256409993
18842,0.24736847549744226
18847,0.30454128897408694
18849,0.304402431187173
18852,0.29204274467569535
18854,0.317950024892198
18855,0.2917024041635491
18857,0.2919577112665323
18859,0.32885487479837733
18860,0.28851133717094574
18861,0.31431635395162016
18862,0.21397090578825642
18864,0.26601174726444293
18868,0.30686561647055555
18870,0.28344397593164017
18871,0.2392218611965241
18874,0.29446889828147577
18880,0.3339659150328504
18882,0.31008215046020066
18884,0.29024525479539887
18889,0.32234239941034476
18892,0.3285160025636388
18894,0.3719161860394638
18895,0.30571450341482986
18897,0.352175097498842
18898,0.20058934179192084
18900,0.33877921197940497
18902,0.318312751740821
18907,0.3014372703240499
18909,0.30875798724628206
18910,0.3956612370613921
18914,0.3080488259813865
18917,0.2918769452303968
18918,0.30481000443286105
18921,0.3804762890161583
18924,0.29916692267973166
18925,0.28357540434015244
18927,0.30688129605298275
18928,0.2327179817659007
18929,0.28496980189821874
18930,0.29131006650169144
18932,0.29086603418852747
18935,0.20437752328312686
18938,0.20474445139056072
18940,0.3047512338652133
18941,0.3054962771157672
18942,0.3239070649412356
18944,0.22040031761543463
18946,0.32551996862238486
18949,0.282563193104338
18954,0.21579450389810378
18956,0.33236576575328824
18957,0.21879278396373886
18959,0.32145538673135327
18960,0.18698372033871785
18962,0.3005129922235081
18963,0.32542564487108727
18964,0.3763361656515248
18965,0.29715388540580695
18967,0.2782354507948843
18969,0.30336189269143876
18971,0.35562067855026946
18973,0.30916898175451857
18977,0.2964207801806358
18978,0.31937246006281955
18981,0.32221039907225624
18982,0.2558379882680686
18983,0.2943762592568414
18984,0.2831217463520176
18985,0.2973683921189967
18986,0.31880616037323595
18987,0.28656821023421825
18988,0.3045401172979004
18991,0.24742266382219952
18992,0.27499064282104824
18993,0.30628632448651644
18994,0.3763619954353172
18995,0.30437275545674525
18997,0.3004913742778819
18999,0.30369924098903467
19002,0.28625963253210635
19004,0.3011350679835334
19005,0.2670632294908545
19007,0.2540195423021246
19010,0.31718954316760306
19012,0.28321376765036343
19014,0.28862813489993605
19016,0.2989983939883151
19017,0.3332947496091392
19018,0.31347384224268526
19019,0.28911070036608805
19022,0.3467464887594067
19023,0.37393498925391466
19024,0.36823414968090024
19028,0.30345750920373266
19029,0.19655757812586774
19030,0.21251416036220677
19031,0.32927035046147124
19034,0.29837238470326066
19035,0.20186279954707312
19036,0.32857605055219
19037,0.3021487459375392
19038,0.3184708774433873
19040,0.1746682245371512
19042,0.36549335923289106
19043,0.2866003461032562
19044,0.284102557991454
19047,0.3732792382885001
19048,0.3297511725533746
19049,0.2929364694611193
19051,0.322327388391096
19053,0.2946869300224705
19054,0.35795711847358536
19056,0.29033090129694644
19057,0.30584782429517754
19058,0.3026486854002016
19059,0.26595947533537234
19060,0.3058620651319701
19062,0.31992677985161916
19064,0.30926530341135916
19071,0.37414546469392557
19078,0.27516151663972976
19079,0.2977120053074965
19080,0.2714528130406868
19081,0.2462436914712971
19085,0.2999365935642346
19088,0.3148219137894518
19089,0.2913222730003305
19090,0.3073264508120688
19091,0.37967454428427694
19092,0.2732896217962182
19094,0.2982492645969137
19099,0.3255616461588561
19100,0.30464311818283407
19101,0.20825271581030197
19103,0.3057268962839416
19104,0.3252749776390702
19106,0.32484877998388023
19107,0.3541161218713774
19108,0.3237512255074212
19109,0.15741549012631464
19111,0.28931896323639095
19112,0.31757627342222705
19113,0.2961708334709604
19114,0.3163923264878868
19116,0.32829487710670435
19117,0.3232265417136534
19121,0.3036803116137729
19125,0.361520394610341
19127,0.330318352141355
19128,0.3049233995600492
19136,0.28214797550721704
19137,0.2890427893740526
19142,0.3154960449204456
19143,0.2962338640068019
19144,0.3001064623250814
19146,0.29871444670510966
19147,0.2774331900828304
19152,0.24078088719512775
19154,0.2043541526702716
19157,0.27089615224900493
19160,0.3203619345213185
19161,0.2366466904529393
19162,0.36575518106475335
19165,0.23006586656790334
19167,0.20093371317464176
19168,0.28887270350045946
19171,0.25310663630365726
19172,0.1711729817583923
19173,0.30181890493464164
19174,0.2912394963518673
19176,0.299833220948664
19177,0.2898808636322098
19178,0.19844314419565426
19179,0.3495892753705861
19180,0.3505812042730315
19182,0.3024748782903345
19184,0.31346021408420477
19185,0.17378220704440495
19187,0.24336118160387762
19189,0.36290326364387837
19191,0.27367713901257107
19193,0.2873740582591923
19194,0.3322391557996433
19197,0.338958210865398
19198,0.29946806849398633
19200,0.33031260032453236
19202,0.2006605334368862
19204,0.24079333409214645
19205,0.30205816686979503
19206,0.2841619667730951
19212,0.21292027294220708
19213,0.3012716909939656
19214,0.42431218102236495
19222,0.31043287163078426
19223,0.3277461188514419
19225,0.3647297316614093
19228,0.30881634266165126
19230,0.407024582870712
19236,0.3086124748134458
19240,0.320845260185961
19241,0.3018687929737902
19242,0.29414130690828816
19243,0.4003255947349654
19244,0.2946319565326238
19248,0.28922010667684905
19249,0.32052028560932055
19250,0.2992562618266582
19251,0.33564548142482764
19254,0.31464158692125194
19255,0.31322650750208925
19258,0.31356651734428853
19259,0.2922206660589844
19260,0.36318757329505813
19261,0.2858391127799815
19262,0.20233514288340854
19264,0.29834019324263633
19265,0.2963714141116787
19266,0.3148273204322962
19270,0.29521224781707095
19271,0.29076119324076355
19274,0.2866271550215609
19275,0.29843273848461416
19276,0.26992699294937855
19278,0.20749761597045663
19280,0.28096070330093437
19282,0.31134318457707605
19287,0.3277817270807054
19288,0.2747532477353811
19290,0.30923093845722427
19293,0.3252121517340867
19295,0.34486581547759987
19298,0.3607034177170369
19299,0.3259790290402151
19300,0.22204156008840803
19301,0.2866797598062445
19304,0.31427105252953935
19305,0.32561192105846043
19306,0.29764756261758063
19309,0.308852332660076
19310,0.2744101077394416
19311,0.36180532002543486
19313,0.33593709587610887
19317,0.32367203232329117
19320,0.3311021212722456
19322,0.2007949092822146
19324,0.3065352668240589
19325,0.29880906036048244
19326,0.24951396985368707
19328,0.3204658057500105
19330,0.3245138570800244
19331,0.42214956735742026
19332,0.30007042436536036
19334,0.3003235036009403
19337,0.2963591001280014
19338,0.30825996590299676
19340,0.2797673026188444
19341,0.2857795928444046
19342,0.31092003475082197
19343,0.3150976166999592
19347,0.40040331468622997
19348,0.31410301943162616
19349,0.35599171277625496
19354,0.3118854127912132
19356,0.3039163839871946
19357,0.29924318926677107
19358,0.34212193369012
19361,0.2818173684245093
19362,0.29232207839921426
19365,0.27417187000283816
19366,0.2863360560137399
19367,0.3295500166023728
19369,0.2817055120785169
19372,0.2980570712750331
19376,0.19937815533998263
19377,0.3055950721669488
19382,0.2393053641391686
19383,0.3746165869596124
19384,0.3282803465566912
19385,0.30680873769036415
19386,0.3097837017926583
19388,0.30870914174131203
19392,0.3047729700087533
19393,0.3277253558562729
19394,0.29590399407850854
19395,0.3576959821030855
19396,0.31027617426854975
19397,0.26844625370574926
19399,0.33102723464956985
19400,0.3135689780958941
19402,0.3079967485290504
19403,0.3158965042380395
19404,0.2710885295635957
19405,0.2950165237597108
19406,0.3017738897624614
19408,0.28862067700952665
19412,0.32477581044312653
19414,0.29220017416949995
19419,0.34271559124787243
19421,0.3254803897213384
19424,0.2876197316606176
19429,0.4194705538362309
19431,0.3065507737199539
19432,0.2949235271715339
19434,0.21183789199793127
19435,0.2921048236128875
19436,0.2856736764505338
19438,0.3075803841968259
19439,0.3600433939957553
19441,0.21399063213333946
19442,0.21228912900405442
19443,0.2957011912317651
19447,0.2801548391783625
19448,0.28776291167916895
19449,0.28164501455397867
19450,0.3158301951823401
19452,0.28981384743893895
19455,0.37065871243753146
19458,0.2935464330662303
19459,0.3380419171925906
19460,0.3025581343085206
19461,0.18779528756195843
19462,0.3108559023919878
19463,0.29786624121577
19468,0.31434254303729026
19469,0.18482057838324648
19470,0.4213979902782862
19471,0.357862731325133
19472,0.29946636090679996
19474,0.28415174857909553
19475,0.2918998587732476
19477,0.3044572853647004
19478,0.3139659000457492
19479,0.3770766899924906
19482,0.30471458640056087
19484,0.37908728040707834
19487,0.30261840779613386
19492,0.2938188326640869
19495,0.2853604411303058
19502,0.30149383957306763
19505,0.308130618914986
19506,0.2926448672685436
19507,0.29367633483523664
19510,0.28276504968154564
19511,0.4221418861565316
19512,0.1826945199725903
19515,0.3071529942701695
19520,0.31377062151293267
19521,0.31314981608562287
19526,0.30394374668028123
19527,0.3009862830902361
19531,0.3598502030757536
19532,0.28782088355140817
19534,0.32258985136784335
19538,0.3135442560046132
19539,0.22502118169314958
19542,0.2292702240962633
19543,0.2864854298902387
19545,0.31528791512688314
19546,0.2982506850815926
19548,0.3406190490639347
19550,0.31174255781552695
19552,0.3013215594828662
19553,0.13069302880709943
19554,0.30867376284759546
19555,0.2964431353027841
19556,0.32218998735304377
19557,0.28509153216558536
19561,0.292278301018101
19563,0.33303149745199445
19570,0.28557032726457093
19572,0.30272644091959844
19574,0.37710393995303143
19578,0.28499656897735764
19579,0.2960787611658628
19582,0.32339472120548307
19586,0.19541129776219734
19587,0.21687027430220074
19589,0.2953710117805878
19590,0.21599082796176602
19592,0.288028858254457
19594,0.23355073469777846
19596,0.3626070463150599
19599,0.28463651299433135
19600,0.28934285875165106
19603,0.2701440441100415
19604,0.27587520877011146
19605,0.32121138675204886
19607,0.299217543196676
19616,0.21647082122470584
19618,0.20577115242280336
19619,0.20993466490688134
19620,0.2876673477271817
19623,0.29856956841188637
19624,0.335330226834388
19625,0.31696933850309994
19626,0.3298614131309777
19628,0.2948267239813624
19629,0.3246398113562901
19631,0.298141260550904
19633,0.30056560350831485
19634,0.29460516941679427
19635,0.37762849617814126
19636,0.320171793092661
19637,0.2834236595176527
19639,0.3225285711106872
19643,0.28237377759006466
19644,0.3046720869138193
19645,0.3442710454804375
19647,0.3199479186427371
19649,0.3227495082754181
19650,0.2771131271611706
19652,0.3141988273591158
19653,0.3166993137128145
19656,0.3040896488349243
19660,0.3224318799648231
19663,0.31672373646955626
19664,0.303997538592606
19666,0.3108191629926145
19668,0.30751824358851076
19671,0.30920832591668423
19672,0.3036856921768504
19674,0.34723924160961445
19675,0.30675589490043004
19676,0.3173688237437393
19678,0.32260046729198055
19679,0.3139575163123251
19680,0.3331362533183181
19681,0.30476228540123507
19682,0.2725027498271594
19683,0.2903258710024968
19684,0.2930804582568595
19686,0.28315681594695397
19687,0.324122496052733
19691,0.31402788254500574
19692,0.2920557527470423
19698,0.3547780252911046
19699,0.29357608144902225
19700,0.2894196017491715
19702,0.29072569721347713
19706,0.29624999356428355
19707,0.4154722636060164
19708,0.272479328131498
19709,0.33940494771894303
19710,0.2966719830370233
19711,0.30240682453542356
19713,0.23294874157804113
19714,0.2970915546197649
19716,0.31504910890680965
19718,0.27201475473080233
19719,0.3219438910655188
19720,0.2758437781808015
19724,0.18947141468231085
19726,0.3569239687736905
19727,0.3049995351503774
19728,0.20383687259215474
19729,0.2958294752898978
19731,0.3550863283737874
19733,0.3186270992618865
19735,0.2935553550471276
19736,0.31770286915767587
19743,0.30362260477504277
19744,0.30543582879239817
19746,0.28792874569967863
19748,0.3212423896446401
19750,0.3120239749536352
19751,0.36887639662304317
19753,0.28669469265364717
19754,0.29882042661195873
19758,0.30555264498269274
19760,0.3069104145290225
19766,0.1966735503275331
19769,0.19278842785656888
19770,0.3164003030486352
19775,0.31730127978678235
19778,0.3046681829327837
19779,0.19141881095025085
19781,0.2933504435283917
19782,0.39871667201642796
19783,0.2901191755253513
19784,0.19848619376786814
19785,0.3658537784868343
19788,0.36659344521754267
19790,0.3155360584543022
19791,0.2183666976314331
19792,0.20664951591130765
19793,0.3133038473196055
19795,0.2718722316936981
19797,0.3619309704161915
19802,0.22667010898132325
19803,0.328863923542244
19805,0.32028711784130026
19806,0.31917283444210304
19810,0.3070316064254226
19813,0.16309394659714072
19818,0.27414980566764713
19819,0.3155537683865102
19820,0.3316306934192253
19824,0.33630799491395774
19828,0.27659986901570477
19830,0.3052294481793465
19831,0.35242438322856656
19832,0.1982337168254577
19833,0.33091110799058193
19834,0.3132281246694265
19835,0.28847799457563017
19836,0.28962117176449154
19838,0.31215154342744034
19839,0.3227511537488844
19841,0.3035284924738135
19843,0.27309110976497264
19844,0.30367549139230743
19845,0.31609465010418103
19847,0.3670083508621101
19848,0.33057879322475353
19851,0.347015283032424
19853,0.3087496587036879
19855,0.31492835425712395
19857,0.29162767968015746
19858,0.3091049279654187
19861,0.21432949996758494
19867,0.3244618303278763
19868,0.31731107834416783
19871,0.2889708810055154
19875,0.2975705155082277
19878,0.2987825805711017
19879,0.24527252624470225
19881,0.301725923383499
19882,0.2788788756625316
19883,0.2925730834219583
19884,0.36855828647403155
19887,0.4038772013279363
19889,0.3039278364731569
19890,0.3088694758219227
19893,0.3575343610508961
19894,0.3614405244972638
19896,0.2754703717752415
19898,0.421045146453189
19900,0.3586821288668731
19901,0.318003161738846
19904,0.3324141418196464
19906,0.41790367398955086
19914,0.18558749317161205
19916,0.24716731327106076
19920,0.3608717656031451
19921,0.22254651214980062
19922,0.2981939257712899
19924,0.38126896534244403
19925,0.29580782194319
19926,0.33435169699526185
19935,0.23179368765198646
19937,0.251014304789936
19938,0.30475483149924654
19941,0.30842995956939956
19943,0.2802122980468746
19946,0.30804228667623246
19949,0.23369231081346017
19953,0.32086068137532553
19955,0.3362548955267668
19957,0.3209190602885427
19958,0.30095104170912
19959,0.30430041997423757
19960,0.27910167554011855
19963,0.30919110095331187
19964,0.40081421431587183
19965,0.334226751046715
19966,0.32745806695023194
19967,0.2923061087435788
19968,0.31409808859190674
19969,0.2127751604466493
19970,0.1618688302487369
19972,0.2737617057819643
19973,0.287704643900891
19974,0.21148064504003394
19975,0.30325087659102296
19977,0.3714477308510967
19983,0.1937984332943835
19984,0.22217794768586874
19986,0.3546802315003582
19987,0.3121896776999576
19988,0.31317788947394054
19989,0.29585302007179515
19993,0.28139986094637515
19995,0.2825748798307237
19996,0.32885759423165717
20001,0.3040331554623113
20003,0.28672274995610997
20004,0.31139371704615093
20011,0.36932140469795394
20016,0.3509886483746569
20019,0.30147685205854013
20020,0.284041849370569
20024,0.2945947903313004
20025,0.3693711649271025
20027,0.30991175564276197
20030,0.3211274082863136
20031,0.19160296698930068
20032,0.3097012250995427
20034,0.2933121659656486
20035,0.29527602061939445
20037,0.239229788935078
20039,0.28712379987329906
20040,0.3110392095055512
20041,0.2935856062280845
20042,0.3029518599688513
20043,0.31688477191937153
20045,0.29180315661988326
20047,0.3164709325063355
20048,0.3615891347333409
20049,0.29749305529333786
20051,0.3687167357264829
20053,0.28255328474783103
20055,0.31382671560438213
20057,0.3799319224466184
20058,0.3273545040750221
20061,0.33072404950920054
20065,0.3148226595470211
20066,0.28007153860733025
20067,0.3135182631182631
20068,0.1977730619734595
20070,0.32471537430638253
20072,0.30643437708257437
20073,0.326991493635817
20075,0.3277205788807367
20077,0.35036991274907314
20078,0.29994202788042956
20079,0.299935640635217
20083,0.2923823488521976
20084,0.26042604572084427
20085,0.29641480449909785
20086,0.22910244831843882
20088,0.27020091566688875
20089,0.3038216968766019
20090,0.17233495521337233
20091,0.36937033018435955
20094,0.32913860585413146
20096,0.28107571677828375
20098,0.2720312548887793
20100,0.2905457908271294
20102,0.34115264508660226
20103,0.3163955471149642
20104,0.30304215161514253
20106,0.2823079333723846
20108,0.4221418861565316
20110,0.28005125747749027
20117,0.3279566783599222
20118,0.4018751185613653
20119,0.2920783088625645
20120,0.37878906485960046
20126,0.2740788372962885
20127,0.3077018667367257
20133,0.28103490169851314
20138,0.28786483707828253
20141,0.29598123436491325
20145,0.31955896757477226
20146,0.2114702176955392
20148,0.29476166038994456
20150,0.31017628966791366
20151,0.31356950901562397
20152,0.30335718214178864
20156,0.2822617527585772
20158,0.30266432189541276
20160,0.31648376912153847
20161,0.2266438527678871
20162,0.29382404596134315
20164,0.3342513181438876
20167,0.28885006919913253
20169,0.3090347406736233
20170,0.31160282003067397
20171,0.30026871461154914
20172,0.21499166441533563
20174,0.2879296836642413
20175,0.30506740349032035
20178,0.29383860428911773
20181,0.3150014057925401
20184,0.2040312167440613
20187,0.3570486384995076
20189,0.3001851541993381
20190,0.30810403844341594
20191,0.3132057214032643
20192,0.31673232033822785
20193,0.3096459835997281
20197,0.35915606501084507
20198,0.29090934896849435
20199,0.2872677817369808
20201,0.3082978055351309
20202,0.2802505156707619
20203,0.29538177903318086
20204,0.28665794904809777
20205,0.32379715437336043
20208,0.23893334898209745
20210,0.2833263058714869
20211,0.2840281772326097
20212,0.31092842666007875
20213,0.32068536784324897
20214,0.31629277271526884
20217,0.30011027304773913
20218,0.2679775345369536
20220,0.30585511110414454
20221,0.28129148308161084
20225,0.3164106993527249
20226,0.30897928997093266
20229,0.3030226429465981
20234,0.3164207968336046
20238,0.311613029135704
20241,0.22505347147489524
20242,0.30890008881341247
20243,0.3293743909993484
20245,0.3154708657044699
20248,0.32751065087169445
20250,0.28542268152811245
20251,0.3590997545093038
20252,0.3095439756158125
20255,0.22847696866255168
20256,0.2931495569886287
20259,0.23205792229904068
20260,0.21338627916743463
20261,0.31834051881640635
20262,0.2903961599292723
20263,0.28203290167407175
20265,0.18614270308688974
20266,0.3804762890161583
20269,0.2045023984252989
20270,0.3222806558943013
20274,0.2700936554370186
20276,0.35663964138194226
20277,0.3778221770938221
20278,0.2902448911062201
20282,0.3021318521505775
20285,0.2836962698303492
20286,0.3364604516871232
20287,0.21522185042903652
20288,0.35536242659056455
20291,0.37257710896405916
20292,0.25442709445151146
20293,0.30729815097890484
20296,0.3091954707689908
20300,0.30038708836011785
20302,0.28217244202496056
20303,0.30982368087549556
20305,0.32777006786657203
20306,0.3199130656626054
20309,0.2722170609088582
20314,0.3687385612355899
20315,0.2993709294298559
20316,0.29400359042858154
20317,0.275344517502407
20318,0.3053827552728563
20319,0.2819630079357724
20320,0.3193424254780899
20323,0.3096239119304778
20324,0.20864347229321673
20325,0.24681611630726868
20326,0.2152367017748803
20327,0.2851219304145328
20330,0.2910232663184975
20331,0.30247187494652644
20342,0.3184117153979472
20343,0.29300697795297304
20345,0.2921353007450578
20347,0.2220821103032565
20348,0.30753355736025273
20352,0.26637825524480097
20354,0.2109348476259032
20355,0.2809237157397582
20356,0.38448815274711945
20357,0.29592348865673307
20359,0.2866106584942214
20361,0.31960348650629317
20363,0.2050113136658417
20365,0.3176501309184807
20367,0.4001322230232628
20370,0.23647186269414677
20372,0.2648434036306237
20373,0.31583587699226695
20375,0.4018567588300491
20376,0.29159787664073944
20379,0.2361844949676128
20380,0.3115496795479323
20383,0.3016860964361646
20384,0.3288253133472562
20385,0.2737224107522639
20386,0.29544710636089144
20387,0.3217572095520304
20389,0.31123672111766937
20391,0.31342227776260223
20392,0.22818364597247237
20395,0.3025813234238503
20396,0.33633089232132646
20398,0.3797241067264268
20401,0.29730509290037244
20403,0.29399527046647517
20404,0.32312020928141294
20406,0.3447617430239323
20407,0.32227462929037104
20409,0.3151883156516993
20411,0.2894248200208805
20412,0.3040396732228041
20418,0.32005230944012875
20419,0.2837486902171944
20420,0.2211540846154427
20423,0.30662486305019493
20430,0.33346478298452453
20432,0.285033091647824
20433,0.4006743279674714
20434,0.37191229030954
20437,0.3094708725418384
20438,0.3122994351644069
20439,0.29065898296481874
20440,0.28512099156009596
20442,0.28353598487730935
20444,0.37711559391112226
20446,0.27963508868022147
20449,0.31917486044864907
20452,0.3117442318832651
20454,0.28587493891197613
20455,0.30872426292844446
20456,0.29896311096448025
20458,0.30812108470922334
20462,0.3063018762838601
20464,0.31101785855996544
20465,0.28477562916063726
20467,0.3115421310439732
20468,0.19897746857860366
20472,0.3310029325388918
20473,0.21290827416860286
20475,0.2892821183235494
20477,0.30748679603996865
20482,0.27677547560224647
20483,0.36153359287316844
20486,0.3810368085357691
20487,0.3319088442465787
20490,0.29583894404762523
20491,0.2972803444492036
20494,0.2592617034930035
20495,0.30627962304114464
20496,0.2836207150029152
20497,0.2632435376751326
20498,0.3533519344693611
20499,0.30274416317574515
20507,0.27066268673300237
20508,0.3155939705128353
20509,0.24960123770270945
20510,0.30857837612521083
20511,0.31212238993843944
20512,0.2520999752804324
20513,0.33254901658027824
20517,0.3096698379058052
20518,0.3811394313821257
20522,0.31804062848395
20525,0.3054214972785826
20526,0.2974830504298103
20531,0.35333851355987556
20534,0.32840221789481283
20536,0.306994676070399
20540,0.2906958926614831
20544,0.3169996530218166
20546,0.3236907652367465
20548,0.19757280314103995
20549,0.31901929766073245
20550,0.24471509845509037
20551,0.28469518260937704
20552,0.30783905977161496
20553,0.28112451835631164
20555,0.3647978438752047
20559,0.3267621606565365
20560,0.31787433604754217
20561,0.3677893092122439
20562,0.294165870001163
20563,0.30525591609357916
20565,0.321547735999601
20567,0.31288534165729637
20568,0.3199308442175083
20569,0.2604868112158266
20572,0.2950785651545733
20580,0.3172619822624948
20582,0.31307645316368726
20584,0.3770618312698538
20585,0.31536489884351937
20588,0.17712158407015083
20591,0.3145339927470289
20596,0.29752923952198684
20597,0.2161553807291847
20600,0.2885867328677692
20602,0.3601059541612075
20606,0.2134366761381506
20609,0.3146623163806429
20610,0.3297915075137309
20611,0.2736448648760759
20613,0.2835758665504765
20616,0.3575492636243821
20619,0.1760362351632766
20622,0.2928232184302078
20627,0.28275508692343126
20630,0.28492612297852615
20631,0.21565596188559916
20637,0.284545112518235
20641,0.3590254901888218
20643,0.3606413081729901
20645,0.31826918946017013
20647,0.26007742326314975
20650,0.32687906034862413
20651,0.29601359464680255
20653,0.3239579976057222
20654,0.3089432198448162
20655,0.20201187226320216
20656,0.3171773287526234
20657,0.29399109682942043
20659,0.16612252498631713
20661,0.2412098580401431
20662,0.21113596886142028
20663,0.29281804748321094
20666,0.2981254816430053
20667,0.26951268758391034
20668,0.30083055428718614
20669,0.36615772366477173
20673,0.24222320762938268
20675,0.3117787417082424
20676,0.3354068993572028
20677,0.2915282526893853
20681,0.2915411581270343
20684,0.2818481624957898
20686,0.3211272810656008
20687,0.30894317646948394
20689,0.2993021507713359
20690,0.3142890131786717
20691,0.2893448594150976
20692,0.30629566540499215
20694,0.29721349466844077
20695,0.3194884384411927
20696,0.24155209695195975
20698,0.29031896435139204
20700,0.3295248375659012
20703,0.2876745598337744
20704,0.4213979902782862
20705,0.30902664588321294
20706,0.2972981490209513
20707,0.3238672669128445
20710,0.37791579362971217
20711,0.29898561575175187
20712,0.23237692885344102
20713,0.31648550530887704
20714,0.3165214883055472
20715,0.28176905324097584
20716,0.33234187924522407
20722,0.29476148698121574
20724,0.34241297239618773
20726,0.3679245525665866
20728,0.3219122238325072
20729,0.36637235046044
20730,0.2959961446949148
20734,0.30594103686023755
20735,0.20346909574570393
20736,0.2872768905823826
20737,0.2650431181968982
20738,0.31646408279650734
20742,0.37987717970198054
20743,0.19655222857711993
20744,0.2905022515695053
20745,0.318526470169358
20746,0.31646719933141804
20751,0.25279927430565624
20754,0.29165968856178537
20756,0.3632190447736027
20758,0.31091047502067176
20759,0.27294090690424183
20760,0.34415230117916695
20761,0.35372756315033504
20762,0.27833257862821176
20763,0.2389003823349327
20764,0.2925872197603975
20767,0.36874781622000596
20769,0.2364905428102391
20770,0.2992065199716427
20773,0.29527707434011996
20775,0.4011596521903668
20776,0.2829039743497069
20777,0.3659062748403297
20778,0.2254094898509721
20782,0.2674164772982961
20783,0.2868362218713093
20784,0.30524005512955565
20786,0.21533291817981245
20787,0.30769144423040906
20788,0.29567502202378065
20789,0.17280660643148454
20790,0.23838634386747365
20791,0.3190398344954598
20800,0.376819060727219
20801,0.28537563913543157
20804,0.3178870437751642
20807,0.3401981207746364
20809,0.23789470337435456
20810,0.40630097834617684
20812,0.4217895320665605
20814,0.2915370447764572
20815,0.28449879300556413
20818,0.17992524610144142
20819,0.3145918057582228
20820,0.31459831441477276
20821,0.3143072332818737
20823,0.316951314514092
20826,0.33028854667419894
20827,0.37674105559316295
20828,0.31337833986628183
20829,0.2921399245484265
20830,0.3197971942105323
20831,0.2881342966465472
20833,0.2935456588105825
20835,0.20710257458955675
20836,0.29444373760430875
20837,0.3277461188514419
20838,0.3033652503240987
20841,0.3124610731147202
20842,0.28547434821351614
20843,0.27784075446664425
20844,0.29288063149310106
20845,0.29555142805499346
20849,0.3724481724443263
20850,0.28538575382650133
20851,0.28865403489062064
20852,0.3157916166661859
20853,0.31312093719444195
20854,0.2918205089046617
20855,0.2918445045477476
20857,0.21265940889753882
20859,0.29092856054019356
20861,0.3035169187341559
20863,0.32010354023185633
20864,0.3873140603928578
20865,0.28376873309886413
20866,0.2348584805483093
20867,0.3659923345098377
20868,0.3500243153874466
20869,0.3305994003595446
20872,0.3273323847702449
20874,0.2077503994609623
20875,0.32158927235107904
20876,0.29748050558944195
20878,0.31089636624575434
20879,0.31966658155656136
20880,0.20953871589586154
20882,0.3610801276847598
20883,0.3598413814473335
20885,0.1512743744097675
20886,0.30223641138366836
20887,0.24709500274691373
20888,0.295001400362081
20889,0.3132927724713071
20891,0.3077541318909059
20892,0.30654076112641804
20893,0.31098001398122094
20896,0.304949544070758
20897,0.1862024539537927
20899,0.31688282870309664
20900,0.38202232521878354
20901,0.2805401679651204
20902,0.30588316334383214
20903,0.26940521116835625
20905,0.30150956782975813
20906,0.3596415811796446
20911,0.30485915053921453
20912,0.32164580566597856
20913,0.31902826869024
20915,0.2847886948809429
20916,0.32074519412554287
20917,0.40384626322333556
20921,0.28678991650381475
20924,0.28773339101410045
20925,0.29725539979396154
20926,0.2993177090808724
20930,0.3094597578717045
20932,0.30778776467306557
20933,0.30086732693717244
20935,0.29886426293551915
20937,0.23907370850693427
20940,0.3331411404477932
20941,0.19352913669532612
20943,0.2854320465206088
20944,0.23034111840916446
20946,0.2023222987931141
20947,0.2940819699649202
20949,0.3073900193095104
20950,0.2960858233315079
20955,0.29030600078557095
20957,0.31066617227953963
20958,0.3194998880339385
20960,0.329387318518805
20965,0.3502881915549075
20973,0.3535713400921341
20975,0.2838374561433734
20976,0.3226319079656065
20984,0.3300663991008372
20985,0.28757485333676824
20991,0.3726334067667165
20994,0.19856692850423532
20997,0.31011388730076483
20998,0.2965405567834918
21003,0.31787433604754217
21004,0.31984938469593016
21006,0.27335136770204976
21008,0.28290595699299936
21009,0.23373363228497465
21010,0.304843019451225
21013,0.3661423451089281
21014,0.33183561499633124
21016,0.30749832942865335
21017,0.30348689533891904
21021,0.23622587933353045
21023,0.29587331670002825
21024,0.30114057392828647
21025,0.29006431969728225
21027,0.3260691781294026
21029,0.23765869114598673
21030,0.2575199946593945
21031,0.19645386828071099
21032,0.3207888061625861
21033,0.32031466522939456
21034,0.3460637345487725
21035,0.21895570936940953
21038,0.3094538325151767
21039,0.27784958955690187
21042,0.31587306100434487
21046,0.28943532260304156
21047,0.2981819719750358
21050,0.24613414193833105
21051,0.37377524361875286
21052,0.30481706299563854
21054,0.2181878714227528
21056,0.31738468051070823
21057,0.2999435688623849
21058,0.29752427756907873
21059,0.28612004901985033
21060,0.2105979719320261
21063,0.17495434885330913
21066,0.2170374469513184
21074,0.31021083050564047
21076,0.3031767098855113
21077,0.3109708194319393
21078,0.28490978495153685
21080,0.31430992123173146
21084,0.17976090072727297
21090,0.34894510339309653
21093,0.2644911266459038
21094,0.30188528833626105
21095,0.3487082697847326
21096,0.28842410501657356
21097,0.3420292559776233
21098,0.21518756060771183
21099,0.31181926597483417
21102,0.3064349917105478
21103,0.31464427951371565
21104,0.3137426611762411
21105,0.30562506519084165
21106,0.34154994515554427
21107,0.3381314414153863
21108,0.31373082782028827
21109,0.24648172404842633
21114,0.206148293215286
21119,0.304111378673391
21120,0.2899849085949808
21121,0.31534962992191795
21125,0.30815504056545945
21128,0.3156629276513513
21129,0.24225704185919503
21130,0.3071189376563414
21131,0.2970307395257548
21133,0.36020372208466556
21134,0.2862512513192505
21135,0.30367666044144137
21137,0.28301738005662536
21138,0.28515665575280524
21139,0.21125618324093712
21140,0.3141859157719885
21141,0.295265318205328
21142,0.30879714627443905
21143,0.3012643022255693
21144,0.28023072026521195
21146,0.24972277243649948
21147,0.3236197308929981
21149,0.3130592443163692
21150,0.2887641544266672
21152,0.3647745309421193
21153,0.31594535006421876
21155,0.25617580802634504
21158,0.29040820539558276
21159,0.2876345880452189
21161,0.2950057162851707
21162,0.2971953906910151
21163,0.2722131511609792
21166,0.28393435958397567
21167,0.33212600437122275
21173,0.28324032651114267
21174,0.31220629006762296
21177,0.3076530403391491
21178,0.30558501017236595
21180,0.3632708791005672
21181,0.21372104784042628
21182,0.220853472035145
21183,0.3209519256274412
21184,0.30441397998893216
21186,0.3049186263887084
21187,0.36429602145587636
21188,0.30068447144227095
21189,0.31307629743330634
21192,0.3249423234612279
21193,0.3117121079230405
21196,0.19265909893017633
21198,0.310650825717931
21199,0.3060746978311465
21200,0.3093188076097915
21204,0.3268585041982983
21206,0.3080992119435838
21207,0.2845486622100524
21208,0.32197427911121124
21210,0.2928841692499202
21211,0.2273299643534828
21212,0.28074156416952245
21213,0.28323060517707954
21214,0.2990274455851433
21216,0.3443734911147315
21217,0.2482674960577097
21218,0.3201464245898738
21219,0.3576698285700301
21220,0.31208861737260707
21223,0.35163452287515873
21224,0.32683269420276584
21226,0.38227193364686995
21227,0.29517831079302487
21229,0.18200619767040166
21231,0.32632185990987006
21232,0.32210938921387705
21233,0.3010169179612844
21237,0.26741128442448786
21240,0.29237565067782667
21245,0.3608075625830684
21246,0.31544693614215613
21248,0.3229147393264079
21251,0.29048174761346957
21252,0.29719306348958263
21254,0.2881187674950888
21256,0.3021181097275948
21257,0.3176220879710929
21258,0.3177123908862381
21259,0.36526465535965036
21260,0.3110802429042694
21262,0.2963604790838855
21263,0.33266232218379566
21264,0.3295085288462701
21265,0.2915074773958748
21268,0.21041850103712822
21269,0.19864014523673865
21271,0.36643343775157255
21272,0.37086053483560166
21274,0.3097856311621885
21276,0.27095078199286265
21279,0.3058803592908168
21281,0.273154765792617
21283,0.3498833530913851
21285,0.28238840465946685
21288,0.3130727226375749
21289,0.3526923789071214
21291,0.2922363219004659
21292,0.23384696687582507
21294,0.32127213787811343
21296,0.2943464355143498
21299,0.30917326979824394
21300,0.2993604036242993
21304,0.1787318186410759
21306,0.25819353230979664
21307,0.28508394302102674
21309,0.3143980445882766
21312,0.2923961719364475
21314,0.3261955171785589
21315,0.40075965935744556
21316,0.2808200642842649
21317,0.2717438173752159
21318,0.21952098227400307
21319,0.321253894726371
21320,0.3177317451542005
21321,0.2962949131533749
21322,0.3455300681517456
21323,0.31676254819106014
21324,0.2817777932758285
21326,0.37015892202605527
21327,0.3076463006958
21328,0.31967133350477767
21330,0.2818594621738734
21331,0.2978532338922186
21332,0.3404428464721023
21333,0.3047122108485034
21334,0.31044296458820103
21339,0.2500703622335718
21340,0.16228807672074053
21342,0.20130435773017552
21344,0.3309889368150357
21345,0.3624784287743031
21346,0.36533538302181257
21347,0.21423600289325534
21348,0.191616387239316
21349,0.2907843368419984
21350,0.32080108686750003
21352,0.21719080409435568
21355,0.2202368785540824
21359,0.32422668210667205
21361,0.30221892925196325
21362,0.30136318236443727
21364,0.30488389706227415
21366,0.23946475995908728
21367,0.30198416031612973
21368,0.3034813699605815
21374,0.36100693724006794
21379,0.28048110885481586
21380,0.2205471544447812
21382,0.2904682650167977
21383,0.2618740949040871
21385,0.31029892858085595
21388,0.3263954166043659
21391,0.33202880720917144
21393,0.30076847819405345
21394,0.3523261747555981
21395,0.28630703738404717
21398,0.3046660156957044
21399,0.22402453554505175
21400,0.309459623801314
21401,0.29954199779185836
21402,0.3658532038200224
21403,0.3609977357656464
21404,0.19355707417245055
21406,0.30776922230137915
21409,0.3021765487449505
21410,0.28069278529996833
21412,0.3089864849082869
21413,0.2879214161513755
21414,0.3216168971070415
21415,0.31753883999109483
21417,0.18427149507114424
21418,0.29060356513417634
21419,0.30037258319383264
21420,0.31300916594906586
21421,0.3640603087093187
21422,0.29552262863461826
21423,0.21164178954741564
21426,0.3336242138756451
21429,0.19294249443653305
21432,0.29846286719414983
21433,0.3060673383676515
21434,0.2999244796775762
21435,0.3026668429247603
21436,0.19498967168940298
21437,0.35752041158081016
21438,0.2904364839350722
21443,0.323456147455521
21445,0.31929738408930014
21446,0.28505581356391213
21448,0.28970462246930095
21450,0.2088243753977277
21451,0.2915746941223862
21452,0.31109068095725506
21453,0.3113464684595578
21455,0.32992478062247854
21456,0.321095814062898
21458,0.20950918006432107
21459,0.2821065394607081
21463,0.31658702434603003
21464,0.41905426242599175
21466,0.16821071498473292
21468,0.31243009726371196
21470,0.27175927151997187
21473,0.304003534063102
21474,0.2941586638192626
21476,0.30197751052971955
21478,0.23254524328158196
21479,0.31210225323909185
21482,0.296123543346225
21486,0.28596108940815546
21487,0.30215260757575507
21488,0.28550809076570605
21489,0.21763867926116984
21490,0.30586455027113835
21492,0.3602350029265484
21493,0.366510979299637
21495,0.3037319438507473
21499,0.3188111966911511
21500,0.27933218807530114
21503,0.3001921511812668
21504,0.3257097820862711
21511,0.22610303543856367
21513,0.3100055183179338
21514,0.17357960104452425
21515,0.3595967855733633
21516,0.31012023894689356
21517,0.15996471332162018
21519,0.31089726546423657
21521,0.27318061884310274
21522,0.37966947305706034
21525,0.2519909448301565
21526,0.3432723013486171
21527,0.30377340937768293
21529,0.3226472317729806
21530,0.2898974537954208
21531,0.3597778396641305
21532,0.3478614195594908
21533,0.31232046412279063
21534,0.33611819003943194
21538,0.22457869688352197
21540,0.2966221470596512
21542,0.2652293789231887
21544,0.3090619349638862
21545,0.23918705279238625
21547,0.2941747152458555
21548,0.25929842347079185
21551,0.26877128524946164
21552,0.3039967848594439
21556,0.29081941831934544
21557,0.29844345464224675
21558,0.3014866908062626
21559,0.3522180143763096
21560,0.25270818854049804
21563,0.24579767004402306
21567,0.30519830456976105
21568,0.29123683325422567
21570,0.23373906681732354
21575,0.29587478206762324
21576,0.4035085096547573
21577,0.21980878401937445
21579,0.2887499218538015
21580,0.20977650461357417
21581,0.28503405064234005
21582,0.2861800210710832
21586,0.31956665766145054
21588,0.31504943918523215
21589,0.30419842586024226
21590,0.291499581512001
21592,0.31270141657432915
21593,0.31887020461262094
21594,0.33184448705868147
21595,0.20065327603923266
21596,0.29963901281327715
21597,0.2756046758515439
21599,0.3020829735568387
21600,0.21671017933228004
21604,0.22849158084945037
21605,0.3016037501099249
21606,0.4011596521903668
21607,0.32049774533782166
21608,0.3198790697701047
21611,0.2527379780181533
21612,0.3609271576549898
21613,0.30973051747070746
21614,0.30641657552099466
21617,0.3011808019470911
21618,0.29988298839848015
21621,0.3156940617474101
21623,0.3118764860991395
21624,0.29318900626213346
21625,0.4183108782572514
21626,0.30348755208340095
21634,0.29191817092285693
21636,0.3062266764586544
21638,0.3103824336894056
21641,0.3041795352670273
21643,0.32596545036497976
21645,0.21374173210378833
21646,0.24375052354127538
21649,0.3049288778904501
21650,0.30900610639241444
21651,0.21968301098932236
21652,0.2956427972283412
21653,0.3101612247143305
21654,0.3273922022423249
21659,0.29095581025235717
21660,0.1753444894555562
21661,0.28063103207284845
21664,0.31213452168292244
21665,0.2897846388300397
21666,0.4229165138547635
21669,0.3108383907074822
21671,0.3014683357471988
21673,0.37795229795153196
21675,0.2950601492674813
21676,0.29320439021463407
21677,0.27314976706556515
21678,0.358592485816446
21680,0.29505327294053935
21681,0.31573130937564853
21683,0.3036241930641517
21684,0.28450376833421265
21685,0.2290060706021194
21686,0.3096671696722784
21688,0.29924329847544046
21689,0.29998188539522674
21690,0.3304796109184723
21692,0.3149882356807046
21693,0.3001705611668946
21694,0.24349327573797647
21695,0.28868355432834625
21696,0.2922247553317155
21697,0.3072374917412738
21698,0.35846006273532793
21699,0.29574423281756923
21705,0.2895617581816572
21709,0.3113048552293878
21710,0.331650355886767
21711,0.3769293812143899
21714,0.3112808019669855
21715,0.3277847748452511
21716,0.3078367246355055
21719,0.3490947275936822
21721,0.3269855916244261
21723,0.33218733694824754
21727,0.3679522033728888
21728,0.266006724417935
21729,0.2886951924119792
21730,0.21884829542996748
21731,0.31732885596172344
21732,0.1995733961920566
21733,0.2955275596187606
21734,0.3079348320824537
21736,0.3128911151130258
21737,0.3117327788580363
21738,0.3271427961344967
21739,0.3436954449558381
21741,0.3183654330289823
21742,0.3067147075315079
21745,0.3453566750439593
21746,0.21513857148488047
21747,0.31844342492756095
21750,0.2657819974861798
21751,0.28147439824935266
21754,0.3081195601469686
21756,0.3242094015782625
21757,0.30864315228131634
21758,0.31261827594391783
21760,0.28299801248279577
21765,0.3055606243047845
21767,0.2863320174440078
21768,0.30516854999585374
21769,0.32044280274547865
21770,0.3225314452879138
21771,0.27483821635875616
21772,0.3331233024219147
21773,0.30674204753685225
21774,0.3264752799546529
21775,0.2716717102833806
21780,0.31573748419888487
21781,0.30084490812616904
21782,0.3232361334295229
21790,0.3061214292517893
21791,0.32859644981348846
21792,0.3212287595579665
21793,0.36245578587711724
21794,0.2254465598762447
21796,0.21040244769186714
21798,0.32747689832396815
21799,0.2995715570687465
21800,0.31477604648603574
21802,0.30751593760743856
21803,0.3086199373331688
21804,0.3047978877723877
21805,0.29383539159328004
21806,0.31355561826679346
21807,0.3673941679645093
21808,0.3018770851283364
21812,0.2751262194862747
21813,0.17696080439368686
21816,0.32467597425591677
21817,0.28480841130364254
21819,0.3013677346440919
21821,0.22399886006102565
21823,0.3247303882681204
21826,0.30415527766908296
21827,0.27096579851341973
21828,0.289565603008252
21829,0.2800923471837993
21831,0.29854577384800585
21833,0.30356452486446095
21836,0.3698709515205161
21837,0.33059884294345865
21838,0.28021735680958954
21839,0.3209546818413561
21840,0.28454392201620526
21844,0.30181890493464164
21846,0.3056641106145719
21847,0.33318935665113636
21848,0.3517557075321274
21851,0.31988751141278865
21852,0.29216876169165673
21853,0.3271074614567732
21855,0.28612610121728427
21856,0.35865682998645276
21859,0.3377431611050132
21862,0.21559051574598065
21864,0.2150743065608835
21866,0.3577314117158943
21867,0.2919274875734327
21868,0.29804155948968014
21869,0.2914099739696264
21870,0.31359031725462083
21871,0.32173219955888555
21872,0.2558565804600645
21873,0.347045314980159
21874,0.2915710966045397
21876,0.2848529727263611
21877,0.36710250811517264
21879,0.3199294031568235
21882,0.36526465535965036
21885,0.2971254444397751
21886,0.2623319152879239
21887,0.29170866875702994
21888,0.33288893040427336
21889,0.3097996620954102
21890,0.28807732343261744
21893,0.30589937316669485
21894,0.27997575919977835
21895,0.28820096141170004
21896,0.376670206671357
21899,0.35422678011681885
21900,0.3112819097284738
21901,0.284721134553312
21903,0.2842880546481407
21905,0.31153963196459766
21906,0.3623369617220348
21908,0.2198373978317611
21910,0.28011623402023417
21911,0.2820032047496077
21913,0.31470262765020696
21914,0.26775165562253145
21916,0.28805230914257757
21918,0.22666949274547116
21919,0.28372379174032486
21921,0.32490587228739976
21923,0.2878586080908044
21925,0.2182446001714004
21926,0.31410301943162616
21927,0.31598152154973025
21928,0.2854860347363364
21930,0.3188752914392622
21931,0.3038603696267394
21934,0.2703708159447134
21935,0.3028131431065995
21936,0.42188589826383366
21937,0.28765136790397006
21938,0.37310544868736045
21939,0.416074194109289
21941,0.29195606262623425
21942,0.2895813949377593
21945,0.30754604056221213
21946,0.28882544492264234
21947,0.3292086527648763
21948,0.30842936293175766
21952,0.21299940723147875
21953,0.32600749498137016
21957,0.3228282257515088
21958,0.20512484145648713
21959,0.30151007876395125
21961,0.2942091278120217
21962,0.30290531150474087
21963,0.20060351916934444
21964,0.3173587537567681
21967,0.3250607986633053
21969,0.21510411518395003
21970,0.30503887033592014
21971,0.22514717822208938
21973,0.3387412360290211
21974,0.2979479527516148
21980,0.280844278504
21981,0.219913837298719
21983,0.29695158244718783
21984,0.26759888533586623
21985,0.29359228212049626
21986,0.305982375007989
21990,0.31410679675255865
21991,0.29396165992212026
21992,0.29472070673433737
21994,0.2875235855310694
21995,0.2704669322368931
21996,0.206687600309549
21997,0.30952308288533614
21998,0.3308489772341425
21999,0.29920205814223655
22002,0.218173878145906
22004,0.29840741803086673
22005,0.37962704005983167
22007,0.30169500101650065
22008,0.31039416854893365
22009,0.2776685250819576
22012,0.4079124204924391
22013,0.30618322510182433
22015,0.22784701764013365
22016,0.3005321894688247
22017,0.20044475414542895
22019,0.3484960738027955
22020,0.28917406584953925
22021,0.16026740315127097
22022,0.3038102726962677
22023,0.3074591005614656
22025,0.3311632614066624
22027,0.33045370533816854
22028,0.21484976202883663
22033,0.30313835579226966
22034,0.33864542075576354
22035,0.3078669970758518
22036,0.2784498910141993
22038,0.19227439865896928
22039,0.3171886233794182
22042,0.3617561478068202
22044,0.31723485542177343
22045,0.2874500467353329
22048,0.36240411889856605
22049,0.28422385050100873
22051,0.2886700203650122
22052,0.2480831077852173
22053,0.29763420808597413
22054,0.3142249406115293
22055,0.2960162259578098
22056,0.2897552267647816
22058,0.36050733544934466
22059,0.3096140024418613
22061,0.22683720225557286
22062,0.30918476002294504
22065,0.31435959265372776
22066,0.28762149041585083
22068,0.3585632317480771
22069,0.310037265485805
22074,0.3214338274027341
22076,0.3053249345304592
22077,0.2975850266629369
22078,0.3071721650546886
22079,0.35456342302447397
22080,0.3157849108901694
22082,0.22673035205775988
22084,0.31605273853678423
22085,0.31398542824936354
22086,0.2864825202270366
22090,0.3655310599527188
22091,0.3172273123633571
22093,0.2936492924225642
22095,0.21132233087297958
22098,0.2958309979036802
22099,0.24241926633151806
22100,0.25637596300146526
22101,0.30496946006748504
22102,0.42188589826383366
22103,0.2806494387180496
22106,0.2983463121956273
22107,0.30002169108061605
22111,0.32762966046786546
22112,0.3387854894183602
22116,0.24920088283525374
22121,0.3589639176583006
22123,0.19574930874876262
22124,0.2561303073350936
22125,0.2975901381031505
22126,0.3225370680630848
22127,0.2635617697264031
22130,0.3004523354782096
22131,0.31899434975306773
22132,0.24668792829869535
22134,0.36567506232252933
22135,0.3280459257449269
22136,0.366489736668984
22137,0.2902987617988493
22141,0.33412405871594314
22143,0.29677004801262497
22146,0.27771718813105734
22147,0.30349802253084535
22148,0.37699856670608045
22149,0.285774349408321
22151,0.3045142772067205
22152,0.30528943544380693
22153,0.2879626305207003
22154,0.30305974238355604
22156,0.3396038386034484
22158,0.27337067662359266
22159,0.3195093584587196
22160,0.3061886995988493
22161,0.301188746641145
22163,0.22060866622877523
22164,0.3652451657754264
22166,0.3190074971755434
22167,0.2108446727104563
22168,0.3826799742500523
22169,0.33239270455679076
22172,0.3171282451163202
22175,0.298693474480064
22176,0.22082794295991975
22177,0.2886373525027327
22178,0.37633670304549605
22181,0.2970976860906802
22182,0.2941521046800023
22183,0.22521077385919988
22184,0.2897816086183387
22186,0.4147076083720141
22187,0.31950437943823107
22190,0.3387373716839082
22193,0.28985029412499375
22194,0.3080427381551701
22195,0.32976051577486964
22196,0.2311366343707006
22197,0.3568534855531853
22198,0.22794907455498753
22199,0.3389579610126154
22200,0.305533669973725
22202,0.3620073774618621
22203,0.2938289079182531
22204,0.30892628609820055
22205,0.2870519659605013
22206,0.3134603718133378
22208,0.29755592470905035
22210,0.2899600143402036
22212,0.35963773527962356
22214,0.3038570838283104
22216,0.3221986568089078
22219,0.30543002531985675
22222,0.31114262603574866
22223,0.3665651582029307
22224,0.3073963412412202
22225,0.3202001488732106
22226,0.209577250550682
22227,0.36125677770695774
22229,0.26431029630507835
22231,0.28893673461142594
22233,0.31028494008525803
22234,0.3638006343259171
22235,0.3128111159702668
22236,0.32614440826604585
22237,0.3144292008675777
22240,0.2484694692011789
22241,0.323072618106525
22242,0.32296524577261515
22243,0.3028736951555711
22245,0.318326406959364
22248,0.33219264640868007
22249,0.2899360753439554
22250,0.33500508524526695
22251,0.31421657396658986
22252,0.21854915936514785
22253,0.2952884945279883
22254,0.28578902643688336
22255,0.31215641959055773
22257,0.2915003440574513
22260,0.30614068398732536
22262,0.3186331893524111
22263,0.32368927974309086
22264,0.32411089395244125
22265,0.3118512872615473
22267,0.40432829527712694
22268,0.3002854609533908
22269,0.36377370599059433
22271,0.2114149546862612
22272,0.3049238040265291
22273,0.30066067482023406
22274,0.31289012449290193
22275,0.21904428769760698
22277,0.4216542142783755
22282,0.31212480564644607
22283,0.25560339399702936
22284,0.22869596651717333
22286,0.3183922617128093
22287,0.20725078462305635
22288,0.28968252256935784
22289,0.3183831215963335
22290,0.2742404569579086
22291,0.30902642396741986
22292,0.2509166305768497
22293,0.3055475150019259
22295,0.3035691677990111
22296,0.3341823304728733
22297,0.31072159250950404
22298,0.3069118965699213
22299,0.28604936421439864
22300,0.35035316477676215
22302,0.3579298918521596
22303,0.3599093839532549
22305,0.28423356525369503
22306,0.3115353264533562
22307,0.36848891325721855
22308,0.29356442230754703
22309,0.3141298282041885
22312,0.36977663223636437
22313,0.27429924287263285
22314,0.32327713395262503
22315,0.31018709760031904
22316,0.3555039881245495
22317,0.21233980928120377
22318,0.3272704998986673
22319,0.3609030577607745
22320,0.3074670674734457
22322,0.3350344029289968
22323,0.3600926170774684
22324,0.30989935591807394
22328,0.3196328886048044
22329,0.28832121124831056
22330,0.3014689902034658
22331,0.33261117363913606
22332,0.28584207565800024
22333,0.20824639828484137
22334,0.31014595390377464
22335,0.3153093444937322
22336,0.32362149940770885
22338,0.3609653379237006
22339,0.2948358647848008
22341,0.30127826530646895
22342,0.29722251623591156
22343,0.30969667516377586
22344,0.2286507449870195
22345,0.3389809108069938
22346,0.2606225753373721
22350,0.30199523324524313
22351,0.2879215794744374
22353,0.2973567348653049
22354,0.30477849133327045
22355,0.2943170220556828
22358,0.30053441115445273
22362,0.2958486067763092
22365,0.31807075705544974
22366,0.3136751982842061
22368,0.28529806920442263
22369,0.31102824224394143
22370,0.21601426906537805
22371,0.2850257323586703
22372,0.37542686959366495
22373,0.2946197505906108
22374,0.25728731618401546
22375,0.30701159702004754
22376,0.3326746694438709
22377,0.29191554988043344
22378,0.29341525902478693
22379,0.31290976375098245
22382,0.30775725174328183
22386,0.3212339684823742
22387,0.35085646448571167
22388,0.27544930601993856
22390,0.30994643927314014
22391,0.2595696115900403
22392,0.24790577255027058
22393,0.4014410745646948
22394,0.31407935649873264
22395,0.31259190235016154
22397,0.33287315213879987
22399,0.3364368825883611
22401,0.31313913869950305
22402,0.3016817196594294
22403,0.29253490374564145
22405,0.3617965536796429
22406,0.2888080906236894
22407,0.3440586054943988
22408,0.29948848909258163
22409,0.23372068877804503
22410,0.2941215386385586
22411,0.3835051743132128
22413,0.3338979101639749
22415,0.3074040466632833
22416,0.32973526708995327
22419,0.33243125863332157
22422,0.3272910850197989
22424,0.307401705990312
22425,0.38313196768468216
22426,0.30279548456994065
22427,0.3238404364333323
22428,0.32358145888611917
22429,0.3268335311378994
22430,0.27112770240676853
22431,0.309402916967259
22432,0.29270508558243846
22433,0.20927049538746745
22436,0.2809803250058577
22437,0.2933931790905464
22438,0.2834772468185566
22439,0.2949045714484895
22440,0.308104135719791
22441,0.28152821468421596
22442,0.2828915122098826
22443,0.32026489278920817
22444,0.27863476541230087
22446,0.19969884453542028
22447,0.3062662250616687
22448,0.3144058439146994
22449,0.3037267946818714
22450,0.3223878893733668
22451,0.3096576923123646
22452,0.3692596011806477
22454,0.22552015726928235
22455,0.4198323501950773
22457,0.3057530836005862
22459,0.3079544638448112
22460,0.3117203123914936
22461,0.28572226402564616
22462,0.3389482738721804
22464,0.29671035955631203
22465,0.3002610609507947
22466,0.3636492317257984
22470,0.3614463721060901
22474,0.32932830958614817
22476,0.28252809523859146
22477,0.3153505301731985
22479,0.32892349505437624
22480,0.38090259322547076
22482,0.29585749345718515
22485,0.28749115837944894
22486,0.3310609074905143
22487,0.28701132813486113
22488,0.2571413975596457
22489,0.2934098948716489
22492,0.30119634347023383
22493,0.32851743767028313
22495,0.3180070352252675
22497,0.3098051220480751
22499,0.30822522381649003
22500,0.28834654674110627
22502,0.3188999033571953
22507,0.3092082756215942
22508,0.19210954626477778
22510,0.2908135631484824
22512,0.3221891845404124
22513,0.2842875620801036
22515,0.3231795345537279
22518,0.32155453392827404
22519,0.288990191339961
22520,0.30866092442420245
22521,0.23319155479154202
22523,0.32516461413253994
22524,0.41879969967897945
22525,0.30977923443576955
22526,0.36508946170623013
22527,0.3044888487165317
22528,0.2920838407410682
22529,0.22288965583186224
22530,0.33197895407031386
22531,0.28653084987800936
22533,0.3016740088526332
22538,0.2923543232151597
22540,0.2163593719182229
22542,0.3229358093805913
22544,0.30722284720578813
22546,0.24375960458776957
22547,0.3638006343259171
22549,0.2863318635586099
22550,0.39518031969892337
22551,0.3747631229690295
22552,0.2851706963100678
22553,0.16240879336658037
22554,0.35349758482976773
22558,0.2150687162761975
22560,0.2747388534075214
22561,0.3492980483595565
22562,0.33237606235292744
22563,0.37969753453323796
22564,0.34484940658795893
22565,0.30700794605502146
22566,0.30069435362457075
22567,0.31309027469508255
22570,0.2883572225648628
22573,0.3075670716536024
22577,0.32399378045715893
22580,0.3186321844627947
22581,0.3000182733274446
22583,0.3500861945968056
22584,0.3144583808929389
22585,0.25988133946045544
22587,0.26718193724113704
22588,0.2962365245090545
22591,0.3482752198763044
22592,0.3541249398609751
22593,0.31299394375142714
22595,0.34835587265872836
22596,0.3625348408191648
22597,0.32445875607082153
22598,0.3175278663272251
22599,0.22225351073027286
22600,0.2988543752899536
22601,0.3130145463153301
22602,0.31904687212676414
22603,0.3382840790030694
22604,0.3809167122731518
22605,0.3238778608503121
22606,0.2596396522733296
22607,0.2960273812670524
22608,0.293135266348873
22609,0.3084788964681786
22610,0.32339372663777943
22611,0.32263673255394804
22612,0.31635486248497746
22613,0.372014257917817
22614,0.35209787968344386
22615,0.235119123992689
22618,0.28879136308071174
22621,0.29435441364558657
22622,0.2862969371077449
22624,0.2847479642331175
22626,0.3300810416911718
22627,0.28799765780179043
22628,0.28296778527624955
22629,0.2942744287217177
22630,0.28624025189913804
22631,0.27467610336429726
22633,0.28866701887835783
22634,0.2999010635105797
22635,0.31460579849016335
22637,0.2680204851674552
22639,0.33356189866122377
22641,0.2936097027383159
22642,0.33770534547067665
22643,0.2920477704230911
22644,0.4213979902782862
22646,0.2729110271485403
22647,0.349149579283195
22648,0.3091819216598595
22650,0.354102495333398
22652,0.2747512536164618
22653,0.3139639144304912
22655,0.36270154939834187
22657,0.18587425976376495
22658,0.3049768225108725
22662,0.31062272346274306
22663,0.3043442764467692
22664,0.3797682395316073
22665,0.3291719716665321
22666,0.38033528020064244
22668,0.30385208489343685
22669,0.309124298315742
22670,0.3150970325442709
22671,0.3164679151736941
22672,0.2744994511758372
22673,0.21173969731431908
22676,0.3125583560449165
22678,0.31304802764656636
22682,0.30998498238736977
22683,0.30230147614167696
22684,0.29507084856299953
22685,0.2862886254689164
22686,0.31391548710728917
22687,0.35382933663791793
22688,0.2886602509598544
22690,0.2965074931138537
22691,0.2910106325149986
22692,0.28778942614584824
22694,0.2970438081433098
22695,0.30840097141166156
22696,0.21086664177971423
22697,0.37537796109432664
22699,0.36350713290094927
22702,0.37715036622139225
22704,0.24276387373246178
22705,0.30944055398681103
22706,0.3366286958511883
22709,0.23462336973929981
22711,0.3519863623061661
22712,0.2924596702891445
22714,0.31527460908542676
22715,0.26852050394789245
22716,0.26458586835701103
22717,0.3454709610470802
22718,0.2139090771492014
22720,0.40067270641981406
22721,0.24441103750866
22724,0.2857869756824491
22725,0.2966020956792434
22726,0.3826380895681446
22728,0.30082304354914796
22729,0.231214905086905
22730,0.3288622341431958
22732,0.3221127484471577
22733,0.3661559925314122
22734,0.31762029250455
22735,0.4031031501623492
22736,0.30820821584831615
22737,0.311621131621032
22738,0.1729565110011593
22739,0.3603273148865693
22740,0.3572778445774699
22742,0.31497753364262965
22743,0.310419769718807
22745,0.3077632351882279
22746,0.19941385459426525
22748,0.4213979902782862
22749,0.33409624463113485
22751,0.29716625797866913
22752,0.3119326793780153
22753,0.4074310851278893
22756,0.2777907399181629
22757,0.19390622454677947
22758,0.36496062789500605
22759,0.2818158387197103
22762,0.2942808292771969
22763,0.3510074723819539
22764,0.2999465168743635
22766,0.23712971670487953
22768,0.22184011419787544
22769,0.28767460835096925
22770,0.2930588922203921
22772,0.3691114469389415
22773,0.2968676620389674
22775,0.3166798296008746
22776,0.36262884291613984
22777,0.29956389186311627
22779,0.24146977291892113
22780,0.32250167310903644
22781,0.42247235070073264
22783,0.3478808106360716
22784,0.3255594906444257
22786,0.3295374223573697
22789,0.30451000870522454
22791,0.2082399400827359
22793,0.32534976338106947
22794,0.3234492847427777
22795,0.25770129716931
22796,0.2255943824063642
22798,0.3216457083037581
22800,0.3030918782791018
22801,0.31772837288521866
22802,0.3326358515179016
22804,0.21176531440017393
22808,0.28645469263033135
22810,0.40462509484606435
22811,0.3031796443740354
22812,0.23140412843686176
22813,0.3074361551011787
22814,0.3232094569046874
22816,0.301768441693547
22818,0.3035856777012874
22820,0.3677497725388077
22821,0.21625463858544247
22823,0.3159157603127276
22824,0.3232187310342083
22825,0.2931140641817788
22826,0.3787639030380473
22828,0.2735159307372128
22829,0.3786256738457434
22830,0.33436345362069975
22831,0.3293924525658581
22832,0.3124188452966898
22833,0.2133236125202623
22836,0.31052054833074866
22839,0.2762542805795629
22840,0.21825892259029675
22841,0.30709704927075887
22842,0.2891494813751252
22845,0.35338897491110677
22846,0.28170466549046647
22847,0.3056599777723812
22848,0.2857956296474631
22851,0.30644639474134344
22853,0.2767552482271114
22855,0.305499526670129
22859,0.2962389630638531
22860,0.41827455093528054
22861,0.283134995682746
22862,0.3663754508771969
22864,0.30071975464679396
22865,0.1694782754829031
22870,0.3234052875841934
22871,0.3196903579632847
22873,0.29017738410663996
22874,0.3178650491939755
22875,0.3220467962954612
22876,0.31241857198862877
22877,0.40206359839110495
22878,0.2886245202185619
22879,0.40206359839110495
22880,0.3103383114456702
22882,0.2889595935691869
22883,0.3770060845992059
22884,0.31580572912297067
22886,0.14964409044000238
22887,0.29654996092646363
22888,0.3071464175664535
22889,0.31690097657138555
22890,0.3475085192070362
22891,0.16440027963044626
22894,0.30521123952924456
22897,0.3228781565843323
22898,0.37157999754898136
22899,0.22495034687189924
22900,0.2168025758645286
22901,0.29050177549706035
22904,0.2807012276033791
22905,0.3229231390988363
22906,0.335807095741071
22907,0.33124705983365743
22908,0.3066390427205417
22909,0.24807780847184607
22910,0.32229461763942185
22911,0.29841931428360147
22913,0.30982319349402293
22915,0.31302193097744624
22918,0.2785726672868064
22919,0.3655238561121632
22921,0.3723368498377424
22922,0.21550967277237992
22923,0.29855177497786134
22925,0.32259386791696426
22926,0.2736386530048684
22927,0.33154878051958364
22928,0.3076875152627052
22929,0.3696666372446025
22930,0.29479983546067934
22933,0.29562390831687746
22934,0.31931006297577713
22935,0.28879807402127644
22936,0.3275212241370039
22937,0.31409053924517993
22938,0.3200014148549672
22940,0.28136961971259444
22941,0.4195630977994312
22943,0.3172585212823094
22945,0.2644727795330435
22946,0.3116795750626397
22947,0.34683078602789436
22948,0.36294339432429323
22949,0.37452598289587874
22950,0.32219699983589933
22951,0.27401381562992305
22952,0.3047887144349291
22953,0.32129075200201734
22954,0.29034160191288716
22955,0.4179573938439006
22957,0.4168197487036081
22958,0.3229572619045428
22959,0.3004514643520237
22961,0.32021247914060025
22962,0.2970083642898037
22963,0.2837137514906807
22964,0.3141610293487011
22965,0.2922630561844081
22966,0.3048166948928317
22967,0.32205774125664643
22968,0.4164043189976055
22969,0.29064619844279044
22970,0.28594828136685624
22971,0.3221689877932782
22972,0.40339311567692054
22973,0.3356647667571839
22974,0.35880594457246795
22976,0.30737547303528945
22977,0.2760796384918247
22978,0.3006828114835577
22980,0.29210609044432134
22981,0.23028315898397236
22983,0.28658273447865346
22986,0.2905733104514651
22988,0.3362945535777069
22989,0.4024190734893837
22990,0.31120039476460715
22992,0.29136397938696834
22993,0.1939056263364598
22995,0.29081925739439196
22996,0.23948891024477775
22997,0.23117378432139063
22998,0.3115934072724282
23002,0.2878836319461728
23003,0.29036486705595116
23005,0.35441613633657176
23006,0.28955844827794375
23007,0.27770003503621465
23008,0.3130279451452265
23010,0.32203273882571704
23011,0.22031738656042993
23012,0.3273383829149361
23013,0.3639615328874527
23014,0.28163727097819186
23015,0.2987491820058677
23020,0.310180122689115
23021,0.31220827878846913
23022,0.3370887725625976
23023,0.2232540047317816
23025,0.3474922654879414
23028,0.3763545272189113
23031,0.328369139207677
23032,0.40165119438106905
23033,0.2910299429647276
23034,0.2999024015073129
23035,0.3122177946830127
23036,0.31938199238348597
23037,0.21177792393494968
23039,0.4017103855862478
23040,0.2873078316919261
23041,0.2885047512265348
23043,0.2832172668145081
23046,0.30185611504764165
23048,0.22932696787044385
23051,0.32422870534567416
23052,0.2950423607891258
23053,0.32030449857912463
23055,0.32169315188412095
23056,0.29700132751666325
23059,0.32094053978934933
23060,0.3017916627730062
23062,0.3025087517782148
23063,0.30569121513733094
23065,0.30119957103009837
23066,0.29769104818703074
23067,0.30094797358994585
23070,0.317377514412987
23072,0.29605156233611285
23073,0.2879365650355412
23074,0.29648451614510374
23075,0.30226676931116087
23078,0.28986761172759173
23079,0.3258768561367542
23080,0.30682240251121085
23081,0.2162103885798144
23082,0.36297286574566595
23084,0.2878600370416489
23087,0.2945790878961978
23088,0.3135595537093646
23089,0.3273465721709742
23090,0.3216594808116712
23095,0.30491609111953927
23097,0.3157146116309446
23098,0.2080478184782354
23099,0.28349645978309324
23100,0.3163000989880814
23101,0.3203153010035777
23102,0.32967638274871214
23103,0.3435327453952258
23105,0.2854943010242273
23106,0.279245170562322
23108,0.21168816326612672
23109,0.3412896120590146
23110,0.3541217660407021
23111,0.2897580620079704
23112,0.2814213325444337
23113,0.22189494240548488
23114,0.3165196696018677
23115,0.3752633857289486
23116,0.2375475434454792
23118,0.36932401208988175
23119,0.2815794464460697
23120,0.3105496248366578
23122,0.31995009002706143
23123,0.3107914273179484
23124,0.3030670416780932
23125,0.27000789936526054
23126,0.29382501001824873
23128,0.31775970154770766
23129,0.37913953882416457
23131,0.2814824637588669
23132,0.3184081003359652
23133,0.35199615791740146
23134,0.3256538640322494
23135,0.2992351294273632
23136,0.2850096827257126
23137,0.2546927462591979
23139,0.31986372082512665
23142,0.1814070244052672
23143,0.3134070252622031
23146,0.310245112509809
23147,0.28656635340571646
23148,0.2964790931275323
23149,0.28834580337288007
23151,0.28998743050090237
23152,0.3115549322649141
23153,0.4032352816923467
23154,0.2832674372959112
23156,0.32956456579118915
23157,0.2916124361280994
23158,0.29978802651753145
23161,0.31203244789172346
23162,0.31720318965864935
23163,0.2865581827833136
23164,0.3407442120648472
23166,0.35852960806215
23167,0.3120688810019246
23168,0.29902866887567364
23169,0.2926779880133017
23170,0.29719627489302547
23171,0.31651904169733586
23172,0.19586363547276875
23173,0.3416385958740575
23174,0.2946992401451183
23176,0.3244972145416073
23177,0.291851113960778
23178,0.30284577124779793
23179,0.2903980190115584
23180,0.28031082420992387
23181,0.39769566017012176
23182,0.32406195467980065
23183,0.3286273670265606
23184,0.29773323627446446
23185,0.29002934749547143
23186,0.2856086720389037
23187,0.36702553043620467
23188,0.3088341959954485
23191,0.305349837161097
23192,0.3030122602664932
23193,0.3078531452430794
23194,0.30343115960910594
23196,0.2854497894667911
23197,0.30366092739012573
23198,0.32426880262487773
23199,0.23087808409454216
23201,0.3671632186657915
23202,0.3344507862901849
23203,0.29689112603944096
23204,0.2088267792843066
23205,0.32822815541214967
23206,0.29299163556381963
23207,0.22025521342511767
23209,0.3275744776150893
23211,0.2924411227155117
23212,0.2430644988264818
23214,0.29924381884085116
23215,0.2824206977119021
23216,0.316200137406584
23218,0.36548526316575203
23219,0.2899955106545838
23220,0.3228368681730399
23221,0.22828666257988894
23222,0.29428591990477243
23224,0.3025422191312074
23225,0.30673739297254077
23227,0.298015895025306
23228,0.3118670537475958
23229,0.36061204302530897
23230,0.2912422604445612
23231,0.3966176361555485
23233,0.3295480090620768
23234,0.29634269605498437
23236,0.2955503061686152
23238,0.281387484827104
23239,0.20968761660646537
23240,0.2971345915163882
23241,0.3144419620620097
23242,0.4205009049898089
23245,0.3173996640685879
23246,0.29447505686097103
23248,0.3146363517515726
23249,0.36164043062196327
23250,0.3173180756299473
23251,0.3062544604346239
23254,0.32957106665629254
23255,0.30697432064784436
23257,0.40450909500793886
23258,0.32945940615137237
23259,0.30372394607226527
23260,0.29333724887799867
23262,0.3050954128857699
23264,0.31254128618002003
23267,0.3312842972458421
23270,0.2833351907354471
23271,0.3163716974131999
23273,0.30195403697096485
23274,0.2899836994744841
23275,0.30672602896147577
23276,0.31009006211267176
23277,0.31859049625737235
23278,0.3077822660619402
23280,0.3772714907516133
23282,0.37189225886774957
23283,0.29872770192310455
23284,0.3279123089750531
23286,0.2867461447604649
23287,0.3085995273687323
23288,0.2929045839864648
23289,0.3125908691689091
23291,0.20941446607738956
23293,0.3713340750230678
23294,0.2881576374280977
23295,0.3183923590617943
23297,0.31444161597998677
23298,0.299147099788606
23299,0.31140056097248103
23304,0.3739329155826982
23305,0.2774842305899191
23306,0.2813382470526124
23307,0.23617494496120045
23309,0.34598843610197133
23310,0.3210622686658563
23311,0.34762812948501487
23313,0.28973266644549345
23314,0.32752538944092546
23315,0.3022465574013725
23318,0.2845272584416895
23319,0.19958363733952733
23320,0.304462581140832
23321,0.31445043548673834
23322,0.28755970696601324
23323,0.3292627566309471
23325,0.2846515427783388
23326,0.31418894967238575
23328,0.3981544674345253
23332,0.16687170209348595
23333,0.16589826627231558
23334,0.4218618247335981
23335,0.2965233710610322
23336,0.2958832149080729
23338,0.2168248364950854
23339,0.304075698808246
23340,0.33211594431971037
23343,0.3614867543840917
23344,0.2910239328532022
23346,0.25004835851636686
23347,0.3064368115829404
23348,0.2896387093144481
23349,0.37567404564871054
23351,0.3219204838994273
23352,0.34576413275732454
23353,0.4205659188719848
23354,0.312715571219346
23356,0.3762903442442687
23357,0.32124897759707677
23359,0.2883273061274661
23361,0.30686287332812
23364,0.31456548686491104
23365,0.2959672073992109
23366,0.36918389167233956
23367,0.2998666654888953
23368,0.3359616489676881
23369,0.2859343934416021
23371,0.32510566174170824
23372,0.31007748849215444
23373,0.29581683399372666
23377,0.2981502435738444
23378,0.30338688881414005
23385,0.3008177531689342
23387,0.21808946598777873
23388,0.3441925770055842
23392,0.26055732010386146
23394,0.3960197621325534
23395,0.3230853821538901
23397,0.3766163805869315
23398,0.2454856287185892
23399,0.2859908892752471
23401,0.29449613504912664
23402,0.30166358234496504
23404,0.3300341491214948
23407,0.3771535534011067
23409,0.3092191822996151
23410,0.31733619754864906
23411,0.19312851036523804
23412,0.31460218060927
23413,0.22384690659222073
23415,0.3128436557493455
23416,0.31438100211925546
23417,0.2861911240762479
23419,0.28725600713355365
23421,0.24810043853294428
23422,0.3036505853418551
23423,0.304125652981915
23426,0.30062148823201024
23427,0.3095019580589489
23428,0.2930790002656215
23430,0.33878028050636966
23431,0.30469404579177956
23432,0.317684411686082
23433,0.2671919543183601
23435,0.23708179717704433
23436,0.2828975078761417
23438,0.3157143226079236
23439,0.24067124226302444
23440,0.31514445728565055
23441,0.24807163927489573
23442,0.29268996372101364
23443,0.3137297234889709
23444,0.3108305526967928
23447,0.22847800623220887
23450,0.30031251329267217
23452,0.27902139431209355
23453,0.2985563581269832
23454,0.2911851081599041
23455,0.21319528246894054
23456,0.2507240531180117
23457,0.3053490514564391
23459,0.2555853487692571
23462,0.3201410448542871
23463,0.34523400466299003
23466,0.30087874871047804
23468,0.3067879932399537
23469,0.29980261238720507
23470,0.2847172844445134
23471,0.3417591706363735
23472,0.3588896755441477
23473,0.2795600940666826
23474,0.350709029296739
23476,0.30707666785402943
23477,0.2797407289879776
23478,0.2937170608077454
23479,0.3601109014029985
23480,0.297501297346634
23481,0.3088365959178404
23482,0.2852835955332352
23483,0.3577248573950769
23484,0.31222869462768765
23486,0.2931132166366577
23487,0.29546302115539985
23488,0.30676865977061557
23489,0.28490715568299063
23490,0.3751939506576837
23492,0.310346388185044
23493,0.1851012781482723
23494,0.3812074188784726
23495,0.4031897454345948
23496,0.30446186573177525
23497,0.2995126393179938
23498,0.19998122891347195
23499,0.2825829442506602
23500,0.27441702433328086
23501,0.19412159445335816
23504,0.3350840885271215
23505,0.272942157434529
23506,0.31016067991550855
23507,0.3462080000418334
23508,0.31814843764850587
23509,0.2826175607682833
23514,0.3168221831081142
23515,0.24956516246734767
23516,0.2601859438661875
23517,0.38539210876588914
23519,0.3572667883046497
23520,0.27964195862706853
23521,0.2826518596840888
23523,0.28684956396983363
23524,0.31658702434603003
23525,0.29501936945933027
23526,0.30043235600705437
23528,0.30704247306833976
23529,0.30718608585922147
23530,0.3122179183201854
23531,0.32538195955080085
23532,0.19359406602849544
23533,0.215651395138164
23534,0.15532855838559081
23535,0.2894529186769595
23538,0.27310040898380294
23540,0.2381380797085083
23542,0.23574513498398014
23544,0.31712244037091253
23550,0.3540635819155868
23551,0.3648501413983488
23552,0.34032404459933563
23553,0.3048592586117003
23554,0.31446180777600097
23556,0.31406179848198534
23557,0.31749873351061064
23560,0.2804420592710837
23561,0.28164182520657977
23564,0.2733090410830925
23565,0.3026535524832357
23566,0.29747855114700933
23568,0.37772948718313065
23569,0.18107253076302787
23571,0.33107279235653914
23572,0.19529590804770536
23573,0.3023278653144455
23574,0.30804006624645774
23575,0.2908166158686636
23576,0.3012601872084415
23577,0.28972020538857174
23578,0.36134590157406843
23581,0.3678424320947325
23582,0.31461851623006937
23583,0.28338628025702095
23584,0.30712743139680176
23585,0.23842458864203903
23586,0.3101929196380715
23590,0.2773622172103174
23592,0.2114920191903955
23593,0.293770747789401
23596,0.31880470757487145
23598,0.312237747191538
23599,0.2919706503363021
23602,0.30054740796946744
23603,0.3605616774110472
23604,0.3619249213614021
23606,0.2902851815717156
23607,0.28600364568932346
23608,0.2356924671382615
23609,0.3578218107564376
23610,0.3255697945212108
23611,0.2148092078296261
23612,0.25066820896599695
23614,0.22279196144088237
23615,0.30038582267511393
23616,0.2975213586622631
23618,0.3007600957916057
23619,0.3046043779931578
23621,0.27392167268703904
23622,0.3023104575223602
23625,0.3045491287662442
23626,0.3062269591836216
23629,0.3052915142454745
23632,0.28951501365317217
23633,0.31557387494980765
23634,0.2873769422524589
23636,0.30779161463751004
23642,0.32081201535572434
23643,0.2801842583854551
23645,0.30616222825210326
23646,0.3328050348335098
23647,0.306264589630253
23649,0.37707069616886807
23651,0.28593424725887256
23652,0.2842000958432407
23653,0.20382445817493247
23654,0.41753117563711506
23655,0.30218046401275134
23656,0.2967581945429111
23659,0.2978467645411118
23661,0.22272463498251405
23662,0.29806776240618554
23663,0.3360153106030478
23664,0.3196785891769068
23665,0.2876279051837449
23666,0.33911652753065824
23667,0.29318946713416105
23668,0.2150340526338944
23669,0.3350678922013546
23670,0.2876117797694797
23671,0.3122755391259946
23673,0.28792069990527
23674,0.28863026542209586
23675,0.31292369013595245
23676,0.36643892064084355
23679,0.33884637431969156
23680,0.3135595537093646
23681,0.29662459000103353
23684,0.41556653483155737
23686,0.3156625083426144
23687,0.2856649009721981
23688,0.1598234083033416
23689,0.33350803621944264
23692,0.4160890278022673
23693,0.28698655817104535
23694,0.3222610866849702
23696,0.2775536424164086
23697,0.2911609477243637
23698,0.3135208175028983
23700,0.2648157250349102
23701,0.3144018525035651
23703,0.32730513483820844
23704,0.284688216108886
23706,0.2435212566002092
23707,0.3115996614685237
23711,0.277769067800688
23713,0.4035795805569767
23714,0.310333808215973
23716,0.2879273768283261
23719,0.30518796113408186
23721,0.2970189505243194
23722,0.2895599440475186
23723,0.3288087321949673
23724,0.2896967781292561
23726,0.1898811108118345
23728,0.28389859948676166
23729,0.35639182493230753
23730,0.42023732481136966
23731,0.2959684700737347
23733,0.30240738670437944
23735,0.31602213504780813
23736,0.22010318418355768
23737,0.24228855903302882
23738,0.37595256552082496
23740,0.32054246725027385
23742,0.2736463542965871
23743,0.3701300392338397
23744,0.2850987157392317
23745,0.37733993234793717
23748,0.3224749383429737
23749,0.4035795805569767
23751,0.3740820610999801
23752,0.3771918257252514
23753,0.2943686262405117
23754,0.29420085611164054
23755,0.2159915480051784
23756,0.2803265807302011
23758,0.29367175633005554
23759,0.37050144767651577
23760,0.29263771020524904
23761,0.37621610281818824
23763,0.22259611990035716
23764,0.3565194895771364
23765,0.30785752328144933
23767,0.2836918197925514
23768,0.27571941051925714
23769,0.30580474487336934
23771,0.32172279583943864
23772,0.2771651155059515
23773,0.2279267262349856
23774,0.376264328651937
23775,0.2010508451579266
23776,0.23915388287864814
23777,0.19808577395554414
23779,0.2575904369756384
23780,0.21092850884960337
23782,0.28679918412556216
23783,0.29676839426140705
23785,0.3662739890569429
23788,0.2515231399235899
23790,0.31741200182988416
23791,0.29397470547235965
23793,0.33208311893455655
23794,0.32077950945736117
23795,0.31007253340888447
23796,0.2933891416630517
23797,0.29199068794870675
23798,0.13427938176417545
23799,0.30846838393083004
23800,0.34962780968094065
23801,0.29940268864333597
23803,0.299172837677121
23804,0.27662363484993485
23806,0.2897227783471198
23807,0.33414308157824174
23808,0.22908124840645772
23809,0.28303886992453053
23810,0.3524120484801481
23815,0.3336755510350029
23816,0.3019091092650708
23818,0.29331423600779094
23819,0.40159007616369025
23821,0.3119006452491625
23823,0.30060537741835963
23824,0.29464927879785857
23825,0.31521036097712385
23829,0.298753706154894
23830,0.3288966531950568
23831,0.23046903227389465
23832,0.2945821376054012
23833,0.37699856670608045
23835,0.302015820966612
23836,0.30074698461545757
23837,0.2997040105768153
23839,0.23819515362578567
23843,0.3427642345965778
23844,0.31758233129975966
23846,0.322095115321706
23847,0.2907901813100032
23848,0.3033788898844313
23852,0.31800655744022144
23853,0.28181814066545413
23854,0.3051356602975017
23856,0.2989136367988692
23858,0.3085378620858553
23859,0.4165963561389658
23861,0.31227431822125257
23863,0.2954972968718196
23864,0.30128240021008856
23865,0.3178927904836592
23866,0.30156759236105957
23867,0.2872056041340265
23868,0.2932340070181565
23869,0.16370342379548047
23872,0.3184051002368955
23875,0.28382673407840237
23876,0.3035250727893691
23878,0.2858701805579511
23879,0.2857418803166176
23880,0.37895759814316177
23881,0.3192244426175034
23883,0.32929434699754856
23884,0.30341582446420134
23885,0.3255422214676011
23889,0.34724617201849783
23890,0.30911848745246295
23891,0.303340901478016
23892,0.32514001859408226
23893,0.34286605523705116
23894,0.30098106378403566
23895,0.27495505211152677
23896,0.2275125485937447
23897,0.3046023855646889
23898,0.32355346292594866
23899,0.24161147450728662
23900,0.18996200452659465
23901,0.28487567644874845
23904,0.29645166849876287
23906,0.37517463616483027
23908,0.31649367639312037
23909,0.3031711203010267
23910,0.3542761289909351
23911,0.33824554158533543
23912,0.30357291558707794
23913,0.32464567800517113
23914,0.36228539651685887
23915,0.3232611959123192
23916,0.3037260309638693
23917,0.31313538687381554
23918,0.2608535647811479
23919,0.37101805983639496
23920,0.2695758860595272
23921,0.31897923868122413
23922,0.34918063968708657
23923,0.3747351167447228
23924,0.30429707319806676
23926,0.29822182678553105
23928,0.3634446925519817
23929,0.3571010203911656
23930,0.30394421104723046
23931,0.22183085485940393
23932,0.2841105290038499
23933,0.29330594178691316
23935,0.3309739116137002
23936,0.30278829577052024
23937,0.28341615492394234
23938,0.3814520441101138
23939,0.30834175130088276
23940,0.3991286873253825
23941,0.31493596702978005
23942,0.3140061579260131
23943,0.18598103055196685
23945,0.3159753306321152
23946,0.2868434331416892
23947,0.29908965023149103
23948,0.4083260411015242
23949,0.339785941317239
23950,0.2994269023724939
23951,0.29529252976285075
23953,0.31441861413794125
23955,0.22523603645766205
23956,0.284614226756219
23957,0.3709297365967189
23958,0.3115407057577661
23959,0.40450909500793886
23960,0.30234879588840535
23961,0.3074492571379378
23962,0.24937235042464323
23963,0.30247973612207507
23965,0.30181991445479167
23966,0.19579637434175903
23967,0.2980651175269802
23968,0.21205173929784304
23969,0.23073573512646506
23970,0.36210478742910024
23971,0.2994930992396136
23972,0.36682436046977585
23973,0.3123407553471973
23974,0.34730054562789786
23975,0.20639211246269024
23977,0.2836879391742587
23978,0.29308070927728885
23979,0.28896151895761457
23980,0.31797209845177893
23981,0.2820820363756227
23982,0.30738049886720953
23983,0.1992555197355355
23984,0.19660140378859034
23985,0.30805118855681674
23987,0.38208574604826734
23989,0.31036503426914447
23990,0.3845667241421639
23991,0.3466953659772106
23992,0.29157829396048013
23993,0.3033716379477395
23994,0.28684377886442786
23995,0.3768911293607803
23996,0.3419465226896985
23998,0.3054236974348774
23999,0.22189320529673498
24000,0.2845203234561667
24001,0.3581126181718842
24002,0.3307854731196035
24003,0.2937350217192073
24004,0.23794729364619094
24005,0.31175816245441834
24006,0.30049486293377087
24007,0.29581976739676863
24008,0.2800503242080814
24010,0.31835104076761545
24012,0.2794976113616591
24014,0.34356855653110574
24015,0.40040331468622997
24016,0.40316260210631694
24018,0.29486024273715233
24019,0.31370191517222556
24020,0.3594556710783151
24021,0.30840427993438296
24022,0.3555169252655851
24024,0.30524555184793833
24026,0.34050891218216583
24028,0.299367749492868
24029,0.3172247848782513
24030,0.31982721221503363
24031,0.3206384687356387
24033,0.19535807681194428
24034,0.42036520992046983
24035,0.353580748888482
24036,0.3074881602825223
24038,0.28776962621243796
24039,0.313420294358492
24040,0.22427698028595172
24041,0.3104060474924667
24043,0.3696660233794007
24045,0.3616353019196409
24046,0.3014815741673082
24047,0.3014418048191083
24048,0.3757907588460157
24049,0.36200783522240404
24050,0.42188589826383366
24053,0.1536477609922774
24054,0.1918025992887028
24055,0.31547141874568996
24057,0.2809240992407273
24059,0.32104947065709427
24060,0.32487081111922855
24061,0.31346241633534233
24062,0.3005486211527678
24063,0.33483177386914
24064,0.4112556627313456
24065,0.36811100448452716
24066,0.2967179996611525
24067,0.2081960805435284
24068,0.3209649849726481
24070,0.33806075639699323
24071,0.2828600114258953
24072,0.3559462203406827
24073,0.22854233229666665
24076,0.3039159010029714
24077,0.2731970045495898
24078,0.2921540356542357
24079,0.29267825594180974
24080,0.29547334520598123
24081,0.29844654168115353
24082,0.2029303233315026
24083,0.27541448525502465
24085,0.30577560953110455
24086,0.28051746576590025
24087,0.3108248277796188
24088,0.3173569111757969
24089,0.28850081009072676
24090,0.4216542142783755
24092,0.29510777097232693
24093,0.28805442051878677
24094,0.19767236630679438
24096,0.30086751328345174
24097,0.3247933768352076
24098,0.2964911025336157
24099,0.2922369058540732
24100,0.31821628806649993
24101,0.3064385522412898
24102,0.375511636036009
24103,0.3025381354932217
24104,0.2887623833665019
24105,0.2959302296724531
24106,0.32815441171086634
24107,0.30551767736724406
24108,0.2847943780877349
24109,0.3311100292388433
24110,0.2080744415310043
24111,0.30658901068178174
24112,0.3006712070694947
24113,0.21175619442245386
24114,0.3065314973726862
24115,0.29292913374026414
24116,0.25786857541478064
24117,0.32730506544492194
24118,0.29116321808591694
24119,0.40338620219973814
24120,0.2724786073268119
24122,0.21182422411736365
24123,0.3118400787365619
24124,0.28985510367771256
24126,0.33482433294837577
24127,0.37176868245066125
24128,0.4028800278517106
24129,0.2981049786916102
24130,0.3155416165011417
24131,0.17321486502720612
24132,0.41747490235821066
24133,0.22780411994525576
24135,0.2920134531724021
24136,0.2190759870442412
24137,0.30481974553455776
24138,0.3647778689179982
24139,0.30818701649053104
24140,0.31352088290575636
24141,0.24497939768328775
24143,0.3087200055523489
24144,0.27667739289250126
24145,0.2964272092145781
24146,0.21959823748589058
24147,0.3299929904016118
24148,0.3575659507526136
24149,0.28787601461037576
24150,0.3270834516267448
24151,0.29965926570168716
24152,0.33725247400140773
24153,0.29666500609668456
24154,0.3287282335618155
24155,0.307787581534699
24156,0.30687223417890785
24157,0.3136985864961416
24158,0.3579679394231085
24159,0.3682434611723727
24160,0.3427301895664674
24161,0.2868488221565574
24162,0.24314576100883686
24163,0.2967160494390649
24166,0.422835787166269
24167,0.3071009748839659
24168,0.3787475734303139
24169,0.30332721476491453
24172,0.32452943516327837
24173,0.3020788958119969
24174,0.21277463820331285
24177,0.2425703752119938
24178,0.4178120386667464
24180,0.4002096801022048
24181,0.32054090256838724
24182,0.2934638520651449
24183,0.3229218561501068
24184,0.31764680989196037
24185,0.2180026536824097
24187,0.3086661066188239
24189,0.30324146833869975
24190,0.4039932011660618
24191,0.3175068929085948
24193,0.20628858355837912
24195,0.34831589184930806
24196,0.31726632197222016
24198,0.32383211037706966
24200,0.4154199281182745
24201,0.28262436682228276
24203,0.3066388219626098
24204,0.33374503289328167
24206,0.3131464619359541
24207,0.36317493783617827
24208,0.2879006373340711
24209,0.30528700304902484
24210,0.3024274864469222
24212,0.28284966890036745
24213,0.33029399499824363
24214,0.3199803242068375
24215,0.3272060610750506
24216,0.3496277082996064
24219,0.2906914193924685
24220,0.32346155813315175
24223,0.35143321482183515
24224,0.29288629442194364
24225,0.3087343223482212
24226,0.3724914717558501
24227,0.2835696695786807
24228,0.2664211035634749
24229,0.28306901568833726
24230,0.2821403958291394
24231,0.36504834759483995
24232,0.22775072808282748
24233,0.286209676265809
24234,0.29570201106917915
24235,0.2159780271198527
24236,0.40136504637810266
24237,0.29268016061368823
24239,0.317763674763827
24241,0.2597774660224931
24242,0.25257330822071733
24244,0.31360286044459784
24245,0.38086791580168944
24246,0.30408885572558897
24248,0.3273370409973946
24249,0.293596315133009
24250,0.3409359770519683
24251,0.29267144272021817
24252,0.2738868889724868
24253,0.2931863037039968
24255,0.3716878193751751
24257,0.3067294870879136
24259,0.28754910830482905
24260,0.2933519155114577
24261,0.3253797804596981
24263,0.32089104066625823
24264,0.3081223971205391
24265,0.30571333531650047
24266,0.3187264605561337
24267,0.3223057786696079
24268,0.4028800278517106
24270,0.3294777091093065
24271,0.3108683192780701
24272,0.232978393919576
24274,0.36162168494480873
24275,0.31138499082040905
24277,0.3171791851766935
24278,0.24647152191617605
24280,0.27320438997854646
24281,0.30641246219594476
24283,0.3186050215271561
24286,0.3248930315393332
24287,0.32226649736597973
24288,0.2870699224418858
24289,0.29154497090818743
24291,0.30529133748342674
24292,0.3416194502473101
24293,0.18044167207627748
24295,0.3068167594222525
24296,0.28250501614516554
24297,0.37437887387395036
24298,0.3218283140563216
24299,0.3307443535180762
24300,0.30259395468398914
24301,0.2941038729941842
24302,0.31604976966738446
24303,0.41879969967897945
24304,0.3646951488921667
24305,0.3153814849587338
24306,0.3191910017253806
24307,0.2850993838098181
24308,0.3247703960104278
24309,0.22864788894796198
24310,0.3130074216391577
24311,0.3094635351865808
24312,0.31714451307797054
24313,0.30247872869767545
24314,0.3025660238863994
24315,0.27956633731505126
24316,0.28681965087196293
24318,0.22899621652748856
24319,0.3700230212116674
24320,0.2993924661371886
24321,0.29808010468611257
24322,0.3700311342440565
24323,0.383698710394436
24324,0.30744221316091347
24325,0.41790367398955086
24327,0.31252989727873126
24329,0.3785321053332031
24330,0.3241261323978111
24331,0.2998856590821154
24332,0.30070950858839013
24333,0.40660053671900326
24334,0.2926733549403072
24335,0.3444184451833612
24338,0.3240644733247553
24339,0.19742405241660138
24340,0.31147064588984597
24343,0.4036431537616474
24344,0.20777157996683127
24345,0.3016035524735887
24346,0.30287327278809434
24348,0.36349696354592353
24349,0.30255612591744596
24351,0.26895129248598276
24352,0.3603972197365519
24353,0.287665924712293
24354,0.41556653483155737
24355,0.31875644774060896
24356,0.3139738715617013
24357,0.2924908757938908
24358,0.3722754533570913
24359,0.29952506055684963
24361,0.30595387987613254
24362,0.28873083815461703
24363,0.24189167759421662
24364,0.2873425130018956
24365,0.3815220531648878
24367,0.3027251494625833
24368,0.15250874074438386
24369,0.28940088088900995
24372,0.3155853802147419
24373,0.26049290917391255
24374,0.28856045038356537
24375,0.2883923286613667
24377,0.364372813144601
24378,0.26767393939117046
24379,0.4213979902782862
24380,0.2719309814194937
24381,0.29448635172302534
24382,0.28943192222901676
24383,0.3066944560902506
24384,0.2494453445430754
24385,0.27826037571836376
24386,0.2352485425578625
24387,0.31812747380822004
24388,0.2978661503468121
24389,0.28620752837472846
24390,0.23483001592470404
24392,0.28673730581160256
24394,0.3051835579976873
24395,0.35956759257230786
24396,0.41827121450614785
24398,0.3352628798238387
24399,0.19465580254773454
24400,0.19926746434754677
24401,0.26954668052769626
24402,0.28301027174418225
24403,0.3091947923048376
24404,0.3006002794399586
24405,0.3280822769001973
24406,0.3752333270000989
24407,0.2969461917289582
24408,0.30770881357750807
24409,0.3089226804575482
24410,0.21639424263556048
24411,0.24106174057692878
24412,0.2102775461772079
24413,0.2131654063729117
24414,0.30966892946335656
24416,0.3812052614492075
24417,0.3270469977984547
24419,0.2659692259359566
24420,0.2835677208564621
24421,0.2515847375238774
24422,0.2944342395698511
24425,0.3807316109371194
24426,0.23438841148686276
24427,0.34581479800225556
24429,0.33195451837428525
24432,0.2864153347182405
24433,0.28614551407255495
24434,0.3143072332818737
24435,0.4170397371127232
24436,0.31432966419325353
24437,0.2935633479541869
24439,0.2908448348690946
24440,0.3152606880845365
24441,0.320308976957447
24442,0.3441179590915903
24443,0.27642191174806846
24444,0.3024771510100586
24445,0.3051220257591833
24446,0.30778690880503334
24447,0.36416078282941167
24449,0.28048743530177134
24450,0.295793685049254
24451,0.31449727801952626
24452,0.3162506579225761
24453,0.3030940742469951
24454,0.2354523535063876
24456,0.3317687362151337
24457,0.28859560402500456
24458,0.31386798996942117
24459,0.2199267990267562
24460,0.30425058524548493
24461,0.3060804019547534
24462,0.2736120553407362
24464,0.30306190310151826
24465,0.24790345514334097
24466,0.2929232094927623
24467,0.29877724826784324
24468,0.31713229763410994
24469,0.2931212054924829
24474,0.321216814825852
24475,0.19986465346039844
24476,0.3156056890084802
24477,0.3166675006600873
24478,0.3684726595734418
24480,0.3219040844345106
24481,0.27951773030349714
24483,0.29498511818888695
24484,0.28107317576879
24485,0.3403660302077373
24486,0.38106405673337046
24487,0.29310670725006677
24488,0.289571577738026
24489,0.2964542515215911
24491,0.3043656793311337
24492,0.33505166232802247
24494,0.16506583954899973
24496,0.3102109593055602
24497,0.31138138590195025
24499,0.2917832920671557
24501,0.3007877793997272
24502,0.3751419520959865
24503,0.4092358769888093
24504,0.3805366134725832
24505,0.35319000527351174
24506,0.2964886972629857
24507,0.30232311923832844
24508,0.23450719774543752
24509,0.29203831335958164
24510,0.3035630457003612
24511,0.35643895802600534
24512,0.2359911509242664
24513,0.3209361559018921
24514,0.31364639539037964
24515,0.2997798723882692
24517,0.3618272618473983
24518,0.2137327050004762
24520,0.22654703200920476
24521,0.24437901442243062
24523,0.303675627196598
24524,0.223462424482733
24526,0.2700383473059689
24527,0.2926207144528947
24528,0.2792101149972732
24530,0.2999199070962686
24531,0.3384493859044645
24532,0.3626388576682177
24533,0.29965780518641116
24534,0.3120580626198019
24535,0.36789028730710005
24536,0.30851580996935213
24538,0.319133034069631
24539,0.2859350095693779
24540,0.380018292584641
24541,0.3046460172377502
24543,0.32155028799399565
24544,0.3094345322575645
24546,0.31600988706826105
24547,0.3462851120102059
24548,0.28666777617130984
24549,0.3275203728145645
24550,0.41740483439904585
24551,0.3081308575545028
24552,0.28298540213899737
24554,0.37152702935034676
24555,0.3716809061477808
24556,0.29511407118168653
24558,0.3580171392261623
24559,0.42075729481151736
24560,0.29034691936112367
24561,0.28666533520717563
24562,0.36061560094455397
24563,0.34741495656902466
24564,0.3274138667763983
24567,0.3012084120538158
24568,0.29051834817581884
24569,0.3393503524475853
24570,0.32373728797596624
24571,0.2770197916148328
24572,0.4035795805569767
24573,0.354324154136738
24575,0.3778880553852063
24576,0.30374762364213487
24577,0.31833030678442
24578,0.38378345659881097
24579,0.22646449246172973
24581,0.3007078137924129
24582,0.30775588147013777
24583,0.30379501579613616
24587,0.299681094055201
24588,0.30037111135744493
24589,0.3273799748966671
24591,0.3126338721511014
24592,0.20908652916485887
24593,0.3006536952877411
24594,0.3039461843309681
24595,0.3329764779345975
24596,0.30330718365115333
24597,0.2990635496091093
24599,0.2912160164392428
24600,0.3255714340799284
24601,0.2895290314798878
24603,0.415196803902154
24604,0.30341469138309307
24605,0.29434870211855596
24608,0.29418197746570846
24609,0.31785945733465404
24610,0.2760503319309952
24613,0.30799822526604437
24614,0.3247358589831867
24615,0.299114104085514
24616,0.22367313500070365
24618,0.36225988425259725
24619,0.30926703961150864
24620,0.3122596876356114
24621,0.28190560426987815
24622,0.33281052194669597
24623,0.316607708154528
24624,0.3191368162983722
24625,0.32933983364864483
24628,0.3202517811863192
24629,0.30931072850206176
24630,0.34711566887995693
24631,0.371639475140572
24632,0.35905315247272995
24633,0.31787433604754217
24634,0.35234066903316397
24635,0.3279485753216858
24636,0.29265034185488403
24637,0.3613205170993181
24638,0.20878361151559272
24639,0.2994374525029416
24640,0.3166851175662083
24641,0.3093731741451982
24642,0.22642486642337226
24643,0.29077776885924594
24644,0.26996628611571816
24645,0.2952156147777138
24646,0.29568212489473467
24647,0.2736146550021147
24648,0.3443600404060262
24649,0.302377655323831
24650,0.2834931089010443
24651,0.30621749484643873
24652,0.2628816721827249
24653,0.4138643230974992
24654,0.37279419200754715
24655,0.3357396520427756
24656,0.30253942973418757
24657,0.3152615536146116
24658,0.2117868318593788
24659,0.31300916594906586
24660,0.3108649564539398
24661,0.40018221763337514
24662,0.28666801019479965
24663,0.371155850696244
24664,0.2908344331316157
24665,0.30561523607047814
24666,0.2866576800950005
24667,0.2834685303375845
24668,0.300867514547115
24669,0.2822731374093904
24670,0.41954828352052254
24671,0.32048055273361864
24672,0.42037311755905726
24673,0.30849011552851446
24674,0.2976509426185056
24675,0.30274171293014934
24676,0.29615091185505027
24677,0.38295065087679814
24678,0.27327794722392285
24679,0.3092641499303672
24680,0.29610782184406376
24681,0.31312351204431654
24682,0.29063765601133407
24683,0.3245101408301657
24684,0.37706659383871016
24685,0.2923237078226835
24686,0.32477990328009637
24687,0.31539187917951794
24688,0.2763929782405735
24689,0.2905397739241021
24690,0.3007360837730947
24691,0.3089090219369727
24692,0.23227207145055032
24693,0.3217605778610819
24694,0.2890155786694834
24695,0.3464061748409589
24696,0.3106695795646056
24697,0.3146547933280125
24698,0.3175379237974432
24699,0.2630832878124231
24700,0.22660289901802755
24701,0.33242263540341166
24702,0.41827455093528054
24703,0.29388135233929513
24704,0.3123558868469953
24705,0.3555584152341875
24706,0.31815868962698124
24707,0.29052778993632605
24708,0.2972773886047053
24709,0.2985919669128557
24710,0.28997678644739494
24711,0.3137631296610383
24712,0.32060402304365865
24713,0.28391941272848625
24714,0.40231045047645464
24715,0.20897031549745715
24716,0.2614594736838028
24717,0.3033922433756939
24718,0.2945652547185643
24719,0.30138421062471127
24720,0.3412504779388205
24721,0.33648678464232057
24722,0.2975878222725254
24723,0.2988486365784197
24724,0.22601109257143656
24725,0.4147076083720141
24726,0.32485915051673003
24727,0.29626325356556127
24728,0.28270183860642
24729,0.31443472195996763
24730,0.3153176318217236
24731,0.3007696660254674
24732,0.40539813946412834
24733,0.2868563305469525
24734,0.30298862158922246
24735,0.28357372256938296
24736,0.41711553041327176
24737,0.404931651222068
24738,0.3739414400505306
24739,0.3366422029343727
24740,0.2979869654506291
24741,0.3064984467356314
24742,0.3311646478482864
24743,0.21307067110068573
24744,0.29477231210044674
24745,0.2765464280786999
24746,0.31247098700576853
24747,0.2854106794966284
24748,0.32003298762404003
24749,0.33390772116434825
24750,0.1692183453529003
24751,0.29701150327863535
24752,0.29058678695400303
24753,0.27402611722126274
24754,0.37044525415986346
24755,0.41790367398955086
24756,0.33328045748795365
24757,0.3541667336754145
24758,0.23186391167647447
24759,0.3109624880102966
24760,0.3225694458078218
24761,0.3087818122500658
24762,0.2909929990625568
24763,0.1845240664490431
24764,0.31044932582340173
24765,0.2920306654728177
24766,0.31207904723866126
24767,0.3011503424859435
24768,0.3227150824655226
24769,0.30100856427544415
24770,0.28334761894283766
24771,0.30995047512079227
24772,0.3359600507446829
24773,0.27543162928440396
24774,0.2997044344751456
24775,0.34900704901916185
24776,0.33337992532394783
24777,0.20785711213754524
24778,0.2987951072863967
24779,0.3022457818599357
24780,0.32391007474102845
24781,0.3117031366242065
24782,0.20828299662055946
24783,0.2719011503645792
24784,0.3825947734049069
24785,0.30783682597977047
24786,0.31418194265825367
24787,0.30163531423808015
24788,0.4180403764804348
24789,0.2973470636340039
24790,0.34212148134035447
24791,0.3171049873704974
24792,0.3240930246916276
24793,0.3217434401777105
24794,0.3589912961627432
24795,0.40285608407765916
24796,0.23058374633622827
24797,0.3194313129053763
24798,0.3001336732984504
24799,0.31856030573516503
24800,0.39863621608658945
24801,0.4095638011343659
24802,0.4173985213263124
24803,0.28820338602944123
24804,0.3142439444396593
24805,0.31719837531458844
24806,0.30459401592755736
24807,0.31506030386900147
24808,0.27064615078186327
24809,0.37694687517663794
24810,0.421662165833704
24811,0.4230334729943454
24812,0.2748375324552173
24813,0.28231452034095345
24814,0.30999921875663494
24815,0.2795644667883679
24816,0.2925950382860582
24817,0.31241264012324566
24818,0.2805312031494522
24819,0.2809426620227472
24820,0.22404322574646002
24821,0.4183108782572514
24822,0.28402826051213986
24823,0.3780689629934681
24824,0.2845737502432838
24825,0.33050621323435275
24826,0.28591429946810865
24827,0.37988482571691334
24828,0.33347324550586654
24829,0.2823421679338297
24830,0.291724823716587
24831,0.32422125926646256
24832,0.29240818428923243
24833,0.2844827461338968
24834,0.32634576195493553
24835,0.2744212989244542
24836,0.30527502149768154
24837,0.3684797503393921
24838,0.3024840622052173
24839,0.40163790388423304
24840,0.31241911873788525
24841,0.2953886032586238
24842,0.19057038409622407
24843,0.29927527162947665
24844,0.29185295411155987
24845,0.24640421644146948
24846,0.294142627470823
24847,0.3882817624465533
24848,0.3251619423012498
24849,0.32082516417492335
24850,0.29452944569585393
24851,0.3016620389397605
24852,0.29542717216502445
24853,0.3157166898573335
24854,0.3033410785707341
24855,0.21706256327647058
24856,0.3071276687948212
24857,0.4040704497311439
24858,0.24223594873208354
24859,0.42240167782896165
24860,0.40018221763337514
24861,0.30493335100149854
24862,0.33120194687324817
24863,0.3493864708629534
24864,0.4180779547110436
24865,0.16650526518584918
24866,0.32405857404274285
24867,0.3669950066174688
24868,0.2870564680883023
24869,0.29999413280344145
24870,0.29318699126304315
24871,0.308424238624974
24872,0.30998236103595833
24873,0.3377243706008782
24874,0.3163578537434199
24875,0.36403609493021893
24876,0.31589330479374633
24877,0.31834707941170065
24878,0.40158258246075257
24879,0.2906880589819143
24880,0.2199497417125289
24881,0.32370467326204655
24882,0.30085693080689263
24883,0.35817201963411416
24884,0.33080518222061445
24885,0.3009571867314142
24886,0.31319161912742494
24887,0.2811024505381607
24888,0.2853245782938391
24889,0.2997195086815707
24890,0.4013784216163775
24891,0.30168739800712735
24892,0.37582487433733747
24893,0.2816138547916105
24894,0.2960199100106146
24895,0.29660796527833627
24896,0.3241325045423653
24897,0.22169618385475243
24898,0.40462509484606435
24899,0.3210451064210668
24900,0.23220678777997616
24901,0.37478295863732797
24902,0.2835671661074264
24903,0.3190019117630715
24904,0.20869057254677717
24905,0.3195112835362454
24906,0.26818027731984834
24907,0.3063937080288505
24908,0.364846367757921
24909,0.2955760083587136
24910,0.3034339144311434
24911,0.3296790216218529
24912,0.20164110648372954
24913,0.2911365170185747
24914,0.23131105475494182
24915,0.30387545123892895
24916,0.1927630523538131
24917,0.3147213271531025
24918,0.2071819516046992
24919,0.31749053236246494
24920,0.29793708483150205
24921,0.3028054165136761
24922,0.28417904666870886
24923,0.3677658133994766
24924,0.34396039831276976
24925,0.3073410884046852
24926,0.18821309194200814
24927,0.3716201205365945
24928,0.30157504730489604
24929,0.41671131325588123
24930,0.37223990382713323
24931,0.3979123093985281
24932,0.29347205215194383
24933,0.33198324321060246
24934,0.2940359013669289
24935,0.3044485124772069
24936,0.42278045194956554
24937,0.2993144245869292
24938,0.2883371069099341
24939,0.3670202264444986
24940,0.31823109248500925
24941,0.2971973134173733
24942,0.34333084887341225
24943,0.22608889889627526
24944,0.36594093329723365
24945,0.40721783127391964
24946,0.36236852711415746
24947,0.42098913132464694
24948,0.29015962127030687
24949,0.2948253685159316
24950,0.2758649572206828
24951,0.4045382149716697
24952,0.24319168664142304
24953,0.3336380377692468
24954,0.33104211595283944
24955,0.2723151446343377
24956,0.3092548596405443
24957,0.30573163310226226
24958,0.23799604024375495
24959,0.29292701601135335
24960,0.32319913020674973
24961,0.2872655213000709
24962,0.4083260411015242
24963,0.3153335350019949
24964,0.31630942478473945
24965,0.3337164173657401
24966,0.2980623011731789
24967,0.19061000965250746
24968,0.3999611684395471
24969,0.29526703626207423
24970,0.3647745309421193
24971,0.33044337114164624
24972,0.2052755474750761
24973,0.3247591358321726
24974,0.400950772040724
24975,0.3102671414922261
24976,0.35741932210187566
24977,0.3021725487862795
24978,0.30829130647368874
24979,0.29448378455437496
24980,0.188989158084716
24981,0.2941839132539526
24982,0.37394436368449285
24983,0.308428681961444
24984,0.3144200448228165
24985,0.3186509663258278
24986,0.29397998898954714
24987,0.318509106956161
24988,0.3134558758038903
24989,0.3756958330260967
24990,0.30017344559238157
24991,0.36952158548015646
24992,0.350991259781229
24993,0.357755871177197
24994,0.30349317716023405
24995,0.30531207152097795
24996,0.20075397727528993
24997,0.29610065837039423
24998,0.31677230504452303
24999,0.32198174018040027
25000,0.3010754961353185
25001,0.28960041125332736
25002,0.30612254570929515
25003,0.3162186878381935
25004,0.33045364781612385
25005,0.28512462143460127
25006,0.30657636968505303
25007,0.16336075320980786
25008,0.30699634361900063
25009,0.3282947976379246
25010,0.32051660092364814
25011,0.3100968637070277
25012,0.2063401942512835
25013,0.3118952726560881
25014,0.3045289439447054
25015,0.2919940456052105
25016,0.36530687551779334
25017,0.42076605019976276
25018,0.3242434978748179
25019,0.3048887372690572
25020,0.3490530095844146
25021,0.30618149844019776
25022,0.30555706173525304
25023,0.281778052212185
25024,0.31196713505261486
25025,0.3233309125071594
25026,0.4022708925320654
25027,0.3237080966894771
25028,0.20185097146634334
25029,0.305545873727486
25030,0.3231751559254239
25031,0.4183008600884744
25032,0.2301107366519627
25033,0.29035318473188243
25034,0.35432075111705397
25035,0.31191756509316454
25036,0.26600797276548616
25037,0.4233206514334343
25038,0.3126206636545177
25039,0.40381274368113973
25040,0.2135942570299154
25041,0.3676889736025767
25042,0.30703350091433546
25043,0.289448788014869
25044,0.32243298225933126
25045,0.324998418014581
25046,0.39742699994480507
25047,0.2335759201999288
25048,0.3540507011633734
25049,0.4205009049898089
25050,0.3722592071249371
25051,0.29156917899078244
25052,0.32243009051354266
25053,0.23183168551266625
25054,0.3616923896459367
25055,0.3247232762670705
25056,0.32662933089045965
25057,0.3134621084126602
25058,0.2995613638264321
25059,0.31908599872818655
25060,0.40030467390756597
25061,0.292136597187982
25062,0.3035395318938839
25063,0.40839975795732286
25064,0.360103990201921
25065,0.22740375073692223
25066,0.3228140929132725
25067,0.28651739095948386
25068,0.2952200413913442
25069,0.32981125751873297
25070,0.40379982280882326
25071,0.30676113109464564
25072,0.30965292419229096
25073,0.40096601760634165
25074,0.316158733121904
25075,0.306815463977743
25076,0.30870369608878884
25077,0.3134342370538701
25078,0.21948450432687627
25079,0.3121816791189054
25080,0.4216542142783755
25081,0.29957340580828873
25082,0.34743486293864273
25083,0.3055433136487167
25084,0.3257472149591438
25085,0.3966176361555485
25086,0.30406372346947563
25087,0.4034474760640589
25088,0.30063469035429163
25089,0.33024291590333776
25090,0.2587919160695549
25091,0.40421147423697923
25092,0.3496645198439791
25093,0.39715901067788006
25094,0.37771448626671567
25095,0.3290330961817292
25096,0.30747973458950784
25097,0.40372678272567475
25098,0.3766336281866027
25099,0.360062651432525
25100,0.37640738159734954
25101,0.29716693582754844
25102,0.37706714650311235
25103,0.33745805344932117
25104,0.3091618202619775
25105,0.2861291601882111
25106,0.27225517984613584
25107,0.3104843589851134
25108,0.40399621380553263
25109,0.2984441494094444
25110,0.3091660039167886
25111,0.28782985790130755
25112,0.32569742366724164
25113,0.3618771814739211
25114,0.3258481157791071
25115,0.3710568483110877
25116,0.3726550393785577
25117,0.28366330025277364
25118,0.29166302647575504
25119,0.30231969733269315
25120,0.21773361442731654
25121,0.26746085289401267
25122,0.37573362312652386
25123,0.33911425701691666
25124,0.30719276279707636
25125,0.28350814608876695
25126,0.37232110134901264
25127,0.3656444724207015
25128,0.42188589826383366
25129,0.31249297095178297
25130,0.32310254198481736
25131,0.3023635747430782
25132,0.2817086770617562
25133,0.3049198841119982
25134,0.20072826484227102
25135,0.2901874953398974
25136,0.2794495460484124
25137,0.2819251455316452
25138,0.3129667303503656
25139,0.302332771197635
25140,0.297768495812779
25141,0.30918833865598044
25142,0.3139627087700047
25143,0.1624077648703292
25144,0.2895490708297412
25145,0.3227633770067439
25146,0.34599762368610126
25147,0.32380075710690787
25148,0.3475085192070362
25149,0.3779497637800875
25150,0.2881924117925736
25151,0.30517922197655756
25152,0.2212953256636647
25153,0.3000661943964885
25154,0.4037605738609116
25155,0.29846351145285765
25156,0.3117021424209777
25157,0.28999886419297116
25158,0.25697040342498345
25159,0.32054090256838724
25160,0.28714672864416624
25161,0.3357317243330308
25162,0.3057728213555943
25163,0.2736189989515688
25164,0.30606070410940545
25165,0.29684874500283176
25166,0.21803008403670077
25167,0.3158902975643581
25168,0.32947640250195154
25169,0.19956088510429285
25170,0.3112268921959252
25171,0.33287542513277146
25172,0.29304576192792064
25173,0.24251703064848867
25174,0.32787465538923644
25175,0.32027535042690053
25176,0.21237701068706893
25177,0.3170835860157579
25178,0.2888766346797347
25179,0.30584397267003327
25180,0.3181766760521993
25181,0.25657303796444764
25182,0.4083260411015242
25183,0.29977391221791966
25184,0.30596955579607665
25185,0.30134955436979205
25186,0.3327757537606998
25187,0.2847627234614172
25188,0.3155564717418052
25189,0.2953073523447684
25190,0.3240498753651785
25191,0.3723222728274058
25192,0.42382667778516364
25193,0.3326246810428399
25194,0.29806745258564926
25195,0.40067270641981406
25196,0.302313791981854
25197,0.30555088037044437
25198,0.23054787789360298
25199,0.37549674227285423
25200,0.307685545004057
25201,0.4024190734893837
25202,0.2687503284706312
25203,0.2873474434311672
25204,0.2942881136187311
25205,0.3633244934826207
25206,0.28535193034957673
25207,0.2758162242308401
25208,0.29367863660685
25209,0.35719816005815747
25210,0.3109146658222347
25211,0.2641918633964976
25212,0.40268887354750277
25213,0.28653652211047986
25214,0.30733901105248584
25215,0.3011044799801934
25216,0.3462818260043351
25217,0.34994862182338476
25218,0.2869202918119985
25219,0.3222328916995434
25220,0.3211167836896498
25221,0.3771685431078726
25222,0.30317657552404
25223,0.2941441268370744
25224,0.3087323985259152
25225,0.33302881911201326
25226,0.3978147933880809
25227,0.2986443407582733
25228,0.3334555120399333
25229,0.29796209403536883
25230,0.3207654591768387
25231,0.2857161927892555
25232,0.3006733240688801
25233,0.32376499507946305
25234,0.4013784216163775
25235,0.3015781342544023
25236,0.3215493180908221
25237,0.40018221763337514
25238,0.3399994018686488
25239,0.2861392373199563
25240,0.4060624469756652
25241,0.30133090512116373
25242,0.2798089047895136
25243,0.29767524385803423
25244,0.4188432353907321
25245,0.3098494363542874
25246,0.319556692067488
25247,0.3139836702867097
25248,0.1902197338513351
25249,0.3212643775098796
25250,0.28414807690577726
25251,0.31018643252573713
25252,0.3538874464768681
25253,0.22436137166830705
25254,0.31142042927400615
25255,0.3767292009170925
25256,0.3032789309131849
25257,0.2727551523938329
25258,0.315736009594314
25259,0.3039734781097704
25260,0.37486557876632387
25261,0.35215285887207765
25262,0.3316969773521697
25263,0.31361780655307736
25264,0.2894707007686074
25265,0.3031591732542379
25266,0.2906628224500102
25267,0.30891001212413455
25268,0.297389510958661
25269,0.3461588876119392
25270,0.2860023531740693
25271,0.1724352550458316
25272,0.29235109343469695
25273,0.40490772933843094
25274,0.2630540267496717
25275,0.3593615131084231
25276,0.28966183495026343
25277,0.2724876783585308
25278,0.36805223060037484
25279,0.32899916611926394
25280,0.40089147584582474
25281,0.37186493433129786
25282,0.3331255655659222
25283,0.3397717592322186
25284,0.34691606249640766
25285,0.3186092940081133
25286,0.29812294684043417
25287,0.25117098478885636
25288,0.30328143108134675
25289,0.31580895132902764
25290,0.2969858038018029
25291,0.2976859145069309
25292,0.27946451892775165
25293,0.36851720402007715
25294,0.38561998032774725
25295,0.3130603658258078
25296,0.30774958251552353
25297,0.31348772336374575
25298,0.23847659034579455
25299,0.3091849483231656
25300,0.23301236639184597
25301,0.32179272812223636
25302,0.2946991075245342
25303,0.300997355891559
25304,0.3157832328604738
25305,0.3787500214104031
25306,0.32924640143249556
25307,0.2853157021052666
25308,0.2758928782514245
25309,0.2885358262407321
25310,0.2795292506907734
25311,0.3377500181209976
25312,0.28488111541448585
25313,0.30330200874846946
25314,0.31969464645481105
25315,0.29557641076198693
25316,0.22054797306335938
25317,0.24459654923149957
25318,0.3404233806974041
25319,0.27287500663607595
25320,0.3570230319005402
25321,0.2744036181321977
25322,0.3131930178066293
25323,0.29812759144217216
25324,0.3824956009102071
25325,0.30946371909544945
25326,0.3580578757492504
25327,0.3638749773095235
25328,0.32901693604945637
25329,0.30091751171197934
25330,0.30649729660084035
25331,0.18539016977623607
25332,0.33030985315084416
25333,0.29032460245314373
25334,0.4049840057621121
25335,0.3562672578358017
25336,0.40193212771883097
25337,0.36526465535965036
25338,0.19324459469841818
25339,0.35484171635057293
25340,0.284751029436936
25341,0.32240894457800207
25342,0.279451597754426
25343,0.39750862609715
25344,0.3626484785372677
25345,0.307685787747404
25346,0.3336503811569135
25347,0.31668753626961155
25348,0.3199110602588386
25349,0.30088760796114933
25350,0.29974223352261176
25351,0.29421589120182673
25352,0.25821142221651083
25353,0.3050938079455542
25354,0.2947694563528028
25355,0.33119904808236983
25356,0.2968906935958579
25357,0.2044477150441648
25358,0.3667821123989874
25359,0.42293128507003963
25360,0.2892288414512346
25361,0.3011940062196629
25362,0.3657494395864338
25363,0.27359449155499366
25364,0.2944339590249859
25365,0.3108102255815021
25366,0.4047511184966641
25367,0.30265475654201635
25368,0.28920360491499547
25369,0.28931144592353136
25370,0.28344714263663146
25371,0.3147796921711836
25372,0.30339712472574265
25373,0.3748364216537135
25374,0.37325036682723034
25375,0.3804762890161583
25376,0.2856719321973214
25377,0.42194222725663744
25378,0.27590297707320427
25379,0.289009297762144
25380,0.17832804110029143
25381,0.2268040105697837
25382,0.2860295016783172
25383,0.308875188696877
25384,0.30747967598664955
25385,0.28734501327198037
25386,0.4008951477019126
25387,0.2691935867184901
25388,0.3230316231460176
25389,0.2763988777811129
25390,0.38427839507239764
25391,0.28861575968826175
25392,0.29614588590841834
25393,0.30554655117427854
25394,0.2766563418120024
25395,0.40421147423697923
25396,0.3166852184542014
25397,0.22819501209404716
25398,0.32804185140263975
25399,0.3086077090635632
25400,0.3191115713529558
25401,0.31964637451356914
25402,0.3529241835510836
25403,0.3775335123665197
25404,0.3080000322041177
25405,0.2835054980063844
25406,0.24816357004752093
25407,0.3073289737878886
25408,0.3099406736092739
25409,0.31941120811318124
25410,0.3764213593657725
25411,0.2887225052275865
25412,0.4154722636060164
25413,0.31387898738262465
25414,0.37520003938645474
25415,0.3173843079038928
25416,0.3120344650294202
25417,0.30630196116505576
25418,0.36016556222634655
25419,0.2975095392605647
25420,0.28810668542141504
25421,0.29243242908300343
25422,0.3578518380879068
25423,0.42023732481136966
25424,0.332616519158354
25425,0.28673356035439757
25426,0.3763619954353172
25427,0.3210497929276817
25428,0.3176778241973447
25429,0.36013842771035043
25430,0.2575197081852246
25431,0.3361923682458687
25432,0.3352246996518444
25433,0.3329326806696571
25434,0.3178171106471621
25435,0.2438196712853668
25436,0.3026702593421244
25437,0.33481577582746197
25438,0.31267800627338155
25439,0.3016622276040993
25440,0.3469919560053795
25441,0.30242571852376665
25442,0.31310638065502294
25443,0.2932935765289175
25444,0.40512548248896074
25445,0.2914590399505698
25446,0.41920253145094544
25447,0.28840487500781203
25448,0.30779991469926815
25449,0.4006871738677326
25450,0.29814741862415145
25451,0.35195333994782674
25452,0.21644386626997075
25453,0.2748123409287457
25454,0.30871354210516555
25455,0.3092060413176133
25456,0.32288243590405025
25457,0.3000656314156192
25458,0.287866964461465
25459,0.3815154338811532
25460,0.19952879564690346
25461,0.29170866128009737
25462,0.2991147404547947
25463,0.29737170159909043
25464,0.4017837107477154
25465,0.4026033880123441
25466,0.3595830224542864
25467,0.2782767004237562
25468,0.30394729173167423
25469,0.3205787113694426
25470,0.36556667160674383
25471,0.3103844860739912
25472,0.29113829838654426
25473,0.2849011688814459
25474,0.2988314049855082
25475,0.3634738307398435
25476,0.2969881378441898
25477,0.4039934653920336
25478,0.31419365820940287
25479,0.41574300252314583
25480,0.3638338793507772
25481,0.30198160058985063
25482,0.35799394340591717
25483,0.288666260122453
25484,0.3107159060545742
25485,0.305972091198304
25486,0.35192602787716387
25487,0.4047388822881544
25488,0.36394336413044237
25489,0.2959517726306025
25490,0.2774963394485258
25491,0.2891129189237284
25492,0.31997523927154015
25493,0.31961072484914166
25494,0.2920156881773465
25495,0.2546224813010665
25496,0.25402609840101525
25497,0.31285097431182984
25498,0.2192764817916672
25499,0.3210327375005798
25500,0.37492200266807096
25501,0.25899864372483766
25502,0.31370665142867765
25503,0.3224369747675155
25504,0.3484327681399918
25505,0.22934974836113067
25506,0.31398959461477705
25507,0.20945288945800988
25508,0.28359183368690877
25509,0.2973602228302754
25510,0.32801505285949284
25511,0.2985417788572824
25512,0.3979088408796311
25513,0.359772400064278
25514,0.35583082570983765
25515,0.3166545548185147
25516,0.33477537860486906
25517,0.23827707152733862
25518,0.33782109407781924
25519,0.3138568112843402
25520,0.30018666520712145
25521,0.3092071031408018
25522,0.30988427040986577
25523,0.37144441809842554
25524,0.3081908334229464
25525,0.29021847322522354
25526,0.24025022915062275
25527,0.28212964186072975
25528,0.3655818524887974
25529,0.30469605495826624
25530,0.2575782518048743
25531,0.2854925381372573
25532,0.29234501061309776
25533,0.2831204890627691
25534,0.31930963915580796
25535,0.40096601760634165
25536,0.36718126476599416
25537,0.3578897672832206
25538,0.26050434359477104
25539,0.3362241818009858
25540,0.2970325175305623
25541,0.2807414651945992
25542,0.3071352056866755
25543,0.2902712371307085
25544,0.29813411406279183
25545,0.3357281408209736
25546,0.2939844096021752
25547,0.29983963797510793
25548,0.2787776710414853
25549,0.24111775486574039
25550,0.31282201336703336
25551,0.28528629828194485
25552,0.31707075750200675
25553,0.40449358880895814
25554,0.21738180909433433
25555,0.20946509887937986
25556,0.3089749418907294
25557,0.3056306138446786
25558,0.2909280228047837
25559,0.32688633511002796
25560,0.3131680318809632
25561,0.21824359891565367
25562,0.3177803034291683
25563,0.295002732324231
25564,0.2707218240534751
25565,0.29665363082160423
25566,0.2975796303818212
25567,0.30453465208260383
25568,0.30899767810032674
25569,0.3056304297327535
25570,0.3093804726501458
25571,0.38043523989171096
25572,0.30624988384591056
25573,0.36410427059696315
25574,0.28857957177706783
25575,0.3168650237203663
25576,0.292531186922504
25577,0.30035409749806147
25578,0.31267543229036643
25579,0.26788584870847254
25580,0.337401425083918
25581,0.3608354153273759
25582,0.297167920751238
25583,0.2888647551194725
25584,0.32964770704682994
25585,0.2976767215533
25586,0.3656609315610408
25587,0.3688508092736943
25588,0.3610477267653729
25589,0.29409693980599244
25590,0.288291475433157
25591,0.3105545351806423
25592,0.28811532975995735
25593,0.31567359374272275
25594,0.29535832400682394
25595,0.2580656460723071
25596,0.3006608131450284
25597,0.19057415528060495
25598,0.37612009975513855
25599,0.2790094847769776
25600,0.31605273662382505
25601,0.2899564288802553
25602,0.2827531418423458
25603,0.35921123572094493
25604,0.3227743142711559
25605,0.27684928414092363
25606,0.3086175209166532
25607,0.28415334808662074
25608,0.3735239875118705
25609,0.28072007602337673
25610,0.29792617127985
25611,0.23593753527792355
25612,0.30420736660087194
25613,0.32071583682621657
25614,0.3790504435992852
25615,0.284654877462687
25616,0.29689114295971725
25617,0.319594486033577
25618,0.4083260411015242
25619,0.3510456897346066
25620,0.36831957663134895
25621,0.28285276678583426
25622,0.322009529496387
25623,0.3123049205627899
25624,0.2826040447116194
25625,0.3280429020495396
25626,0.3094771345162666
25627,0.4023316698839161
25628,0.2098909185402628
25629,0.19459955582947408
25630,0.3094724860375974
25631,0.37261827578292556
25632,0.29914942129991523
25633,0.28649511219301815
25634,0.287687836937403
25635,0.2946939630486609
25636,0.2935085175097871
25637,0.20297447984443356
25638,0.30763976953818745
25639,0.2931251687349335
25640,0.32806863874013403
25641,0.30028565913033267
25642,0.28462175467780837
25643,0.3338883183309294
25644,0.344887550739706
25645,0.29146197759966846
25646,0.3117665756594518
25647,0.31592208029704233
25648,0.3174662236510988
25649,0.3480649707812773
25650,0.3057778427795594
25651,0.328271375328895
25652,0.3781150207431987
25653,0.3023822641089567
25654,0.2919673906852122
25655,0.4076408934620482
25656,0.42188589826383366
25657,0.31372335060838596
25658,0.1871718139226611
25659,0.2780122746592676
25660,0.2810232302956787
25661,0.34156185171965725
25662,0.3156236633224329
25663,0.28281568422158443
25664,0.3729573714884765
25665,0.29117412299059864
25666,0.24570711250242136
25667,0.2540430888898235
25668,0.28791117190226245
25669,0.3733410973383204
25670,0.3387164586198386
25671,0.310034694944447
25672,0.33546443947954113
25673,0.23415229488022385
25674,0.29009059591087094
25675,0.29035595445680484
25676,0.3470487727990791
25677,0.297618703998792
25678,0.33687013940595634
25679,0.3284335576879054
25680,0.2885811422128501
25681,0.31247249142718453
25682,0.3183429911392209
25683,0.4213979902782862
25684,0.32930118885569226
25685,0.3019966537385722
25686,0.2856696890371362
25687,0.28764254983449145
25688,0.38152237293094954
25689,0.31571598122324324
25690,0.2914286677103846
25691,0.28533717794982427
25692,0.3073039445003155
25693,0.3214171761019474
25694,0.31643484180254977
25695,0.3028167987424786
25696,0.2860100124161554
25697,0.4059963498781888
25698,0.2803410400810443
25699,0.20769622686457304
25700,0.3005777688789675
25701,0.29952356029608096
25702,0.32427686710529013
25703,0.3756198492285333
25704,0.40165119438106905
25705,0.3141753345335591
25706,0.3169667910967504
25707,0.3698556743850838
25708,0.37214071553708694
25709,0.2858315046897394
25710,0.21007600656924316
25711,0.3655489416598811
25712,0.2757933772349407
25713,0.24779964853582867
25714,0.2270786950766973
25715,0.32976749403988914
25716,0.27857891518380484
25717,0.15973434591089652
25718,0.3207019941817422
25719,0.3404617030154079
25720,0.32560784491589745
25721,0.37315876456504965
25722,0.4216275975444274
25723,0.28140146392103044
25724,0.30462540904972385
25725,0.3020836373537116
25726,0.24480485391389656
25727,0.29829890754733146
25728,0.28698288214445083
25729,0.28212628281492586
25730,0.30962628265879777
25731,0.3160236648925986
25732,0.312884160748585
25733,0.2864522215947941
25734,0.37269729642912175
25735,0.276046402600632
25736,0.30915502466988287
25737,0.331002642244702
25738,0.34529697352375543
25739,0.21045624960770068
25740,0.30586806499400476
25741,0.3064483692204983
25742,0.3063800647651791
25743,0.2959027311347495
25744,0.2904184293505011
25745,0.2855638394101844
25746,0.3269662149226351
25747,0.29839174608189634
25748,0.31672816941183296
25749,0.37845725245204276
25750,0.3004783216136535
25751,0.4147076083720141
25752,0.3077821966496773
25753,0.40450909500793886
25754,0.3036932730678891
25755,0.1881231141667393
25756,0.31590580047838057
25757,0.3413955395110137
25758,0.26419573733219376
25759,0.3667123363902691
25760,0.2991586111332206
25761,0.28932051850404805
25762,0.2546621923679747
25763,0.27226676877941186
25764,0.28607685109258346
25765,0.31522757694177156
25766,0.28716070048709996
25767,0.4221418861565316
25768,0.29039483110947006
25769,0.304097866705805
25770,0.21964212103434322
25771,0.3635038179554648
25772,0.28746017926265316
25773,0.31871972550422056
25774,0.4002060895866243
25775,0.31654443523162346
25776,0.2854120334010351
25777,0.3490162002830096
25778,0.33912949035709805
25779,0.31580773796412687
25780,0.37654760629172995
25781,0.30249296799827535
25782,0.30717252373277787
25783,0.3186402992018438
25784,0.3115906929541846
25785,0.22859383990063242
25786,0.3015922057536783
25787,0.2963023511102684
25788,0.4047023434111465
25789,0.30411541403233394
25790,0.28042885459421923
25791,0.26800691743185867
25792,0.3084159754656642
25793,0.31326658699423343
25794,0.28781135038738004
25795,0.31248134469397304
25796,0.3079136032915939
25797,0.3387412103053559
25798,0.27698242124319344
25799,0.37208667789201666
25800,0.316018126567822
25801,0.2920128225503712
25802,0.3595222430814272
25803,0.3278105695569311
25804,0.16799785270115342
25805,0.29348339818519925
25806,0.27027903170986567
25807,0.4093084558727452
25808,0.3162844049851353
25809,0.2925943011001011
25810,0.33043281659500434
25811,0.19145232199430445
25812,0.28701506224476153
25813,0.3059576285648966
25814,0.40129676497716266
25815,0.3037302343649808
25816,0.29070952486299967
25817,0.4053830121766667
25818,0.22073205838148674
25819,0.3385702951994587
25820,0.3005360351855402
25821,0.2919411077083457
25822,0.304783695569938
25823,0.31356563622858075
25824,0.23334006831184678
25825,0.33121403058068044
25826,0.30320545902214757
25827,0.20297603394152774
25828,0.36787991111279467
25829,0.22592244857689717
25830,0.30834245565257123
25831,0.2941669199430957
25832,0.3023638122145518
25833,0.30235098664743876
25834,0.3457928044441282
25835,0.3253980877802706
25836,0.4017537388633345
25837,0.3434055407427706
25838,0.3088613515637981
25839,0.3136519831406327
25840,0.3138735592034747
25841,0.334584389593029
25842,0.2815706917591193
25843,0.2736186866360225
25844,0.34554447362579743
25845,0.3782276492441612
25846,0.23446835821298584
25847,0.27991410947417467
25848,0.22389075163580976
25849,0.2882867307261912
25850,0.30607306593576705
25851,0.272876244529179
25852,0.29589862449917836
25853,0.22009096969418654
25854,0.29994664203243104
25855,0.3098022859562425
25856,0.2976259153752185
25857,0.3311642789544199
25858,0.3742536736268034
25859,0.29242535704552397
25860,0.31999467235880774
25861,0.42188589826383366
25862,0.3085156097216276
25863,0.2598428917284601
25864,0.28285777852700966
25865,0.2875830677349789
25866,0.3672516955305824
25867,0.2989719092687193
25868,0.3620332218542114
25869,0.293099204295204
25870,0.3271865067087861
25871,0.3605736360742192
25872,0.24998784045360506
25873,0.31528411456169037
25874,0.2686143075354466
25875,0.280082726160649
25876,0.3001739319528172
25877,0.29134345584917043
25878,0.36160860856448757
25879,0.3294500356794037
25880,0.31776259640915644
25881,0.21869468456416247
25882,0.307642871710502
25883,0.31243628365011467
25884,0.29304802961315957
25885,0.3743788285549832
25886,0.40624227058844786
25887,0.3194842566169017
25888,0.30840045647312164
25889,0.3083489314692047
25890,0.31278607412587717
25891,0.29083693618408774
25892,0.318512602549864
25893,0.28932961025408976
25894,0.415196803902154
25895,0.2944281646472443
25896,0.36167555937282386
25897,0.35655629598678057
25898,0.3113543005349444
25899,0.24939395296106165
25900,0.30423368321734834
25901,0.31006248533864095
25902,0.3057243911434043
25903,0.28585220075073353
25904,0.3104941035457128
25905,0.31415251159960833
25906,0.284124912439196
25907,0.30679420479159936
25908,0.2782486867373657
25909,0.3094046297705379
25910,0.2933981978527707
25911,0.30100567904404
25912,0.32089636417867173
25913,0.35576890229767116
25914,0.311012959561374
25915,0.29455940082459026
25916,0.28348981606582085
25917,0.29590467762828
25918,0.2840093329094431
25919,0.247535338088426
25920,0.2733083765807808
25921,0.3569901785240157
25922,0.3024213248771608
25923,0.29895000968685337
25924,0.3476238581441933
25925,0.2837993746657631
25926,0.33594563676651346
25927,0.30130072609419195
25928,0.357897717256892
25929,0.28966989615753924
25930,0.2958798568127349
25931,0.2903488079313205
25932,0.31733032650442144
25933,0.31218492463993264
25934,0.30031351667587086
25935,0.2403496517904824
25936,0.30366964368223553
25937,0.2830433067680745
25938,0.20494365097374045
25939,0.3678084105713706
25940,0.3243226971398031
25941,0.3072887478251958
25942,0.27788649140864474
25943,0.3061970001337604
25944,0.3735471345253148
25945,0.289915549322607
25946,0.31298577769827113
25947,0.3785050989241014
25948,0.30342032255439705
25949,0.41844651100740576
25950,0.27675315379689547
25951,0.31780096001229563
25952,0.31960348650629317
25953,0.3082323298099808
25954,0.20234886113072473
25955,0.33012401552484183
25956,0.33469504627747826
25957,0.2908657298006346
25958,0.29148482912506657
25959,0.3064288923042552
25960,0.2987465192693697
25961,0.28890065563277234
25962,0.3660328745759973
25963,0.28234008507709885
25964,0.3292404537967193
25965,0.28481941229273094
25966,0.2921272744760324
25967,0.3190568385416932
25968,0.29759457979455683
25969,0.29113239366540633
25970,0.30963744677991756
25971,0.24011690900888685
25972,0.37311662270623747
25973,0.25449372223876704
25974,0.31678315800651946
25975,0.29585850843534073
25976,0.3139971231638325
25977,0.37152749473343616
25978,0.33786546231494324
25979,0.32168163821771906
25980,0.36378347340922246
25981,0.41926030603078335
25982,0.1985723715630307
25983,0.22597432462278713
25984,0.22862968491818988
25985,0.38087912253391387
25986,0.31157436326384513
25987,0.2812983735274652
25988,0.2976754136865405
25989,0.28732065492578923
25990,0.28480911329345415
25991,0.31092153746368467
25992,0.28813229922283234
25993,0.34848092751658216
25994,0.31213781442796384
25995,0.29655188797027215
25996,0.30852071491838323
25997,0.3181600139674638
25998,0.29479654575956005
25999,0.3254382155706388
26000,0.3188536277502244
26001,0.27402635938641184
26002,0.28804811542845243
26003,0.30359690575968024
26004,0.3078037087972425
26005,0.31568546856582674
26006,0.326219600148828
26007,0.2976919897663017
26008,0.3316686600854402
26009,0.31283373431125433
26010,0.32381823127735604
26011,0.2063672528080771
26012,0.26278919212342555
26013,0.3086487201609286
26014,0.2959666175019563
26015,0.3141881715278457
26016,0.3478254971737301
26017,0.3727842137083105
26018,0.30477893040494863
26019,0.2055805302494148
26020,0.24469205696507138
26021,0.36803446471675505
26022,0.2937382549904689
26023,0.30059475061108815
26024,0.21733375172018227
26025,0.31132927863956134
26026,0.3416539292116919
26027,0.3991286873253825
26028,0.2065194989296876
26029,0.19557112280476258
26030,0.2995639154685665
26031,0.2974541730510229
26032,0.42188589826383366
26033,0.3016565167808506
26034,0.31591680893687224
26035,0.24428765909535483
26036,0.312385740412292
26037,0.3565841782491787
26038,0.31044529341438554
26039,0.313895202444155
26040,0.3751514027704212
26041,0.31924459784043413
26042,0.21344050322712982
26043,0.28715401236932103
26044,0.2964464530989749
26045,0.31202053011930236
26046,0.31565994931297414
26047,0.3486753046704414
26048,0.294769418885335
26049,0.3750650258701853
26050,0.3157723936154536
26051,0.28624160708292745
26052,0.23080734267466146
26053,0.31784075581580284
26054,0.24181221602196423
26055,0.3093885169817695
26056,0.3788919750856186
26057,0.2859214752439978
26058,0.3433668270110737
26059,0.30322513827907216
26060,0.3208899672660117
26061,0.28025713373141437
26062,0.30175763411917245
26063,0.30949351520260926
26064,0.29170872001454673
26065,0.33618842123864173
26066,0.30414992026496745
26067,0.24301582910337532
26068,0.32413034240273975
26069,0.31217980414613355
26070,0.3735876847783878
26071,0.2854472064518404
26072,0.29296721921583224
26073,0.3238859909503487
26074,0.3131396936381613
26075,0.3080061220322
26076,0.2734508940440261
26077,0.37564372718763345
26078,0.39822420077763493
26079,0.32595799493117694
26080,0.3309655422897206
26081,0.32473371404448925
26082,0.31275703102161434
26083,0.2972633979855453
26084,0.30283767317895466
26085,0.290199000104406
26086,0.2849651319454376
26087,0.2807253289933143
26088,0.28012169882189797
26089,0.3063942737425775
26090,0.3111832808261819
26091,0.2986985164939141
26092,0.37697792685247555
26093,0.28298148566253317
26094,0.3137666751489684
26095,0.22007506841035585
26096,0.3091079066391833
26097,0.4144080899034522
26098,0.41802739812495626
26099,0.3188359534655272
26100,0.29307244822170714
26101,0.22294372266427584
26102,0.289451438966144
26103,0.35796038018044596
26104,0.39768153476711643
26105,0.23740254806582056
26106,0.23767477612820476
26107,0.30466314378997345
26108,0.2266124199568994
26109,0.3135087312609133
26110,0.3156954505054961
26111,0.2846806284043993
26112,0.2906503021961678
26113,0.2933525021415935
26114,0.30494959610920636
26115,0.2831836654615309
26116,0.2832777768873643
26117,0.3003211710230113
26118,0.32199781764672825
26119,0.3213137479499486
26120,0.4175385767032282
26121,0.3014046093696571
26122,0.30067467845277956
26123,0.28372683266613097
26124,0.37536741444620836
26125,0.30638522551845265
26126,0.2940560358110991
26127,0.26658853891417533
26128,0.22142633242945853
26129,0.28957106301950974
26130,0.1622675389894475
26131,0.30274783502585395
26132,0.2436907199709082
26133,0.3768381080203871
26134,0.2761095056879736
26135,0.3056721471104955
26136,0.29458456159112845
26137,0.30209546256976355
26138,0.31512219652293016
26139,0.2965430370096897
26140,0.3725416501778742
26141,0.22653075795720426
26142,0.38043523989171096
26143,0.2994643394968737
26144,0.3009333032101833
26145,0.3184540440338999
26146,0.2842936546697126
26147,0.19592075331957925
26148,0.3234143621205696
26149,0.27621695518911915
26150,0.24651870763633033
26151,0.2909151939650225
26152,0.3065120939040214
26153,0.26598249032207044
26154,0.35971470711401254
26155,0.3142005041162295
26156,0.29343031517799684
26157,0.320100982794688
26158,0.20514881389759784
26159,0.3139751193902557
26160,0.29528585732337037
26161,0.36345776803487106
26162,0.3026250988880105
26163,0.30581782309674554
26164,0.3774308481023537
26165,0.3267854974228207
26166,0.30255937226870167
26167,0.2815203655120242
26168,0.3400587618288531
26169,0.25437378932572663
26170,0.31462680253349157
26171,0.32811316602177104
26172,0.3686815256181465
26173,0.30127259840474735
26174,0.421662165833704
26175,0.22732211061053842
26176,0.33123547784473084
26177,0.4040180958797407
26178,0.19353896114685706
26179,0.30757336317905004
26180,0.28817485929508757
26181,0.30147339933247
26182,0.37524708194536055
26183,0.3066152264346955
26184,0.3099241474062472
26185,0.37013234659827293
26186,0.31578679186503644
26187,0.30862290109701795
26188,0.3319240251782084
26189,0.19748066827316235
26190,0.3259405017211024
26191,0.30077264281070804
26192,0.28561299177877675
26193,0.31322994548922745
26194,0.29539814145608234
26195,0.24821616906169544
26196,0.2304695489726734
26197,0.2779651158304526
26198,0.3086008819518677
26199,0.289681262606004
26200,0.38155212018998835
26201,0.3029364365959244
26202,0.3725416501778742
26203,0.34912778311679915
26204,0.2862252242582395
26205,0.38089331897766077
26206,0.2997287501707834
26207,0.3383313002075951
26208,0.41827455093528054
26209,0.33305173354921214
26210,0.3047538566614044
26211,0.4221418861565316
26212,0.23151609294908226
26213,0.3713705388020487
26214,0.4213979902782862
26215,0.3105771962221461
26216,0.31084317612058526
26217,0.308786956400509
26218,0.2850591167476343
26219,0.32509481858043526
26220,0.3101003953204021
26221,0.30713930171239334
26222,0.2936814677509364
26223,0.29814882788994757
26224,0.31538779812095163
26225,0.29373135220254665
26226,0.29301462651048044
26227,0.32120630702240827
26228,0.30253851953609445
26229,0.2999146942589983
26230,0.35645453938952754
26231,0.2204624438340146
26232,0.3154993264832115
26233,0.30692510193203937
26234,0.2922791644357388
26235,0.37640738159734954
26236,0.2868184478139079
26237,0.28906088294464055
26238,0.2858185716086782
26239,0.3799395413759777
26240,0.2942263108018346
26241,0.30162708389028714
26242,0.2861306303430433
26243,0.2942968480598189
26244,0.30940171356336515
26245,0.3021352865776128
26246,0.2926520491031017
26247,0.2880100150159285
26248,0.3081618903542232
26249,0.37708916514295543
26250,0.28669966387852164
26251,0.36434677290439477
26252,0.2978133160432537
26253,0.3113238173058417
26254,0.3190406654781496
26255,0.31388372894544553
26256,0.37699462021135155
26257,0.26368938573067124
26258,0.3778040744070044
26259,0.41556653483155737
26260,0.3160488930239217
26261,0.31175246101263904
26262,0.3062144423556016
26263,0.31404197881180324
26264,0.30532082848053443
26265,0.310710969795014
26266,0.295362091106575
26267,0.3351739289339528
26268,0.31745971164309844
26269,0.2943576624362123
26270,0.29021857222825276
26271,0.34161952248588523
26272,0.340996372878596
26273,0.3189062415634287
26274,0.29482084804097547
26275,0.29022404137083624
26276,0.31974933110545123
26277,0.33450972132637774
26278,0.3136542607414181
26279,0.293106005115953
26280,0.32710063305684356
26281,0.24844665755359163
26282,0.31673607969875633
26283,0.37218495588898926
26284,0.290235724361773
26285,0.363943657286885
26286,0.21727490037988562
26287,0.311384724544368
26288,0.3610866738210264
26289,0.2994847626725134
26290,0.3042442482402676
26291,0.2669527741022623
26292,0.33025557861915833
26293,0.3192781458965194
26294,0.41753117563711506
26295,0.22530553127560016
26296,0.2957477418622743
26297,0.2848873897310786
26298,0.21425073988437213
26299,0.2857244898975764
26300,0.2995431416977358
26301,0.3678322493295404
26302,0.2946477039889191
26303,0.2759296682454909
26304,0.28038079015195755
26305,0.36861224786978686
26306,0.3035958660203938
26307,0.2906975941789298
26308,0.379686297110939
26309,0.3555046162827577
26310,0.3229723465576113
26311,0.4213979902782862
26312,0.312549587067322
26313,0.2307314378013614
26314,0.2852734028405569
26315,0.3290970049588442
26316,0.2912083590678639
26317,0.41969312617743343
26318,0.3181035070642311
26319,0.31897452222630474
26320,0.30526420507992064
26321,0.3008120316838459
26322,0.3167807745472876
26323,0.3300034527088232
26324,0.29058453927551164
26325,0.32890123866302806
26326,0.15601285385235522
26327,0.2162488032977013
26328,0.30512380987587273
26329,0.29802792540747647
26330,0.3064885497277643
26331,0.421662165833704
26332,0.2962448298272421
26333,0.24562557855588862
26334,0.29381468201850214
26335,0.35663775205904213
26336,0.33011917600898133
26337,0.2866744722190361
26338,0.3011050375782134
26339,0.3089190913769161
26340,0.16145858681925407
26341,0.20142473124624227
26342,0.4065812926052756
26343,0.3129699791262275
26344,0.3060039514410926
26345,0.330058860926939
26346,0.32459814625264016
26347,0.2763226440860812
26348,0.31220220536101134
26349,0.2812512235754796
26350,0.3572063432710357
26351,0.3141354240004114
26352,0.3148271270770701
26353,0.21518705563049917
26354,0.19682454421111834
26355,0.290613726821168
26356,0.31046254054659295
26357,0.2854495119075891
26358,0.2993771377634157
26359,0.14992961771077745
26360,0.33324893797820393
26361,0.280190907232798
26362,0.28650554986607024
26363,0.2135458447564571
26364,0.33313417826465924
26365,0.29841506976685817
26366,0.3003635614433939
26367,0.3229371145866684
26368,0.40560573191980387
26369,0.29854978599236803
26370,0.2975687542914986
26371,0.23165733125929594
26372,0.3804801995842937
26373,0.2822194511769824
26374,0.3047218973386965
26375,0.3020326902904688
26376,0.2869570875802063
26377,0.19419405744254878
26378,0.28908246844801705
26379,0.27984145397697924
26380,0.301813994913471
26381,0.3557514296923696
26382,0.3293617865941606
26383,0.3777237596869523
26384,0.21353705691238392
26385,0.3761824368538005
26386,0.3297796440393625
26387,0.37359765635745024
26388,0.3036508360446681
26389,0.30941927936993074
26390,0.30235618104087447
26391,0.2140142194524573
26392,0.3076818483754534
26393,0.31159598760094886
26394,0.2821497479433386
26395,0.293662374172596
26396,0.31007133383367047
26397,0.29359617320659126
26398,0.2839037957886586
26399,0.31159762799388363
26400,0.20460928912234422
26401,0.30874176136183773
26402,0.3735955731048915
26403,0.32785711346890434
26404,0.31320260620719814
26405,0.18174897186903818
26406,0.35316030985512004
26407,0.2952554981885738
26408,0.3146186500776548
26409,0.29562072194163636
26410,0.2848968834253995
26411,0.3060383972824726
26412,0.20285581422865465
26413,0.3124307867467175
26414,0.36180532002543486
26415,0.2782438883389582
26416,0.33158798624874575
26417,0.34617554680511997
26418,0.3331172112140094
26419,0.4207112872039636
26420,0.2956443754513313
26421,0.3544615872160229
26422,0.2752484602063989
26423,0.3165869641328374
26424,0.3610801276847598
26425,0.2938943237150562
26426,0.27397479536804004
26427,0.3543629046829082
26428,0.31089475156771745
26429,0.2841676857701233
26430,0.2872080900188035
26431,0.29582297918980105
26432,0.26245544818475475
26433,0.2914540681415396
26434,0.29157169826781293
26435,0.23511857374178097
26436,0.2981636218632163
26437,0.28854123545887084
26438,0.31492345593239296
26439,0.3038957095666259
26440,0.28604864156590154
26441,0.30988475726194864
26442,0.33667863035191425
26443,0.30362950225282237
26444,0.28715575531476234
26445,0.2677707878796047
26446,0.3094614871793822
26447,0.3303965804622183
26448,0.280312503308651
26449,0.281493934285088
26450,0.21770731342220856
26451,0.31003102252582876
26452,0.3040191919828368
26453,0.3625767388002615
26454,0.27759093660960565
26455,0.16241760258301358
26456,0.3597444477888734
26457,0.2961058427931956
26458,0.31080057145282025
26459,0.3545255342985151
26460,0.29793114375941077
26461,0.3346240410778692
26462,0.3141451730029102
26463,0.40227525293841765
26464,0.3053666279788363
26465,0.31512567554533233
26466,0.3641282023943503
26467,0.36646611845920035
