id_cliente,prediccion
2,0.28834545840475967
3,0.19227644935619753
7,0.2852858382977511
10,0.1919732812351133
11,0.27208177440670545
12,0.15474410627196886
14,0.2754841570451373
16,0.27469679562778154
25,0.2777784421099444
32,0.2796933497167527
38,0.27218225101188775
42,0.2973500997121295
63,0.2619529266874288
65,0.27379192482143655
70,0.2746452098269623
74,0.283649832354645
76,0.28361848806874
83,0.18866486471203206
90,0.20041268017069128
98,0.30240898257861437
104,0.2650309127510208
121,0.19035884716532056
124,0.2799594155046959
125,0.2888688874852748
137,0.2970584196555204
143,0.18935937436982753
144,0.28728532374926974
157,0.28742139164229874
163,0.27081395339824393
197,0.20005802606181752
203,0.300820611154206
205,0.2750910273827051
209,0.14592738645126374
228,0.2986503073701364
231,0.293517667558853
237,0.2804536821133094
243,0.2017535973773816
247,0.2838585844855502
249,0.19678436529678262
253,0.28301603478338383
261,0.26560521940078385
263,0.13403517888523914
275,0.17589829670131435
279,0.2996131977846131
280,0.2539172325138078
292,0.27378745112731556
297,0.2685366865187388
299,0.25553647855700384
302,0.1646893522730127
304,0.2756364399353656
308,0.34643435639721937
318,0.28980441052059935
319,0.29636462465862107
323,0.20619210853441702
325,0.2895766356912114
339,0.26534881204721744
340,0.27705061200016823
355,0.27274499975791444
359,0.2820302001909012
368,0.30115537996793684
371,0.2725254832075532
378,0.27123057698931446
390,0.28326603949886003
392,0.2919715460248037
409,0.2597525968231081
412,0.1974650651475962
420,0.2847530072798371
422,0.2480145596109168
428,0.2724874675721808
429,0.16822756102384967
430,0.28259708950741774
434,0.175450377668118
437,0.301167857040887
447,0.17883221215225303
464,0.18546641399767744
466,0.2864682317108095
468,0.3323542452980042
470,0.2859836932181978
473,0.2729893406961591
475,0.1988855024930289
476,0.2857754518649785
480,0.1700278690230294
483,0.2525450424273984
487,0.28111579315950086
495,0.2856300120466802
496,0.28988447145778706
499,0.26369620144646594
502,0.20058336480831584
504,0.27337590292880287
508,0.20317881540627117
514,0.2623166254571398
515,0.28639406523170996
538,0.27265984908334934
548,0.2776979625894956
551,0.27425774661068436
553,0.2825129215854226
560,0.1733068061419658
564,0.2535327841528821
572,0.17868994115038844
577,0.1506754088671709
578,0.3523211534915723
591,0.1937265382824649
593,0.2731776139680879
604,0.266594773864591
606,0.28275531030096446
614,0.2771522042158446
616,0.1809510102529132
622,0.26552023600847285
626,0.1729569145431517
632,0.18954788810394768
637,0.17584132845163386
640,0.20850881473033467
647,0.26565442499537656
648,0.18519578513506052
653,0.2782570886509654
654,0.1828171015848984
659,0.2763659756186705
661,0.15460821777051265
670,0.17873352758895758
671,0.18273318438703723
673,0.27146623487302557
674,0.2261932915625523
682,0.27860713108827045
683,0.2498934628837616
687,0.27499232939100055
688,0.2004200344466131
689,0.29162149224859996
701,0.2574926464847991
705,0.26486341340637376
707,0.26698113891835185
710,0.2564308335676228
714,0.2642287471846694
716,0.26858604335272107
717,0.28540343020205433
729,0.20552514022766502
732,0.2767480998867165
734,0.2740368248607133
736,0.27957028395775685
742,0.17897905538841205
750,0.2756255340665068
764,0.28253700526940845
767,0.2576065709072721
768,0.28223694994852316
774,0.29487676959895304
777,0.18287582342646985
784,0.26408511337120844
785,0.2768472221032891
786,0.268568500245822
787,0.3301222371277594
788,0.2657957589926413
790,0.2886999575382082
794,0.18957647522338222
796,0.2770663904404942
802,0.19068201573762547
812,0.2791951671448256
814,0.18512412477537868
816,0.1741238231448471
817,0.26728405350748374
834,0.27640612099764805
835,0.28044021268951497
836,0.2745910394537767
837,0.25792521251074263
840,0.15726779494722676
841,0.159353711057721
854,0.1536224149218564
858,0.27041451206383776
859,0.18052655100042314
883,0.26595688280673857
887,0.18841799880419446
902,0.27417565342013195
913,0.2711279960521843
915,0.25483152923966057
916,0.29020166987892276
917,0.26141252251238395
924,0.2772354153881538
929,0.2764740457169037
933,0.2792392667867073
936,0.27815636481825723
941,0.18711162690935113
946,0.19268680836223254
948,0.1829508235082462
952,0.26632825978526076
959,0.27744629985216895
963,0.2727714919097067
965,0.1971841020816504
970,0.28863241551859725
975,0.3082221261259838
979,0.27482676757184116
982,0.26642641732752637
986,0.1461576036544
992,0.2855328147091377
1003,0.14847018538843051
1004,0.2824694396501518
1007,0.2718064885757407
1014,0.20252397679709155
1017,0.1829031622502255
1018,0.2742433524410966
1043,0.20308519338665154
1046,0.2819250504176547
1052,0.27485687697706845
1061,0.1592279981064616
1063,0.26840022536125413
1064,0.2662482614326717
1067,0.27722431974788375
1070,0.22104971347750307
1075,0.1876643288845365
1105,0.1759501164257558
1116,0.34212464181329416
1117,0.30821087888166804
1123,0.26942346615538165
1125,0.2702728740677045
1132,0.270905601264159
1160,0.17680310402677013
1161,0.2858382946110325
1165,0.19226378486419718
1171,0.3437915949659539
1181,0.22801385412070174
1185,0.2861864784976393
1197,0.2850582373497988
1202,0.2795804075526014
1205,0.14888487866963598
1206,0.28440812592517795
1213,0.28487171021317187
1216,0.18764445008451458
1228,0.27736999449712463
1232,0.2955057435600042
1238,0.20234175015351083
1241,0.19968122319646903
1246,0.2670461424458387
1258,0.2671255040368266
1263,0.31951863424951493
1289,0.23411570515958524
1301,0.27502641487870993
1302,0.18759783776423913
1303,0.2974476935298068
1312,0.23244804365787397
1314,0.2764899938010913
1322,0.23143246664363715
1326,0.17774682701169442
1328,0.19110974572561074
1334,0.2747825327149646
1336,0.2821768708799978
1337,0.18836024066925705
1338,0.2639651871652242
1340,0.2902250591594294
1361,0.28956935683648516
1365,0.3024527389296774
1368,0.3513726852392932
1370,0.20705554399820808
1378,0.2728429755287121
1381,0.2896290980718763
1388,0.283036699674108
1393,0.2754806805952434
1395,0.2504430292219756
1400,0.2422234829634292
1404,0.1887777921152239
1405,0.19951327651098105
1411,0.27915338732207823
1414,0.29463178016465424
1415,0.14916490620894526
1420,0.24970884145403557
1425,0.22352395016941612
1434,0.29564298427880825
1453,0.2818854300857331
1455,0.34262044607643627
1460,0.29080273922611743
1465,0.35036388443080474
1474,0.28564656384472165
1475,0.14845588411858704
1476,0.19696010301627992
1477,0.2702005389159968
1489,0.20420840665422674
1495,0.2554534601805344
1496,0.19447273113755184
1501,0.27514032153101503
1504,0.18657227953816358
1506,0.2918309428560264
1516,0.2828012321173998
1535,0.21529022555162192
1541,0.19213653929550045
1546,0.1827726978071976
1552,0.1863788587832496
1558,0.28751173899426175
1559,0.28474879248028456
1564,0.23547290934112913
1566,0.27324808171696513
1567,0.29933233910635515
1573,0.28213134392386857
1576,0.19628253383556404
1577,0.1910031632080022
1578,0.24562033460016894
1586,0.26953709835669915
1587,0.2017657528452359
1589,0.279849263042435
1591,0.28187916352559395
1592,0.20695740102446322
1598,0.18172989339583917
1602,0.3032914083900291
1604,0.20040928218504067
1606,0.19883825291838922
1614,0.1500388693035724
1615,0.33909996204888004
1619,0.2348719221682558
1623,0.27739319003349233
1631,0.2856437197629821
1639,0.18465782084564397
1648,0.15680794164532952
1659,0.27282567497017685
1669,0.2796647272833847
1673,0.24472881212927577
1678,0.28016618493420103
1682,0.33946536286430334
1683,0.2713551948642996
1692,0.2697412732653203
1693,0.30775581915223543
1695,0.2925721072961228
1698,0.2960427837721302
1706,0.34145779014980476
1709,0.27128561871601214
1710,0.29253742630417423
1719,0.25773188406805003
1720,0.13997632603896734
1726,0.27562891142213786
1730,0.25963335575862206
1732,0.2370026752893619
1733,0.2702868725151922
1736,0.1975706418223923
1743,0.2822039535681378
1751,0.27521504612901154
1752,0.2847183469670007
1754,0.2925653045056944
1756,0.1521094862180326
1760,0.25546022811372765
1765,0.20344746363548485
1776,0.27206379770311406
1778,0.1643840092554924
1779,0.282129293433274
1781,0.1737448804670429
1795,0.29630022378734727
1808,0.12878922055561146
1809,0.29617955202224083
1814,0.2606271193775643
1821,0.279052013557879
1822,0.23241614040505093
1824,0.28335571887003785
1827,0.27291772588647534
1834,0.3012036347404985
1844,0.3168262562708153
1851,0.2819028307674383
1867,0.2787818105754826
1869,0.26858491720772026
1875,0.3392382976356045
1882,0.2863602736963735
1897,0.29181542114953213
1910,0.276250708641142
1917,0.28131186768064875
1918,0.25478696670342843
1935,0.2718085092323074
1936,0.2622766694606469
1937,0.180310744753374
1949,0.2838178409142725
1952,0.17926121205456347
1956,0.28679963426160676
1969,0.1619966434626663
1970,0.2714464494236607
1971,0.27501488159405063
1977,0.3102376196107356
1982,0.2843175010319964
1995,0.2728873687676372
2002,0.28462117703419104
2004,0.28353308105882646
2011,0.286394793345946
2013,0.2867385112172976
2014,0.2659128969688518
2026,0.2588107426326992
2040,0.2594927252090725
2043,0.2674876869704584
2060,0.27719720374809215
2069,0.23233353347434246
2073,0.24939974710505794
2076,0.16788110756626073
2082,0.2697521074361655
2089,0.1693159270504129
2091,0.285182505009616
2103,0.20210237561071642
2109,0.17214308878372128
2112,0.28786416738345005
2113,0.2570559394927092
2119,0.18438350417735264
2121,0.2717947053266066
2125,0.2643540607322744
2127,0.34255899332888673
2128,0.26895244476376723
2132,0.277246856665698
2146,0.27395980466779435
2148,0.14993021046549737
2149,0.292939969812503
2156,0.1857311077694518
2157,0.2795537012109188
2159,0.28079691195693357
2160,0.27633953151821156
2169,0.2923249697677708
2170,0.1800464966618555
2186,0.19084175276325854
2188,0.18818993372475243
2190,0.24613300201979268
2203,0.2664214176696442
2204,0.2723183971526228
2205,0.2922267247444402
2207,0.27957011489205724
2209,0.197056272795023
2211,0.20495358596969193
2220,0.18937696223782102
2226,0.28736412526107313
2229,0.2511819775978049
2234,0.24239031442830547
2237,0.29004004127004845
2240,0.2722327980342371
2249,0.18346410621557485
2252,0.28156176504613883
2264,0.3021333249884782
2269,0.2626930972252213
2272,0.1940907008565355
2283,0.2648191780428613
2284,0.2881410655633432
2287,0.2793082969199328
2290,0.2715537834007074
2298,0.18382631190640034
2328,0.27457419203891004
2329,0.28202335117441385
2330,0.29613106313068815
2336,0.25585836154957475
2338,0.28177481499570145
2341,0.3452605474622001
2353,0.29424203783981534
2356,0.1493653271702612
2366,0.27660432895679177
2401,0.26555181943600314
2404,0.1664779301374467
2408,0.26659970220178053
2409,0.2585027744630519
2410,0.2841357664880609
2421,0.3453558315021832
2425,0.28302647613271487
2427,0.3079748234967898
2429,0.27554092196556357
2432,0.2774047508863075
2435,0.2656517517147963
2436,0.24960256575786088
2447,0.25708842512452773
2449,0.20047841001835204
2454,0.19162125771257293
2460,0.15995411735524492
2472,0.27610208818468335
2479,0.26977966252824437
2483,0.29792996634590874
2484,0.26946656605405717
2492,0.2826499330030393
2493,0.18772773082462538
2495,0.2628878481632154
2498,0.2861019744669517
2501,0.26457836318607264
2510,0.26138137318196814
2512,0.152143541586428
2516,0.15291003395573338
2517,0.2832034218222572
2538,0.14522827751680012
2561,0.2871829238311801
2563,0.27609895277621094
2567,0.2711421511060654
2569,0.2157770870195144
2576,0.28091209597234507
2588,0.28924094346363743
2592,0.16530578078110786
2593,0.27344540246971955
2604,0.24972637133591785
2613,0.2607558276118843
2620,0.2804179435212895
2626,0.18498495356926742
2629,0.17450084675352476
2634,0.18337260721301524
2637,0.2819967756613148
2649,0.2828484864974621
2653,0.30355483260469746
2661,0.2814980902144909
2662,0.24270318333950974
2668,0.23728647641376321
2684,0.2757768683891338
2686,0.26768574852935295
2706,0.2790392355635888
2709,0.2620196415155457
2710,0.2648215011347197
2712,0.23531632149222012
2717,0.275086774614728
2718,0.29469479979649893
2720,0.25523786038181495
2726,0.2735165485522389
2732,0.2927765337759902
2735,0.2885901118429196
2736,0.2699051325695071
2754,0.2765584361013529
2755,0.18241933766861698
2758,0.27879585537753016
2759,0.19680636813923955
2768,0.29845382655967856
2769,0.29844205626667025
2770,0.2646847233921248
2776,0.17437766893794943
2779,0.33013540483312087
2790,0.1989400519102718
2794,0.26747380180975633
2796,0.1475020191744431
2801,0.2763852582856623
2810,0.23686724266682943
2813,0.2793805001203013
2820,0.2769276759788362
2822,0.26347969942413085
2830,0.2812322313235803
2831,0.2810639619450345
2835,0.2869573802206487
2837,0.27867762924364925
2852,0.2924096523188708
2861,0.2690095662248398
2864,0.17178559309255645
2869,0.18429651467386804
2870,0.3723291665435871
2883,0.14594168420629633
2890,0.18748120592773718
2892,0.18031346461100628
2895,0.3030815978040049
2908,0.2799458556217087
2911,0.16080599701928053
2918,0.2717441047470461
2931,0.2798027455356742
2936,0.2814616461500033
2938,0.34519262163388265
2940,0.28158402816508077
2942,0.275675803180654
2943,0.14757884065385823
2945,0.3040790658157846
2949,0.19067886182829974
2959,0.29150637890217534
2966,0.2755667401676156
2969,0.2888673777079093
2970,0.2675886717569569
2975,0.2689089032383965
2976,0.2714659343230115
2987,0.2692522210103428
2993,0.1808017930215837
2995,0.19455022093410662
2998,0.17744581466615655
3002,0.28008828411568054
3004,0.27019266152406585
3008,0.2902906730454234
3010,0.2935811751330841
3019,0.1937304140390435
3027,0.1759101801528778
3030,0.3035632604262388
3031,0.2803810746494812
3037,0.275817961837836
3038,0.27024799084011353
3039,0.19285872017289418
3043,0.2612865704185334
3048,0.19837540853965863
3049,0.27090284930410946
3053,0.172368129421069
3054,0.20233027946092122
3056,0.2567647494440787
3069,0.3384946764418739
3071,0.2825271370317431
3072,0.2953326545800445
3075,0.2745748758059193
3078,0.27712735074875855
3080,0.26862694065387993
3104,0.27850017051686893
3109,0.2790621820138798
3126,0.23027079864686978
3137,0.1864116487832517
3139,0.2695396529024956
3142,0.2735549747477564
3147,0.18157861080356769
3168,0.23756630569856113
3169,0.2760898103459903
3172,0.2556132263716514
3174,0.2747123516536258
3178,0.29111693359522145
3179,0.1941104999133231
3181,0.23946975863983416
3190,0.2979046260988016
3192,0.28808445444588454
3196,0.28523634446229507
3197,0.30416653402479465
3206,0.29153453007131813
3208,0.14578047200772648
3210,0.2584174004481882
3214,0.33751720687451386
3220,0.23596790722347474
3228,0.1949103262049513
3232,0.2537004794083136
3247,0.2692198406036472
3253,0.2164979008135333
3256,0.17784331241269224
3257,0.2732148491553224
3262,0.2441095883833643
3269,0.17463444749744564
3276,0.19215544102456714
3279,0.3489328610690848
3282,0.21160381208530718
3284,0.19245457454303377
3285,0.28707404588390695
3295,0.2649622950725205
3297,0.23655516468188761
3298,0.2807200215292856
3311,0.17609408722223496
3313,0.2861445855816185
3321,0.2729269831272235
3325,0.2373113646390641
3329,0.340835549456852
3345,0.2943426821296231
3347,0.26816819747251
3349,0.2760925741664708
3350,0.24678743749159462
3354,0.2825580817485144
3356,0.3480050530015306
3363,0.26954174706945544
3372,0.2630850523457399
3376,0.26576366616589986
3380,0.26980978766326125
3383,0.2911420238084287
3385,0.2781027492924184
3387,0.28366887199403257
3395,0.18119097373268775
3396,0.17626824030392055
3397,0.2693259204761842
3411,0.196933105777031
3413,0.18624699235149728
3415,0.20666391157235459
3444,0.2899068129178591
3446,0.28691783769051177
3447,0.19274051944796228
3448,0.23970111299575153
3454,0.18433169550365686
3466,0.25102439885478794
3471,0.2863773835455771
3474,0.1933565571781629
3488,0.29194806487049924
3496,0.20399390111017326
3498,0.29001828698390353
3508,0.2714530547423
3511,0.17072866808975776
3514,0.19497275141908843
3524,0.1942594888214714
3526,0.273129415690431
3529,0.15765864232146656
3552,0.15290213950971404
3561,0.18698081734587071
3564,0.33570219786699
3566,0.18258612506278954
3576,0.2690571809638892
3581,0.1897636723740882
3582,0.2840313724025747
3583,0.3402929362943291
3587,0.2799956543689278
3589,0.2640875029761735
3590,0.25168108502211384
3592,0.28116453931461644
3594,0.19857736173623863
3598,0.27684638336137524
3605,0.2850344383131355
3608,0.29747146489887705
3610,0.29759720141644175
3619,0.27483245513348054
3622,0.2555831861122257
3623,0.31655857074114996
3628,0.2567338970961788
3629,0.2653586552131905
3647,0.17169469032327944
3653,0.3146074218853517
3657,0.2951235890044618
3658,0.24116562913661074
3661,0.15345858680538876
3665,0.2805000246173409
3668,0.1817093597247399
3670,0.22945848706730604
3672,0.1492404802837281
3675,0.23888662371016978
3680,0.15193581734761785
3697,0.17926995281759603
3698,0.1397385122841875
3699,0.2804118982001257
3703,0.16040896133033955
3711,0.28530243295994007
3712,0.29763501867060516
3716,0.2615291346098693
3717,0.29064599491460263
3721,0.29056959185266695
3726,0.2755990206900494
3735,0.30318016722808094
3736,0.3526394483712553
3740,0.2519275255370422
3748,0.2672544917141084
3751,0.21573350532114116
3753,0.2009524057062215
3754,0.21836781042986117
3755,0.18480292656613845
3764,0.26039069217860306
3768,0.2900906391962389
3781,0.27067287434320403
3782,0.2878412022773911
3787,0.20416229589446538
3800,0.26685038363519437
3804,0.18614451027371476
3820,0.30575287651540806
3821,0.2897911152426783
3824,0.2359501062870201
3825,0.2751666363279991
3826,0.2954085021320838
3831,0.2723173159156003
3834,0.2785000677706816
3835,0.2728691687275861
3836,0.26104229735803025
3840,0.2353126102341635
3841,0.28743625866575484
3848,0.30916003655382335
3863,0.2892004674387686
3869,0.27056966046571973
3875,0.2894340950161741
3877,0.346397521431436
3878,0.2787754578814351
3879,0.29094768705897367
3881,0.27987405351589995
3882,0.1756392489837244
3887,0.2806508765386854
3890,0.2741006275847254
3904,0.14626916104565535
3905,0.3388057065717928
3908,0.2892172982844999
3917,0.3046489891079574
3927,0.29402280875862297
3931,0.28714326762034037
3938,0.29307997798375884
3944,0.29242263936270335
3947,0.2591072120177665
3950,0.2898299206609048
3971,0.2732205023655364
3982,0.19298513030017628
3991,0.1481653192328371
3992,0.27316104141695197
3997,0.2026004183092958
4005,0.19541716455009955
4008,0.26999520455344656
4016,0.179404615484217
4018,0.25571574152424753
4020,0.3039170839675277
4027,0.1937235401864792
4038,0.25468653746162406
4045,0.26641184335130763
4048,0.27558265888611594
4051,0.2614126257480386
4054,0.2777428469228524
4055,0.27794963655598404
4065,0.2699434158482822
4066,0.2799441962050053
4073,0.25349888947207083
4079,0.194370161562558
4084,0.2521550630266409
4087,0.3101603627800407
4089,0.19017837759702375
4091,0.34326112900180483
4092,0.25282312023122094
4102,0.33782920572005065
4108,0.25973074598973805
4113,0.2714943443510823
4116,0.28227468964425567
4117,0.17635558150036607
4124,0.28159138921279026
4125,0.27062219550466043
4128,0.2773167467667802
4129,0.275811885671034
4130,0.28983339409286457
4134,0.28580585455046575
4144,0.2685941274920879
4147,0.3391863595962285
4150,0.18622735145212907
4158,0.29495298496674394
4162,0.27029931179935673
4163,0.26185778309690577
4166,0.15097769419834323
4167,0.26587027901133503
4168,0.27486047845603945
4175,0.15015669950327562
4179,0.19489701409091983
4180,0.27422684083295434
4189,0.27043136914860666
4192,0.2960095471434615
4195,0.2700938010238225
4197,0.2863584082491027
4198,0.2802739723907982
4202,0.2534217814937152
4208,0.2801513916786614
4222,0.28306229965592344
4225,0.15128597602205637
4227,0.27882823091332487
4229,0.27834656919733114
4230,0.27796616304659844
4244,0.34018105024011935
4247,0.24325502939356336
4249,0.28490964527295404
4258,0.2780906923848419
4266,0.296329629293521
4283,0.2230019100972646
4286,0.2608012259993105
4287,0.27805529003191387
4289,0.2111670410113239
4291,0.2974751963469545
4292,0.27746518955372385
4296,0.18537700036324165
4309,0.14215995960611533
4323,0.28631513699377104
4324,0.27784347243116403
4327,0.23952966802071168
4328,0.2938139096296086
4330,0.20103147737769383
4334,0.164807818707273
4338,0.1825846914624534
4341,0.2818163311701122
4343,0.3359841415912112
4349,0.18882751764348102
4366,0.25963966163592245
4367,0.17347441739600256
4373,0.21432431254257087
4374,0.3048991779108222
4384,0.29494400370981544
4390,0.27763820674507966
4403,0.2806100635375677
4409,0.24299989793663196
4419,0.2829801314226113
4427,0.2643509911354576
4428,0.2936050622581262
4429,0.28534658590655015
4430,0.15234907658498587
4431,0.27577171637615605
4433,0.20047645651653168
4434,0.2624770190836701
4442,0.17294464258629802
4444,0.25996751300341614
4456,0.19569118686467268
4457,0.27439120961843055
4459,0.2725139408843084
4463,0.2876441049595212
4465,0.285690757842311
4466,0.19567164187240477
4469,0.1962481317115328
4486,0.27200484108553274
4488,0.2782479003373285
4490,0.28016664744392744
4492,0.28743886843615896
4500,0.1968084740491881
4502,0.2769828209868488
4507,0.28170454742022666
4511,0.28781458765614176
4512,0.26406990112135165
4516,0.24576698350738602
4520,0.26794443381178723
4536,0.20276551827383782
4538,0.17840009685150057
4549,0.18516750232406448
4554,0.26856050022469463
4561,0.2861443227292366
4564,0.26674199427768797
4566,0.26162573768434083
4568,0.2975001729199667
4580,0.2727638694805011
4586,0.19871154076714984
4594,0.285610794775026
4598,0.27237109376866614
4602,0.27822011219762377
4609,0.2748298345246918
4610,0.2641057901542482
4611,0.27368972486524634
4619,0.278938916977732
4624,0.29902086986157683
4627,0.2675090392020979
4631,0.2695667284734245
4632,0.28788051475755266
4635,0.1950065157715475
4637,0.29984788500018367
4641,0.2634003729458628
4643,0.2011340984196196
4660,0.15028692551131184
4665,0.274363362310005
4667,0.14835027260876626
4668,0.26693526902310094
4670,0.27930633705638697
4674,0.1635707235199993
4676,0.2782610181268284
4683,0.28304130034736086
4684,0.17583004075609918
4687,0.24819905521253394
4704,0.25124379961349935
4706,0.2830284882377072
4732,0.2746809222227692
4734,0.2896430283089839
4735,0.24946608905208373
4744,0.18734149672637362
4755,0.25481708274610376
4759,0.17872116739404864
4762,0.18414984949675733
4765,0.2917103794306566
4767,0.25384127497835723
4775,0.2797686332698974
4780,0.2850828809563609
4789,0.2854519059791373
4794,0.2862516177485947
4795,0.2637470036622757
4797,0.2799996319655338
4803,0.17409641816946908
4810,0.29114869025521767
4812,0.30500062239989617
4814,0.2747863442339427
4818,0.250600198235594
4820,0.19419716486202576
4822,0.2809927676882856
4827,0.211117311766079
4828,0.1906143441825263
4831,0.15005561595674421
4839,0.2871607076857415
4841,0.273571117936912
4842,0.15187848450998884
4844,0.268684952605671
4852,0.16904073392446073
4861,0.20457583651203154
4863,0.35307399762809666
4878,0.28286800318046873
4881,0.2845768317300166
4883,0.2953642573794961
4884,0.26367831886792126
4890,0.26693644141325557
4894,0.13870006102878907
4895,0.2821517064873837
4898,0.2786481887286064
4899,0.1581261754749022
4901,0.19366703984092398
4902,0.15290954869057433
4919,0.27011881921144315
4934,0.1937510055837317
4937,0.26354236187475577
4939,0.1752125594680686
4945,0.1556399978404148
4952,0.2718175218369341
4953,0.28857665614289485
4954,0.25585730968039544
4955,0.27068698324244805
4967,0.17858907902981508
4970,0.29118109354690963
4979,0.2856172356346669
4983,0.27302609919249243
4989,0.2680777388764793
4995,0.27896094201529176
5004,0.30101548916636983
5007,0.2841647259826558
5009,0.1790023491505197
5010,0.24686048521651377
5016,0.2696509680188589
5033,0.18432373324688692
5038,0.14967141017821511
5045,0.2112003391731653
5049,0.18391143519252245
5051,0.1786291568447972
5055,0.2828342806911087
5058,0.2025285128641668
5059,0.18156122776768352
5073,0.2772302409548609
5074,0.3472595432468158
5076,0.2802633175661355
5078,0.19762651355293528
5081,0.2738286687859644
5082,0.2693791579890725
5084,0.15268707595659253
5105,0.2711024609482744
5107,0.2816131037982844
5111,0.2039498732117157
5120,0.14421738226844927
5121,0.25887866182847613
5123,0.25828913140411003
5141,0.2719029214051468
5144,0.2834904700328018
5147,0.2933748267327574
5149,0.14584642366639383
5152,0.1575710238211947
5160,0.24841464208505673
5170,0.28576900349439893
5171,0.2538927849253778
5176,0.30344301769703136
5178,0.29863257372740964
5192,0.16655480629427988
5195,0.1963952018874628
5204,0.28255654013609677
5208,0.27716276664825046
5211,0.2306118340584615
5216,0.16248717200816118
5217,0.2703264470399025
5225,0.28070951648672426
5228,0.30177550772000605
5239,0.14893782009073908
5241,0.2028058524337757
5243,0.2921414533135253
5246,0.2940081275266173
5247,0.295288203120495
5249,0.17970843115946872
5251,0.31320016586456956
5255,0.2857907615857255
5257,0.2941892013763717
5259,0.18728323332717361
5260,0.28421086943122875
5269,0.2915119411327204
5281,0.27681118963375273
5284,0.27882907341811985
5286,0.19790232253885698
5292,0.19977345431839227
5293,0.2729190431114651
5299,0.27025071027583636
5301,0.262914226272415
5303,0.24581068023629404
5305,0.27962357601926546
5319,0.2161162481577842
5325,0.18833313940498855
5331,0.2732212921637033
5333,0.24124212846717735
5335,0.2685944446033864
5339,0.24755913688711703
5340,0.27532695227993964
5341,0.24921959818315037
5343,0.24597010924012946
5347,0.3072910205530534
5353,0.2768999388801539
5355,0.2763455329569893
5363,0.2665585293757083
5365,0.2856549516490241
5373,0.2665519835115525
5377,0.28020413328706545
5379,0.19279896810318325
5385,0.2944701620870242
5386,0.1725933050524669
5387,0.28622300548201085
5389,0.15065339384017642
5390,0.20864421013590598
5396,0.18808293333260506
5397,0.15256883602122812
5404,0.2721959661984462
5407,0.28384920849419604
5410,0.13906003861930505
5411,0.19078226522183625
5412,0.264098629784338
5413,0.17758774787325604
5418,0.2773774624402702
5424,0.27199124632393545
5427,0.29062937697525787
5428,0.26419524002808353
5433,0.2711711015481051
5441,0.29137150632845943
5448,0.2612412859328318
5456,0.2856579577219501
5460,0.1511941301363149
5465,0.28898590363555315
5468,0.18936133906498992
5470,0.28734451424411367
5475,0.25581644366990947
5487,0.271799053510097
5501,0.1858217827302441
5504,0.2679234707623137
5508,0.2819933215951042
5510,0.244179696081399
5514,0.17529724097897292
5528,0.27823041672042115
5540,0.251623961512174
5543,0.2668000488134668
5545,0.2823544860234066
5546,0.27556930512111216
5548,0.19644270656237522
5551,0.3445780920194034
5553,0.2687898154389281
5556,0.2789217309058196
5560,0.2862547988604859
5563,0.2852045956146659
5569,0.1537982233582938
5572,0.1911933614433529
5576,0.1786531486119034
5582,0.27804993214496754
5586,0.17459710448044502
5598,0.18866202544424793
5605,0.2772626383321267
5608,0.2749269548579408
5610,0.2709720776996558
5622,0.21200063224617172
5628,0.2966415577552177
5632,0.2687016927294319
5640,0.17004277206627819
5641,0.23338458382700905
5647,0.18308552506845685
5654,0.3053631061431536
5665,0.2962040816147879
5667,0.2983110905061334
5674,0.19905852309975738
5691,0.278968358034522
5694,0.2816030616505725
5706,0.24671415422237372
5716,0.19208472256057252
5722,0.18614676975426336
5738,0.28139713777598974
5745,0.2773537046211539
5746,0.20665647205300652
5755,0.283641901954302
5756,0.15077009188546306
5760,0.28207998333112244
5761,0.2791481585829097
5762,0.19495114132768093
5763,0.17213113624083826
5765,0.29736778218256665
5773,0.2724964507893457
5781,0.28079618836338655
5786,0.28444806663021105
5789,0.26621849575868756
5802,0.2690901232915524
5808,0.2726142190970437
5811,0.27136356087710034
5812,0.3508634216363299
5813,0.2706118640884964
5821,0.27199877804073325
5829,0.2832154380917305
5838,0.2755116996168301
5842,0.28875072593862006
5861,0.27162749692595267
5864,0.2725628907438352
5871,0.2884080166075654
5875,0.2923814867696575
5879,0.2674619083768533
5881,0.2791128606785621
5891,0.1813639832493576
5903,0.1536450755147185
5909,0.27981329869480365
5914,0.2979494086686085
5918,0.2684988483482339
5933,0.17570662618045635
5945,0.16727975827341093
5948,0.19807723879070044
5949,0.15965954708332392
5950,0.2889051959970871
5952,0.2869299320897057
5955,0.2613389505193375
5959,0.2804969085942039
5961,0.2718066538024273
5964,0.18148592666021626
5966,0.2894717229267852
5978,0.28074626250954476
5980,0.2658721981382287
5983,0.30002065629525926
5985,0.27567482714632063
5995,0.25823205085694695
6009,0.28655205616720536
6016,0.21912798880321557
6021,0.27984394094429055
6023,0.2295906346564494
6029,0.28210383973392317
6033,0.27853686445858106
6036,0.160698020015485
6039,0.26726948894571184
6046,0.3473563921827297
6047,0.2564330956769107
6051,0.2653597965106788
6054,0.18620154826860397
6061,0.2932904115893875
6065,0.2407246499278176
6068,0.25008982043768657
6069,0.3416038516478402
6070,0.2863078524702084
6072,0.25631373701381804
6076,0.27864289642351536
6082,0.1834790057287048
6104,0.28247507671821037
6110,0.27639641545604143
6122,0.2781163666058121
6123,0.2921440159883784
6126,0.17693751986902478
6128,0.2936383052367093
6131,0.1877406069179381
6139,0.2718827940502916
6140,0.2861259686115874
6142,0.3497760809221408
6143,0.2373329084207234
6147,0.2789470724102598
6152,0.2998581715637584
6164,0.2623446590772703
6171,0.29038161662869144
6173,0.2813285093682226
6175,0.30917486457370735
6176,0.1495154771622058
6179,0.27551002954874176
6181,0.2731776590069625
6191,0.20536508721879754
6200,0.2611394446357836
6201,0.2806803548283799
6208,0.28596900629220573
6219,0.2807100394395771
6223,0.18228617094239352
6224,0.2897083441817385
6237,0.2229480897484905
6255,0.28143354379692526
6265,0.2786022731252691
6273,0.2571372271608126
6279,0.2705959906209482
6284,0.28426273177972755
6295,0.27245712000392075
6306,0.15085967705626083
6311,0.3357081615687954
6327,0.25773089654798587
6330,0.2681285132969044
6338,0.28642970643540566
6343,0.2983459809746027
6345,0.34107260633028386
6351,0.27117360165253523
6357,0.15852499487328345
6360,0.27947971636001506
6389,0.20661727544874567
6392,0.2796888825464731
6404,0.2648852184616876
6406,0.18335325050465714
6407,0.28744821976771734
6414,0.18734971082661242
6419,0.28092730184555564
6425,0.2816891658214541
6428,0.17877753166909016
6431,0.24618597789353047
6435,0.27770562598769694
6436,0.19957168728216967
6440,0.25773396024979844
6446,0.2795535096059997
6465,0.2654595541086349
6473,0.25616505887442015
6476,0.19407414128720146
6477,0.2470512272257306
6478,0.29444773024545257
6494,0.24870193114546835
6501,0.29273243616874833
6502,0.3316178456577622
6503,0.27595222978673706
6514,0.15234177389195797
6516,0.2557180686975712
6534,0.2846095944394563
6541,0.17836643219123205
6553,0.29144810717391834
6557,0.2612421759696375
6559,0.26913009080268774
6560,0.3017258776278155
6562,0.2745482701911915
6575,0.2930175204983892
6583,0.14700395502590655
6588,0.2745530142821473
6590,0.23513606518123384
6594,0.22972375369071496
6602,0.2857742625610481
6603,0.25909219058615013
6606,0.25634836845668474
6614,0.2820068034161737
6618,0.2577777476010216
6628,0.2757984372558308
6633,0.1938957413537068
6639,0.2701235016162911
6648,0.2874238884379065
6654,0.2377063737610572
6656,0.1713661768097033
6657,0.30042663020948024
6663,0.156393228810825
6664,0.25000783050024933
6666,0.1474722204148285
6670,0.26959552315820745
6671,0.24373500727620556
6683,0.20660411954829164
6694,0.27458469730847646
6695,0.2866582577237927
6699,0.28912731262594427
6701,0.2677087545343939
6706,0.1491984855122362
6707,0.14974558808687408
6720,0.25250735950150777
6721,0.1836711655901201
6726,0.2935846634416067
6735,0.2708035217417684
6745,0.2641299351343361
6746,0.2602670313277069
6751,0.15267842933843143
6759,0.3037790782522457
6760,0.2538552560011671
6765,0.2824408077549568
6774,0.1894670464711461
6776,0.3046531149453242
6779,0.2776084749829761
6789,0.26960406319558405
6792,0.3405344766381246
6797,0.14941664139813762
6807,0.29913945853530405
6808,0.2812612508647125
6811,0.2820058684333506
6813,0.1744169947788985
6814,0.279186351961439
6817,0.2870125992196145
6826,0.2765497282669769
6830,0.1816904128849868
6832,0.2709368366012623
6838,0.30721962164870203
6840,0.2726085407477865
6850,0.2682406273261312
6851,0.2639661829808502
6854,0.34435805878069187
6856,0.3160773777910804
6858,0.2471878733028783
6866,0.26680100209927715
6871,0.2936120851853149
6872,0.27990948663927595
6879,0.2800896501791736
6881,0.18155254964660084
6882,0.25200548916487014
6883,0.2702192194740799
6894,0.28455554621505086
6899,0.1669005465765652
6903,0.27650494059054764
6908,0.2835858685330733
6914,0.2992814726403139
6915,0.29235839395224933
6917,0.2844409276376606
6922,0.15423129820951706
6933,0.18617749388867505
6944,0.28350582472034785
6948,0.28577795046313187
6957,0.2694127757083613
6964,0.27566277052563565
6987,0.26202467474093916
6989,0.14878542785991095
6991,0.25625178662422277
6992,0.2479152925704728
7019,0.2693906477485515
7021,0.18073920195326373
7023,0.28022025101606546
7033,0.17593319977492658
7034,0.27419900920445744
7043,0.271643668158102
7047,0.2647205300085229
7050,0.26493679251324265
7057,0.19723563295933072
7069,0.19526000265436885
7070,0.1977720428447367
7072,0.2956972299335779
7081,0.24954193488719445
7082,0.18657196639674434
7088,0.2865457714899268
7093,0.28749652577471646
7100,0.2797213432222314
7104,0.20438614160877558
7109,0.18489535345989264
7111,0.2877399253390786
7113,0.1459690507783329
7119,0.2657666496156218
7122,0.169020091397572
7134,0.3595590090360461
7147,0.19197268327245542
7155,0.27695306354125143
7156,0.29404296951431314
7163,0.34257028596685324
7173,0.20088726371906546
7177,0.2866770035763391
7179,0.2860097551734217
7191,0.3010353479037944
7196,0.2746194647445237
7197,0.1535929618499291
7205,0.1726402367486699
7209,0.18729750066250872
7215,0.1841044016328875
7216,0.24564263770921235
7217,0.2773654832413114
7224,0.27401537377063956
7230,0.282996988509505
7235,0.2905037502788648
7237,0.3066764028292146
7245,0.27411407070842664
7246,0.279582593315011
7252,0.19468980409537595
7257,0.273481685875437
7258,0.2798008265216334
7261,0.23734106655652537
7269,0.28020748852941313
7270,0.27099469889203137
7283,0.2880911423424964
7299,0.27974345159816305
7301,0.1742087304318052
7304,0.2758344290602331
7311,0.2933470702087085
7314,0.286893393044665
7332,0.2610063237617863
7333,0.2952473633749031
7335,0.286240341239328
7336,0.1982976679352076
7337,0.29893509665855167
7344,0.24490422102216147
7348,0.28864644189954547
7351,0.2525258844798302
7352,0.19489273613426406
7371,0.26605668243960046
7373,0.28145561702394495
7376,0.23311098578148384
7383,0.32696141160994235
7390,0.15969161316960873
7391,0.19564021095985343
7392,0.2746987277151657
7395,0.18728627380321014
7400,0.27961052784206086
7403,0.2758992519448732
7404,0.27928689567594256
7414,0.25593907208463185
7429,0.2816673148350819
7435,0.29063030163566084
7436,0.2544482499770356
7438,0.24082764319244143
7441,0.14988951515914983
7443,0.34829748314614895
7444,0.3100401800456776
7452,0.22439043231203068
7456,0.25373082455193063
7462,0.21886283755921562
7483,0.24570633572772346
7490,0.27030610173732433
7492,0.28129350300297573
7504,0.20099864121541522
7507,0.28243637849510295
7511,0.17916055072122528
7519,0.28580273262177236
7520,0.3498726210367429
7522,0.17609461725276285
7530,0.1782330462930134
7536,0.2562740088891246
7541,0.28199094499998234
7543,0.18870086620874202
7545,0.28128852033800383
7558,0.30543828336301987
7560,0.2845342234410142
7561,0.26514751963775995
7571,0.2777747090001484
7579,0.27414546226901904
7580,0.25760310286382737
7581,0.27233070222543804
7586,0.2656373139057282
7590,0.2810616757212864
7592,0.28170076584906045
7594,0.2710478443208155
7595,0.30218098275257205
7601,0.2619140246222015
7602,0.2818994082833408
7603,0.2668299541769775
7611,0.28893943394174704
7617,0.14113200729225364
7618,0.27567036297032477
7619,0.28524644979202685
7625,0.20195792953026767
7628,0.27996764765051385
7630,0.17587151098967313
7631,0.18113787383898575
7633,0.2885401590379813
7634,0.25930947379441827
7641,0.2882476391009991
7642,0.28581285002273127
7646,0.2641860252159402
7662,0.28776243594959233
7666,0.27695122762460217
7674,0.2447202910662351
7676,0.26048716481481315
7679,0.2880536708369543
7681,0.2816414317535573
7686,0.1908443678978278
7696,0.30042599548049503
7707,0.19731268719717082
7708,0.14211201645426602
7712,0.15377649869306143
7715,0.2577648885345072
7716,0.18429071703303643
7717,0.2952819238851492
7719,0.19229074960028614
7723,0.19856278039083022
7726,0.28114004334432935
7734,0.28477408080696914
7739,0.23644914954440677
7743,0.26605200179519267
7751,0.20410507305328227
7752,0.2751652789402904
7755,0.27500001045964484
7758,0.17026427414853706
7761,0.2742056169257759
7767,0.17474566208979467
7773,0.2681557778307717
7779,0.195682884986438
7785,0.18961504770722826
7792,0.21407279451672825
7800,0.27620631168103665
7801,0.2789653668847517
7802,0.2734024675354703
7808,0.3008408711883584
7811,0.26978787220987793
7816,0.1924888157128238
7822,0.19386486351521162
7823,0.18881838605281584
7832,0.2831558438745906
7833,0.27568297692974075
7838,0.18851679406348246
7840,0.26379358852680157
7857,0.276277195175214
7877,0.17377764029187462
7885,0.34335506142678673
7900,0.2609391684512934
7907,0.28422127591985535
7910,0.1783549288124797
7918,0.2989394063226888
7919,0.19674552542441714
7928,0.27519921208302056
7933,0.29275851519164775
7941,0.271055506172612
7947,0.21492173958962327
7955,0.2896212035851987
7956,0.28437493788960005
7957,0.26334167440503137
7964,0.2952882509512532
7968,0.278299685041835
7980,0.19612708268484275
8004,0.34677165329159315
8016,0.28467879958746156
8017,0.1652180405649491
8024,0.2984390686672587
8031,0.27446734775278403
8032,0.17352784297073465
8035,0.2542883016726221
8036,0.2755621181129888
8037,0.18688416248667056
8052,0.28364067513315955
8055,0.18469029833232123
8059,0.2810474187608315
8063,0.27789962718010025
8064,0.27087656023903145
8068,0.2742260723308515
8070,0.18233993750427147
8072,0.28936302000661857
8085,0.2854434517660415
8089,0.2742965425455888
8097,0.17538326848185803
8100,0.2762787735579502
8102,0.2852134406585906
8105,0.18307829942409956
8114,0.2540187906678037
8117,0.2663571044145837
8120,0.2795048521424496
8126,0.2757837553478951
8128,0.17654482779798086
8135,0.20177728513739537
8137,0.264848612699915
8148,0.24545095172796894
8169,0.17927526670412128
8173,0.179265179175661
8178,0.26913275802585884
8179,0.34472365881356465
8182,0.15759700415061953
8184,0.2585990959208832
8186,0.2797174297858539
8189,0.277947925253505
8196,0.282448727715641
8216,0.28886917163974657
8219,0.28056645895581733
8221,0.26776794718766794
8227,0.1989092037342663
8232,0.2669421549581348
8245,0.275362123053593
8248,0.2811746659196625
8249,0.28877398662858067
8250,0.26301804020066116
8256,0.1895713522298725
8258,0.3001577777708559
8259,0.14867865652136225
8268,0.254868555768154
8271,0.27958307958349177
8273,0.2905102885095817
8275,0.28651343130168616
8277,0.2689211447261729
8283,0.2627113484422293
8288,0.18867844916538842
8299,0.18757714746943704
8300,0.26895274232322935
8301,0.16826797127513649
8307,0.2848869057557409
8315,0.2794750391650438
8324,0.2452507316197554
8326,0.27590308862480023
8351,0.17346798096649546
8367,0.1592114754571009
8368,0.2817312847470301
8371,0.29832639857417925
8383,0.2687010170018102
8386,0.2736481478189677
8402,0.18667757709319105
8404,0.26341353966470377
8421,0.290668612496496
8422,0.19015285004332014
8425,0.28667221384558994
8429,0.27384578129912057
8433,0.28684454528579845
8437,0.26310470398120905
8440,0.16243356728547276
8455,0.29301416729900354
8479,0.29444273501803797
8482,0.18723450815415826
8485,0.27876634325004934
8489,0.18353951232405322
8490,0.1480125050264468
8492,0.16687825062853626
8496,0.2647155561787828
8497,0.29104437300234276
8498,0.27343938834224224
8500,0.2887043551365078
8501,0.28268892333043516
8508,0.2848023265446019
8512,0.31061999851410355
8522,0.30247352736010696
8536,0.15210387294460928
8545,0.26853953867053504
8546,0.2718560289388249
8554,0.2658618081734019
8556,0.26798699143782034
8557,0.28239729371060707
8559,0.25124655241176097
8560,0.2685972367011342
8563,0.28448151231030855
8565,0.26653184892360166
8574,0.25546093268708026
8578,0.1852381230697488
8585,0.17137121386854154
8602,0.2891567721897997
8605,0.21887823598789208
8609,0.2679289769915503
8614,0.22448178157377502
8619,0.2773772030761621
8629,0.2773859697401151
8632,0.27635732398057045
8635,0.17130922346321376
8639,0.17412059084093362
8642,0.17722464530574053
8643,0.28618339778268614
8655,0.275914593025415
8657,0.27603378646764415
8662,0.28598558943425134
8666,0.2818010189272727
8674,0.18035253761593614
8676,0.29286431445886146
8686,0.29273874739576755
8691,0.25163535756585886
8702,0.283550271967156
8714,0.19132791604341332
8718,0.2751705994185529
8731,0.284868922210439
8738,0.25513559340545516
8745,0.19439107334857555
8749,0.27199576813520193
8754,0.281276770801184
8760,0.27539075457461126
8762,0.19140144210387314
8767,0.14857962177456494
8768,0.28944723386036697
8769,0.14624919498278044
8771,0.28310185701438456
8795,0.270176546115081
8796,0.18126568824544886
8811,0.2787530253502999
8815,0.30313078159103546
8820,0.27703618901028665
8825,0.29299535178623554
8832,0.27036165805905243
8839,0.20628526663254088
8841,0.2961207790447151
8848,0.26906324942233295
8849,0.19738203912576058
8856,0.2837079727779824
8875,0.268537450974033
8879,0.1892732949398615
8882,0.2668379442683579
8885,0.2765801706958179
8892,0.2736743087475337
8897,0.2829537295051082
8905,0.15315125664652315
8921,0.19942214507435735
8928,0.2695353003694862
8935,0.2801278266649838
8939,0.183791678743909
8941,0.2693133193390906
8942,0.1491963323764136
8949,0.2742984248143215
8951,0.1873000756650079
8958,0.2903879815812359
8964,0.18172009328080543
8972,0.14913734983498445
8978,0.2783179226119631
8979,0.22698599353479698
8988,0.2922823122794016
8997,0.2435982819680743
8998,0.1504182328511835
8999,0.27715351406159233
9006,0.18460058485090441
9012,0.2934150121489435
9024,0.25815695117505144
9026,0.2734906400109256
9030,0.27801877341586123
9034,0.16520788008566734
9036,0.2752446037057132
9038,0.17073051873545275
9040,0.276088999598591
9041,0.21211431429349265
9042,0.18505085957307338
9046,0.19304139927455727
9051,0.29137181999491407
9054,0.30360972527644686
9057,0.18679099980988267
9062,0.1947560206268173
9072,0.2824961982943119
9075,0.2648561318580526
9079,0.29054607933425625
9081,0.18867432470187778
9091,0.27801433903392936
9110,0.18348619044392353
9113,0.2803220310731911
9116,0.28697222340812373
9120,0.17652823892202113
9126,0.30341346834492294
9133,0.2815725390785303
9135,0.2905293638096576
9144,0.25117361875705235
9146,0.27302938020544226
9153,0.2686779494898357
9155,0.18924077453887378
9160,0.18996603343832102
9165,0.2864913369732959
9172,0.2860617926150791
9174,0.17734100970185707
9179,0.1993970247392393
9180,0.2726881791366487
9195,0.3563851468316309
9199,0.26570903774164073
9204,0.24970614360925178
9205,0.1698937778192924
9210,0.29517585029203275
9228,0.26292727632672547
9233,0.2848250604165173
9235,0.2789111839625702
9237,0.18105133734230527
9239,0.1819311090919442
9240,0.18369684919167603
9241,0.33975910467242704
9242,0.2721418700496386
9246,0.178628742803051
9248,0.25678195254516123
9253,0.2695624882554008
9254,0.26548651884373264
9260,0.24184415991156646
9261,0.14952407739500823
9262,0.2824142240217415
9263,0.3069427085410609
9268,0.26663169703733114
9275,0.19057097363618644
9278,0.2643021122647208
9287,0.270355823092914
9292,0.28006727874931303
9308,0.28466946763074397
9309,0.2804551234521677
9310,0.2915810464408408
9312,0.21226576496193816
9314,0.19855181937680405
9316,0.18318334641307255
9318,0.27488539335535467
9322,0.2776061437164617
9325,0.28668006162939913
9327,0.28464210348170105
9336,0.27640553257084965
9340,0.2927980365692779
9342,0.2872169346337037
9346,0.26429777498473717
9351,0.3382399622643991
9357,0.27132054297049624
9372,0.2724376423624697
9374,0.15561012683289166
9378,0.33159448538025665
9385,0.21420523509325506
9413,0.17434139846708266
9418,0.2807758754771396
9420,0.2830130018432122
9422,0.19937187035032583
9423,0.2710181761047443
9425,0.24265464451346833
9426,0.3033678049501211
9434,0.2861632798854688
9436,0.25960883933583556
9439,0.15433780032331637
9446,0.19720241025036014
9460,0.28303106892449
9461,0.2780055455659297
9467,0.27447746911177734
9472,0.2825972366388015
9483,0.2658814050739055
9485,0.27708102748499014
9492,0.19527432110300458
9500,0.2843196179745838
9507,0.2800941391352359
9514,0.2879719595315125
9516,0.2989876156247174
9520,0.2394368453187556
9542,0.26801021793669394
9544,0.3357123794020911
9548,0.30039172238682976
9556,0.17500034529334793
9558,0.26102896995341707
9565,0.31052876598645995
9571,0.27170050202633494
9575,0.2827751202441703
9587,0.24891143399663718
9602,0.29718614684449096
9609,0.18557866076081164
9618,0.24670309794742135
9622,0.28799593568470405
9624,0.27696972418998306
9648,0.26609072275177564
9658,0.2877472824254771
9668,0.278814285124053
9702,0.19457016798949095
9705,0.2607324046125057
9706,0.18358781332980545
9707,0.28989204048828976
9708,0.2370931278486756
9710,0.30031118439971405
9726,0.2953225459835841
9753,0.15366079992582166
9757,0.24044780215957406
9761,0.18493507368400924
9765,0.32155735645567585
9768,0.29475522865074677
9769,0.2833869400102632
9775,0.15042854171320386
9778,0.2861357148645721
9788,0.25446698750618724
9789,0.2885932976359731
9792,0.2923974464502765
9815,0.26544416367761653
9816,0.1983673192130636
9822,0.18734099544633043
9823,0.28203508239276315
9827,0.25625567402395955
9835,0.28370982813928125
9840,0.14951200861694547
9841,0.26683571183763016
9849,0.26053735713736914
9853,0.2839160940278944
9869,0.20402596854374638
9873,0.1892846237429429
9881,0.15599336956819068
9892,0.30184460367078136
9898,0.27696794345279757
9899,0.2859936622332988
9915,0.2573081515307141
9936,0.29170985398753363
9940,0.2824111755747374
9941,0.1704455593848875
9947,0.14870820350862746
9957,0.28159829374227535
9962,0.17398644440047362
9963,0.27126426686595634
9964,0.2819800196590123
9965,0.2820208975702705
9968,0.27856865446932405
9971,0.24436183159928052
9973,0.28186709457155407
9980,0.18506892691106006
10002,0.3093441812197499
10005,0.19480664020817634
10007,0.2567474179903509
10010,0.2857900441499575
10013,0.2698487301555765
10014,0.1971817352118998
10017,0.2805588694697268
10024,0.2772166253812032
10030,0.24936411144190002
10037,0.2877658302672665
10046,0.23881582872235638
10051,0.2735477112900591
10063,0.2796511259894944
10067,0.2584026521857981
10073,0.19241339043534988
10096,0.17840990361868042
10099,0.18750864847462587
10100,0.1550847787839514
10101,0.27608381603912346
10103,0.17453157591637655
10110,0.2810032529543998
10113,0.27973966078468054
10116,0.1829586989095702
10124,0.2903578491976419
10127,0.2545467922498203
10129,0.3013975952773597
10139,0.2932682806630535
10140,0.29712549656487347
10145,0.3528327884406082
10149,0.2479528708684933
10151,0.29332296793401225
10165,0.173282223984756
10166,0.16895422902399115
10168,0.27093212184089943
10174,0.21805448061823063
10186,0.19392040914767802
10189,0.2841929925324548
10193,0.26951827710463483
10197,0.17675340101648912
10201,0.2617399631516825
10206,0.26194330333655896
10211,0.25763736089056377
10216,0.25256139208469053
10224,0.2762606410783825
10234,0.3022435477412378
10236,0.26150667138434336
10239,0.2602163713128923
10247,0.18402317057855883
10250,0.14846702140336862
10253,0.28239097918837675
10254,0.2788913711558189
10263,0.28644642752839544
10264,0.2948318697907919
10265,0.2644501546306583
10275,0.185406083675493
10280,0.25447916829321127
10286,0.2838860028650693
10287,0.29388621791771125
10293,0.2673613143414345
10294,0.26771483299418525
10303,0.1989132664728585
10308,0.2828124826225635
10311,0.2789274291864423
10318,0.28618188413762286
10323,0.3014301952780596
10324,0.27017512211628525
10327,0.23848237658804608
10330,0.2665832830639766
10331,0.26592556902900055
10333,0.1935612652323031
10334,0.2911822110002674
10335,0.2864070466784252
10338,0.2759769826655481
10339,0.28207018752295193
10348,0.18096715501299884
10354,0.33938504245616935
10356,0.2700765364053007
10367,0.19498311782059286
10375,0.2656811184679078
10384,0.27636486863331117
10386,0.19134858722931478
10389,0.2639547002505259
10393,0.2657758279037246
10404,0.29119916981055904
10408,0.1976582808073376
10416,0.25120636822010173
10434,0.29423245972759715
10448,0.3004760343985667
10449,0.19140944859805153
10452,0.19926702186309195
10453,0.2906356096565842
10454,0.26166432601469297
10461,0.2617722506635331
10462,0.19429169156115078
10472,0.19686207280333803
10474,0.2879054751656226
10476,0.28924337668483857
10478,0.17605520815869494
10483,0.21698909678442937
10492,0.25571960408284217
10493,0.299848285472242
10499,0.19808135224802303
10501,0.17740390572232195
10509,0.2497907473789586
10512,0.2616863840491777
10513,0.2586063727749525
10516,0.27128512669398286
10517,0.2715871612206109
10525,0.276865756752913
10529,0.2499104373981818
10532,0.27424891682855695
10537,0.2728259536752468
10541,0.28809099153219875
10545,0.2284351508468121
10548,0.2620957965658289
10552,0.15355839319468317
10554,0.2925105694328832
10557,0.2797216435147941
10564,0.2820293331291211
10574,0.178967203449707
10591,0.2647415525190898
10596,0.2550344814658796
10600,0.31245004291100775
10606,0.16883789887985984
10611,0.2392038127530835
10622,0.1761290159020485
10626,0.25064353511763826
10629,0.19085716826318883
10630,0.26237942976195144
10631,0.2822277234540753
10633,0.15859457033223467
10638,0.2836584211947133
10639,0.2931554260623197
10640,0.19425665889288182
10657,0.2811283234872807
10663,0.2754219845657297
10664,0.2786729822453041
10667,0.26614998000703344
10671,0.288363872109549
10672,0.27248184259710684
10675,0.27413232633063594
10679,0.2874535211045518
10681,0.2705216670717093
10683,0.18166255919140495
10688,0.2580238317194562
10701,0.2868262300649123
10704,0.2900872314750264
10709,0.2853030554107524
10715,0.27528871779141756
10718,0.18653007595976606
10724,0.2532717248221307
10731,0.20334259316618858
10733,0.2556078804431836
10737,0.2951219108395272
10744,0.16495618856363364
10750,0.235745694141994
10770,0.2519157962851236
10776,0.28422570733820074
10780,0.1854586577750609
10782,0.3506141522342362
10789,0.2808423281053497
10793,0.2791469793171535
10795,0.29662447400112474
10807,0.2680667318743497
10813,0.2746089227598146
10815,0.2756387908769887
10817,0.2737880125432068
10819,0.2627453651882585
10824,0.2851832539868233
10828,0.2900700567182159
10830,0.20105460143635503
10832,0.2775189473872419
10836,0.27402292110126825
10839,0.2897224796328212
10843,0.2669021415273857
10844,0.27602568940080063
10866,0.34379353651494304
10872,0.24818585254286998
10873,0.17330220652259168
10878,0.33868324316127546
10889,0.17470748095631866
10899,0.2881255048174833
10901,0.28886277828253465
10904,0.29142229977306455
10910,0.27112247834491954
10911,0.2772563183658125
10917,0.26431649703453663
10920,0.2825010962936076
10921,0.15092107536511967
10922,0.193035696512028
10929,0.14868856807296577
10930,0.1616588072465095
10933,0.2844659679111919
10934,0.20125353829577733
10939,0.296152110992439
10942,0.14644451254274807
10943,0.15151002911576672
10945,0.30668384565963563
10946,0.2708619523150304
10949,0.22334401080239213
10951,0.2620958089484741
10952,0.28560146864574415
10953,0.19041399552833904
10955,0.146855586836305
10956,0.2812597629338498
10959,0.3014501884554777
10963,0.20778834574291957
10965,0.2749928729396056
10971,0.2125341978101467
10975,0.28111513711079045
10979,0.2610595458318381
10983,0.28336422569255865
10984,0.27103250146654745
10989,0.19888902450483037
10992,0.26043794536706344
11001,0.18321658053067885
11003,0.19813170720648385
11004,0.1516327468462773
11008,0.19095141839670876
11016,0.1863263028332557
11017,0.13774778387454312
11021,0.3129048550942421
11028,0.34160956491730027
11034,0.28357350174292373
11035,0.20005603586059859
11036,0.22441507473392688
11041,0.2595620114194966
11047,0.30731429807955135
11056,0.2886442443972051
11058,0.2723637877716059
11059,0.23284226478430922
11060,0.25241327605976516
11064,0.2761095547964739
11066,0.201031763626824
11069,0.2922037055650618
11071,0.24262413580570624
11072,0.2849364888815105
11077,0.2742590562936224
11080,0.2520079461656421
11092,0.27470488156717493
11097,0.17088880965203737
11098,0.26661804964930946
11114,0.2622828477877531
11121,0.15075492892566492
11124,0.25903111389213185
11131,0.27603365037843336
11143,0.2852818963901363
11146,0.2270593200934985
11154,0.2696121355202249
11164,0.2916183073382781
11172,0.2791146286548025
11173,0.18318573925793658
11174,0.2733650606619463
11175,0.2733004117374537
11180,0.2813432072012614
11184,0.16506345118467441
11188,0.2649006887308508
11189,0.1964221904143209
11190,0.2276881734732743
11197,0.18306905785933975
11201,0.2921676338467807
11204,0.3181795507539701
11211,0.27280689920784307
11212,0.2765686010925208
11218,0.26615490286860893
11219,0.26347106136244175
11227,0.272141738287464
11241,0.2605201190154288
11251,0.19832720035598012
11254,0.15443878134020736
11260,0.23047384385283853
11264,0.26047715471032545
11273,0.2089270959319276
11276,0.19118701755275241
11278,0.1841539568143844
11282,0.2863497600325873
11283,0.28790395264930346
11291,0.28391972666041065
11293,0.28204520490401924
11302,0.29086662221519377
11304,0.19375294542253874
11305,0.28349103560954836
11315,0.2895280740419625
11321,0.2638188492971511
11325,0.2712112706607339
11335,0.2876894844509537
11341,0.2643018039143592
11343,0.2773189260581673
11344,0.30576683787918807
11361,0.2769517413546623
11375,0.27322024376832815
11377,0.21364855215540704
11379,0.2938470567401931
11380,0.27978693701453966
11391,0.2763554095391522
11393,0.2758416862099495
11394,0.2880239780849083
11398,0.2824353836077197
11399,0.275144567922346
11408,0.24672148556824208
11412,0.28625519869807475
11420,0.27996991373440205
11421,0.304827314785296
11430,0.187665787378166
11437,0.27222409041038653
11446,0.3469267016569619
11471,0.27394539907006293
11472,0.26928426713757114
11475,0.19667117244642596
11483,0.27434056971517085
11492,0.2735250005294113
11497,0.26367358234074917
11498,0.25614859661107625
11502,0.29144303914148983
11504,0.348676067777957
11511,0.33359333934821184
11512,0.27074523322350114
11514,0.18938284951783652
11522,0.2828913538950714
11524,0.2837683962814971
11533,0.2892662847683328
11534,0.2160067811335415
11541,0.25171059856281836
11542,0.2603692067653936
11547,0.2541323976051136
11548,0.20686349072199134
11566,0.2956029646950695
11572,0.28096038333311874
11574,0.260320227279088
11576,0.27454886525055283
11577,0.18137358218684013
11580,0.2730113711982756
11598,0.17576529361288817
11603,0.2681207439971466
11613,0.28511623774447437
11614,0.274687391201975
11620,0.2735196190567371
11621,0.2778630799234794
11622,0.19194088303088852
11626,0.16962633058279974
11630,0.28827237880940626
11636,0.2918160182691384
11637,0.1935156533785432
11639,0.2229844958554165
11647,0.2508222779938005
11653,0.2454950440503904
11654,0.14803768528091982
11660,0.27954731050326087
11664,0.2802063223896834
11667,0.28007847303031347
11679,0.26669427890656094
11687,0.2877937084926288
11691,0.20181967414615723
11696,0.2672802585849195
11702,0.2853200506906529
11703,0.19119511019741198
11705,0.2711216406495859
11711,0.2712532783602416
11716,0.2531830971790646
11717,0.29144266742677644
11722,0.18478564211479986
11724,0.27821043266181084
11728,0.29284959218347356
11737,0.2621651795393236
11738,0.2660159346972044
11744,0.26496117540692987
11747,0.15280521384719792
11753,0.15846224977715598
11757,0.29095702037893506
11758,0.18422985697754915
11760,0.22369650218476425
11762,0.2463035579843456
11764,0.27696505670220173
11768,0.18901844446189325
11773,0.1884837205252371
11774,0.29478535155987967
11783,0.26725640375813975
11785,0.2708164609449169
11787,0.2865799810373973
11791,0.2634107199954549
11796,0.19130847639033732
11797,0.2182458830914194
11798,0.17327994953732373
11803,0.19193659773811345
11808,0.2767899388012727
11810,0.2633690943818978
11814,0.27754746249075624
11822,0.2895267603259546
11824,0.1856813215598248
11829,0.2894931906462845
11846,0.2788809113043417
11847,0.28222633362064214
11850,0.3456023116894689
11853,0.19202625957137748
11854,0.2054949613945524
11857,0.25114416842933884
11862,0.26365165594071804
11883,0.17527277345856596
11890,0.27225568005606765
11909,0.1579079329687551
11913,0.2873763702021572
11917,0.2704611025791775
11919,0.2845042092710404
11920,0.19505047387395055
11921,0.2585381140197359
11928,0.2673054166657765
11929,0.29344882376739806
11935,0.1558931201580291
11936,0.16556704713700818
11939,0.16836130083702874
11942,0.19236621537012874
11943,0.26846069968210384
11946,0.2816179562641554
11947,0.27123224914142674
11952,0.2914800236027356
11956,0.28553088046761194
11959,0.3434646224348354
11969,0.27720687205441163
11973,0.30129441800995727
11974,0.28684276419715493
11975,0.30349691771567344
11993,0.27649472080310167
11994,0.2745465424688285
11995,0.23880237923935232
12002,0.27719194741863024
12006,0.2519156856467484
12007,0.24553361305739807
12014,0.29866602640650614
12017,0.29880640520653745
12021,0.2792075793140771
12023,0.27440299404680113
12024,0.2783578483081021
12027,0.2873327416523903
12034,0.2702998256928254
12040,0.27668883537527283
12048,0.2544575586589898
12052,0.19243882785855657
12057,0.30256135816687946
12058,0.30406537159183594
12061,0.27438175744994925
12062,0.28434266482690784
12064,0.19014814918353679
12071,0.2683747293241334
12080,0.3057210114822307
12085,0.17863609972114164
12090,0.28586603813660477
12100,0.2881876112907583
12103,0.2823287480969626
12104,0.27152717861713066
12109,0.14763371566823974
12114,0.28949629586295234
12123,0.2041228121017796
12124,0.18246877470483672
12128,0.34790733456659273
12132,0.2701943332472398
12135,0.24871611175830077
12140,0.34985750383064723
12149,0.1868642852943293
12155,0.2684457901256262
12158,0.3174794933848448
12161,0.2928146773645921
12163,0.28728147111316377
12164,0.28098671180531226
12174,0.19071294053062696
12175,0.28216139943180435
12179,0.33787239283539855
12183,0.2711227210098027
12184,0.2864759560020533
12186,0.20362187193485404
12190,0.27376397999641466
12193,0.28943075705030685
12195,0.18709561565999255
12196,0.197259282366691
12205,0.263811840825944
12213,0.28658296717868686
12220,0.2644074884567188
12221,0.28907159605342464
12222,0.1904253381535931
12224,0.28003132762338645
12230,0.28577785715502707
12239,0.279728278364174
12242,0.2704481770454267
12244,0.27303112790964956
12245,0.2885989833312374
12247,0.283596074237068
12254,0.29876173251550303
12258,0.2850865383648912
12266,0.19566977215892056
12267,0.29952333338056636
12272,0.28843874191683117
12273,0.2652987830872313
12276,0.2862997932537654
12277,0.2756198496965806
12283,0.2581713449407027
12289,0.18298058712739235
12297,0.2783112254935002
12300,0.3550642638785395
12302,0.20089980618185904
12310,0.1915109424250989
12312,0.25397158046441204
12314,0.1863135368048623
12315,0.1472146249629379
12327,0.2569020266824188
12329,0.27715059218276905
12332,0.26658540831674105
12342,0.17353324033294848
12346,0.25635908162510906
12347,0.3483278021403653
12349,0.1761416431073319
12350,0.25974581446880973
12354,0.2831293704085619
12356,0.17753185462778015
12359,0.26676479284148336
12360,0.27263893545816303
12369,0.2726382810820487
12372,0.20392362638150646
12373,0.15372702546563743
12375,0.2759671936764117
12376,0.27490585082871516
12379,0.1857087896043923
12382,0.25766743727191915
12387,0.19885206893842752
12389,0.27435658131679797
12394,0.2961216013535646
12395,0.28083868792505096
12396,0.2888267308411548
12404,0.3087315055312625
12405,0.27014322864337964
12412,0.34858351233012047
12419,0.2476012761256158
12431,0.2577463095075845
12440,0.2875409708644661
12444,0.3018911034690108
12447,0.18110514471343225
12452,0.2722438787831753
12454,0.2697323932299736
12456,0.2772849388252579
12461,0.18703149819295797
12469,0.2634481421287775
12472,0.19076612389327086
12473,0.17366499216623593
12474,0.27429320302482285
12476,0.29238805047692756
12479,0.32745003389267896
12481,0.2590942513885209
12487,0.19776497612567356
12493,0.2841918748182309
12501,0.2871811932931399
12504,0.2714041645628924
12507,0.2809295612735551
12510,0.2610449051081771
12512,0.3482575591854177
12520,0.2740978446459653
12526,0.27131529844273367
12529,0.27712027130751915
12532,0.2500599638482337
12533,0.2773493683985536
12544,0.3372102442988723
12546,0.27955631554941934
12551,0.2814897909904336
12555,0.3344280727256274
12576,0.2793588447742313
12581,0.3001382696331218
12588,0.29827402697259414
12593,0.20520952667907152
12594,0.2674624268335018
12598,0.28523368452427156
12599,0.29863120646773395
12601,0.2503598393317036
12610,0.2852197624610718
12622,0.19899842138596785
12624,0.2606280972853301
12625,0.2843574341646485
12629,0.3807597779584891
12632,0.14437578974217305
12634,0.1671164367994109
12635,0.2834308814497485
12638,0.2734349985981618
12640,0.17167274708469354
12641,0.2746261040647088
12643,0.27159254360084684
12644,0.16276317999700307
12647,0.27062998604114896
12651,0.2877909030896498
12657,0.28477228251814557
12658,0.2874183145932897
12660,0.28332414674565226
12661,0.249234456941846
12666,0.2562234776025288
12673,0.2628326366014285
12678,0.27971573348486933
12681,0.2804707385151495
12682,0.34523057240262184
12684,0.15483141098662295
12689,0.28320846541984757
12699,0.2673961220859983
12701,0.27723069007714374
12710,0.23411723871927917
12712,0.2755914510727147
12713,0.28586952009674266
12715,0.26770005519418816
12716,0.26784982477762503
12717,0.2788782861749638
12718,0.2834567699196637
12720,0.2653907210850082
12724,0.28452118799968257
12725,0.2820012908388182
12726,0.2605226485081844
12741,0.28388490691733576
12742,0.3023651300144314
12743,0.3016703023085525
12748,0.26754516975477516
12749,0.15463876038807048
12751,0.28994269304963044
12752,0.2908230800196151
12756,0.27988397969609363
12760,0.27148222939897504
12761,0.2758711951744478
12764,0.291345002180068
12767,0.17545691953743697
12774,0.2848925732763512
12782,0.21431563120450148
12783,0.3457622206235101
12784,0.28078867341727565
12785,0.272320194723654
12787,0.29789445933975756
12798,0.25433486300577546
12805,0.2553578066848021
12806,0.2949311809003587
12809,0.25267981565925257
12815,0.2742639274104978
12820,0.19721122844696068
12824,0.26293579798261785
12829,0.26860177338223457
12833,0.291621044023652
12841,0.28838564685891627
12843,0.24746910479841538
12847,0.27187746206131663
12848,0.2719419903809612
12849,0.28156936694434437
12852,0.27248751641035773
12855,0.27982728332626905
12864,0.28522408827296947
12872,0.20755365414576488
12873,0.2973389566356011
12874,0.302972010300133
12877,0.3544028775813604
12879,0.28368876864093784
12885,0.2641788134440686
12893,0.2708966332123474
12894,0.2886581205968047
12895,0.33394132349174926
12901,0.1809426612957769
12912,0.26581212000485
12919,0.28287544944813525
12924,0.26964865789504255
12929,0.2797656161559206
12931,0.2850629574611301
12945,0.25455473777669374
12958,0.15869281162766513
12962,0.2823329194029151
12964,0.2912112558204703
12974,0.2832315674109836
12976,0.15798324676813022
12980,0.27209718439112635
12984,0.2671677639574009
12987,0.2275047643290301
12991,0.28186370544477607
12995,0.2773086552910646
13001,0.3435544293189035
13005,0.2770692661161868
13006,0.2859609527693091
13015,0.2714366922403219
13017,0.2742138030714915
13033,0.28536706513637805
13034,0.2795160264718884
13035,0.276060376687962
13038,0.33897744100215704
13044,0.18163200813215935
13045,0.28572209332599885
13052,0.16681107696170666
13059,0.2742781359526442
13060,0.18008062398881902
13061,0.29216384632606723
13066,0.34903446711038694
13080,0.3493903626911788
13082,0.2583450428805909
13105,0.2768961972332036
13106,0.34605396042760833
13121,0.30854402965244226
13123,0.29249378486822547
13125,0.18069183912299952
13129,0.27983724554367356
13130,0.24522540167194273
13132,0.30118760160824487
13133,0.2763898347527573
13135,0.2881669901402203
13141,0.2736498823643996
13145,0.3490241549027689
13149,0.19408595548118868
13153,0.28789662147616263
13158,0.2707711852222642
13159,0.2785825327339879
13169,0.38725375576467913
13170,0.26782164187507884
13178,0.2815828235833228
13179,0.20520122515068193
13180,0.29071646966948667
13181,0.27011873403091
13183,0.18374618199683593
13196,0.2666976733256257
13200,0.2791788840494045
13202,0.21333968386506344
13204,0.17860856620816234
13208,0.2637144325609789
13212,0.26829643003820386
13213,0.282421815558734
13218,0.2841229472503367
13225,0.2631617837111555
13229,0.2712867027704718
13232,0.2728259297851935
13233,0.2821635610426962
13234,0.19210960264380242
13249,0.1874286054540104
13253,0.27840313406718536
13255,0.2918050066516358
13257,0.33709646751709565
13266,0.18583294400500683
13269,0.17163483569210758
13270,0.29253162594841897
13274,0.29611363700839033
13281,0.2803844852435027
13287,0.25739398522179674
13305,0.2652845119210005
13308,0.16230330038715035
13309,0.19473131933714538
13310,0.29831860721321113
13314,0.28389059734966215
13315,0.15436273261755085
13324,0.27299869413924427
13326,0.2629974649982913
13333,0.27728068535887723
13336,0.2783193866052082
13345,0.2809299134019596
13348,0.2944786025245917
13350,0.3424663055587351
13354,0.27583047389354987
13360,0.3031151434576616
13364,0.27919598718620453
13366,0.2787850061360276
13368,0.2775086240848206
13375,0.22400122705411235
13376,0.26672460716176
13380,0.2650280351822988
13382,0.14109777934355971
13384,0.2983170460074976
13387,0.27862263731201653
13390,0.22147620660593448
13398,0.28456112984297477
13403,0.27676650399131547
13404,0.24719998145395763
13405,0.24875144861975734
13409,0.2930878601806044
13411,0.27072437871698385
13414,0.28018303309283654
13416,0.27442077578077256
13417,0.18646056216503393
13418,0.2921245844042554
13422,0.18632486291912742
13430,0.34419476157856377
13435,0.1469475774165368
13439,0.2681890271777553
13446,0.26704242972402514
13448,0.15426609962521842
13449,0.25928802440784554
13451,0.2865512828491205
13455,0.28584050028165714
13468,0.27891932546836157
13470,0.18186892766654467
13474,0.1998685726741049
13478,0.29488064336504294
13485,0.2745082080351621
13488,0.2827037675269902
13489,0.2727469911369009
13500,0.27644419778096696
13505,0.18989359455450547
13506,0.27831189095794184
13517,0.1935528203229338
13518,0.21019867574017762
13523,0.2683855059749257
13529,0.2853866558875452
13532,0.21757929445004232
13534,0.26856873206621595
13539,0.29499169179300333
13547,0.26897542182164735
13548,0.29186492474004355
13550,0.3798852465957396
13554,0.2921712933121396
13555,0.3086989190377071
13556,0.2915471246567989
13558,0.18436378994413183
13562,0.2704953920253006
13566,0.2523566826364249
13574,0.1897356496422391
13576,0.29084814849815793
13577,0.29285144093074267
13580,0.15734114247954417
13586,0.3113196000851024
13598,0.33917925146024774
13600,0.2462953088755935
13602,0.27391223060193554
13604,0.2725891162744699
13616,0.29024213860396325
13623,0.2813512782673202
13627,0.27339221293854316
13630,0.19695407643055624
13633,0.28076554304925894
13635,0.2728396517138454
13636,0.2994309503005994
13640,0.2746234894370501
13642,0.3450633239770796
13647,0.2942646359961316
13648,0.3595780326735811
13652,0.2567498741873244
13659,0.15364881502854771
13660,0.2513681126353477
13666,0.2886008618681616
13667,0.19460511625670288
13672,0.2669143147821706
13673,0.2821241691270352
13675,0.27326025911203605
13678,0.27122063593933204
13682,0.25431500097530413
13684,0.2869447613134414
13689,0.2775149845990786
13690,0.2733977669314772
13696,0.2573003730199023
13706,0.2781497658407179
13710,0.39541334866994693
13711,0.26894554671889687
13712,0.28448119418264217
13717,0.2011577724906112
13718,0.284668188264832
13719,0.265399577385655
13720,0.20540091931624227
13722,0.2657672180473505
13723,0.2870349068553905
13726,0.25841037416969037
13733,0.15952327033785388
13739,0.2818755576273982
13743,0.28643370923294625
13750,0.2893722333563149
13751,0.250225387630823
13754,0.29750963432550204
13756,0.19688555371658462
13760,0.19063708778870306
13762,0.2657211560513692
13763,0.2664551233887508
13766,0.202246751454526
13767,0.179718356690991
13769,0.20631539247637778
13770,0.27123047954908214
13774,0.2568354168193068
13776,0.28157711107573435
13780,0.20427847504316082
13784,0.19576262160998806
13789,0.2865131148755155
13790,0.2835353890879677
13792,0.20197235686351345
13795,0.28270867133952093
13797,0.25538562026559564
13800,0.270567573294294
13804,0.26832305803241385
13815,0.2756360668660521
13816,0.28132966466367476
13817,0.28944202900288324
13820,0.3426930760627382
13824,0.2972057631951937
13830,0.3034046692977934
13838,0.2756470197016401
13840,0.17798148503683478
13841,0.17777887808542328
13842,0.28284952219651804
13843,0.19801443365469648
13849,0.2858389603446464
13852,0.2758320324100603
13855,0.14719112285216002
13858,0.2707047327551062
13863,0.18518623524830877
13871,0.3485809050485259
13872,0.2782680935162665
13873,0.2682047698386533
13874,0.27906895635955015
13877,0.29409348381555556
13879,0.2696814175966986
13885,0.29144816676811863
13886,0.2810843969890213
13892,0.2722989674919398
13895,0.19719885352298855
13906,0.2939966441245681
13907,0.2902666271012166
13908,0.18665354779953042
13909,0.2721823997566737
13911,0.26174728435652683
13918,0.2685013445476998
13919,0.274692166630295
13927,0.29201780575629693
13930,0.1963903815372376
13931,0.28962429941442225
13933,0.2867977528445399
13938,0.29153590773268295
13943,0.17541505929107315
13944,0.19288287634100618
13946,0.26941545407125844
13949,0.2183746740055337
13952,0.3074317976793434
13957,0.2879161400274071
13958,0.2463710874733366
13965,0.24546487959060673
13970,0.18682580359719597
13972,0.2891809166318957
13981,0.27195810300386775
13983,0.21433263846376285
13985,0.27051434589892387
13986,0.22122555576597633
13993,0.2908448247822917
13995,0.2683865236802912
13998,0.2453510900771544
14000,0.16789500617488395
14002,0.1641190036561018
14003,0.21130749656094394
14019,0.2898052152679152
14021,0.3929409127813693
14026,0.29325055792233273
14031,0.2127649464525688
14032,0.2816144889050079
14034,0.24540013863318397
14035,0.2685805052584818
14043,0.20886898203376125
14046,0.28851168242088954
14048,0.2623381975070986
14057,0.2931135794338807
14065,0.25933100022469563
14067,0.19515078728238527
14082,0.15692597556920673
14086,0.2789995770711411
14103,0.35342239968655
14104,0.29857946121724893
14106,0.299820045973245
14107,0.28730997026699134
14111,0.1820919208316159
14116,0.1737641353522406
14118,0.1987963978920927
14119,0.2770762182766246
14122,0.2713959314408532
14123,0.2559206954073741
14124,0.20120632510724482
14125,0.2950444598630754
14126,0.27766569558370996
14127,0.2716641346515152
14133,0.28978140439128747
14137,0.2683875455047396
14139,0.268757496001113
14143,0.2598533032381128
14148,0.26740005600191685
14149,0.27282871685977916
14150,0.17568097790934692
14162,0.1694020055833192
14163,0.28489450115128356
14164,0.25810164015485687
14173,0.2852060598588572
14174,0.2886132931188613
14178,0.2437607993177108
14181,0.1849622896596036
14186,0.2607551861844322
14187,0.28871828318383513
14188,0.2617886093478943
14192,0.2883813539224038
14193,0.24051014539344417
14198,0.3540159713716601
14200,0.295185075191429
14201,0.2733741804326942
14208,0.34104012197355593
14214,0.2831678560536058
14220,0.26030265164408894
14224,0.29661768483047407
14229,0.2661018699745515
14233,0.26379861106554015
14241,0.1912244701939129
14242,0.2858969877528886
14246,0.2572793417226183
14247,0.2548212343129123
14250,0.18470154365608726
14251,0.34681549108348614
14254,0.2979410944556936
14257,0.15883224918830458
14259,0.28313012748360866
14261,0.26922922303353825
14281,0.2722146610115833
14282,0.2896876445760874
14285,0.18021965180179272
14286,0.2948780418611854
14293,0.29390688916163243
14297,0.17643579425975758
14298,0.27417780629842115
14301,0.18904721173789252
14308,0.2470404843936237
14311,0.2872183435235546
14313,0.34554578665348645
14314,0.17713199361204335
14315,0.18654873859315238
14320,0.2487889477480018
14325,0.1489016750054567
14333,0.24965101771355694
14336,0.2912246310466893
14338,0.28083588710974516
14354,0.2916903050225473
14359,0.2844221974114386
14361,0.28840729722290326
14362,0.28394708219261944
14363,0.30468505475726076
14369,0.190164653872273
14370,0.3375664785706461
14376,0.24404416717978175
14382,0.34080783012076415
14387,0.2534770809192672
14389,0.29672639961043584
14390,0.2723162352341516
14392,0.28419509778534147
14393,0.2343853563872182
14396,0.2804599272091641
14407,0.2732232927180037
14412,0.21723574322282174
14413,0.29939340268532433
14414,0.17028813768097562
14416,0.2748555793564366
14417,0.2783957166467983
14423,0.2846792986210815
14427,0.2944852475957607
14430,0.29403924031466017
14433,0.27003353850952827
14434,0.2736042406284957
14435,0.3108005796057842
14436,0.2684533856274993
14438,0.17204843116751362
14439,0.2660952322882898
14442,0.2764087943561618
14444,0.22612827477526914
14446,0.2640982938580156
14449,0.3501112322129964
14451,0.2691382310855026
14459,0.2968031580270766
14464,0.2714088166833495
14467,0.30682067261414003
14469,0.29725222498267906
14470,0.18757298307432851
14471,0.29327497465555713
14476,0.1756976115554957
14477,0.2718818651863171
14479,0.18344425719334959
14480,0.2818321028652167
14481,0.14296127335140005
14485,0.2892574270836048
14486,0.261178533295797
14493,0.27293583823083556
14504,0.293758926985573
14508,0.2874940623171078
14509,0.3056648655200498
14516,0.28370628802187303
14520,0.2824773522235783
14522,0.28835085206815797
14523,0.2579911550661099
14529,0.27794115452678214
14532,0.19479446459416883
14537,0.19317581031347766
14540,0.2760959724308296
14541,0.2762923241603225
14544,0.26186661244798887
14548,0.26330495652439345
14550,0.2861034705454558
14554,0.19312405860975276
14555,0.18417928663520997
14564,0.27075796570385174
14571,0.20054884683137975
14572,0.29431800816568465
14576,0.27236383351767746
14580,0.19210745858847686
14581,0.2779454149890221
14582,0.2922979945681086
14583,0.2631182807055926
14586,0.26999003066958444
14591,0.27672408260204245
14593,0.28579401565540963
14594,0.2821976440369135
14601,0.27972401601543445
14602,0.2682121912834244
14604,0.2965061337203779
14610,0.29757660537368275
14620,0.27286894042036675
14622,0.31027982814127264
14628,0.19079762644351103
14629,0.3477403598295305
14630,0.2402154346646721
14632,0.3840846106774991
14634,0.27023656667580165
14646,0.17365899217349656
14648,0.29013434932004456
14651,0.2786275497337074
14658,0.34342138664719124
14661,0.2799948248721098
14666,0.16705782320624205
14672,0.3100594264072682
14673,0.2812487779732277
14680,0.2677965350174958
14685,0.30812156704228344
14688,0.29080152152765626
14694,0.28097194940768905
14695,0.2948482107013897
14702,0.2935985544603671
14705,0.17258206012619845
14706,0.27552176538687656
14707,0.2728072427173741
14711,0.2815551437015511
14713,0.19683911841090704
14714,0.2663283283131822
14717,0.28419987254573265
14722,0.3452353591317541
14726,0.25613864289827626
14735,0.2728652390362535
14736,0.2957104891139234
14742,0.3007171592558499
14744,0.3953635955008286
14746,0.28322513741180233
14748,0.2925196060236992
14751,0.30545801433305575
14753,0.28939768735652743
14754,0.2829067965177676
14759,0.30300307549918876
14764,0.2902421541983296
14766,0.28903256916829456
14767,0.31758136012551424
14768,0.2923506435063214
14770,0.27752106642155283
14773,0.2987665888203007
14777,0.2778052263695586
14778,0.2680228023587909
14779,0.261513470287234
14782,0.279013786588033
14783,0.29300658616426284
14784,0.268989370096825
14793,0.16464173354187886
14795,0.2826966364901924
14797,0.287117338583604
14800,0.1882706286009113
14802,0.2826958136547354
14803,0.19862917100930944
14805,0.2934657206270686
14808,0.3394689446514498
14809,0.18181036854966054
14812,0.39243707825188734
14813,0.285626024944114
14814,0.3008239227213827
14818,0.2940761441468085
14819,0.22244279733299144
14820,0.18030267998508845
14821,0.35304224899839853
14822,0.27943488427544794
14826,0.2877487206326433
14827,0.28526773684565987
14831,0.2914150812860189
14832,0.2704505484223787
14839,0.2888443604871367
14842,0.2938555512801582
14848,0.26307903491429063
14849,0.18576381076004023
14855,0.2736161195555323
14856,0.29913692837122974
14865,0.2025691363976972
14866,0.19856980017332218
14869,0.2724758657266115
14873,0.2932172788598244
14877,0.2664646356330617
14881,0.21094506212080527
14882,0.3551305839151496
14883,0.28169892509915273
14885,0.2855602586009917
14889,0.29016472578212965
14890,0.2936688902826756
14892,0.2861522678588413
14893,0.195373915329822
14894,0.1887161256160518
14897,0.2969889068295213
14901,0.25231830515428455
14904,0.18378852089211206
14908,0.2849648944058861
14914,0.2812621403012204
14916,0.24131502534130725
14917,0.19111823176603301
14918,0.27457811949960687
14923,0.2727843677738845
14927,0.276176239924893
14929,0.2859038985873069
14931,0.28428137215285887
14935,0.360868245482828
14948,0.34877639531261945
14950,0.25399339401579574
14951,0.28405174428294694
14952,0.1956839608560719
14954,0.34998570764863535
14960,0.20115598421611697
14962,0.17645067232095613
14970,0.2719534649231182
14973,0.26418855483545844
14976,0.28538935488555156
14978,0.2836409349772242
14982,0.2785069821259234
14985,0.18615249111265053
14986,0.27055742973482044
14987,0.22670124296112962
14988,0.31168670865243586
14991,0.2822564371428337
14997,0.2858343489964164
14998,0.2646261042319396
14999,0.28615204100719327
15000,0.2635132656711486
15005,0.28996386004403424
15006,0.2822343988766817
15009,0.2813567219848834
15015,0.2854837015234134
15018,0.27651867768547544
15029,0.28846216849437045
15037,0.34597408291319703
15041,0.28148743923240765
15042,0.2786627314266432
15047,0.2568334338730673
15050,0.27616033500294396
15053,0.28584746493660407
15056,0.29073073167796115
15057,0.294517772758718
15058,0.2790436185311297
15060,0.27902611949603384
15062,0.2895801662672901
15066,0.19638196837818808
15067,0.29780528028005654
15068,0.18542584233028897
15069,0.19130659043223164
15072,0.2865646366126402
15077,0.27801724444671533
15089,0.2968270386472789
15093,0.2560052031008462
15099,0.2635477613029249
15101,0.29259069360580925
15103,0.29417263132946386
15104,0.27921995330019206
15105,0.26065084939728345
15108,0.27896761113638124
15109,0.28360046822133056
15112,0.2626644165592169
15114,0.2947325069412364
15117,0.181864732694339
15122,0.25433836029665635
15130,0.17463463977562327
15132,0.19196315849681642
15133,0.2828735534953658
15134,0.1910551125660226
15136,0.2822342352410161
15137,0.34654958253591045
15142,0.18942082458288637
15145,0.25783261772475163
15146,0.1503306519170181
15147,0.28356543829623404
15150,0.3363009714349859
15163,0.30378474101542896
15165,0.18505144354007916
15167,0.25671865402700106
15168,0.1834077056460035
15173,0.2864514336122792
15181,0.2738161428499301
15183,0.2957087307540984
15185,0.2842175525010891
15186,0.2853507602458966
15189,0.2673762857747348
15190,0.1928375998066528
15191,0.279607815190121
15193,0.27011906140562536
15196,0.27943222922592403
15199,0.2787089567978851
15200,0.2890765956165342
15201,0.28854564503537294
15204,0.2879448486123157
15207,0.19521318845702051
15209,0.2913716002062822
15212,0.2756284715117765
15213,0.2673673284690337
15214,0.279981654139373
15215,0.291005681311741
15216,0.2874862149871786
15222,0.271442287457348
15223,0.2648377643150638
15231,0.2686136381975178
15236,0.2875778912079334
15240,0.3097934104726056
15241,0.3100473147675865
15242,0.30054642763591644
15243,0.29052150865255466
15247,0.28650702883128076
15250,0.2654273969825228
15253,0.27962894943552496
15254,0.27938582534972517
15255,0.2978598940024959
15260,0.26048946288375086
15265,0.18858296596404542
15275,0.24122436487251384
15280,0.28633571588990214
15281,0.28475912925393165
15282,0.29229815242638424
15283,0.2968001839378564
15284,0.29625181651756266
15292,0.29597998857144503
15293,0.2647390807972817
15300,0.3095486401525707
15301,0.29087467782076015
15302,0.38791038687038365
15303,0.2843407314406567
15306,0.26595931291789543
15311,0.29892712874398497
15313,0.28195200401340076
15320,0.2810259103336435
15322,0.18655544921885883
15324,0.2706363432131823
15327,0.2957570493457309
15329,0.2796461457108998
15340,0.34457570605597776
15349,0.2766998279987012
15355,0.2745694294198332
15356,0.2866965803202553
15359,0.3871946360050175
15360,0.2792068923828616
15361,0.197790694197548
15364,0.27848497030404223
15367,0.19577175673742564
15368,0.3434645270292306
15372,0.33637883367380017
15374,0.1962793665607617
15377,0.28606971979842827
15383,0.2861296334561258
15386,0.14675620964638317
15391,0.2813236595612669
15394,0.17149452197655068
15395,0.2814735382779997
15396,0.20892380095158802
15397,0.27745958926870606
15400,0.2513524045418395
15404,0.26724007244393105
15408,0.2626403525644781
15409,0.2020565388288019
15411,0.34792613264239786
15414,0.29672019244902464
15416,0.2580887786639104
15421,0.20962254128824045
15423,0.2678699472579642
15425,0.19256401565397585
15426,0.2865297031352203
15428,0.29255474279225097
15429,0.26293904713886734
15437,0.2822889219092901
15438,0.2032690594964941
15449,0.26814797627805953
15456,0.2843038549269066
15459,0.3062470638625559
15460,0.2898755474247347
15465,0.2950326878038942
15466,0.28910250740608356
15468,0.29641014686659173
15469,0.1905216606068178
15470,0.27383503046490676
15473,0.34361326711120116
15474,0.2905374009052936
15484,0.2608361713676147
15486,0.25547301319579013
15488,0.27693085856776617
15489,0.149589116891274
15493,0.27315460220398524
15494,0.260067930689751
15511,0.19333604227794443
15512,0.29825830797851327
15517,0.28940258841831895
15518,0.2885105597082317
15522,0.1748657527006145
15524,0.28879650773200344
15526,0.2721523849127032
15527,0.2796465945673498
15528,0.25293318429050604
15534,0.2923536372605201
15537,0.3045460838245012
15538,0.2896983741896616
15541,0.1514142044432894
15544,0.28527616242814197
15545,0.28266759081406395
15546,0.18812783722190074
15547,0.1902466726073019
15548,0.2887120967927281
15549,0.305122272625875
15550,0.27481191103500296
15551,0.20256848888665127
15552,0.19869716549205305
15553,0.2872987937557505
15562,0.27207056389507445
15563,0.3446071680011894
15564,0.28477953635545133
15567,0.28576088352815676
15568,0.26547394709894406
15569,0.1947396852252627
15573,0.19288828585204126
15574,0.2659286977437136
15579,0.28057309548640547
15581,0.19213376963152354
15582,0.2874189955310187
15586,0.2922207848914845
15589,0.29155400947992016
15591,0.25947738674004234
15594,0.25792873022412194
15596,0.2798241927215581
15598,0.2825092084753657
15600,0.28012267528477536
15603,0.2944173204684629
15617,0.17028065272027842
15619,0.2569354631153213
15625,0.2531157714664738
15633,0.1877524989180827
15636,0.27516206294968343
15637,0.2953971943848128
15640,0.2796129034498265
15641,0.2623770051635143
15642,0.2705542700075237
15643,0.21863562592337854
15650,0.2537318387454377
15653,0.1856090540763744
15655,0.2830198346481855
15661,0.2968979088127019
15663,0.25889104985642775
15665,0.18383559913388545
15667,0.27893237932999015
15671,0.18033705977040626
15673,0.3408034179622341
15676,0.19099321336892225
15679,0.2844026216900786
15684,0.34629332624318593
15685,0.18290522860090386
15690,0.2651304395812436
15695,0.268709939603383
15699,0.32127280265067976
15701,0.18787861776156528
15705,0.34644479191511696
15709,0.18679394992603154
15717,0.29459023768116593
15718,0.3530180721578744
15724,0.28587195009921806
15725,0.26436947001410027
15728,0.2816507138832411
15729,0.27190841374910446
15731,0.25923308290748154
15732,0.27822253768710337
15733,0.27649214309243514
15739,0.33867687218587267
15742,0.17585430134328617
15743,0.18545962503889846
15744,0.27292014480852594
15745,0.15787650831942313
15748,0.18375182724603972
15751,0.29746473091423314
15752,0.29569708298443875
15760,0.21182039364199906
15761,0.19480957152113965
15764,0.28231172087256284
15766,0.30268335297811644
15770,0.1845968250961136
15773,0.18812169266996576
15777,0.2854928671773288
15778,0.28679038816990365
15780,0.20662173729937555
15782,0.3872148645446266
15783,0.29943429725033066
15785,0.2833673842596891
15787,0.2880160538812731
15788,0.30068812953519447
15793,0.33361605725264926
15795,0.2802908390182528
15798,0.3121208664622993
15801,0.2788775157391797
15809,0.2842184832306198
15810,0.26003585428950865
15814,0.28478811436341006
15833,0.35213291282879816
15835,0.2964703206645592
15837,0.1757660954198314
15841,0.26713466386025075
15842,0.1564551874878156
15845,0.2560362637989045
15849,0.19701398438210554
15850,0.21272383046744614
15851,0.17061755703306547
15853,0.2654553942883291
15854,0.300832557472262
15857,0.18446641710949072
15861,0.3564569536045353
15868,0.3265102519852993
15871,0.2757659834363128
15873,0.26503077920439183
15876,0.2782336877017042
15883,0.2797563691368314
15884,0.26522198127617375
15887,0.20598561619676606
15888,0.2654009758632481
15890,0.2636738265957964
15891,0.2962866932207593
15892,0.2705507330927432
15893,0.2758178176349011
15897,0.28420965038408974
15898,0.35143118001321016
15902,0.29743339211136066
15903,0.1962864133138746
15905,0.29840908056837956
15910,0.2826990851152514
15911,0.28539506187860514
15912,0.26715010022003544
15916,0.19031157482969824
15917,0.18066896131298762
15924,0.28898850998886666
15930,0.3053649233923666
15932,0.2954080419538243
15937,0.281988023384149
15940,0.27943058325038866
15942,0.27234186701701585
15943,0.3338488185695536
15946,0.2729864296008128
15948,0.19253079752698984
15949,0.20401603189612114
15952,0.26195211891341
15954,0.17165095281798332
15956,0.27424097643667794
15957,0.23553344710646568
15960,0.18950492645942976
15962,0.27843221433680615
15965,0.2741920838724125
15968,0.2748651340263616
15969,0.2642556584364729
15975,0.2715472858419791
15977,0.3525694698369059
15982,0.2860080304617655
15988,0.2998177560893813
15990,0.19700435728540255
15991,0.19792882409141632
15992,0.16057908992251696
15993,0.31689231168039844
15997,0.27962353791887157
16003,0.2677901876446501
16009,0.28711491764321967
16014,0.28273918494105577
16015,0.2879624138809247
16016,0.18912328459536956
16019,0.28282653612879616
16026,0.2740624132263541
16029,0.2936636410566124
16030,0.2932136643880533
16031,0.16993546534477666
16032,0.27889268611634516
16037,0.1990053338276604
16045,0.2884577660282209
16049,0.27875977194876
16051,0.2594110777841501
16055,0.30034457032075385
16061,0.295093820222205
16064,0.29894977170712
16065,0.15757397118665586
16076,0.35812276421364847
16078,0.34185897026258544
16085,0.28582516219156023
16087,0.1836304732851202
16088,0.3074336922303742
16091,0.2804350984030958
16092,0.28071064200313317
16093,0.2843526813807371
16095,0.2542786296303724
16101,0.2657341593037692
16102,0.2875995112737146
16110,0.2886676732975405
16111,0.27342963848780216
16113,0.31765682176160814
16118,0.2896119261265716
16121,0.15021738097839546
16123,0.32864198701272057
16127,0.2834077036842338
16129,0.15292907753531743
16130,0.2690389857211039
16133,0.2751853684626503
16135,0.26717043989523626
16136,0.2566131367611328
16137,0.2945258476726159
16138,0.18511953149186294
16140,0.29018125054783783
16141,0.27409423594424936
16142,0.2752149916791652
16145,0.28607932321525975
16147,0.2949199695290292
16148,0.3095675201758791
16149,0.28455823188734586
16163,0.3468213611459614
16166,0.17332753122118294
16169,0.2527361586138824
16172,0.28478989409722405
16173,0.29560925199086363
16176,0.2972950589573074
16177,0.29019319834189367
16179,0.2907495784418862
16181,0.15314342068849415
16182,0.35075206941780196
16197,0.2883758131365486
16198,0.2854014603001675
16199,0.27549937668312446
16203,0.24165736922940492
16204,0.19838330567602475
16218,0.2321721313602705
16219,0.30482524914629494
16226,0.2787972112499531
16227,0.24349270710746834
16228,0.2834099615945901
16229,0.30515734444158404
16230,0.2856704324560672
16235,0.27959080076221143
16237,0.19148747456497692
16240,0.27042626463150254
16242,0.29036679575942775
16246,0.29229550852427044
16247,0.28574328098167967
16248,0.26524900411069696
16254,0.3928681183886678
16256,0.29265295915323997
16258,0.2659490547140071
16260,0.17237116473205233
16266,0.29016519955324444
16270,0.2619760688943564
16271,0.2697463157138704
16272,0.2767095743016017
16274,0.27302454214700994
16275,0.2872531414581997
16276,0.19200021284581922
16277,0.2810323078796012
16278,0.15800846198225654
16279,0.2869048124716821
16280,0.3026053025743066
16284,0.27608799221273345
16286,0.26043936587198185
16288,0.3007880939790429
16293,0.27151763613147717
16299,0.3466595649442751
16300,0.2878674602093382
16307,0.26799899473986566
16314,0.2841856541368224
16315,0.289262880998137
16319,0.2865950234238835
16320,0.2946611564877467
16321,0.27651081927655885
16325,0.17483451547992723
16329,0.17690816129090245
16333,0.15576426426066678
16335,0.29371893418029715
16336,0.2793195629854752
16342,0.29374522456898977
16343,0.3440760184305064
16346,0.28821258348852336
16347,0.27425906832268826
16348,0.30816507245610475
16350,0.19723742162094193
16352,0.2676287781493031
16354,0.28983932685099173
16356,0.27958846989414565
16357,0.2993734628317902
16358,0.267893031211473
16362,0.26362049281995414
16364,0.17432391456649743
16367,0.2892008006082979
16371,0.2612738137677727
16374,0.2783035247104826
16376,0.2840425658380001
16377,0.30036421133571667
16378,0.2971034778175994
16381,0.20700909593503897
16384,0.2711180632266834
16386,0.296576460862238
16388,0.2706097209979171
16391,0.2919260855260254
16394,0.2852760524294122
16397,0.18615045865805
16398,0.2909576360929945
16400,0.28189477920879097
16404,0.2958599750630343
16409,0.2588893279873483
16411,0.2642915487677207
16418,0.3566737122222455
16420,0.27667719246648387
16421,0.29579952687241967
16425,0.26138235207303445
16426,0.27734414945235025
16429,0.29582571088968396
16430,0.2839263286503997
16431,0.1792189319361232
16437,0.20512483612692944
16438,0.1549161053660149
16439,0.26940516985302054
16440,0.176913045911606
16441,0.2857204926608774
16451,0.26184402153473313
16461,0.27834467622768116
16464,0.3353678936165652
16466,0.3444150482823924
16467,0.27740337742186105
16468,0.3042410074369222
16469,0.27709618002653774
16470,0.30413880307459906
16483,0.3029690969968279
16488,0.17522336845122605
16490,0.19248228103584997
16496,0.3105922513595289
16502,0.19278720382141928
16511,0.18431106850428958
16512,0.28432913467239024
16513,0.2870680676216413
16514,0.1364541146231878
16515,0.16825153202400064
16517,0.28590477679327336
16520,0.21106468329053613
16525,0.29667937272111555
16529,0.28584749246432367
16532,0.2747353485474326
16536,0.3547529036312756
16540,0.19168306956036849
16542,0.28683802945379633
16548,0.2746491946191935
16549,0.26613032682124155
16551,0.3566742989260615
16552,0.28282222506882626
16557,0.267551944527312
16558,0.26339523231872564
16559,0.29430336151966613
16561,0.2928164284711797
16562,0.2770116091732844
16564,0.2684444419650769
16566,0.27577876667253765
16572,0.3039719503160067
16573,0.2851644329007064
16574,0.3100683111693828
16575,0.19790425739395376
16579,0.31034425410715455
16582,0.2652948361397063
16584,0.2943387897386335
16586,0.27714056407862625
16588,0.2730625785233542
16595,0.28398195179385194
16597,0.27313102344565987
16600,0.2956664787240501
16601,0.2846895918028908
16606,0.3867654313043211
16608,0.15413209313572984
16611,0.2883412755834259
16613,0.3045333484605895
16619,0.2891493992721679
16622,0.2878275915730849
16624,0.2734414267260018
16626,0.29567151888973375
16628,0.2836439725699832
16630,0.27188652857371753
16631,0.2024682292860658
16634,0.2868976414653131
16638,0.3008366832891148
16643,0.24813299242736464
16645,0.3268822873616459
16649,0.2939073561577703
16651,0.2835628534795751
16652,0.2612492055084075
16653,0.22784208428869301
16669,0.29208655127908933
16672,0.28979543243245054
16677,0.2900649407661836
16679,0.2918571671675463
16680,0.30178958575926423
16681,0.19640164733852966
16684,0.16052569386550658
16685,0.2836685315574161
16686,0.28497511090454386
16689,0.26313920951064546
16690,0.15845533229246916
16692,0.2735766680291068
16693,0.17655047267173152
16696,0.18612464391633038
16703,0.33961247299945985
16704,0.15923882350624569
16707,0.2682096962407016
16711,0.25144000342886935
16713,0.2690267261256888
16714,0.39376905717660265
16716,0.2577428168376914
16717,0.3013287103519277
16718,0.28389618974970204
16720,0.16911405280077024
16723,0.24887451700901958
16724,0.3287334399657862
16728,0.35699328484163373
16730,0.2814704391974883
16743,0.27265541025261986
16744,0.15200935855472633
16748,0.28518787184532973
16750,0.2749181221117663
16752,0.28985537305272685
16753,0.26331271376759613
16755,0.29792816256229687
16756,0.1972365803563662
16760,0.26173472453858326
16764,0.2077670222008291
16771,0.2781733423174082
16772,0.30656655293314095
16776,0.2741629934009798
16777,0.19699440538717367
16780,0.30444664390136694
16781,0.2807600998411009
16788,0.2535512471644596
16792,0.2539921719370179
16794,0.3018996642235834
16795,0.1840479323963614
16796,0.15711745511716463
16798,0.2717019246423847
16801,0.27650379613568576
16802,0.2783544294979856
16803,0.2918511721076662
16815,0.2768972051609394
16816,0.25377868532199804
16818,0.2835511760124848
16819,0.29695712849897754
16824,0.27979856802025194
16829,0.27702798853208904
16833,0.26289115382208034
16834,0.2821850521666703
16846,0.25784671179633634
16847,0.2787294952818637
16848,0.2761151076672238
16852,0.27333969789030965
16853,0.28253028828894905
16857,0.26544260600534925
16858,0.30661598582816035
16861,0.28126581947343465
16862,0.3022579776893745
16867,0.2681132900697488
16869,0.2735263349456424
16870,0.2760403420855085
16872,0.27820193154691497
16877,0.22109407204921006
16883,0.2715781225848746
16890,0.23571663266238374
16893,0.2802192070044349
16894,0.20304835666596427
16897,0.2646459725498659
16901,0.2743585718892331
16902,0.2605863032670385
16906,0.1607821207809072
16910,0.15279610639665317
16911,0.3456106144261298
16921,0.27292278689627547
16926,0.2794864094817268
16928,0.2881125772914531
16932,0.30904972909582723
16933,0.29137814963425646
16935,0.2830743029391324
16943,0.2795915427237149
16947,0.16080402822629575
16948,0.28006070836318697
16949,0.1869562873832305
16953,0.28706826056674317
16954,0.2714149786202495
16956,0.2643293034543025
16958,0.15860341142740253
16962,0.2802236695986277
16969,0.20911783401922646
16970,0.16510979957570063
16979,0.27597302239162136
16981,0.2714794746371395
16983,0.27006496968421045
16984,0.25332653443857794
16985,0.27497624680724697
16987,0.2937926434477265
16989,0.3575338602216443
16990,0.2730480629622608
16992,0.2750856602546732
16995,0.2678315992047295
16997,0.38111129114471964
17000,0.2933195427856536
17002,0.2951817067524167
17003,0.3153683272521498
17006,0.3415901743989639
17007,0.2846206273232499
17008,0.16440777241886773
17014,0.2710913173994309
17015,0.27832097602069905
17018,0.293434165652526
17020,0.22320636353686812
17024,0.34962207743877666
17026,0.3432296157607867
17028,0.281308900919935
17035,0.2694134048463648
17038,0.28025818672834774
17041,0.35059588263310826
17046,0.2944249231005316
17052,0.1599672438519199
17053,0.2072034238208094
17056,0.257440955801478
17063,0.2914081762659795
17068,0.27103680227128196
17073,0.1788861057668751
17077,0.2933001359379652
17078,0.26305407396655855
17081,0.2783331163634777
17083,0.2819908853118418
17085,0.26408352904906074
17086,0.29012794313550505
17087,0.27461378292738814
17088,0.27829558210382344
17090,0.28771986254421017
17093,0.1975306852316367
17094,0.2006161551084084
17095,0.2661438928734644
17096,0.1773528020406468
17099,0.2951296168549649
17101,0.2838378035493853
17102,0.29215833956981974
17104,0.2807335920760897
17105,0.28029964172311805
17115,0.2729356661262078
17116,0.2813227185432638
17122,0.18094588852790505
17123,0.19981616544368508
17127,0.28201149380257995
17128,0.293824399235108
17131,0.2882219146215662
17136,0.2837055923581661
17140,0.18414577147057062
17141,0.2816851941705254
17146,0.24462469237107062
17147,0.16975949542351204
17149,0.3003096666905032
17155,0.2831969312858973
17158,0.3226052166218124
17159,0.2723148171371118
17163,0.28109517178218457
17164,0.24754279930537315
17165,0.28041259235976057
17169,0.3474324312542216
17170,0.27076917552562496
17171,0.29725958326109203
17172,0.2061128008426249
17175,0.3861608726696072
17177,0.24455527033233027
17181,0.2847886103897338
17183,0.16764784185264747
17188,0.27249329564964697
17189,0.2822862231466047
17191,0.27287059676824343
17192,0.25200124962953396
17194,0.26682975559237787
17210,0.2652973311742971
17212,0.2945769242506561
17219,0.34981282911024886
17220,0.26921180262013195
17225,0.2840238575728899
17227,0.2906412059768442
17228,0.20272678542779876
17229,0.18701264181900965
17231,0.2756998352586819
17232,0.2900488602721918
17233,0.17757390173152557
17237,0.2647604403595436
17240,0.28848742972324115
17241,0.295180117238237
17243,0.24664365641216698
17246,0.30778020904737347
17247,0.27054674577756493
17251,0.35750740476706455
17253,0.27777983907292153
17254,0.18700406697192634
17256,0.17427397338800293
17257,0.2817988070278612
17262,0.27228769179654644
17267,0.21531646742453198
17268,0.270424060170748
17269,0.2754361827866253
17270,0.2852170903132575
17275,0.3100757707838455
17276,0.2969553410050545
17277,0.3522264599920215
17279,0.28753940991391747
17283,0.19057749518370604
17287,0.2643542222739911
17288,0.1849413707125241
17294,0.2741507921505902
17295,0.1479993505319352
17298,0.26843070427397725
17300,0.16830576849153397
17302,0.29808806335731863
17303,0.2765347864291693
17305,0.28760151430388825
17307,0.3005530631271307
17310,0.27196352398258455
17312,0.2004087128857668
17316,0.27439122436512153
17317,0.2685749128998388
17318,0.1704806723943753
17320,0.17702121081745298
17323,0.27133951631131736
17324,0.27007505046296604
17328,0.34700749675958636
17332,0.2797856251075619
17333,0.25876166064741224
17335,0.15363550314004681
17338,0.28359812533283246
17340,0.2761462243666294
17344,0.2810318520223119
17345,0.2952327742498515
17349,0.2805034137596342
17351,0.2723952657229388
17352,0.2707613148572806
17354,0.19010402206777904
17356,0.34868944671618557
17357,0.2814517243740319
17361,0.18871391123165435
17362,0.31102426243147646
17363,0.2771869121272273
17366,0.29572929465813635
17367,0.2831436141154611
17369,0.18059102032510052
17371,0.2994305278742248
17373,0.28965860305006313
17378,0.3011318611850368
17380,0.3013513079908881
17382,0.2860127949747824
17383,0.27059808814034825
17387,0.27084491538075317
17389,0.30513311157687983
17391,0.2441256598493106
17398,0.2848380823457701
17402,0.27295026203434525
17405,0.3458218598218413
17407,0.17188467922393968
17409,0.27777042601119317
17411,0.28494693857544556
17412,0.16941568715066846
17413,0.2785480146650683
17415,0.29375599961542326
17420,0.2706846865408826
17421,0.28715317953158137
17422,0.2879663776840802
17428,0.2949975573165727
17430,0.2360366283659854
17433,0.27561390680966064
17435,0.29071696074984316
17438,0.2503559815410486
17440,0.18364065424316414
17442,0.2865543080845591
17444,0.2782316124900317
17448,0.29393624956829306
17449,0.34107937588355125
17462,0.2832484186234477
17464,0.27651910823401804
17466,0.18964745696097288
17468,0.2900835048607785
17469,0.28182526065353347
17472,0.2833951645922645
17473,0.26948773136641824
17475,0.2855998010737578
17479,0.22629179167322314
17481,0.27588013265526495
17482,0.2835253383086646
17485,0.16919792697245445
17486,0.3488167250350262
17488,0.3005307103977714
17489,0.15073817495233027
17490,0.26477686476556617
17491,0.18895950659914645
17492,0.28378177952929706
17494,0.23232843253790877
17497,0.3389352643273376
17500,0.27986605891023264
17506,0.2880692099376987
17507,0.28442317408112583
17508,0.3550103298293393
17510,0.276187867007351
17512,0.33893799057746515
17513,0.29081876243270605
17515,0.29036523771269396
17520,0.2857417981191068
17521,0.27596945808906465
17522,0.306093045212117
17523,0.27557702737755113
17524,0.23143945468811833
17530,0.3351272755412921
17535,0.2930268103535944
17536,0.27990241737856325
17545,0.2915073300933072
17548,0.31442716905519513
17549,0.27744521293893143
17553,0.2745577775512564
17555,0.29482022856992973
17557,0.28110411113619455
17558,0.2683434445042072
17559,0.2898079052086489
17562,0.3017174671001023
17564,0.14905778223308455
17565,0.3402697820537785
17566,0.3064572517594698
17567,0.2934045310572794
17568,0.1858941570962233
17569,0.2807799372617855
17572,0.2802713305319309
17573,0.30541794348907936
17575,0.2889566052039388
17577,0.29408788896529614
17578,0.27399951296692776
17580,0.26577486284001467
17581,0.2928282511939649
17585,0.29102270953257103
17586,0.2939322716493956
17591,0.28782846229200504
17594,0.285271069163665
17596,0.2584958529469105
17599,0.3532333441892415
17602,0.28650595368251175
17603,0.2861783462934639
17606,0.18308212310808017
17614,0.30889097629665285
17621,0.298605993299215
17624,0.3006810319942676
17626,0.3392511119576951
17628,0.14991622101256263
17629,0.27276036989605534
17630,0.30634512294824184
17631,0.27216603491198604
17633,0.21080531104154263
17636,0.27662580343597754
17641,0.28273369374663865
17642,0.3505661263055687
17645,0.30533888599206627
17646,0.32785044052560575
17650,0.2796623349872752
17655,0.2720180203506719
17659,0.2635066052090605
17660,0.2760045797385543
17662,0.28432739878664026
17664,0.21402900066274047
17671,0.15340182655639367
17673,0.2849824251351196
17676,0.29654861912208036
17679,0.3196238330960681
17685,0.2880260715510406
17705,0.30513894688238447
17708,0.29240161239944096
17711,0.2931360539153238
17714,0.290006142731931
17715,0.1867427715950879
17721,0.25618882132020987
17724,0.34321812909747335
17726,0.2817977086629532
17728,0.26065177451731325
17730,0.24317737915624882
17732,0.27556533034405944
17735,0.35905617951463253
17737,0.27063800146886546
17738,0.29593228812638805
17739,0.2955164287105102
17747,0.28442532210799637
17749,0.2833532245886757
17752,0.27827910032380687
17753,0.27375356528253497
17756,0.2762274147449993
17758,0.22230894575590346
17760,0.28555292884904115
17762,0.28957876305209096
17763,0.33371606472938614
17769,0.19182703554036
17775,0.2908668780957704
17776,0.1893064240353118
17781,0.2983798143220891
17782,0.26698474052576315
17783,0.174613208601092
17784,0.3061262438302207
17785,0.27434853819373134
17798,0.26702255880617326
17799,0.29500686295224693
17800,0.3611465803241555
17803,0.2772489113287516
17804,0.16054611043906614
17805,0.28212120340954283
17808,0.2993193380513565
17817,0.27385307579642276
17823,0.35947123675653847
17824,0.29653639896468303
17825,0.2806552442013756
17827,0.17268411506363257
17828,0.2835089954127106
17831,0.27217506757380683
17834,0.271489155116938
17835,0.3623095189986631
17837,0.2717409408213722
17838,0.2858972063240976
17839,0.284883477460561
17843,0.32000429458974733
17846,0.389798879172667
17847,0.27739146062607084
17848,0.29123893496751446
17853,0.20744000993657313
17856,0.2851717384488012
17859,0.2774172769489515
17863,0.1894926989835159
17868,0.19487532809134642
17869,0.2597892613596396
17870,0.33065044435807894
17875,0.18519323366873208
17876,0.27477762645347104
17877,0.28594437984846155
17879,0.28338999294091977
17884,0.27294572315494126
17885,0.19793704450190786
17886,0.15638225650072096
17890,0.27437838440954754
17897,0.20973396485184265
17900,0.22327933239376732
17902,0.27592814217596046
17903,0.2823555912508794
17908,0.27599006569194573
17914,0.2886850279463027
17915,0.3002942464361411
17916,0.18551211471489928
17920,0.27836915781213034
17921,0.29295367265196176
17924,0.28394640821862976
17925,0.256315883984058
17926,0.22570062139165878
17928,0.32319443429269995
17930,0.26961562232747394
17932,0.25273378768225674
17933,0.2939284225601623
17939,0.28440666119943114
17941,0.3549325949379491
17943,0.3426658336954496
17947,0.19214018958243478
17948,0.277856717397278
17950,0.27335284131989185
17956,0.28020907598172495
17959,0.2714360801422235
17970,0.296545653963631
17973,0.2794374403227106
17974,0.2935622051992478
17975,0.2667523649737927
17976,0.2928256159958753
17980,0.22899460860454207
17986,0.29419865084818186
17987,0.19661001302011227
17990,0.3433065088644151
17994,0.27435794162484833
17999,0.27579890455874184
18002,0.18425296217111162
18003,0.1893242819951216
18005,0.34010723102749235
18007,0.34254914095439076
18013,0.26694857578219977
18015,0.18634310053597947
18016,0.24610583574727724
18018,0.27447272560004227
18019,0.27727251085922533
18026,0.2835974791890051
18030,0.28119321944022513
18032,0.3016763752141975
18035,0.2989121503494599
18039,0.2922946680631769
18042,0.27686267663676983
18044,0.29573517814128186
18045,0.23612518998796678
18046,0.28517022608623205
18052,0.2691226967366311
18054,0.1842274318270915
18055,0.3094653502609602
18059,0.25007108373910625
18066,0.2822769913028378
18072,0.2991488752709838
18073,0.15062888765552848
18077,0.3037276416330767
18081,0.18155537411396486
18083,0.28147575920747037
18084,0.2865378670485863
18085,0.27432644583981103
18086,0.24505279122029214
18087,0.28559442984376515
18092,0.2582236650700439
18093,0.20135473957469513
18095,0.20649068178951013
18097,0.2693299354143107
18100,0.2985735947504199
18101,0.2697642980064388
18103,0.2958568663541577
18104,0.2740662257889617
18105,0.25392464705876877
18109,0.24611139348570202
18110,0.29990470173878975
18113,0.3056102860982877
18117,0.20233886996447564
18119,0.2804905440570652
18126,0.3195022112213516
18127,0.1912141752257631
18128,0.18485909639477804
18129,0.2861400815838405
18130,0.27637265299821556
18137,0.39734468134375733
18142,0.29059252433561705
18144,0.17089016034031027
18145,0.26337240669646306
18146,0.2783287397838282
18149,0.28962491554174297
18152,0.1834744014969788
18153,0.3398820124902214
18154,0.2708601238286286
18155,0.291526334058522
18156,0.29705226918752886
18161,0.3013054769924855
18163,0.1914675053167972
18165,0.20372568331341476
18166,0.2894643312941894
18168,0.2887288158771925
18172,0.19040944415115307
18174,0.2924517840829435
18176,0.1963030562066836
18177,0.2086932753954178
18179,0.2950726384570298
18181,0.2998328864481566
18182,0.1864566099148846
18183,0.28458835078426065
18187,0.2747318583573674
18188,0.3405041285803178
18189,0.3022045157094764
18194,0.2804091599957923
18196,0.2949945382967568
18197,0.28516057180995125
18198,0.2335798007234064
18199,0.29125378493623183
18201,0.28475989742781543
18205,0.27124848733830326
18206,0.285362525199931
18207,0.28023965689548624
18210,0.27268561304660216
18212,0.2746359729517922
18214,0.2816775569562294
18215,0.2745335215814048
18216,0.2900391368954352
18220,0.1927066401570502
18221,0.3421694194264168
18222,0.18675344701890753
18223,0.322569969119345
18227,0.27615648287647
18228,0.30989227153335847
18229,0.18761047329603614
18232,0.30209546520932423
18234,0.29591558000040347
18239,0.2718159141367674
18243,0.2925979795498975
18244,0.19258896682500096
18245,0.28802997439436123
18246,0.21800405534480394
18248,0.28405440814626587
18250,0.35583377154243406
18253,0.3593829448832575
18254,0.27526184073193666
18256,0.28392629004453834
18257,0.27971798451148766
18263,0.1883801308504603
18264,0.15658943093992295
18266,0.2619366479662914
18267,0.15503775861111874
18268,0.2551227428155214
18269,0.30350321423529414
18270,0.27361963322702526
18271,0.3473066865784924
18272,0.2776213646096331
18276,0.3003056104684835
18277,0.1764602486408265
18280,0.28810222129964097
18282,0.1774392047396332
18285,0.2873951924564055
18288,0.38260369885792866
18295,0.1848942044995317
18298,0.28119770601213356
18300,0.2731023072793725
18301,0.26765980131000233
18302,0.256863409776152
18304,0.20298301042638248
18305,0.2789360002759461
18306,0.3375087416934596
18307,0.20370213515364277
18308,0.1902551553176402
18309,0.2708240710946814
18311,0.28841074324627813
18313,0.30904995512308436
18314,0.28074732110669254
18318,0.3068194381889949
18320,0.34577962543868296
18321,0.2785491141080868
18330,0.28365705773446076
18334,0.26804283137249657
18336,0.1804192443010339
18337,0.26054220593702143
18338,0.25777160715405656
18339,0.288296551683887
18341,0.3496254706694488
18347,0.21150026460985083
18354,0.1945132026764902
18355,0.18594799961217828
18356,0.29147443683483926
18358,0.2537499351581302
18360,0.29676664723708324
18361,0.28400741044555644
18363,0.2852259322923353
18364,0.34810189845737904
18367,0.281185334705751
18380,0.18663483191965533
18383,0.27429404329402673
18384,0.2839642552244802
18385,0.27596476894618727
18387,0.38953013620714866
18390,0.2805499062767397
18391,0.30461013738785664
18392,0.26738231302149273
18395,0.3851010134240761
18396,0.30958985427418384
18397,0.2876972257937513
18399,0.2826518332069961
18400,0.34848247363551893
18403,0.29628569141282307
18404,0.2735454497324855
18406,0.2627431892502421
18407,0.34442629737932334
18413,0.2792440434690337
18415,0.2911924573427093
18417,0.3045850947711706
18420,0.17893685414336746
18422,0.2745665568551817
18425,0.1888498155619649
18426,0.39702541701480293
18427,0.1547684469288516
18428,0.2599746003765441
18429,0.28945197586222293
18430,0.27435337984928915
18431,0.2852608753530935
18432,0.2987661255785944
18433,0.394029682400684
18435,0.2773089770072961
18436,0.2322698945792346
18437,0.1851390126991877
18439,0.27236074975961677
18444,0.26988784617835354
18446,0.28615433910555105
18448,0.29007057154086957
18455,0.2193498581220633
18457,0.23690639311970713
18459,0.3114292947887635
18463,0.30135268379563
18464,0.2723731361656022
18467,0.2810048298969074
18469,0.2971564150727915
18471,0.19390818727155124
18475,0.27898507194732636
18476,0.18856798939501146
18477,0.257559589264755
18483,0.2721858926071459
18488,0.290440847286027
18489,0.2232708820251953
18490,0.2768145362677202
18492,0.35332995332257605
18493,0.26767716229253324
18494,0.2869106022314147
18498,0.2565475122717983
18502,0.28813433225920193
18503,0.15368504478548745
18504,0.28263091941854074
18506,0.25470125897339574
18507,0.2880458478056395
18508,0.2835962837969611
18512,0.2653043500516491
18515,0.16047129445798372
18517,0.29561187389143906
18518,0.2824667678275691
18520,0.28687673819124476
18521,0.2695273442235356
18522,0.29121185333989374
18523,0.2702986520356354
18524,0.19644137946266504
18530,0.26843243084107327
18531,0.2958818055887128
18532,0.18205465454384276
18533,0.2793699790496509
18534,0.3022469075400201
18540,0.2757107219018422
18542,0.2698819402916407
18543,0.27965597102242384
18544,0.29684277211313415
18547,0.2675949891876535
18549,0.14985871276868568
18552,0.29366434994868995
18553,0.2976579784150655
18555,0.28824872989024986
18558,0.2950435057045836
18565,0.17415944071579612
18568,0.3471502581526677
18572,0.2657418174720163
18575,0.2853020745581044
18576,0.29718610884247504
18579,0.28450386270191774
18581,0.30345180549113493
18583,0.24270126705425024
18584,0.150467627943087
18585,0.20224850916123266
18590,0.17706956582585553
18594,0.2675746789868578
18595,0.25832353985718604
18598,0.274531614954032
18600,0.34955923417961743
18601,0.3830489619819817
18602,0.2718848742539414
18603,0.3523573142302637
18604,0.14889985334348044
18610,0.2623647494916093
18611,0.28160686851463107
18615,0.29534525226756736
18617,0.257594693809038
18619,0.3120469768020514
18623,0.19579107439458032
18630,0.2739754775361813
18631,0.3062047672891761
18632,0.2040220406931216
18633,0.28598403111982923
18638,0.293398058017419
18639,0.26999671104681827
18640,0.27371925729845714
18641,0.19096870099596389
18645,0.2828421673623531
18648,0.2394790354458662
18649,0.2586418514801213
18651,0.2763481793604045
18653,0.2403651558052574
18656,0.30757612112197225
18657,0.2845093282877816
18658,0.27058638666169327
18659,0.27210792350498025
18661,0.28436667177049746
18663,0.3484252263674445
18668,0.3141655336956469
18669,0.2761559464771522
18671,0.2922165839267786
18672,0.1972610970554878
18673,0.28500280799606287
18679,0.29136909634996666
18689,0.2925701506372109
18690,0.29009755765012313
18692,0.27165896414825563
18694,0.28672199284411576
18695,0.3050735091712649
18698,0.2906196157434502
18699,0.27873737618118966
18704,0.29083192082581866
18706,0.3849887917787848
18709,0.2875247158436519
18712,0.3029787648844192
18713,0.2999200620224083
18717,0.292582298259117
18719,0.3995556599493962
18724,0.26807685949219756
18725,0.20644273300042837
18728,0.28116335755542754
18729,0.27861474333983494
18732,0.15826287539675804
18733,0.250828738171274
18734,0.2072117526165135
18735,0.2953884204109631
18736,0.30267737694491603
18739,0.2647309793594401
18740,0.29745487767805234
18742,0.28452142003024083
18743,0.3459745940771507
18749,0.1824140875561797
18750,0.29123029237577785
18751,0.26300634202741086
18755,0.2615211604444438
18756,0.15630842581939583
18759,0.2972764343472176
18760,0.19825690042092786
18762,0.2951263102244021
18765,0.288162210600313
18766,0.2855214438152961
18769,0.26523657379042814
18772,0.27575425027931477
18773,0.1730466331639242
18774,0.280776156390109
18778,0.2841032488502811
18780,0.19505250591765455
18782,0.27544876624768083
18784,0.288410275015182
18785,0.2931798287026256
18786,0.27995471174230463
18801,0.2302122397888694
18804,0.2789228468369963
18807,0.29102597649248463
18810,0.34429637466428054
18811,0.2754921704989372
18815,0.27472391532686385
18816,0.3018210870246747
18818,0.29088828420611046
18819,0.2932788104178827
18820,0.29477039053664295
18821,0.3429997633947084
18822,0.3090984787296583
18825,0.2816817962759609
18827,0.3468675924267562
18831,0.27960551861388583
18832,0.2880483168929014
18834,0.3416809609356211
18836,0.3026203516888056
18837,0.27614356797189704
18840,0.20168485518157475
18842,0.26759952188199676
18847,0.26774930467376534
18849,0.28606686587642904
18852,0.2703250175825277
18854,0.28900622291671374
18855,0.26131656976945045
18857,0.27565078535320414
18859,0.29457167205316714
18860,0.3143147884284125
18861,0.2913649450341333
18862,0.18258360702670273
18864,0.2951238107662504
18868,0.2892082233616686
18870,0.3054693296363753
18871,0.19446247681744153
18874,0.28958368153497727
18880,0.3060384089794374
18882,0.2861267506690864
18884,0.2753445017913441
18889,0.28884885896923473
18892,0.3017598210549805
18894,0.348686171577132
18895,0.2870594162364539
18897,0.3040329254655185
18898,0.2073905789776073
18900,0.3189897682140682
18902,0.2906355298987622
18907,0.28444158314441975
18909,0.3160848379823781
18910,0.3872753154729593
18914,0.280430782924736
18917,0.2683103894551699
18918,0.2693957133975941
18921,0.3473386111906877
18924,0.2902963305890115
18925,0.27745191407200925
18927,0.2840943855443343
18928,0.1971261832815444
18929,0.2717675207950296
18930,0.2898762999512532
18932,0.29246174990736507
18935,0.1788836343772537
18938,0.18845933919190805
18940,0.29363365605610764
18941,0.2783755237899576
18942,0.28972816793569767
18944,0.18375911159310865
18946,0.30554942622480585
18949,0.26366903071458325
18954,0.1884832668512747
18956,0.28798229569893563
18957,0.19263564496460234
18959,0.28278870221007424
18960,0.21354812700761253
18962,0.28899439394351134
18963,0.307290989036588
18964,0.36440888473963695
18965,0.2850111518753343
18967,0.26409033431042395
18969,0.28245603467236124
18971,0.3444682105614076
18973,0.27761180637646826
18977,0.2765540414380764
18978,0.29990372845890495
18981,0.28899307578220934
18982,0.20682938727688205
18983,0.2687408687245341
18984,0.28868795261984326
18985,0.26817717433795835
18986,0.2895064732319836
18987,0.2774689354915174
18988,0.2782479033170906
18991,0.20003556891161114
18992,0.266635408098697
18993,0.268974103058138
18994,0.34625446231249885
18995,0.27907969567624896
18997,0.282479291348206
18999,0.26893233002945593
19002,0.2733248611381657
19004,0.2732813453269458
19005,0.2795827026741987
19007,0.24774912058709497
19010,0.27914372319398517
19012,0.2772736103931865
19014,0.2718947270928871
19016,0.28407525526647925
19017,0.3082244054933548
19018,0.2731173948653448
19019,0.291859919634106
19022,0.3319844159337284
19023,0.3615737224621153
19024,0.34484196843496456
19028,0.29004410981328377
19029,0.18714361943419938
19030,0.19137642385653755
19031,0.30800198429817593
19034,0.2827187525401366
19035,0.17779993232462077
19036,0.2937754496673492
19037,0.2823926807851105
19038,0.2903173836882065
19040,0.15523326874735455
19042,0.34219453880163747
19043,0.25957852323403663
19044,0.2712241523384419
19047,0.33689690353733154
19048,0.30558407560187256
19049,0.2844915124108322
19051,0.29387509101043446
19053,0.277137113137295
19054,0.3517797570956287
19056,0.2579404016027936
19057,0.28512240553929225
19058,0.2791101080177369
19059,0.26542216403775454
19060,0.2805892345539572
19062,0.28643964299035873
19064,0.29014399723566753
19071,0.349415413450975
19078,0.24456775908599498
19079,0.28749000466189006
19080,0.2677595282793262
19081,0.18222713351885683
19085,0.28960891224963414
19088,0.2835599784300925
19089,0.266803517936239
19090,0.28036061789138067
19091,0.346702176192504
19092,0.2658712865729643
19094,0.26177330453980785
19099,0.2993341954588477
19100,0.2870911506020937
19101,0.2104483271804293
19103,0.2757405893051875
19104,0.2975943947884577
19106,0.2758763241915493
19107,0.3501729742803449
19108,0.29032400347628473
19109,0.15500567561800319
19111,0.29411934286995683
19112,0.29482624925931133
19113,0.2895747245501523
19114,0.28533467560257353
19116,0.29718664923864396
19117,0.3015466986856041
19121,0.2973121435536205
19125,0.34571701723916254
19127,0.30221036990035993
19128,0.27741864417102685
19136,0.2876775081376896
19137,0.26384021367693133
19142,0.29433376856151366
19143,0.2740086271952105
19144,0.2891712272645279
19146,0.28985748616738477
19147,0.26926660768247057
19152,0.22479664318131415
19154,0.1880681536498235
19157,0.280603628010337
19160,0.28176031850351035
19161,0.1805905411441418
19162,0.34404616341054256
19165,0.18974465158860296
19167,0.19380316849575274
19168,0.25953694750480427
19171,0.1842517133283565
19172,0.16006441562591442
19173,0.2832339235925623
19174,0.2859765702089851
19176,0.2697922631793606
19177,0.29589761225314987
19178,0.16541178700395953
19179,0.34153714687013415
19180,0.3354469349158182
19182,0.2895959378766677
19184,0.2914148813814388
19185,0.15354337517366776
19187,0.1960715523856236
19189,0.35232681618313194
19191,0.2550833693034069
19193,0.2647961275720391
19194,0.29420795287880463
19197,0.31838912419283805
19198,0.27752054600687037
19200,0.2928115570972708
19202,0.16533341088326828
19204,0.23971986991127403
19205,0.2834496254653751
19206,0.26844664915043365
19212,0.18964606789003818
19213,0.279343699310199
19214,0.39370649618920267
19222,0.2865784108818674
19223,0.30032022971888384
19225,0.34847686429410213
19228,0.28659623051939864
19230,0.388747823844368
19236,0.28458299906905005
19240,0.3124598878461283
19241,0.30120805321394123
19242,0.28452003936770354
19243,0.3840145277322929
19244,0.2763933136951375
19248,0.267650658504731
19249,0.30853359417787496
19250,0.27889282126172055
19251,0.2994083318495444
19254,0.29091738333979916
19255,0.2803451077234847
19258,0.2947726143082699
19259,0.28368626274176467
19260,0.3526811326359393
19261,0.26066743915104373
19262,0.18972454784324735
19264,0.28585254133305515
19265,0.30389652844741477
19266,0.2830151655574681
19270,0.2666278687997802
19271,0.2786944710191442
19274,0.28756872606610206
19275,0.28363742844630063
19276,0.2531443009032389
19278,0.17614695066175906
19280,0.2731616494832256
19282,0.29436312239248574
19287,0.30360008133110733
19288,0.26184097365798115
19290,0.29066963631132814
19293,0.2901145864112435
19295,0.34488819358122924
19298,0.3383783936874802
19299,0.33751334323262405
19300,0.19571324854163008
19301,0.2773688183477579
19304,0.29482783292049736
19305,0.30068410793336614
19306,0.267479968654334
19309,0.2885941220958225
19310,0.26034615248914156
19311,0.3508355566022125
19313,0.3091756674435879
19317,0.29440104552966917
19320,0.3057744041571829
19322,0.1744359689933151
19324,0.2870409414694909
19325,0.28987530818864077
19326,0.26162560807904844
19328,0.28704805034380876
19330,0.29971064235554784
19331,0.40037920285551876
19332,0.29004009844264356
19334,0.28305428907343994
19337,0.27462298535775376
19338,0.28141379039810843
19340,0.2702385559463148
19341,0.2660339734082259
19342,0.2846605932612783
19343,0.30223590682145607
19347,0.38907523090880997
19348,0.2925317941372298
19349,0.3464772018854601
19354,0.29068816183388035
19356,0.2887597462838814
19357,0.2686645969574413
19358,0.33903882496161736
19361,0.3009659312364408
19362,0.2764012456386406
19365,0.28228508145253717
19366,0.2513438082629919
19367,0.2942929443927958
19369,0.2775772086542569
19372,0.28633228435592606
19376,0.17880465574531057
19377,0.28056932587409333
19382,0.19407491446661812
19383,0.35121279370284453
19384,0.30484964567527895
19385,0.2934071692497087
19386,0.2944527014995984
19388,0.29643811002282466
19392,0.28007211293231865
19393,0.3020062971494893
19394,0.2726373203669431
19395,0.350770149381744
19396,0.282706282860834
19397,0.2341534163272881
19399,0.29415775685787265
19400,0.30774864847954403
19402,0.2766862624464927
19403,0.2981906921777181
19404,0.2628574601095059
19405,0.2526449689541745
19406,0.2797042153919867
19408,0.2741901107653272
19412,0.29921366686981343
19414,0.27371005074203153
19419,0.3424978457166092
19421,0.3063534439431176
19424,0.2727527427490798
19429,0.4001326828152761
19431,0.28245833856902236
19432,0.29468337776387965
19434,0.19929984891474237
19435,0.27375721093132166
19436,0.2862252670599689
19438,0.2657313353766547
19439,0.3447272555640666
19441,0.20160431560950337
19442,0.187975695290041
19443,0.277612048513508
19447,0.2612116142187636
19448,0.27758046330725994
19449,0.2756860907742041
19450,0.2974937323590267
19452,0.2815017749014266
19455,0.3598200968123345
19458,0.2868110790071327
19459,0.31253394976607557
19460,0.28524918415872297
19461,0.14898660220466414
19462,0.275965893468197
19463,0.2694312062754803
19468,0.29302341453029723
19469,0.1688952225369949
19470,0.39655391418797337
19471,0.3335578963600992
19472,0.29180240500934307
19474,0.2927977020773856
19475,0.2681518542618278
19477,0.2837264758830376
19478,0.2883320263232707
19479,0.3519905459330981
19482,0.28231808554095217
19484,0.3521704559084895
19487,0.29541745665116365
19492,0.28821368119314505
19495,0.2822028113818036
19502,0.2835831885158657
19505,0.2673194325584288
19506,0.27053356218563107
19507,0.2648864486211746
19510,0.2642895858399603
19511,0.39487192404304394
19512,0.15339741872561272
19515,0.27721547253046436
19520,0.3005526571045075
19521,0.2857890886100818
19526,0.2862487872010513
19527,0.2792391765408413
19531,0.3612970120736905
19532,0.27639833994506113
19534,0.28529941347855625
19538,0.28546325494210517
19539,0.17575046400643868
19542,0.26042599408279854
19543,0.26153676490523853
19545,0.29075941369784447
19546,0.29041890396544495
19548,0.29707286675228306
19550,0.3008147904044694
19552,0.26929167646317936
19553,0.14161248737748294
19554,0.2731571772899016
19555,0.2675999305461241
19556,0.29022032016227217
19557,0.2702487261844029
19561,0.30880883849955354
19563,0.29417827102554045
19570,0.26807301941396133
19572,0.28582569313751627
19574,0.3467316522124208
19578,0.2728323531035591
19579,0.27354271128933766
19582,0.31204819319061705
19586,0.15524735868483763
19587,0.23913854816415708
19589,0.2658457619651458
19590,0.18876897294573894
19592,0.2755128505131903
19594,0.1955360098007953
19596,0.3444626803400936
19599,0.26374407843751474
19600,0.2713011882901605
19603,0.2661828870874486
19604,0.28055461323841774
19605,0.30559393284562614
19607,0.27615220025743376
19616,0.2011222697892454
19618,0.17710531008272812
19619,0.18598780827113315
19620,0.27056189349436766
19623,0.2746785167429956
19624,0.30208930929467387
19625,0.2796598576480969
19626,0.3220059669288716
19628,0.27279703849030185
19629,0.29445829996097767
19631,0.26222353359523903
19633,0.2840141502785788
19634,0.2747423837086745
19635,0.3482104197778277
19636,0.29836777083248883
19637,0.24844326697646013
19639,0.3038953254367766
19643,0.2897613838660158
19644,0.27876570959688013
19645,0.31043767765477376
19647,0.2887012970791177
19649,0.2911474181176817
19650,0.28671237223742896
19652,0.29744214897452614
19653,0.27512606417655194
19656,0.2704504440853945
19660,0.2892254158425412
19663,0.2851362106846477
19664,0.31772422318840116
19666,0.2837524523762165
19668,0.2741607603014134
19671,0.28043962787461796
19672,0.28296728093442525
19674,0.3385128074689882
19675,0.28101783588142437
19676,0.2801082966519957
19678,0.29433506804494197
19679,0.2817327893866398
19680,0.29523978658883954
19681,0.2990350623023041
19682,0.2578592667417522
19683,0.2660341013718085
19684,0.2572866532078002
19686,0.2745838571544299
19687,0.29873046844469775
19691,0.2872706680910159
19692,0.27483105019921644
19698,0.34305872367816453
19699,0.2712307217277974
19700,0.27394175340460925
19702,0.2588202444888045
19706,0.2913398260571096
19707,0.393884363163201
19708,0.2602916449366496
19709,0.28617134182508464
19710,0.27914072656022837
19711,0.29173937881845113
19713,0.24286868308468554
19714,0.27886510405243536
19716,0.29816769885280764
19718,0.26429697368465604
19719,0.2893129297941253
19720,0.2458019551309415
19724,0.18720562369162214
19726,0.3544609475938941
19727,0.28436620581331007
19728,0.17487420302455184
19729,0.2765542280655096
19731,0.3346290984883097
19733,0.2918813183367417
19735,0.2781105610387489
19736,0.2932222777029164
19743,0.28619107159313534
19744,0.28419606960277316
19746,0.27335724759322977
19748,0.289750720189131
19750,0.2786248643162802
19751,0.33816197659540725
19753,0.27603900925300445
19754,0.2814847937396749
19758,0.28789765980317156
19760,0.29428580888974626
19766,0.18906664718630223
19769,0.17625795914656045
19770,0.28273755707723275
19775,0.2931285346167798
19778,0.26733810863877894
19779,0.18138786581235455
19781,0.273895145366082
19782,0.38774212400323343
19783,0.2612639881775916
19784,0.17836862731908204
19785,0.3549557234952229
19788,0.35044646876127394
19790,0.2946763238010218
19791,0.19995993440934223
19792,0.17980602381053104
19793,0.2795401216073043
19795,0.2794740988634401
19797,0.3565504081749459
19802,0.20936909543515042
19803,0.3008969881803568
19805,0.2864582993272871
19806,0.2909308310854826
19810,0.31282790511577474
19813,0.1498032274097581
19818,0.25532676228019474
19819,0.27227837329350907
19820,0.31733618525765933
19824,0.31785503196188775
19828,0.27879356030392927
19830,0.2840579719594138
19831,0.3502349460684924
19832,0.1486812634586136
19833,0.3002645056070086
19834,0.2826623640123604
19835,0.2689096623085228
19836,0.27441598346897134
19838,0.278971347226423
19839,0.2875846395040171
19841,0.2916039521859758
19843,0.28573137318960884
19844,0.278772157565819
19845,0.28686779227558334
19847,0.3349937617875799
19848,0.30230663463487895
19851,0.3400290521052515
19853,0.2732469601951681
19855,0.27855301454231923
19857,0.2999293488933475
19858,0.27858772935986054
19861,0.18725129221333858
19867,0.29227686839751055
19868,0.2834726256059559
19871,0.27674303592323335
19875,0.28545914707050213
19878,0.2780071861202527
19879,0.1760509961487695
19881,0.2859668887049706
19882,0.27348022106423614
19883,0.2722659469554329
19884,0.35155318460277635
19887,0.39104766997273965
19889,0.27924323738561563
19890,0.2855619532813641
19893,0.3325491218830749
19894,0.3461903408593388
19896,0.25861991493297987
19898,0.39306087432501063
19900,0.34208155869317497
19901,0.2912415449754531
19904,0.3010124979040224
19906,0.39691700939199437
19914,0.14846581348858867
19916,0.20586499775082323
19920,0.35143304952832055
19921,0.1821942297147412
19922,0.27768225200828994
19924,0.3534508363933265
19925,0.29406162743915437
19926,0.3039911807070769
19935,0.18403183720958732
19937,0.2500774165162827
19938,0.26882880651637026
19941,0.28506735443989506
19943,0.26757141822498576
19946,0.28799950727498086
19949,0.19627640792686032
19953,0.2967501642229564
19955,0.30769662440787404
19957,0.2904745744978368
19958,0.28789542071726504
19959,0.29705762115455303
19960,0.27851067479585445
19963,0.2779267739039005
19964,0.38517353583916175
19965,0.3015330768912063
19966,0.2908494191453789
19967,0.27750857069196927
19968,0.3002278590018273
19969,0.1718383709275971
19970,0.15807712323680265
19972,0.2614244161028969
19973,0.2611123604431541
19974,0.21355456755090127
19975,0.2835416244002147
19977,0.35488389225151945
19983,0.17855870067617655
19984,0.22785269051293455
19986,0.3430821214684673
19987,0.28995369516066655
19988,0.29571570136375425
19989,0.2793019461583621
19993,0.2680897813276155
19995,0.27126869371151374
19996,0.3109272339123859
20001,0.2711559845577184
20003,0.26688524373366684
20004,0.2756956508264948
20011,0.3540816251789941
20016,0.34540543843352023
20019,0.2941985933422631
20020,0.28072918723681045
20024,0.28208912050290497
20025,0.3506097250099467
20027,0.28302831477753787
20030,0.29443127371848765
20031,0.17843143149377824
20032,0.28982383924822563
20034,0.27767953123806155
20035,0.2877080105641864
20037,0.21186618364274407
20039,0.27888460323767783
20040,0.2829567567769359
20041,0.2587011273585844
20042,0.2769718035227355
20043,0.29995286898900975
20045,0.26640149325465423
20047,0.29532490783902166
20048,0.34584960698147377
20049,0.26410746536034707
20051,0.369400015536317
20053,0.2944141652941911
20055,0.28486681701886213
20057,0.3498463825145069
20058,0.29355455830700394
20061,0.3004293888085524
20065,0.2845000600068117
20066,0.25758074821318194
20067,0.2896231777179038
20068,0.19536536288929252
20070,0.28835595714326206
20072,0.279592020285513
20073,0.30749557436859815
20075,0.3141553483770488
20077,0.34922100811473605
20078,0.28939170803192477
20079,0.29074012022930346
20083,0.2721091506936364
20084,0.2459068553762559
20085,0.28156506791654556
20086,0.19320892357741865
20088,0.27241943129156443
20089,0.29217724519359345
20090,0.16136823206557227
20091,0.3655902113420909
20094,0.2939294039179798
20096,0.28905993149606246
20098,0.2581396201035752
20100,0.28988995046136556
20102,0.31726137369860063
20103,0.29830773824161677
20104,0.2960817412167476
20106,0.2754151217484059
20108,0.40116759765211724
20110,0.3151556095319445
20117,0.3155582500632981
20118,0.3910960584371714
20119,0.278133151866248
20120,0.3520291036080262
20126,0.27100136912401757
20127,0.27132047105436463
20133,0.28139790141052057
20138,0.2778356704280483
20141,0.2855695578178306
20145,0.3000826534623757
20146,0.19739083875813368
20148,0.2750468855902654
20150,0.28245702699832775
20151,0.3093276492907155
20152,0.2852438760200044
20156,0.2687682960201159
20158,0.28470410719167233
20160,0.2944684168303527
20161,0.20886092063208794
20162,0.28149616147603707
20164,0.30572777830931064
20167,0.2689787684671729
20169,0.30096571635826136
20170,0.2923962340445957
20171,0.2852940515525074
20172,0.19614721621182998
20174,0.2730180243564007
20175,0.300218390361663
20178,0.28553443836255316
20181,0.287651954796595
20184,0.18642440304130242
20187,0.35096648887285964
20189,0.27949015896864454
20190,0.28942309506513353
20191,0.27495727204698206
20192,0.2902149594437098
20193,0.29063664997754307
20197,0.354997863226931
20198,0.2775122621848567
20199,0.25599571493963097
20201,0.2965444793665603
20202,0.2647110355810971
20203,0.2842863104582014
20204,0.2967706339933508
20205,0.3021995875525622
20208,0.1941718020239358
20210,0.2921697855544933
20211,0.2803239739511991
20212,0.2810229112725921
20213,0.28802486735502136
20214,0.2834864809382467
20217,0.2682203620916553
20218,0.2709154165358302
20220,0.2889447749765476
20221,0.2601911413554598
20225,0.28288209688260724
20226,0.29637893365188284
20229,0.28807254602790305
20234,0.3259709819505924
20238,0.2688602415973123
20241,0.19688614229266715
20242,0.2839833223022859
20243,0.2970066129317731
20245,0.2951425577142646
20248,0.2966129001671347
20250,0.31919257020299396
20251,0.3496347146406435
20252,0.277711933028694
20255,0.17271277586424982
20256,0.2839190458411566
20259,0.2096901015553261
20260,0.1884945224896183
20261,0.270892043889347
20262,0.2771561403745367
20263,0.2723131774310935
20265,0.15393760676835858
20266,0.3483287936285806
20269,0.18761572259748036
20270,0.29782318464546714
20274,0.26802852606480904
20276,0.3470015431275845
20277,0.3528431384513366
20278,0.26229404286426555
20282,0.27605893855701247
20285,0.28525459155207894
20286,0.3203549384460771
20287,0.20104727917857954
20288,0.3517592660917436
20291,0.34512993923622814
20292,0.20629222399134617
20293,0.299170536710868
20296,0.29493077059704653
20300,0.27872577912831215
20302,0.27589178734994235
20303,0.28587812453344724
20305,0.2960102814375777
20306,0.29077460483475703
20309,0.27061345065386355
20314,0.3520321314238994
20315,0.27686198589668165
20316,0.26720598051685174
20317,0.2740466077722014
20318,0.27778262817520527
20319,0.2714013247866784
20320,0.29253879759787815
20323,0.29100377992660037
20324,0.18864407376468542
20325,0.1938920365095671
20326,0.18579561789699897
20327,0.2636966802265013
20330,0.2723528027826141
20331,0.27681280470034964
20342,0.29222277781513284
20343,0.2818638107099243
20345,0.32034066675523154
20347,0.19410563132478756
20348,0.2899395856772304
20352,0.24661388684054217
20354,0.19271761342808863
20355,0.27581604075619304
20356,0.3533519469173526
20357,0.2951615712478877
20359,0.25990501825668383
20361,0.2866024898067414
20363,0.185859571295893
20365,0.2801935438756029
20367,0.3844792390078367
20370,0.19682316383471948
20372,0.2514969136727181
20373,0.28437269466085513
20375,0.3884743004527049
20376,0.27836563574860984
20379,0.1941724232463336
20380,0.287738772472218
20383,0.28228366585135944
20384,0.30676166994495935
20385,0.2646191443602232
20386,0.27480419528287076
20387,0.30303671221190825
20389,0.2770759094040413
20391,0.30156960917805964
20392,0.19865620387956345
20395,0.2887084259643706
20396,0.34036952364725354
20398,0.363887282009987
20401,0.2777522307485388
20403,0.28681608055783725
20404,0.2996483213832737
20406,0.342584261959475
20407,0.2865144137833584
20409,0.2870754187131932
20411,0.27557591199670384
20412,0.29366125847352054
20418,0.2913221532529987
20419,0.28301455801829173
20420,0.1700329254394118
20423,0.2877824021272128
20430,0.3197221828730463
20432,0.2674047163287221
20433,0.39098109129581915
20434,0.3565988226805602
20437,0.2803571547169021
20438,0.2938278498509021
20439,0.27155273389500206
20440,0.27512565930556465
20442,0.276271867881622
20444,0.34607600512510955
20446,0.29314225108608927
20449,0.31126550434991035
20452,0.2754270918800763
20454,0.2743668938084412
20455,0.28570702364330647
20456,0.27098396540717445
20458,0.28942523271065984
20462,0.2930005656746878
20464,0.2985593515843431
20465,0.262609772833901
20467,0.2920987825882453
20468,0.18357605101695762
20472,0.30622789592617117
20473,0.1929232532072493
20475,0.27573735312111225
20477,0.293446545266681
20482,0.2730746768324492
20483,0.355341222926208
20486,0.3511849191240979
20487,0.29172198767938917
20490,0.28343715268057185
20491,0.273234023843396
20494,0.19505987421195153
20495,0.27849097212864016
20496,0.2565899763337749
20497,0.265178841543991
20498,0.34146312837117687
20499,0.28626981866013645
20507,0.25537781823739264
20508,0.2781602017055729
20509,0.2036498574998591
20510,0.28096196768529563
20511,0.2760481772847948
20512,0.17938731273588282
20513,0.2970483316860895
20517,0.30062827881121873
20518,0.3405370409193798
20522,0.2869280336446921
20525,0.29784971131333726
20526,0.2864589983289239
20531,0.3458519425221834
20534,0.3028917650898343
20536,0.28547092532950896
20540,0.27840761158917643
20544,0.29490123648048067
20546,0.29865457533793444
20548,0.17772380324362136
20549,0.28540777493006414
20550,0.2008068039612193
20551,0.25860776396583157
20552,0.2905855736560133
20553,0.2802715290040597
20555,0.34066003980759696
20559,0.3071024764424015
20560,0.2807425151889755
20561,0.3561086160796516
20562,0.29031647738175875
20563,0.27339962604836693
20565,0.2952893302602226
20567,0.2880052110583138
20568,0.3099969512441914
20569,0.2736083963697885
20572,0.2685678425133543
20580,0.30763769645203043
20582,0.283416582208839
20584,0.35165198173685336
20585,0.27698355148413445
20588,0.16125283734512894
20591,0.28918281085743863
20596,0.2860436301928285
20597,0.1770402593980745
20600,0.28212281715613313
20602,0.34234406212848806
20606,0.19072208987996075
20609,0.28202020892053353
20610,0.29283421957992883
20611,0.28354482886192045
20613,0.2773472656879901
20616,0.34246496375226426
20619,0.15533284566966885
20622,0.2784642598653827
20627,0.2593016443788129
20630,0.2859857917347183
20631,0.1934444465729307
20637,0.27754619895052096
20641,0.3435577419781697
20643,0.3628819765180419
20645,0.2867254113252592
20647,0.25437599353987567
20650,0.29733573052115664
20651,0.2834697587380273
20653,0.29187778265725933
20654,0.28276769447282396
20655,0.1672162391936602
20656,0.2903115795882032
20657,0.2657376258899511
20659,0.15341895034177142
20661,0.18488812608540367
20662,0.19298422096259613
20663,0.2778428062019921
20666,0.27834913101190184
20667,0.259346114955973
20668,0.28460418152819117
20669,0.3520909903566058
20673,0.2000695215481046
20675,0.29662822484632057
20676,0.3074385531868881
20677,0.28113489236194705
20681,0.2608389926733866
20684,0.2802350809542129
20686,0.29337048469320015
20687,0.2900617236709876
20689,0.2825648792855078
20690,0.29174380053912663
20691,0.2974307770048581
20692,0.2814683325280795
20694,0.2626595828945015
20695,0.2920238599543052
20696,0.19416526125581193
20698,0.28431242993286215
20700,0.30904965063644896
20703,0.2970365966229441
20704,0.3914087540329878
20705,0.2694619886297883
20706,0.2680223667597699
20707,0.29446995135962073
20710,0.35860855081581333
20711,0.27493924481826104
20712,0.22701834617372485
20713,0.29887831547051524
20714,0.2912752882336897
20715,0.2671698218615189
20716,0.30420078582233434
20722,0.27425358667409516
20724,0.30794406495403587
20726,0.3418397879780837
20728,0.29441941518552533
20729,0.35666435731851714
20730,0.3152881900473891
20734,0.288307546893258
20735,0.18571924579785035
20736,0.28054424029093544
20737,0.27861308769334414
20738,0.2904311339012028
20742,0.35009213076285894
20743,0.14896251803652222
20744,0.25809919208109827
20745,0.28223794803138036
20746,0.29936308142886614
20751,0.25011388868569867
20754,0.2899899278737354
20756,0.3450706466714126
20758,0.2579029145054141
20759,0.2809451638990471
20760,0.2999692271669234
20761,0.3422768445746483
20762,0.2478107100453557
20763,0.2357115329594059
20764,0.2851488583449996
20767,0.36301408562760595
20769,0.23512188336848494
20770,0.277007296032174
20773,0.2774512314510268
20775,0.38556156123936497
20776,0.2704939593149762
20777,0.3467976303360189
20778,0.19557106776879585
20782,0.27350715120310815
20783,0.2769309911570226
20784,0.2704359892956853
20786,0.2154282014356181
20787,0.2910872268119786
20788,0.27563401948781946
20789,0.16251316780004435
20790,0.18081973804173704
20791,0.3017056917346673
20800,0.33966882962748146
20801,0.2747337043895401
20804,0.2900027034646395
20807,0.30896721201117194
20809,0.1690573403048448
20810,0.385077077929075
20812,0.3947098843395935
20814,0.254942063954245
20815,0.2799611732369392
20818,0.15253912379022627
20819,0.27852711250485557
20820,0.285471979458069
20821,0.2862831537722257
20823,0.2842758807469923
20826,0.305604515350896
20827,0.3579866256457721
20828,0.28498209194149804
20829,0.26320735925228633
20830,0.3037934147507658
20831,0.2617970754541369
20833,0.28614935851014783
20835,0.19253075375012096
20836,0.2773234750407273
20837,0.29899796930468714
20838,0.27496214225887156
20841,0.2832643437236149
20842,0.2974367126297276
20843,0.29179601815405515
20844,0.26934750365125715
20845,0.2890839300089877
20849,0.34762240164748026
20850,0.277714114262377
20851,0.28323650898464947
20852,0.29082852260172787
20853,0.29248984212181645
20854,0.2701196642988214
20855,0.284581028352952
20857,0.18235608580981577
20859,0.2839295497392085
20861,0.28452381237580926
20863,0.29336175561408145
20864,0.3478871917578921
20865,0.27272089994451953
20866,0.2016001017407335
20867,0.3520507872028101
20868,0.3522540963625472
20869,0.30465363679481633
20872,0.2971354003931992
20874,0.17376915346795363
20875,0.2909134894978362
20876,0.26000901653270436
20878,0.2859472549079649
20879,0.28754485882389885
20880,0.18609124633257607
20882,0.34732861021035516
20883,0.3448817229381315
20885,0.15104366579200265
20886,0.2877942183396012
20887,0.18557049457654365
20888,0.29886057816870476
20889,0.2742778022045221
20891,0.2920174277305393
20892,0.289103235423564
20893,0.2866563690965536
20896,0.2705575483771641
20897,0.1542626697032327
20899,0.2960431906597277
20900,0.34938702331997284
20901,0.29520524695684947
20902,0.27523437398554707
20903,0.2610142310980903
20905,0.2837436715316857
20906,0.3532488000711152
20911,0.28172201225742477
20912,0.29625135602888036
20913,0.2970357381474028
20915,0.27495915771886387
20916,0.3049822584797186
20917,0.38944605285170747
20921,0.2661584759467899
20924,0.2586083042045154
20925,0.28295333982781723
20926,0.2908445923712276
20930,0.2878229260317023
20932,0.27465931291829265
20933,0.2783576505484767
20935,0.30067866410485544
20937,0.2541768150775799
20940,0.2976533966363919
20941,0.1960823984285518
20943,0.27054104152307334
20944,0.1734918711380551
20946,0.1960714390339563
20947,0.2836668165618863
20949,0.2921997298689866
20950,0.2705640286901862
20955,0.26156399754594256
20957,0.28748011256460937
20958,0.2920438132709043
20960,0.29590360664212173
20965,0.34529886073584165
20973,0.3428362857117714
20975,0.2718711102596992
20976,0.29936894589320917
20984,0.2951691156678774
20985,0.2872338400386733
20991,0.3531857697411943
20994,0.15917570153640254
20997,0.28634803103286494
20998,0.27528875407340303
21003,0.2844488340562245
21004,0.2989988733005119
21006,0.2558091459680566
21008,0.278491752273613
21009,0.18109842235419377
21010,0.2830879265021701
21013,0.3565326958136996
21014,0.2969000810238347
21016,0.28837675144330405
21017,0.2746626934537317
21021,0.18097097220043887
21023,0.276228757403065
21024,0.28130109421458194
21025,0.26192575830567594
21027,0.2847910624092999
21029,0.19799594161643638
21030,0.21067990437620543
21031,0.17371805491753303
21032,0.2888226865269756
21033,0.28582239175269136
21034,0.3438104005059425
21035,0.2037799985780557
21038,0.26166815764075185
21039,0.26006281808057685
21042,0.2881318641555831
21046,0.28566018167039836
21047,0.27541657127674257
21050,0.18111571831525458
21051,0.34424913345207697
21052,0.29380094663995726
21054,0.16987892472702606
21056,0.2848607937218067
21057,0.27807051770642277
21058,0.27275813399658305
21059,0.25410045155770566
21060,0.20280244153075233
21063,0.1541005990962237
21066,0.17410389660672082
21074,0.29373174065484453
21076,0.2834717753219502
21077,0.2859953577091394
21078,0.27827604702521325
21080,0.2850367882995365
21084,0.151905942909619
21090,0.3410308011958615
21093,0.2747388316953338
21094,0.2757292687768179
21095,0.3387425576955632
21096,0.2517694216511604
21097,0.3335128095667041
21098,0.19671701249823273
21099,0.29699147877410603
21102,0.2931009135093342
21103,0.29064126597247397
21104,0.27246128298624467
21105,0.2848812244570374
21106,0.3179351331886239
21107,0.3185340353215596
21108,0.2878280379769795
21109,0.19128615203097377
21114,0.19481925233266195
21119,0.28487055989549037
21120,0.26999829608385356
21121,0.26999428316030893
21125,0.3040013243987236
21128,0.29285429888537173
21129,0.19708740838463426
21130,0.28814942907910224
21131,0.26827658651988884
21133,0.34094285313091316
21134,0.27830680514529554
21135,0.2891447054662436
21137,0.2530860364739465
21138,0.2797680313184472
21139,0.16551269401900012
21140,0.27301616702840226
21141,0.2739158556301113
21142,0.2715170684764663
21143,0.2758608579054847
21144,0.2687838826985601
21146,0.2371278117836119
21147,0.28222142690308627
21149,0.2834246108561471
21150,0.27961561735823004
21152,0.341259083016052
21153,0.29119915121276596
21155,0.19225725220716888
21158,0.27027199666947277
21159,0.27278927601097486
21161,0.2854319502464603
21162,0.27765949333491846
21163,0.3021083467205044
21166,0.29535727596911543
21167,0.3039119981402168
21173,0.2578685396555341
21174,0.28324218922018224
21177,0.28342639966750716
21178,0.28113906669839045
21180,0.346159350932856
21181,0.19269900119315145
21182,0.16851124163979178
21183,0.3002618022605323
21184,0.2792118995528185
21186,0.2786545169154635
21187,0.3487654309722494
21188,0.2971193416149693
21189,0.28924856287913664
21192,0.28075949496333086
21193,0.2825751458785669
21196,0.16359787665758702
21198,0.2822879148751608
21199,0.26552343871267187
21200,0.3071964703843555
21204,0.30878300134889825
21206,0.2725763848707647
21207,0.27563637028993865
21208,0.289001434828932
21210,0.2622879720648251
21211,0.18955850193510013
21212,0.27139844857685896
21213,0.24814364705169983
21214,0.27194340233100295
21216,0.3402494609662543
21217,0.17884011783269516
21218,0.29149069982810977
21219,0.35142954329304005
21220,0.27649381298579745
21223,0.34524968713905185
21224,0.3079447189954833
21226,0.35217945526510624
21227,0.2650174381179629
21229,0.15562124345614792
21231,0.27821871317852154
21232,0.28532181080783975
21233,0.2759296945549503
21237,0.27364312218131626
21240,0.262896575311841
21245,0.34186716052470884
21246,0.282837847991418
21248,0.29991744392064484
21251,0.270701023627546
21252,0.273008399488788
21254,0.26558368622220163
21256,0.2953824242787481
21257,0.2857520315788395
21258,0.3100479601485596
21259,0.35642607542832755
21260,0.2887052466679005
21262,0.2699185309340426
21263,0.31063721007905193
21264,0.3022700352311349
21265,0.30185737206688446
21268,0.1999412946534108
21269,0.15357753323467416
21271,0.36005764955578407
21272,0.3432827425798789
21274,0.3015299622662603
21276,0.2488078601877461
21279,0.2820650426643388
21281,0.2479227840795682
21283,0.3397002019967321
21285,0.2797782818386113
21288,0.27928691514355153
21289,0.33662883967334756
21291,0.2821308056192408
21292,0.18052439542081872
21294,0.30612833153002195
21296,0.28049868424076274
21299,0.29213918413228196
21300,0.2802476080500081
21304,0.15583091280988298
21306,0.19900894990478632
21307,0.27161001383846706
21309,0.28198071804088987
21312,0.2793626395710064
21314,0.29584303184973076
21315,0.38797302935852535
21316,0.2749712497576586
21317,0.28286885353869784
21318,0.2270506544493061
21319,0.3053211309031997
21320,0.27187898876298855
21321,0.2838586723751437
21322,0.3439605827570705
21323,0.29787543528716676
21324,0.2461909914919348
21326,0.35683018486813545
21327,0.300680906662423
21328,0.29082327651546214
21330,0.26511931529342836
21331,0.2732092453663732
21332,0.3530512025077815
21333,0.2878139721810366
21334,0.2930512443855926
21339,0.19042376850719067
21340,0.14837612720183244
21342,0.19535124410805535
21344,0.30365828075465867
21345,0.3551915776657775
21346,0.34894138526289714
21347,0.18991732857264204
21348,0.16706750104495455
21349,0.26108481482845364
21350,0.2964860078160425
21352,0.18698231266557497
21355,0.2017708164535734
21359,0.2819731330960053
21361,0.26940774266047846
21362,0.27370417665444885
21364,0.2773144742722511
21366,0.24309322811184572
21367,0.2503105634364577
21368,0.28491052938189976
21374,0.33957088778380795
21379,0.28986181733972194
21380,0.22776256245034643
21382,0.2581900259759874
21383,0.24393240541035813
21385,0.2817622633337367
21388,0.2940003493387305
21391,0.2879337939782641
21393,0.28057451993585514
21394,0.34568651877536566
21395,0.2774553655963859
21398,0.2955763541728033
21399,0.18999222050867215
21400,0.3023985272669165
21401,0.2801368225248458
21402,0.3465486565697653
21403,0.3421102823868906
21404,0.20033277567949107
21406,0.2751866942062342
21409,0.2697554400968514
21410,0.25875687527839336
21412,0.32597601193647024
21413,0.27922428607424554
21414,0.2964926202509259
21415,0.2897021151286532
21417,0.16170911349597972
21418,0.27288257032354746
21419,0.271980814044959
21420,0.26758417536837503
21421,0.3535656733858949
21422,0.2794817317516524
21423,0.19203375755429447
21426,0.3049996531981823
21429,0.17923307520253018
21432,0.2892821998553198
21433,0.28254915406206954
21434,0.27655210398001223
21435,0.29249730182564815
21436,0.19026693862486543
21437,0.34504039387277013
21438,0.2653722453893955
21443,0.30004072747523836
21445,0.29747930623611607
21446,0.28196506551166417
21448,0.2993885103895784
21450,0.21079138998347755
21451,0.2617133781633434
21452,0.2817764308461236
21453,0.2793356430627342
21455,0.30924175656979047
21456,0.30271556456216986
21458,0.1840246402430411
21459,0.29119928253736144
21463,0.27432971073603285
21464,0.3964769808405087
21466,0.1550693686828515
21468,0.2638058014540416
21470,0.26342874239730885
21473,0.2836696311657047
21474,0.2662863490608096
21476,0.2915852938543118
21478,0.232196866798776
21479,0.2859305269444841
21482,0.2783122873702257
21486,0.26730469563910425
21487,0.2827632819996023
21488,0.25677118819235495
21489,0.20503305904392638
21490,0.2851471927946043
21492,0.35315732653791737
21493,0.35389609386843146
21495,0.2837648260933144
21499,0.28362958610696243
21500,0.2640638545493241
21503,0.29035011875979716
21504,0.2958797738593569
21511,0.1875139792448943
21513,0.2794118279654877
21514,0.15438200558028686
21515,0.358709891532388
21516,0.2672758649422464
21517,0.15188460197657225
21519,0.2872691377968898
21521,0.2599580561788926
21522,0.35547647064258925
21525,0.1952325785665976
21526,0.3327350420595427
21527,0.25702843593599534
21529,0.2824124301289735
21530,0.2579450716212341
21531,0.3620710799546498
21532,0.3403555743796689
21533,0.2682781044053342
21534,0.3038110821065766
21538,0.22551131735956312
21540,0.27707973915342843
21542,0.27513735136247974
21544,0.29173444662210957
21545,0.1998644037502363
21547,0.2762175288771676
21548,0.26272278636311897
21551,0.26522616320844555
21552,0.30075273890568976
21556,0.2587466605826055
21557,0.27833278458278543
21558,0.27408234528527575
21559,0.3521120788362949
21560,0.25509015036727517
21563,0.19339005059896253
21567,0.28618626155433635
21568,0.2732584741904635
21570,0.20370696162460106
21575,0.2860370318982893
21576,0.3896310652741156
21577,0.17205115565662019
21579,0.2658990214079745
21580,0.17301293495608144
21581,0.2717526258547973
21582,0.27736383913474216
21586,0.2937849892177611
21588,0.28861869733972906
21589,0.2843914856691607
21590,0.28238629693266726
21592,0.2866983954743938
21593,0.29494994948498404
21594,0.31193878440372114
21595,0.20492812937229785
21596,0.2758778410377716
21597,0.29232155822042133
21599,0.27881638023578786
21600,0.19462259242378255
21604,0.1882840461662716
21605,0.2778647103538502
21606,0.38790594229083414
21607,0.2744301470551948
21608,0.29315224775582766
21611,0.18839764537993653
21612,0.350855901302559
21613,0.2909658484526454
21614,0.29921234636336375
21617,0.283683740261905
21618,0.2844143182643119
21621,0.2967986593195672
21623,0.2946428524061601
21624,0.27039984378078247
21625,0.3946146671685525
21626,0.2861481224313416
21634,0.26433482125494434
21636,0.28825651972605126
21638,0.2789110868214455
21641,0.28695709066897324
21643,0.3069498836811904
21645,0.19946664709984002
21646,0.19799529151771528
21649,0.27962122249798554
21650,0.28497443396927324
21651,0.2039521758204516
21652,0.28473630812699846
21653,0.2970926380176191
21654,0.29932539193217844
21659,0.26911681645531754
21660,0.14358150874308817
21661,0.2384861178557756
21664,0.2930904737249719
21665,0.2730907281645938
21666,0.398418962580081
21669,0.28508395151491694
21671,0.2733069993688233
21673,0.34430757004755175
21675,0.27284953667779416
21676,0.28308100422345833
21677,0.26383702924102376
21678,0.33535430812996364
21680,0.280683098790813
21681,0.29213946747568115
21683,0.27911085558196913
21684,0.26074614129174023
21685,0.19330321278539514
21686,0.3036979763817201
21688,0.2789534094121003
21689,0.2941419313113275
21690,0.2904011269348718
21692,0.29582678294584774
21693,0.2752656028858338
21694,0.18441706434009483
21695,0.261290137131079
21696,0.2721023579133628
21697,0.28150973895570647
21698,0.3510541008877
21699,0.2811491235834586
21705,0.27242096903040264
21709,0.2894816367266196
21710,0.3062360592243142
21711,0.36114350992075084
21714,0.28005554431342355
21715,0.29767341845022743
21716,0.27783303027285683
21719,0.34418739605449467
21721,0.3078011918565721
21723,0.3068817398811784
21727,0.3465632136260101
21728,0.2776959142797653
21729,0.2799736522668717
21730,0.19333789452354377
21731,0.3066044415485611
21732,0.21944410139435833
21733,0.28075698778285835
21734,0.28196131544668435
21736,0.27711950175137257
21737,0.29459131602412847
21738,0.2904127939634079
21739,0.3009703680714945
21741,0.3059195214160897
21742,0.3066721227190733
21745,0.34500704208278254
21746,0.2010258796859721
21747,0.2902836698271254
21750,0.248951545334357
21751,0.23853877547565555
21754,0.2831435588450615
21756,0.3008595775043846
21757,0.2639617724517677
21758,0.29027773415714436
21760,0.27691089766978805
21765,0.28055837787262417
21767,0.2746504769059265
21768,0.26686509404707853
21769,0.31062704549837655
21770,0.28321001110508476
21771,0.2671555190887664
21772,0.3040496822176523
21773,0.29319656231010366
21774,0.3045593257292475
21775,0.2809906053319299
21780,0.28394525554609995
21781,0.3193144929251342
21782,0.2974914758453946
21790,0.2890759921220975
21791,0.28207841168768566
21792,0.2853862112996355
21793,0.3503568931160543
21794,0.21022057893138466
21796,0.19086706080481963
21798,0.3024448272255237
21799,0.2681894626920515
21800,0.28016226263582317
21802,0.2721517921716083
21803,0.2764332372023498
21804,0.2900777616613545
21805,0.2803634176046658
21806,0.2929925343846192
21807,0.3333191461200169
21808,0.28771258929377075
21812,0.27571373180147346
21813,0.1563921515723372
21816,0.2959404104548011
21817,0.2717429942947914
21819,0.29058607810979786
21821,0.18113791701415852
21823,0.292081655002788
21826,0.2802836473695671
21827,0.2640032864800693
21828,0.2806752621282151
21829,0.25886606029472237
21831,0.2886001417861602
21833,0.28761182737641894
21836,0.34394079671163713
21837,0.30264723220522755
21838,0.2617102646625411
21839,0.2896308897732146
21840,0.26431798339807605
21844,0.2817359578851788
21846,0.2876569175562661
21847,0.31025774415037133
21848,0.3478296868372468
21851,0.29141673343061514
21852,0.32690800514505935
21853,0.30262107971214564
21855,0.2720719334092698
21856,0.35093136625309657
21859,0.29946537428192044
21862,0.2333156360106171
21864,0.2036971411740851
21866,0.33564286810383975
21867,0.2853328162662193
21868,0.28634135548819123
21869,0.28758935878321384
21870,0.2930246690033981
21871,0.3064893062076339
21872,0.20682182241385014
21873,0.3438727886398691
21874,0.2685854734386126
21876,0.2780007996530439
21877,0.3556310573451911
21879,0.29286934679417276
21882,0.35308312651213225
21885,0.2792733997294955
21886,0.25301976529061665
21887,0.2762406532811405
21888,0.29406249538293355
21889,0.2853800602376861
21890,0.2861748648146507
21893,0.2866513575564811
21894,0.2774883869983367
21895,0.24566343893004913
21896,0.3387982547837918
21899,0.35494543921132915
21900,0.29029571447273295
21901,0.2758823169100227
21903,0.2751154455527746
21905,0.2857470899255428
21906,0.3500284353227231
21908,0.22675828402561315
21910,0.2860410444693521
21911,0.25682355227979803
21913,0.297563834067632
21914,0.25066477269344817
21916,0.2721577305932177
21918,0.18205644494788237
21919,0.26470556570333703
21921,0.2892893229117555
21923,0.2731680455527558
21925,0.2006525140741179
21926,0.2956144729373157
21927,0.2782311177512048
21928,0.2488902958394492
21930,0.2803933105734081
21931,0.28037741124824495
21934,0.2987268458862932
21935,0.28560490646829034
21936,0.39822976933538073
21937,0.2759189506510465
21938,0.353496772259678
21939,0.39211049256715214
21941,0.2709988127392055
21942,0.2830800152765508
21945,0.31399771705180346
21946,0.2718276411820275
21947,0.2892490992443378
21948,0.2843557955476689
21952,0.1809579176236969
21953,0.2827005766725384
21957,0.30030239041202533
21958,0.17873412713535392
21959,0.28099309538439277
21961,0.278380468117564
21962,0.28398046820523504
21963,0.18174492120042093
21964,0.29075464896905334
21967,0.3062541101301857
21969,0.19160208771249881
21970,0.27695606325264166
21971,0.20064261848747025
21973,0.3157137776380895
21974,0.261209274041113
21980,0.2725990681887891
21981,0.20968960456452668
21983,0.27438627987620956
21984,0.27257208036978514
21985,0.26425151982136746
21986,0.295931193366634
21990,0.28402100284287407
21991,0.278016171576109
21992,0.26420358406985645
21994,0.2904753662153467
21995,0.2576591021408529
21996,0.1890025381157717
21997,0.2750654182307858
21998,0.2868644158339192
21999,0.27270988800357043
22002,0.19188829077328662
22004,0.28283113403121424
22005,0.36403317757415277
22007,0.28983712961693664
22008,0.27074650852174403
22009,0.26928551703140596
22012,0.3893337911031987
22013,0.27748032268444817
22015,0.20478927759046248
22016,0.26853064322375164
22017,0.1919526511048363
22019,0.34368781902789514
22020,0.2703254271768596
22021,0.14679475015548815
22022,0.2883066563424188
22023,0.2971160046640833
22025,0.29510679003120055
22027,0.307121458347305
22028,0.20033929544965282
22033,0.2840962734511536
22034,0.3099818693225523
22035,0.2824486698671689
22036,0.24807480434790002
22038,0.15796908253415654
22039,0.29435596822124416
22042,0.3469094867621095
22044,0.290179216142049
22045,0.27975670881576614
22048,0.3575191777739881
22049,0.28037305125806045
22051,0.2830715721262638
22052,0.20190268260939065
22053,0.26488904425551074
22054,0.2873700869849272
22055,0.2686024412557353
22056,0.2890193715828845
22058,0.347241925451169
22059,0.2778387618385984
22061,0.19093211673810623
22062,0.2811001788110472
22065,0.28648350665171984
22066,0.2706578094477043
22068,0.33802582570170947
22069,0.2799720490553683
22074,0.30995448026949174
22076,0.2617684189231356
22077,0.2747707136966626
22078,0.28821270667583376
22079,0.3493808608103593
22080,0.3008440310249153
22082,0.17407344748591635
22084,0.28961391990043495
22085,0.2852208216398426
22086,0.2998716037223636
22090,0.34496654690374057
22091,0.2881056370800561
22093,0.27794855574421196
22095,0.18703430030081203
22098,0.24960427798655005
22099,0.20321948544396135
22100,0.2602949996982775
22101,0.2853220162221135
22102,0.3994998049362121
22103,0.25275326455493
22106,0.3066957552791749
22107,0.29184037891596387
22111,0.2918155682901966
22112,0.3446561529976179
22116,0.22020407660309022
22121,0.3378949683864675
22123,0.19987599083737323
22124,0.19610064106211167
22125,0.2654837323069102
22126,0.2938447751494637
22127,0.25442890932785767
22130,0.2760882103837802
22131,0.29498720500024506
22132,0.20704632833257852
22134,0.3525300261393555
22135,0.286833256770589
22136,0.3497962359576149
22137,0.313503558995298
22141,0.2954596841506892
22143,0.28631781869229744
22146,0.2974836760129558
22147,0.2778922603275781
22148,0.3424685625942622
22149,0.2860631170359607
22151,0.2888593565296576
22152,0.27895933824218555
22153,0.26042248096979115
22154,0.26803725248437116
22156,0.30850771957294193
22158,0.2550430051521787
22159,0.294374228882883
22160,0.29373319061855585
22161,0.2731126580552711
22163,0.2254566893093632
22164,0.3429397158971406
22166,0.30368598091718324
22167,0.19300353714472168
22168,0.3636626856351235
22169,0.31145978741074914
22172,0.28679163854396966
22175,0.2799719417118649
22176,0.1990354249041377
22177,0.26396105150403254
22178,0.36268882934258934
22181,0.2827142571491665
22182,0.27860123537565656
22183,0.1760927889526993
22184,0.2795900402825808
22186,0.39527760626337627
22187,0.289263909932705
22190,0.31299310909732986
22193,0.2777253476869477
22194,0.2764130548378236
22195,0.30265215421954306
22196,0.18547369637133027
22197,0.3355005458511554
22198,0.18676564076587196
22199,0.30867514463768414
22200,0.28783296085817445
22202,0.34572562771711424
22203,0.27868993204701514
22204,0.2963689536124124
22205,0.27139128850327165
22206,0.29372062483136885
22208,0.28514345853405565
22210,0.2653297412476195
22212,0.35029774591356727
22214,0.27991549616558586
22216,0.2885925113668268
22219,0.2945774298078087
22222,0.2872099484570897
22223,0.35761208861341093
22224,0.2848618871361779
22225,0.29634276804494714
22226,0.19316173342672802
22227,0.349922914022607
22229,0.25354816097763644
22231,0.2728570405085974
22233,0.27806507404039726
22234,0.3568352428079172
22235,0.2829236339400858
22236,0.28626601050600387
22237,0.28791540567595386
22240,0.24351207138172967
22241,0.3021745124645417
22242,0.3007899722624776
22243,0.28634874596274895
22245,0.289971611780154
22248,0.2898296264794186
22249,0.2896193182386147
22250,0.3047663318705183
22251,0.2890096417427847
22252,0.19222287691729384
22253,0.2813345021266388
22254,0.2633974684645426
22255,0.27953112139266656
22257,0.26872891808872884
22260,0.2910714841520898
22262,0.29446791527566907
22263,0.29607223331067123
22264,0.2856954008359242
22265,0.29685066693612194
22267,0.3857044833144595
22268,0.2895383741576661
22269,0.3467288766181028
22271,0.19567998756298363
22272,0.2752005224871792
22273,0.2838885112928682
22274,0.29770234904957227
22275,0.19728494611498573
22277,0.3993065782106188
22282,0.2856419805837787
22283,0.21882939434913734
22284,0.18542601548180762
22286,0.2965872016510192
22287,0.19440352295697091
22288,0.2803636211763443
22289,0.28955678197805157
22290,0.2533984949604411
22291,0.27521259741741744
22292,0.21501486342931192
22293,0.2837327714554358
22295,0.28290059247519117
22296,0.2949480632406942
22297,0.29770413447804955
22298,0.26560245637273827
22299,0.2695747707092137
22300,0.3324366335500231
22302,0.3468128615043537
22303,0.3433920525986666
22305,0.24370270140197958
22306,0.2902765794462229
22307,0.3573483461215981
22308,0.2760861859533823
22309,0.3008990692137597
22312,0.37045044930669546
22313,0.253471373209943
22314,0.2959644227842405
22315,0.27285888973001754
22316,0.3484878333813383
22317,0.18090760757283153
22318,0.299897595036852
22319,0.3470131693828192
22320,0.29043957829815664
22322,0.303151677712146
22323,0.3415926770697737
22324,0.28021543752539346
22328,0.29739269140553654
22329,0.2698170275822074
22330,0.2779556283494182
22331,0.30368436570828095
22332,0.2806058721503112
22333,0.181431626055102
22334,0.2921469938876927
22335,0.2861662626661309
22336,0.2915349776801025
22338,0.3541570942395928
22339,0.286615369724174
22341,0.26232705047364535
22342,0.29239015692155346
22343,0.3183898833034196
22344,0.18707006479854948
22345,0.30466779630986957
22346,0.23524814331638025
22350,0.27875545437094085
22351,0.2781327142414823
22353,0.2789478749179174
22354,0.29411597485682
22355,0.28102241192355787
22358,0.29451230843835385
22362,0.30436406302506114
22365,0.284377817026398
22366,0.28029584594888013
22368,0.2733975234172069
22369,0.2733996121952818
22370,0.17831847986055038
22371,0.27839814086410986
22372,0.3465960310417614
22373,0.2572556702414637
22374,0.24819276580121524
22375,0.2881491218508315
22376,0.3023334216845436
22377,0.28633060717785513
22378,0.2756887081055148
22379,0.2924481735693286
22382,0.2887143486947474
22386,0.30072414376360884
22387,0.3437144619306253
22388,0.262443626977716
22390,0.27890167492381107
22391,0.26886978598893985
22392,0.24474125957394646
22393,0.3852940925971869
22394,0.3223564115557851
22395,0.30987511107042864
22397,0.29853764516526593
22399,0.3154541504424437
22401,0.2895423237521616
22402,0.2918595576368987
22403,0.2740221381074519
22405,0.3480546523236894
22406,0.2791918660304188
22407,0.30714508957002495
22408,0.2775555874146759
22409,0.19248368196531987
22410,0.2635307809573765
22411,0.36816430012079704
22413,0.2891569867396696
22415,0.29427629878143197
22416,0.2891951641393431
22419,0.3034501751870923
22422,0.3148767619794845
22424,0.2972463625548167
22425,0.3558980317496333
22426,0.2763469587054953
22427,0.2889038438127326
22428,0.2764921948331022
22429,0.3081514069110515
22430,0.24254598290376508
22431,0.2768863662272613
22432,0.28151911287071496
22433,0.18133149698449513
22436,0.2628986815351856
22437,0.27610698470478334
22438,0.27555452786667506
22439,0.28737710194672145
22440,0.29986171420570107
22441,0.27362957171444013
22442,0.26459517506698027
22443,0.28218938724547843
22444,0.2585799140479103
22446,0.1852586631647886
22447,0.3003923275865855
22448,0.298851574885144
22449,0.29572931178353246
22450,0.29918573852497116
22451,0.2890930184844015
22452,0.3488508753746747
22454,0.18554823443957552
22455,0.4009133711882563
22457,0.28000660464408544
22459,0.28354819113372043
22460,0.28344062085591804
22461,0.2778481084657321
22462,0.29981862800847187
22464,0.2887539124311851
22465,0.2714868512100679
22466,0.34535789087042973
22470,0.34695464850387125
22474,0.3090201107271768
22476,0.27254366082614345
22477,0.30103087478011914
22479,0.29504680842218595
22480,0.35515001994798145
22482,0.2840020773574663
22485,0.26036368900196677
22486,0.29769992213554014
22487,0.27344274461770024
22488,0.20431485594197624
22489,0.27017437425329216
22492,0.29405596485610264
22493,0.3113911844933986
22495,0.2917356493936948
22497,0.29966714948888706
22499,0.2875594990701519
22500,0.2668737559337201
22502,0.28516494511406937
22507,0.2878366598147244
22508,0.16632210659502994
22510,0.25487309721973495
22512,0.28667856075838394
22513,0.28170849105622864
22515,0.28746952083492716
22518,0.2951943452988316
22519,0.2650240323772845
22520,0.2896867993375455
22521,0.24610640710448023
22523,0.3043228577038783
22524,0.39405320606440447
22525,0.28941375815266723
22526,0.353656780776807
22527,0.29120673349578546
22528,0.25163939285591835
22529,0.23474234282214274
22530,0.31385333494741147
22531,0.2542328067068827
22533,0.26157501324791815
22538,0.28548441248274925
22540,0.16954244816695405
22542,0.28929000691728496
22544,0.2845870214377907
22546,0.2481637450181441
22547,0.35373952935576564
22549,0.2782473664541258
22550,0.3814304926079529
22551,0.35145043675471965
22552,0.26763368911705077
22553,0.1480710886594595
22554,0.32215763903960937
22558,0.2031335040830552
22560,0.267663591428851
22561,0.3367269232255033
22562,0.30862645850927756
22563,0.3563184372031879
22564,0.3432421886945674
22565,0.27729581758725236
22566,0.2921696336321444
22567,0.2900615420273344
22570,0.2777570569024204
22573,0.283375598804423
22577,0.28563880371786926
22580,0.2800127422178888
22581,0.2948451962904168
22583,0.34047820714075233
22584,0.2904726062844891
22585,0.26746758413855753
22587,0.25727507980074416
22588,0.2785096697890832
22591,0.34660881332064064
22592,0.3319375959401763
22593,0.2968669159001793
22595,0.3325578011948993
22596,0.3436108760883708
22597,0.29339347815263034
22598,0.2808974695949754
22599,0.21062649232962874
22600,0.29491199645916444
22601,0.29247133667999786
22602,0.3005564241700181
22603,0.3357048317058185
22604,0.3478055295510586
22605,0.28070643949404545
22606,0.2158125645036364
22607,0.2747594308856326
22608,0.27808025622648513
22609,0.28298629371339107
22610,0.3059825878636045
22611,0.29016960535834735
22612,0.30289641699105463
22613,0.35171834669297775
22614,0.3550402581810911
22615,0.2008250099987647
22618,0.27119193863596924
22621,0.2732875222081022
22622,0.2606234215835144
22624,0.27128290094336277
22626,0.3001064144841292
22627,0.3100891461786035
22628,0.26808225964998683
22629,0.28713789457018846
22630,0.2788594865167027
22631,0.2506548061500441
22633,0.278272005206478
22634,0.27701312029861264
22635,0.2859025030197148
22637,0.25972783531939514
22639,0.3005022382747403
22641,0.27616861563110634
22642,0.29580097148251566
22643,0.2873626432491989
22644,0.3939260651280479
22646,0.2763416907451116
22647,0.34055871592088827
22648,0.2932391623390239
22650,0.3497710587979391
22652,0.25256045045941516
22653,0.2844335534078797
22655,0.3404411008110854
22657,0.15079009009776953
22658,0.28820682080760934
22662,0.2722239128872168
22663,0.27034303915903846
22664,0.3511745390042148
22665,0.30367426779106454
22666,0.3483450933199178
22668,0.30032703895137547
22669,0.2889868844335947
22670,0.3017426635030562
22671,0.29607773757179934
22672,0.2549078683802345
22673,0.2024000057863555
22676,0.26848107308151814
22678,0.3032138820086576
22682,0.29163154968365773
22683,0.275571632022367
22684,0.27044172070927525
22685,0.2782003954266656
22686,0.3000856306193015
22687,0.35025950310169585
22688,0.26529811953619664
22690,0.29087997450003955
22691,0.28590623180756125
22692,0.271663140321456
22694,0.2822973095052806
22695,0.281670602794548
22696,0.18604738567774703
22697,0.3661677782224315
22699,0.35352434261768395
22702,0.3542344594301349
22704,0.2381598899260442
22705,0.30133267408657916
22706,0.31068175029161393
22709,0.18974684142915055
22711,0.3433965278788921
22712,0.2840829315853348
22714,0.29122286178253964
22715,0.27127635972441344
22716,0.24964198807670715
22717,0.3421099899060755
22718,0.21005285081675998
22720,0.387059823204468
22721,0.1946252205003639
22724,0.2690965098949777
22725,0.28070488536875465
22726,0.3554440547017967
22728,0.26689021032999843
22729,0.24042636597227274
22730,0.29501752052801444
22732,0.2924471203452566
22733,0.3450739341706803
22734,0.2841280618444256
22735,0.39007043567461347
22736,0.2981778399269913
22737,0.28736571667754396
22738,0.14957958225754905
22739,0.3519282634247313
22740,0.3585730471936711
22742,0.28190017909437176
22743,0.2965975697465325
22745,0.27295511320469734
22746,0.1588504579738127
22748,0.3949667630355445
22749,0.34094286620893305
22751,0.253713396575142
22752,0.2877849923823814
22753,0.384338469391479
22756,0.26868448787853094
22757,0.18540402508649279
22758,0.3445748071680922
22759,0.28307066254364216
22762,0.29023130112902296
22763,0.34632281160705186
22764,0.26120670364064974
22766,0.19291611996771518
22768,0.19693570520450498
22769,0.2793019965515377
22770,0.26914741380596413
22772,0.3637717190984082
22773,0.27020202337393046
22775,0.2874088995693725
22776,0.3442077408281246
22777,0.289052766427052
22779,0.20387704843111265
22780,0.29478690661712326
22781,0.39397761088712624
22783,0.3227003406693146
22784,0.29304506550860393
22786,0.3014355942142216
22789,0.279092894751288
22791,0.18981055182765239
22793,0.28762842202678257
22794,0.29409124764255046
22795,0.20637132868597857
22796,0.1839225896117451
22798,0.29212116738331473
22800,0.2896776380600107
22801,0.29394871825789254
22802,0.3033652159774278
22804,0.211045267485975
22808,0.27434991926300906
22810,0.3861130077567764
22811,0.2812143728331613
22812,0.18615220502307175
22813,0.2744482283433699
22814,0.2899449539136234
22816,0.2620978058549963
22818,0.2792399066228198
22820,0.3469256162863321
22821,0.19053093366100363
22823,0.2916672920122997
22824,0.29690131149919163
22825,0.27461040874138914
22826,0.34768955757500536
22828,0.285548605566477
22829,0.352687837845308
22830,0.29991872504337014
22831,0.3002458109469372
22832,0.28434357929273396
22833,0.1890349633673684
22836,0.26987541479463406
22839,0.2702241752671916
22840,0.1976439879961185
22841,0.28410664882759906
22842,0.2626468960550308
22845,0.3459992795731741
22846,0.2733622280853739
22847,0.2877392055619115
22848,0.2710545614641506
22851,0.2817324005917012
22853,0.2668671825616636
22855,0.2865745330930314
22859,0.2903541788694661
22860,0.39707872418603674
22861,0.26543003428878353
22862,0.34759399370528693
22864,0.26170792482569094
22865,0.15273572810904829
22870,0.2970811684738697
22871,0.300128798718288
22873,0.27576292437429745
22874,0.2805339262330708
22875,0.282761853108924
22876,0.286874607055703
22877,0.3889048839323147
22878,0.2620410966007835
22879,0.3867970560277076
22880,0.286339014803496
22882,0.2771051790426551
22883,0.3592595945662391
22884,0.2813263005430641
22886,0.149165566182981
22887,0.2728441609354378
22888,0.27241177429450747
22889,0.2916164118277276
22890,0.34299163659599113
22891,0.15773707666875814
22894,0.28998663883215825
22897,0.30181396730770976
22898,0.35071311713937675
22899,0.18377377621414664
22900,0.18142709478558294
22901,0.25405837547440757
22904,0.28046707268847143
22905,0.2899515697955567
22906,0.3056086152429196
22907,0.3149143600320039
22908,0.2943651458012685
22909,0.20253849838716692
22910,0.2977040360700657
22911,0.29673018614595953
22913,0.2937322955812422
22915,0.28499932731733374
22918,0.2522064177348715
22919,0.3570896028958963
22921,0.3551974614568331
22922,0.20074491872511827
22923,0.28760821424005373
22925,0.29355570662945085
22926,0.2582824530393054
22927,0.2976528981137598
22928,0.2929869692118508
22929,0.335848416350154
22930,0.2678837932468713
22933,0.29284888090587397
22934,0.30381763444460164
22935,0.2722360887081746
22936,0.31902923692811663
22937,0.2862786455971701
22938,0.29354823061486957
22940,0.25714033481729326
22941,0.4025926822259078
22943,0.2914521129396769
22945,0.25974704945068744
22946,0.2849240666295888
22947,0.33448452550029456
22948,0.3504575788656515
22949,0.3492421556426378
22950,0.2948225890766902
22951,0.2797034794171927
22952,0.2823323153794076
22953,0.29583188881749045
22954,0.275735849862106
22955,0.3931749683273704
22957,0.4004474806056633
22958,0.2883425175351424
22959,0.2743122407215144
22961,0.28504334698938527
22962,0.2683110562481253
22963,0.26863628279931273
22964,0.2876273505778569
22965,0.30125108326368755
22966,0.2843022589161206
22967,0.29307475256082816
22968,0.3951035836895495
22969,0.27986371540140204
22970,0.2713672868923442
22971,0.30272257046594725
22972,0.38847871110870846
22973,0.31705938794504857
22974,0.3455888195744125
22976,0.2898328771281551
22977,0.2757133605091847
22978,0.30096162934375814
22980,0.2737602579424893
22981,0.2332167027856819
22983,0.2613388020766495
22986,0.2718975559039827
22988,0.30363963932256227
22989,0.38839598658308133
22990,0.28463215779561346
22992,0.28017663462197523
22993,0.147758127719336
22995,0.28170454708172
22996,0.2571280098118973
22997,0.1923252371808624
22998,0.290418313477895
23002,0.3020872635769275
23003,0.2663955297102079
23005,0.3471389819679646
23006,0.27338586076695126
23007,0.25971162104828915
23008,0.2936805109260769
23010,0.2727088097090255
23011,0.24401870101988765
23012,0.2898654544489015
23013,0.3422974401768417
23014,0.25091719274310315
23015,0.2824175278670767
23020,0.2923970111590471
23021,0.2868578709312388
23022,0.33487182586765757
23023,0.20518591960258808
23025,0.3444283644485941
23028,0.3541633751151516
23031,0.3021480967855005
23032,0.3860507028673731
23033,0.2799736011308772
23034,0.28816790976248646
23035,0.28112984731820795
23036,0.3069961655686495
23037,0.2029952295642085
23039,0.3897224735577052
23040,0.27477336402045366
23041,0.2565939378101074
23043,0.2444838564616246
23046,0.28979738508253766
23048,0.2110739621100157
23051,0.3035226785346379
23052,0.26052217401139866
23053,0.2928831908160291
23055,0.2964714389174658
23056,0.2710024724031249
23059,0.29267153528141815
23060,0.2939271175302673
23062,0.27716838230029717
23063,0.2765308055372903
23065,0.2791006410626522
23066,0.28115853216231457
23067,0.27116569440859334
23070,0.29395516170825253
23072,0.2710825378424852
23073,0.26443138430530605
23074,0.27229265480558507
23075,0.26145147220003523
23078,0.2675277448378063
23079,0.2974285627849393
23080,0.28660105793398266
23081,0.1951257245499997
23082,0.35643452338692794
23084,0.27018535803551286
23087,0.2584520878780761
23088,0.28500854301473566
23089,0.289821037091422
23090,0.3044394269302779
23095,0.2756058792382957
23097,0.28122479789651295
23098,0.2032838685641996
23099,0.2745174863120838
23100,0.29698584706901093
23101,0.29499970998747604
23102,0.29674925449974404
23103,0.3414647229179182
23105,0.2704018694122403
23106,0.2738453104732587
23108,0.191736699366046
23109,0.31022747113766386
23110,0.33035605090784187
23111,0.25551746366168376
23112,0.2644473225757756
23113,0.19667921997033266
23114,0.283396728630926
23115,0.3537513376276934
23116,0.1945779392513421
23118,0.34736901200866993
23119,0.2729118400824057
23120,0.2802586767488738
23122,0.31043393068298886
23123,0.2808610738329326
23124,0.27869920861926833
23125,0.2648434426179443
23126,0.28517988615736584
23128,0.28419618771706495
23129,0.35040795602732683
23131,0.26990217356273566
23132,0.294031200908793
23133,0.3599286515680357
23134,0.29620993507921173
23135,0.2637477483662951
23136,0.29082959817287485
23137,0.20324270030861252
23139,0.29212734099470944
23142,0.14851715179933112
23143,0.2823297930158517
23146,0.28088961119590083
23147,0.289036747321799
23148,0.2744919707212312
23149,0.262257480678341
23151,0.26596807323998506
23152,0.2861939691246641
23153,0.38708526469861915
23154,0.2788527836524896
23156,0.28541159414571593
23157,0.27367814579105343
23158,0.2768278317667773
23161,0.29908945315586744
23162,0.2875696878942471
23163,0.3074101401161173
23164,0.3381124886405789
23166,0.3630733221982132
23167,0.29773529264298243
23168,0.26484944159774115
23169,0.2818847392464555
23170,0.2805714310849331
23171,0.29979579588300354
23172,0.15644566283523373
23173,0.3438673970147084
23174,0.2911015306680738
23176,0.2966769128104111
23177,0.2707535940764108
23178,0.28424422973257873
23179,0.2657115453229791
23180,0.28233237525811206
23181,0.39079243435156397
23182,0.2953575149194073
23183,0.289684149841235
23184,0.25011534263892615
23185,0.2829175464689713
23186,0.27845151542712304
23187,0.3454583211242116
23188,0.27890083863739024
23191,0.2827869553718162
23192,0.28117680668508127
23193,0.28738726468023984
23194,0.26852525482280565
23196,0.274415152244698
23197,0.264834058396534
23198,0.28947781483141855
23199,0.20991832158951895
23201,0.3480313464607167
23202,0.29455798569679575
23203,0.2805380269633663
23204,0.1898797823104092
23205,0.30237569423764477
23206,0.2853270014238676
23207,0.1993299871887592
23209,0.29414344245761437
23211,0.3044294391013974
23212,0.18606681870530242
23214,0.28286196069493424
23215,0.26970343899178567
23216,0.29725094279921954
23218,0.34452108269235787
23219,0.2958698495768435
23220,0.30244229294685143
23221,0.19871231121598343
23222,0.2911820556339876
23224,0.2795635574456379
23225,0.2800021429396472
23227,0.28262276116236296
23228,0.2850418711534122
23229,0.3570448056272424
23230,0.2796034093086019
23231,0.38627804727321496
23233,0.2911568329165763
23234,0.27601244895186894
23236,0.28697840167354816
23238,0.2637720425547093
23239,0.24108979912732684
23240,0.28435899770650763
23241,0.2854551109682872
23242,0.3954212037461988
23245,0.2970693634570538
23246,0.26488512127171987
23248,0.2892368251412181
23249,0.3594025597772291
23250,0.29849914142049144
23251,0.30509702473037403
23254,0.29652106870073
23255,0.27929596259621725
23257,0.38976682076666286
23258,0.3023892149485877
23259,0.2821594419869692
23260,0.28375199346135266
23262,0.2763487951131139
23264,0.27925946834397836
23267,0.30604791294899525
23270,0.30586234056384926
23271,0.28448681214554083
23273,0.2860827162534237
23274,0.2623106773592403
23275,0.2884001965307101
23276,0.294249168263773
23277,0.288868267432012
23278,0.28891154910809436
23280,0.3521755364652535
23282,0.3528102019015323
23283,0.2777846143347871
23284,0.29503589725193524
23286,0.26445539473554325
23287,0.2969795523043106
23288,0.28588229961291756
23289,0.2967218865910067
23291,0.17761226348019174
23293,0.34453388828593534
23294,0.280342932527698
23295,0.2876420008925964
23297,0.2778950873538908
23298,0.26764487057461916
23299,0.2995033008992749
23304,0.35086695721918604
23305,0.27218362060690315
23306,0.2618557600589185
23307,0.18477671161426984
23309,0.3301999803155022
23310,0.3092980989472852
23311,0.29186592037395587
23313,0.27855999232682854
23314,0.3080886152428986
23315,0.2910278926553667
23318,0.27480103500383324
23319,0.19610894415940983
23320,0.27863794882924553
23321,0.2860095891272216
23322,0.276557642484203
23323,0.29161133532053934
23325,0.271728139496366
23326,0.296848579162464
23328,0.39418470482062334
23332,0.1495496100862565
23333,0.1580034056247978
23334,0.3963299054327351
23335,0.27869663927652055
23336,0.26899483415269126
23338,0.20216005860974756
23339,0.2778447356570028
23340,0.2964220794967775
23343,0.3430911309339089
23344,0.28010247501761076
23346,0.25055471423461284
23347,0.2884951352878853
23348,0.2924821254423551
23349,0.3463301278300125
23351,0.291741973915279
23352,0.3445179318717571
23353,0.3921518171457402
23354,0.28264618608997116
23356,0.3577531345762146
23357,0.28868177776772286
23359,0.2625713959625599
23361,0.2922610715923218
23364,0.30073487989953807
23365,0.2735454321185484
23366,0.35262318146976274
23367,0.2868989884404733
23368,0.3027668308365211
23369,0.32403633733894477
23371,0.30734493992642736
23372,0.2833397106202882
23373,0.28815268480749245
23377,0.286437618190518
23378,0.28041936647792187
23385,0.270983364061462
23387,0.18952589357433097
23388,0.3441019423590566
23392,0.19772233037272963
23394,0.38222935081898685
23395,0.2951757164020447
23397,0.36465464611379383
23398,0.2060195733771877
23399,0.2874104015847925
23401,0.3008000538426655
23402,0.29033974021309206
23404,0.30077624584308404
23407,0.3487694031691751
23409,0.2813658923372582
23410,0.2854227450820365
23411,0.17408082007526163
23412,0.29090338307123664
23413,0.2417633215415046
23415,0.29006812175085805
23416,0.27693538295960063
23417,0.2864048282424944
23419,0.2736366174285858
23421,0.2072490736342349
23422,0.27650129500772347
23423,0.2866708996497972
23426,0.28663245221077605
23427,0.2763287343771106
23428,0.27236780428022905
23430,0.29940666895382984
23431,0.283763118396675
23432,0.271687388580949
23433,0.24020627859710544
23435,0.17269015849922437
23436,0.27001711538218787
23438,0.284716658962739
23439,0.19285318404963897
23440,0.289097740444338
23441,0.20540716906183287
23442,0.2715590478656776
23443,0.2987203729272862
23444,0.2948901820223434
23447,0.21562943028791282
23450,0.2904487126821542
23452,0.2763517350596105
23453,0.277328029365933
23454,0.2784000693677731
23455,0.1959802298787457
23456,0.1876145794325636
23457,0.30023802341937816
23459,0.28914638595274456
23462,0.29225497391085725
23463,0.34521990927049717
23466,0.2802535717107263
23468,0.3000392344341412
23469,0.28747142547330834
23470,0.2741479628824912
23471,0.3396559446860436
23472,0.35405511811562274
23473,0.2916177352712079
23474,0.3493021251363828
23476,0.2857597132907013
23477,0.27948150286252643
23478,0.2971779134275231
23479,0.34985797226468845
23480,0.3002012985725375
23481,0.28302901846981426
23482,0.2724525508114834
23483,0.34242669743848736
23484,0.2949873147414529
23486,0.26564105261709464
23487,0.2826797048149331
23488,0.2710474966724112
23489,0.26200304516206796
23490,0.3522764478387712
23492,0.2846155801686806
23493,0.1489892625837157
23494,0.35215523464091497
23495,0.39216047404215454
23496,0.2900045769896853
23497,0.2753522137647557
23498,0.2013542516627163
23499,0.2573615247467499
23500,0.26430328984454055
23501,0.18518618697316766
23504,0.3097478111545884
23505,0.2447688773724448
23506,0.2738793904242061
23507,0.34766588498949913
23508,0.2848405863141829
23509,0.2768605054842152
23514,0.2869498843864787
23515,0.18641837048108495
23516,0.21660012709306525
23517,0.3504567624099595
23519,0.34789885623937195
23520,0.2766653849080336
23521,0.2768753951802683
23523,0.27320043428369717
23524,0.2802840471768372
23525,0.2822472002990576
23526,0.2891584326320234
23528,0.28925463983312477
23529,0.2817642718526164
23530,0.29519618538201275
23531,0.29970714270592874
23532,0.158622019728194
23533,0.17378288321926738
23534,0.15140603829658197
23535,0.28186214778953134
23538,0.24322412919715408
23540,0.1977301931752119
23542,0.18006065525545725
23544,0.28858916334182166
23550,0.3449675908427657
23551,0.33424290495897435
23552,0.34025384821765897
23553,0.28961468133088825
23554,0.2990672901644428
23556,0.29357851346715175
23557,0.31248557188193327
23560,0.2843336720002423
23561,0.26653073703074315
23564,0.2742128692634015
23565,0.2917108489061703
23566,0.2782749045464199
23568,0.3414057187610261
23569,0.14946863091162588
23571,0.2953083845161595
23572,0.18503862938438043
23573,0.2750643218296119
23574,0.2893504820985881
23575,0.28242668312805286
23576,0.2935900607278945
23577,0.28755799038547614
23578,0.3427012288148155
23581,0.3424973992694798
23582,0.2828787303419501
23583,0.2893587163695669
23584,0.28642753080991645
23585,0.24032310966078188
23586,0.2951495788387444
23590,0.25815568748840967
23592,0.18154817954831154
23593,0.27812080604157274
23596,0.2948080847026624
23598,0.28583062827240513
23599,0.2660379637963865
23602,0.29081514935509944
23603,0.3576944470352328
23604,0.35166998696516355
23606,0.2660540376254037
23607,0.27083344842446233
23608,0.23887695482300783
23609,0.34564775229800887
23610,0.31052143210507493
23611,0.2253535443078362
23612,0.20425497797925934
23614,0.19581544246984484
23615,0.29382774440723103
23616,0.26907893760652973
23618,0.2871425831618441
23619,0.29523505953891227
23621,0.2555310842333691
23622,0.2863171043094985
23625,0.2806712897993298
23626,0.2884293301550318
23629,0.29046070732397533
23632,0.2962885126277864
23633,0.2801668565380757
23634,0.2686854020956899
23636,0.2938147496266823
23642,0.27471518575337733
23643,0.27722310612204887
23645,0.27341729449050495
23646,0.2935421622818226
23647,0.2822420453517804
23649,0.34536909600080773
23651,0.2762839100109421
23652,0.27287723531113406
23653,0.20997097398143202
23654,0.39534343596679783
23655,0.30274769257435297
23656,0.30655899506863893
23659,0.28831606000432836
23661,0.19535772485827405
23662,0.2775744586510864
23663,0.3127547142394505
23664,0.2963814772046385
23665,0.27615691388705416
23666,0.3129615778700712
23667,0.28095632019302386
23668,0.17635037538916704
23669,0.2907071361202526
23670,0.27952374112389966
23671,0.2818922832402794
23673,0.24689786358463847
23674,0.2795054375798698
23675,0.29157368888399327
23676,0.33695699069135604
23679,0.3350442260627145
23680,0.29009265153526914
23681,0.2906283371632612
23684,0.39098057110039325
23686,0.2921259345001057
23687,0.2595412531326478
23688,0.1512877604263513
23689,0.3035524691306759
23692,0.3991349543513103
23693,0.2823026619570794
23694,0.2937008288286659
23696,0.27090580177165496
23697,0.2883417725933001
23698,0.28433720045551775
23700,0.2508710801431979
23701,0.292415709845242
23703,0.3104850859778975
23704,0.23915626303691007
23706,0.18933580922695942
23707,0.2773449983750543
23711,0.2874582197744172
23713,0.3847581989655765
23714,0.2793219336353685
23716,0.2558771779016882
23719,0.2935347478087886
23721,0.2765734194137469
23722,0.2695117286408764
23723,0.29048063921233497
23724,0.25465150479155535
23726,0.1535934309026522
23728,0.2744502808844628
23729,0.3449913538614709
23730,0.39610883778112776
23731,0.2781115341119491
23733,0.27513856163408046
23735,0.2883875646373105
23736,0.2308752006714938
23737,0.23477504374351554
23738,0.34514843809201917
23740,0.2913817827152252
23742,0.286058277810325
23743,0.34816725377922936
23744,0.24936324813087937
23745,0.3488855851046244
23748,0.2944971178268567
23749,0.3803443915777992
23751,0.3462488395879083
23752,0.35339606312758953
23753,0.2827843008384773
23754,0.2856369902015504
23755,0.22929788750639665
23756,0.28059963105720304
23758,0.2914867936874871
23759,0.3498665904195888
23760,0.283951140420988
23761,0.34717808994644267
23763,0.19128051636456225
23764,0.35040815817765575
23765,0.28083984078154045
23767,0.2749598871534123
23768,0.2873446508165275
23769,0.2747297606358773
23771,0.28962290633809046
23772,0.25382062645016495
23773,0.2082180041868193
23774,0.36663408885452475
23775,0.18521781444510307
23776,0.242900908200703
23777,0.14796223102238382
23779,0.2385232507310369
23780,0.21935020932926413
23782,0.25533712019474003
23783,0.27338775413108835
23785,0.34808661021575404
23788,0.24297512762263057
23790,0.3052343838293456
23791,0.2730089822047095
23793,0.2971985421825668
23794,0.3124736756590269
23795,0.27100465898951676
23796,0.2692060151926127
23797,0.2734073439001331
23798,0.13571115152331714
23799,0.26851483808854787
23800,0.33828411282423104
23801,0.2702340078997096
23803,0.2776212346703327
23804,0.21899770800028218
23806,0.28063307032217427
23807,0.2888859756297991
23808,0.204576888309432
23809,0.2724843154024226
23810,0.3164477666539233
23815,0.31063860462327597
23816,0.2895338405019491
23818,0.26514305034385866
23819,0.3868887322420936
23821,0.29007717985290815
23823,0.28162603671376274
23824,0.28587412761820563
23825,0.2981221341505802
23829,0.2737783267554647
23830,0.29954560972379407
23831,0.16765419463304607
23832,0.2651441403772875
23833,0.3425328763374234
23835,0.27665435840251085
23836,0.2668360075648076
23837,0.29691875292017056
23839,0.246277704675732
23843,0.3458627736496204
23844,0.29416558408920546
23846,0.29821009937216963
23847,0.2843563280290091
23848,0.2802830558115722
23852,0.3007453258144327
23853,0.29072566623887003
23854,0.28267343168583914
23856,0.276802056153891
23858,0.2894065403338175
23859,0.3989499772329311
23861,0.2862200111167145
23863,0.27881890290607125
23864,0.28368434526388997
23865,0.2847421498976066
23866,0.2702693998168257
23867,0.2520093362842858
23868,0.29045009696573065
23869,0.1593312970827877
23872,0.29509099715796894
23875,0.27333470567278617
23876,0.29339299601224245
23878,0.27730158517192854
23879,0.2630601977609015
23880,0.3507136591171227
23881,0.29356811353168377
23883,0.30214536360031435
23884,0.26812294755585087
23885,0.30034501739868963
23889,0.34336173056111574
23890,0.2843669200271657
23891,0.2969197981096648
23892,0.275428971572371
23893,0.31896422315666734
23894,0.28713726551965824
23895,0.2605743137836027
23896,0.25177758340305106
23897,0.2877550152292516
23898,0.2973978693090973
23899,0.1956606096772724
23900,0.22750326154934278
23901,0.2901358862038537
23904,0.3058573722732803
23906,0.35074467794477426
23908,0.30513979495082283
23909,0.2815483512542157
23910,0.3435125611228699
23911,0.31174117502846194
23912,0.28555241577989876
23913,0.301349376308951
23914,0.3548260676122019
23915,0.2791094248999948
23916,0.28738675680334047
23917,0.2890857286261323
23918,0.26534659866248056
23919,0.34628493241955
23920,0.25615336806521044
23921,0.2875611834445554
23922,0.3444191863945144
23923,0.33219715716413367
23924,0.28513417913018346
23926,0.2762765340389929
23928,0.35415151002616296
23929,0.3564458227989021
23930,0.2904374967668061
23931,0.18808269084018236
23932,0.2719201220459595
23933,0.2787652282326392
23935,0.29289825506356404
23936,0.28165920947779305
23937,0.27070234866454324
23938,0.35446160381768194
23939,0.2835803849325084
23940,0.392375230511811
23941,0.2902102546763872
23942,0.29479936569161574
23943,0.15500735261133367
23945,0.29106107266086484
23946,0.23600124065018735
23947,0.27893924429111167
23948,0.3855514163814177
23949,0.3090601111077563
23950,0.2688827704824165
23951,0.2802186759279852
23953,0.2872484110538009
23955,0.19786665497475042
23956,0.2772960763330096
23957,0.3485315532418286
23958,0.28837098187036725
23959,0.39354545994480955
23960,0.2937717263212202
23961,0.2845532389841259
23962,0.2561127271102006
23963,0.2738549853955836
23965,0.2857284192581745
23966,0.14935005251917816
23967,0.3072796996204078
23968,0.19800219305972655
23969,0.2021195132429685
23970,0.35600390201732285
23971,0.2811394067842912
23972,0.36130255389206867
23973,0.2809999331845435
23974,0.3108890121380328
23975,0.18890677348835158
23977,0.2591807284765421
23978,0.27197734185819844
23979,0.25945142604777605
23980,0.29614415484564766
23981,0.2606007211215121
23982,0.2834269921120563
23983,0.1841278237238581
23984,0.17248044114033223
23985,0.2949786239200808
23987,0.3480706805274531
23989,0.2926133326585072
23990,0.3457799923859829
23991,0.34191479412069237
23992,0.2720524410617965
23993,0.28650455699167504
23994,0.2614055004145393
23995,0.35010675000804214
23996,0.33691013409875037
23998,0.2831611960673366
23999,0.23158127974150883
24000,0.26544293912664
24001,0.3467438427831832
24002,0.3118174673424244
24003,0.245672331465794
24004,0.1904558924178824
24005,0.29383895437309193
24006,0.2713114647141873
24007,0.28343457419449025
24008,0.2855402865497393
24010,0.2847802436367953
24012,0.2728551864184635
24014,0.34148393450112363
24015,0.38809215384021145
24016,0.3865594381090456
24018,0.2685084071767374
24019,0.28507965285500503
24020,0.3395010374171363
24021,0.29032308140596363
24022,0.3377628884169963
24024,0.2901433352034237
24026,0.3119232699830266
24028,0.2740621978323517
24029,0.28112687293614186
24030,0.2961684269123306
24031,0.30124780461223266
24033,0.19285105074832076
24034,0.39564789094775155
24035,0.3400223541356914
24036,0.27688461269997794
24038,0.27163367405815325
24039,0.28583777994580406
24040,0.19332255593682424
24041,0.2807610216946511
24043,0.3485699418928726
24045,0.3541802882431326
24046,0.2939871451463808
24047,0.2980901153290249
24048,0.3502479391462278
24049,0.3551039747631952
24050,0.3951044748924544
24053,0.1419929720564304
24054,0.15653994312612657
24055,0.2999218876684304
24057,0.27498119890246475
24059,0.28947959002917684
24060,0.2850044300493276
24061,0.2955220168306322
24062,0.28667980412352
24063,0.3097483997224433
24064,0.3927573751374557
24065,0.34832009075756193
24066,0.2793708333760505
24067,0.19784046758435442
24068,0.2948027159812845
24070,0.308292751741097
24071,0.2700745764357782
24072,0.3420512388036662
24073,0.17783163155304987
24076,0.2813683704929235
24077,0.2767916855590849
24078,0.2679672681599972
24079,0.26344596701724515
24080,0.2741725013645323
24081,0.28421373094848007
24082,0.2035910671088081
24083,0.25154317487646316
24085,0.2855541753496711
24086,0.28515646571113007
24087,0.2934511986316289
24088,0.28695423748026194
24089,0.27818688315066875
24090,0.39593165609264425
24092,0.27850637844839043
24093,0.2877050154682024
24094,0.14945993988993161
24096,0.277005104822335
24097,0.2863087055472062
24098,0.27705753290132257
24099,0.28609296310415955
24100,0.29097373243087143
24101,0.27634239560848395
24102,0.34953592672155054
24103,0.278807774987778
24104,0.28244815027238745
24105,0.27102996342754127
24106,0.2936313738542898
24107,0.2822304336980807
24108,0.26666246179121594
24109,0.29735915204839397
24110,0.18363945826473085
24111,0.2705930945422838
24112,0.29416764511655685
24113,0.20229579679174386
24114,0.2900426266081681
24115,0.28600373278438396
24116,0.20112450908216645
24117,0.2956962408684127
24118,0.2530598914930268
24119,0.3897792557152621
24120,0.25444658057633684
24122,0.189829387741168
24123,0.2762109637596499
24124,0.2690714223662699
24126,0.2833785414496238
24127,0.3539805818783902
24128,0.3857038749136161
24129,0.284759854034146
24130,0.2929346849017364
24131,0.15528077902298237
24132,0.39519492411132856
24133,0.1939941280693308
24135,0.2857666303234808
24136,0.23409821528368197
24137,0.2807426049937142
24138,0.3447608556576258
24139,0.27793773436014185
24140,0.28016372063946876
24141,0.18077992826129347
24143,0.28385242366573193
24144,0.26938835744043926
24145,0.2837722219906147
24146,0.19156883742799022
24147,0.2959900519307853
24148,0.3480212686059811
24149,0.2711559542590746
24150,0.3040162456637085
24151,0.281844169841133
24152,0.3037102934472467
24153,0.26997331005655467
24154,0.2905280234705554
24155,0.27654720286259354
24156,0.2723838599915063
24157,0.287221975916515
24158,0.35366422412868787
24159,0.357699425407876
24160,0.3209518106316442
24161,0.2825739359409811
24162,0.20603464125517182
24163,0.2952784893744108
24166,0.39435643238438867
24167,0.28538641993722
24168,0.3495259198509956
24169,0.28796267747338555
24172,0.2988331320700392
24173,0.2809394044395735
24174,0.19573071427711125
24177,0.18914535977522207
24178,0.39262024362162107
24180,0.3889224901773694
24181,0.29166110824616476
24182,0.28311164932989635
24183,0.2902083689214212
24184,0.28986585463612574
24185,0.18533657670242004
24187,0.2980780697408956
24189,0.28659615951193906
24190,0.39046325160887035
24191,0.3066828492076093
24193,0.19039661841854766
24195,0.35236185828822497
24196,0.29806394343216785
24198,0.29034747980042364
24200,0.3971745143481496
24201,0.2773734395657984
24203,0.2836366316871755
24204,0.3084919176921104
24206,0.28325319671591936
24207,0.35922962420428
24208,0.2727336980480712
24209,0.27270394113952495
24210,0.2793207177199051
24212,0.28438004301286224
24213,0.3000419590896913
24214,0.2876751073891437
24215,0.30889720498433537
24216,0.32977897441651016
24219,0.26662810503888523
24220,0.2959720964152139
24223,0.3491936082267984
24224,0.2842496118201593
24225,0.2720935162373796
24226,0.3498952032256228
24227,0.27427065501332204
24228,0.27398980235059284
24229,0.3014767646492162
24230,0.2848088716225697
24231,0.3490209037166312
24232,0.187917633603881
24233,0.2579056794337574
24234,0.2781885393008394
24235,0.22470546248303971
24236,0.3940500931750359
24237,0.278655973708585
24239,0.2835003298338693
24241,0.27288392965938757
24242,0.20051131032962108
24244,0.2880780832242349
24245,0.35254198235681233
24246,0.2955136216444818
24248,0.28980767420586456
24249,0.280341067342681
24250,0.33964027967773047
24251,0.2652078246505829
24252,0.27135122262334443
24253,0.27606185640480335
24255,0.34033139871243245
24257,0.2820008475563775
24259,0.27125558935982647
24260,0.2743419652303146
24261,0.292767965366483
24263,0.27549179772515586
24264,0.2808354596601583
24265,0.2800608926974173
24266,0.2898239970989006
24267,0.2830612754330943
24268,0.3879739944074506
24270,0.30463317020047515
24271,0.2937087737243505
24272,0.2028837921222899
24274,0.34597400196328587
24275,0.28991101509265876
24277,0.302350539213711
24278,0.1954848697436333
24280,0.2728703148019426
24281,0.29295639658514944
24283,0.2982995593741028
24286,0.3049547885323404
24287,0.2855878201598457
24288,0.2989995769141077
24289,0.29422396125468564
24291,0.286341467479042
24292,0.30889364731049795
24293,0.17283035988585044
24295,0.27104106126315597
24296,0.27374238673568474
24297,0.3480066252175908
24298,0.29207030921874483
24299,0.30573082404413204
24300,0.2704705188438735
24301,0.27863729105139673
24302,0.2843779543048828
24303,0.392237611277958
24304,0.349439851760641
24305,0.27665114380451805
24306,0.2943726676127836
24307,0.27975573796288095
24308,0.3011210323633656
24309,0.19596064137358676
24310,0.28090162670027735
24311,0.2887557851230941
24312,0.27893301194769105
24313,0.27753543686667914
24314,0.2876087193086633
24315,0.2660578683281334
24316,0.2737393718815654
24318,0.18653826333033638
24319,0.34052614932416
24320,0.2890092636010404
24321,0.2801100209966024
24322,0.36512243059720706
24323,0.3495571718425452
24324,0.2756393379898928
24325,0.3980836828422974
24327,0.29370869369535485
24329,0.35498897698006115
24330,0.3011730203331878
24331,0.278547657501356
24332,0.2764691226720434
24333,0.3890843686626213
24334,0.2737385234694933
24335,0.3433880608280706
24338,0.3100409938990413
24339,0.18440663147717185
24340,0.2734010144350913
24343,0.3930908252896035
24344,0.19777473499537035
24345,0.3026872555988528
24346,0.2796414976722845
24348,0.35083972052931733
24349,0.28445066634807337
24351,0.2714631558787401
24352,0.3421536150888606
24353,0.26470250721929744
24354,0.3933267351275372
24355,0.2876559416136322
24356,0.29392454658712924
24357,0.2632069767787813
24358,0.35419340958120066
24359,0.2636294093479979
24361,0.2980302427874699
24362,0.2634420315710037
24363,0.2230499523122546
24364,0.27582661234446143
24365,0.3560457419039006
24367,0.2730033726724021
24368,0.15130027599619436
24369,0.2620997018006767
24372,0.28851676230061146
24373,0.24721426432826374
24374,0.2732254031158427
24375,0.27890553159328796
24377,0.35146154421334863
24378,0.2660603893889442
24379,0.39191816783539185
24380,0.2702182697861712
24381,0.29194303508277053
24382,0.27614931314867147
24383,0.2878139672742598
24384,0.18705661818263344
24385,0.26781485924340576
24386,0.21104382172392716
24387,0.29099084112021134
24388,0.28794088227089143
24389,0.25989138256363786
24390,0.19699632094468725
24392,0.26987501000054476
24394,0.2915100068128241
24395,0.34527958923249535
24396,0.38937361101928325
24398,0.30240123160316607
24399,0.17962035121782516
24400,0.1944363898092099
24401,0.2629207897532533
24402,0.2653766462918319
24403,0.27818350986039997
24404,0.2832501741366415
24405,0.29865820107039354
24406,0.3545706036398266
24407,0.2851740592569369
24408,0.2948328946135921
24409,0.2942089547573275
24410,0.1919865169205447
24411,0.25274703198374765
24412,0.18940316019952103
24413,0.20741312979457857
24414,0.2799045795246789
24416,0.3510336383467613
24417,0.29215207340509847
24419,0.25122087210944066
24420,0.2772543392106476
24421,0.2216678247125305
24422,0.24234936404814655
24425,0.346313197102482
24426,0.20398697860023302
24427,0.34644901771982817
24429,0.3043526519308136
24432,0.2617453048935835
24433,0.250055749781646
24434,0.28077110101121794
24435,0.393290683903229
24436,0.29157993137330246
24437,0.2732036141044534
24439,0.2735803096627411
24440,0.28539148959847477
24441,0.2906886178165266
24442,0.2938744105432243
24443,0.2778296186462308
24444,0.27826916651466604
24445,0.29017129030959576
24446,0.2860178484034008
24447,0.3510663688207828
24449,0.28308186942733926
24450,0.27428636424814606
24451,0.28702875694964536
24452,0.2880147654477323
24453,0.2944792625981614
24454,0.17741907021472975
24456,0.30718553404107835
24457,0.2634341519304234
24458,0.2895875144833996
24459,0.1777548643787864
24460,0.2789579778304384
24461,0.2955289973484446
24462,0.2754228426637495
24464,0.28495692963313235
24465,0.18733545906146684
24466,0.27495430821215316
24467,0.2770548996859495
24468,0.28743625505519405
24469,0.2761564197469591
24474,0.2854978895779333
24475,0.1854426642206357
24476,0.2967264827113778
24477,0.28062067177273153
24478,0.36752012042964965
24480,0.2900917331814856
24481,0.27070543158293253
24483,0.2854016875450913
24484,0.2734136901883723
24485,0.29230530873060473
24486,0.3534079732318007
24487,0.27302811692186574
24488,0.2755200132710072
24489,0.28323052909001767
24491,0.27227177058627794
24492,0.3376178806583624
24494,0.14870238129889748
24496,0.2733280966508619
24497,0.2940187698898482
24499,0.2681600826353308
24501,0.2858020463061734
24502,0.35043691485643014
24503,0.3905247615498988
24504,0.34656286549723814
24505,0.3432482116427827
24506,0.28383989165514634
24507,0.27940140239445754
24508,0.22223451622011242
24509,0.2676051423307212
24510,0.28761690335917195
24511,0.3414409440266451
24512,0.19770452065876581
24513,0.2843682797570295
24514,0.2879470091607455
24515,0.2920060868281974
24517,0.35167129946440734
24518,0.206594868191614
24520,0.2047220707158869
24521,0.20730126005118593
24523,0.2859027695292661
24524,0.2140684787437414
24526,0.27185653277452554
24527,0.28796008482590774
24528,0.26697226670299207
24530,0.2659204087021161
24531,0.29927515389561987
24532,0.3621619646893656
24533,0.30474603975381137
24534,0.27986158576623893
24535,0.33993401001034473
24536,0.2915712555295285
24538,0.30072086534604126
24539,0.27964880861049396
24540,0.35293294263534897
24541,0.2946446152770257
24543,0.30333822971920565
24544,0.3066142636415434
24546,0.2832864737440404
24547,0.334088636227893
24548,0.2697170805342507
24549,0.28861753074702323
24550,0.39578569444866374
24551,0.2854889816482644
24552,0.28606733215360786
24554,0.3490965988219636
24555,0.3536167762388498
24556,0.27211403736150525
24558,0.34739156330759074
24559,0.3980099769959339
24560,0.27810088922768517
24561,0.2647088456445315
24562,0.34414931981702984
24563,0.33649215465322124
24564,0.28350963279680924
24567,0.2837492080404629
24568,0.27279219509179203
24569,0.3101460591627472
24570,0.33927618936550724
24571,0.2604467192836471
24572,0.3908442332311735
24573,0.3475712943010839
24575,0.349610150711186
24576,0.2986408739901041
24577,0.2995443262804989
24578,0.3631904128747617
24579,0.22915618165485774
24581,0.2781007789887133
24582,0.2878845618961524
24583,0.27830278623174837
24587,0.28246865253283304
24588,0.27818193481732106
24589,0.3078669023897963
24591,0.29443187270055665
24592,0.19027723485468992
24593,0.2797962367518658
24594,0.29225199158436244
24595,0.34002509982480517
24596,0.2690271248764203
24597,0.27374009718484155
24599,0.27160885711087207
24600,0.28803167093065224
24601,0.27926796721529995
24603,0.39471519998836035
24604,0.2923211350675129
24605,0.27470489339599186
24608,0.28547094224265984
24609,0.2986945713538671
24610,0.2539336445940578
24613,0.29627478793744905
24614,0.29969436512479486
24615,0.2884835817086269
24616,0.18596800544986417
24618,0.3476802051141854
24619,0.2806596697012114
24620,0.29404474431091454
24621,0.26406020630154553
24622,0.2893770886647758
24623,0.28781855977666315
24624,0.31526640842882137
24625,0.3049651018473295
24628,0.30291296701470805
24629,0.2839911094243266
24630,0.33703083100623454
24631,0.3454906407419824
24632,0.34290702093730296
24633,0.2884577886689105
24634,0.3067943673568043
24635,0.2977427490075156
24636,0.26758199250644243
24637,0.3413222754961939
24638,0.20322770008167268
24639,0.2867665651581102
24640,0.28083259984634135
24641,0.26964455752488137
24642,0.19547933238443876
24643,0.26968075989123064
24644,0.2500782824649986
24645,0.251795022061254
24646,0.2781762201710813
24647,0.26242362280848164
24648,0.3425504725705637
24649,0.26471696275050155
24650,0.2516146169186498
24651,0.27435893545867485
24652,0.26941212886625143
24653,0.39086765555594244
24654,0.33626618209582404
24655,0.3116528807930957
24656,0.2775930767973807
24657,0.27026370869006633
24658,0.18550415021373962
24659,0.2878530784865037
24660,0.2933214931009127
24661,0.385956680394604
24662,0.26589598482470345
24663,0.3461284189591333
24664,0.2689146189664218
24665,0.27922882727377585
24666,0.28021729715094607
24667,0.2653868311323782
24668,0.2616034451021024
24669,0.2696449981138363
24670,0.3896725641600597
24671,0.2871450478395969
24672,0.3943366230525097
24673,0.27002062187043685
24674,0.25579554611219674
24675,0.25975963128130763
24676,0.28548310357547574
24677,0.34451884791395565
24678,0.2792119730451006
24679,0.2864203152048895
24680,0.2649344911695785
24681,0.285544093899221
24682,0.28321707702737453
24683,0.2957046635731162
24684,0.3588783081889118
24685,0.26442114345228895
24686,0.29468161105115587
24687,0.2931655098352327
24688,0.25835553906538533
24689,0.27313129839555716
24690,0.29158717678650126
24691,0.26092318987803825
24692,0.22915407160608847
24693,0.29909800526735364
24694,0.2641179370762946
24695,0.34166756117531283
24696,0.2858710172007973
24697,0.2922958913446209
24698,0.28574641483641866
24699,0.2608391797306215
24700,0.1894622129843555
24701,0.29553531115865184
24702,0.39209334243327204
24703,0.28137233453522226
24704,0.2897246579726467
24705,0.34615319133524
24706,0.3003666530058363
24707,0.25165970789055797
24708,0.2731791366826403
24709,0.29208079395737613
24710,0.27815428463463465
24711,0.2672383493640626
24712,0.2778899998030462
24713,0.2690138752421976
24714,0.3822953862931533
24715,0.1842714806708311
24716,0.19531446028882735
24717,0.28874633842554165
24718,0.27971817681083416
24719,0.28277285813272074
24720,0.33225724361922815
24721,0.3046148993370229
24722,0.29231788672796155
24723,0.25833043158436064
24724,0.2321708075031395
24725,0.38920122375600436
24726,0.2959580621904065
24727,0.2911269796438223
24728,0.2808043350084755
24729,0.2760477999648105
24730,0.27563523611535945
24731,0.2617011554595608
24732,0.3887565533961849
24733,0.2747490129112864
24734,0.29316999049066744
24735,0.25859129425173233
24736,0.38736265560109145
24737,0.3874771765795467
24738,0.34985304446994214
24739,0.3056600986630472
24740,0.2825834781566549
24741,0.2897017976207648
24742,0.2939056760853568
24743,0.19880288827063242
24744,0.2751048203182822
24745,0.25996746135815696
24746,0.26742141919458057
24747,0.24761286240964153
24748,0.28195785020860387
24749,0.3125931561972674
24750,0.15447618772766064
24751,0.28636770839587694
24752,0.26111603324743954
24753,0.2764212451229727
24754,0.33144938418385606
24755,0.39318608766515484
24756,0.3006173648728312
24757,0.3427914054473149
24758,0.19758304768205776
24759,0.26015612481279604
24760,0.263698789369414
24761,0.29795482327241235
24762,0.2884055113553227
24763,0.16050207001483935
24764,0.27725520929172043
24765,0.2560113133991465
24766,0.29477020353640293
24767,0.2868510530490162
24768,0.29082016500496
24769,0.28695243174154056
24770,0.2795943955072263
24771,0.2749256930694699
24772,0.28470435768572927
24773,0.2516931909924528
24774,0.2804937907924782
24775,0.3337375626936828
24776,0.2993535001384756
24777,0.2096142050890888
24778,0.2897053482737907
24779,0.28402180912777397
24780,0.2754378376894123
24781,0.2707134277733958
24782,0.19000925566351018
24783,0.2562993837112764
24784,0.3552008851557652
24785,0.2893856705925538
24786,0.2500807686143605
24787,0.2604529739397107
24788,0.39125618504909837
24789,0.285982435338494
24790,0.3040095554968312
24791,0.30402251021060317
24792,0.2807936906304389
24793,0.2912774899960694
24794,0.3312642632853329
24795,0.3796357639150377
24796,0.23661831063600336
24797,0.2927109293959175
24798,0.2786305115115485
24799,0.27093927354644387
24800,0.38710493259623097
24801,0.3909849368365142
24802,0.39128145334731673
24803,0.2818364315123909
24804,0.28509118847432324
24805,0.2869557570879578
24806,0.26899523880035087
24807,0.2935911828420121
24808,0.2497678030389707
24809,0.34547086097224194
24810,0.3830480025606491
24811,0.39186644291638684
24812,0.27589504007977295
24813,0.27294029454478735
24814,0.28688205058020017
24815,0.2655969914788796
24816,0.26743609709476795
24817,0.25920828082785
24818,0.2694495892571569
24819,0.25693977477605884
24820,0.20130808981844553
24821,0.3891812692007056
24822,0.2819550460285945
24823,0.35294938089003497
24824,0.271536801807253
24825,0.3208349275772247
24826,0.26987712102629213
24827,0.34443947827245414
24828,0.3042472870200519
24829,0.2593447490907361
24830,0.26675333291175496
24831,0.29136477618633266
24832,0.27386608440226684
24833,0.2587044873761965
24834,0.303573660698824
24835,0.2670195793753497
24836,0.265610536958517
24837,0.3472367382210267
24838,0.2815532102285644
24839,0.3857941795357955
24840,0.27362305856739993
24841,0.2770382643056342
24842,0.16418548042962816
24843,0.2654181346810149
24844,0.26764133298614345
24845,0.21120265445619213
24846,0.2479545842156614
24847,0.3456963414902887
24848,0.2791216878049512
24849,0.28457651366688935
24850,0.27938285097952514
24851,0.26657616779558696
24852,0.2752931923397603
24853,0.2861086432879576
24854,0.27032349741289696
24855,0.19582133874174287
24856,0.29475724263716824
24857,0.3914410035810299
24858,0.19833539255313937
24859,0.3892416260980392
24860,0.3835907214031576
24861,0.2877938637431522
24862,0.2831921616084904
24863,0.3407691264752213
24864,0.38576609420586594
24865,0.17299955443415246
24866,0.2908808859250275
24867,0.3312346917501662
24868,0.2680806709364833
24869,0.25838351076909805
24870,0.25817415193671234
24871,0.27708143257418816
24872,0.27911591309761713
24873,0.2918839575397775
24874,0.27138944989647557
24875,0.3503841702179703
24876,0.2821686640660137
24877,0.28637522745725413
24878,0.3876463626445194
24879,0.26651723595365806
24880,0.19114432894957878
24881,0.2880587644915071
24882,0.2884266000979135
24883,0.3403229215707018
24884,0.2975578356737617
24885,0.28182911241234976
24886,0.2964719559004687
24887,0.2567305080671418
24888,0.2769561474104643
24889,0.2562416888809794
24890,0.3779672481241555
24891,0.25666423250351683
24892,0.33731614004421123
24893,0.2112466144830189
24894,0.29501140675373555
24895,0.2736017968356847
24896,0.2903649742232124
24897,0.21183527875953154
24898,0.38274327861910573
24899,0.2785718349643962
24900,0.1985675059220608
24901,0.3312903948843982
24902,0.2689543416723213
24903,0.2747690245145776
24904,0.19973576830747558
24905,0.2868803136779067
24906,0.27074322975170706
24907,0.27103275308350805
24908,0.3394046328409664
24909,0.2653568347517086
24910,0.2766211798497233
24911,0.2838361062263392
24912,0.18971870247932843
24913,0.25993128749700795
24914,0.20977822021430026
24915,0.28621613577646776
24916,0.18201467919555114
24917,0.2681367080910175
24918,0.23631203220023939
24919,0.2955041128304453
24920,0.26658437694478443
24921,0.27900988007963556
24922,0.27430202794168423
24923,0.33975748058108
24924,0.32482388296903036
24925,0.28341657647391016
24926,0.1617706665845608
24927,0.3557390677069129
24928,0.27785232900414286
24929,0.39000741396965266
24930,0.3431516065277283
24931,0.3881185653982217
24932,0.2796914914915457
24933,0.30260743998296274
24934,0.2772057712571738
24935,0.26736301027871623
24936,0.391571174599796
24937,0.25250006039832895
24938,0.2598741342184702
24939,0.33526217218016297
24940,0.2827679290045886
24941,0.24989826730727524
24942,0.30457716889191
24943,0.1942322394870401
24944,0.33744195558135187
24945,0.394531881105805
24946,0.3432839644452645
24947,0.3951269969445936
24948,0.27217245681476365
24949,0.2832261095839517
24950,0.2504660567810357
24951,0.38484895558231863
24952,0.18995567263850333
24953,0.30650766091165904
24954,0.2787409355711977
24955,0.27358197622106595
24956,0.29911016925845996
24957,0.27339237735853605
24958,0.1980975471015538
24959,0.278839165541106
24960,0.284681058331919
24961,0.28921171472275464
24962,0.3864463000082046
24963,0.2787669443717673
24964,0.2811218754891664
24965,0.2980455760661087
24966,0.2907448375637659
24967,0.1748376640692889
24968,0.38246248367093755
24969,0.25967462926762297
24970,0.3497395042669619
24971,0.28391888539915483
24972,0.22311484361091288
24973,0.282847174624034
24974,0.3856283061555876
24975,0.2738728809847747
24976,0.339251154969757
24977,0.2792048590814044
24978,0.27944837225706404
24979,0.27907321428275556
24980,0.19521272474011414
24981,0.27179797231359615
24982,0.34723625792712076
24983,0.28140990399124327
24984,0.2674753556753034
24985,0.27975308810904864
24986,0.26278503771100176
24987,0.30093609683256417
24988,0.29118704356723707
24989,0.3460444189032002
24990,0.2968195093935002
24991,0.33947913915432476
24992,0.3410286927360424
24993,0.35140643411176886
24994,0.2795913990571804
24995,0.2729699932379313
24996,0.18578925017401038
24997,0.26793781462484906
24998,0.3032893547789566
24999,0.2680016966797878
25000,0.2669858919268409
25001,0.2710193024730043
25002,0.2627783124802129
25003,0.29710587459212684
25004,0.3071815330995664
25005,0.2723004650098269
25006,0.286386146553572
25007,0.15591166419579328
25008,0.27729756350108575
25009,0.29547062877122177
25010,0.28367116834284345
25011,0.2734604869343633
25012,0.18354167764527107
25013,0.2926971984891745
25014,0.2826020210009392
25015,0.2733419517517269
25016,0.34086889946900745
25017,0.38296342641773434
25018,0.2948446959824587
25019,0.2580048605943818
25020,0.3437661408535596
25021,0.27297799493147845
25022,0.25575405569320314
25023,0.2932797267731786
25024,0.26366416128328823
25025,0.27691678620902904
25026,0.38529491137743344
25027,0.2943787794486781
25028,0.17242778085597568
25029,0.2864112231776454
25030,0.27313891874099006
25031,0.396945470536754
25032,0.20302019103608754
25033,0.25638467691403827
25034,0.33615198292649734
25035,0.28624243737360516
25036,0.2623192042807917
25037,0.38726657770950107
25038,0.2687326321743701
25039,0.3908335037386051
25040,0.24887401234914347
25041,0.34075953519633084
25042,0.28303934456125723
25043,0.25571034605195897
25044,0.2854940766749952
25045,0.3003654740097986
25046,0.38616803703020897
25047,0.2061634665816952
25048,0.33922143030649343
25049,0.3831586659281828
25050,0.33863468789086487
25051,0.2634291983951209
25052,0.25595258176978225
25053,0.19455288975963103
25054,0.3466524854011969
25055,0.28179310565826227
25056,0.28989702631892234
25057,0.28374284522379534
25058,0.2834056946211946
25059,0.28643682022784306
25060,0.34079297547406556
25061,0.269196949844294
25062,0.2811964965383078
25063,0.38540928724172513
25064,0.35220012830548514
25065,0.19560111633059127
25066,0.27385651067875866
25067,0.26807318161699145
25068,0.30249687154725796
25069,0.30190842542158625
25070,0.38332129371040213
25071,0.2734194843685846
25072,0.2949967033447106
25073,0.3830498989352574
25074,0.2940565525068462
25075,0.28257673133743505
25076,0.2657773424423535
25077,0.2926076360115756
25078,0.22122392557863924
25079,0.27798074291939245
25080,0.3885596203194536
25081,0.2832081790078042
25082,0.33582841823514065
25083,0.260561943283169
25084,0.2723589522490397
25085,0.37858493395814924
25086,0.2925727077405496
25087,0.38720151921378093
25088,0.27565658470403537
25089,0.32256387673532066
25090,0.23945746601885312
25091,0.38512028787188757
25092,0.33387656233817153
25093,0.3864798590665855
25094,0.3443944519776456
25095,0.30025615216596063
25096,0.2748891050443185
25097,0.39151175292340046
25098,0.3503123347867395
25099,0.3352590359870604
25100,0.3585110235818891
25101,0.2772357827352038
25102,0.34009431735621615
25103,0.30744680036401106
25104,0.2991807060294579
25105,0.2894279263157947
25106,0.2662304345343029
25107,0.28542304483212505
25108,0.38051422947404634
25109,0.27753017929074314
25110,0.2884940115168032
25111,0.2785901436053724
25112,0.2913711378947342
25113,0.34973604441324085
25114,0.29600243613435573
25115,0.35538222541594117
25116,0.34085025672083175
25117,0.26966256291546153
25118,0.27968754522823386
25119,0.2879387655644162
25120,0.22184233451548524
25121,0.26210224701746576
25122,0.3445885436900108
25123,0.282702686901464
25124,0.258801866101747
25125,0.27387389294078246
25126,0.3418341461064004
25127,0.3479970921618524
25128,0.39283899050846255
25129,0.2913203253401216
25130,0.2689583990335366
25131,0.27262511591240834
25132,0.2646407779289673
25133,0.29028690934360707
25134,0.19730348740978249
25135,0.25188576090927733
25136,0.28369501530434527
25137,0.27652161033537126
25138,0.2682192335066176
25139,0.2867052062105604
25140,0.27788010721274686
25141,0.27958731970361617
25142,0.29646555799793134
25143,0.1637992494463226
25144,0.2822042047266258
25145,0.2878879016909128
25146,0.33593410576427923
25147,0.2891777698192323
25148,0.34270658072620225
25149,0.35347054874387424
25150,0.26844966700959044
25151,0.2850506404850651
25152,0.21378881413772038
25153,0.27737240941367275
25154,0.388646255695713
25155,0.27291375422619807
25156,0.26824010283911326
25157,0.27048101897371707
25158,0.24981576704232566
25159,0.2874465671464545
25160,0.27320782655805265
25161,0.287960546430465
25162,0.2645354277807748
25163,0.27005785248264763
25164,0.2767841958475671
25165,0.27441056574577044
25166,0.19760330376841595
25167,0.30183893090291897
25168,0.29085835585270964
25169,0.1694583377714149
25170,0.28824947266940687
25171,0.2947366006381148
25172,0.2687614524633248
25173,0.19814997990395067
25174,0.2971383360507978
25175,0.297700397259939
25176,0.1818583695706098
25177,0.28591394824559513
25178,0.2741077043453316
25179,0.29527092804405203
25180,0.26228466797139816
25181,0.26627634444029197
25182,0.39433463660540446
25183,0.25915210752284057
25184,0.2858292107700741
25185,0.285903090964614
25186,0.29002664699950303
25187,0.2738704193192983
25188,0.26906287167771414
25189,0.2834051498642485
25190,0.2916414874144823
25191,0.34696088890050314
25192,0.38708866703161426
25193,0.2879447094084554
25194,0.2745980748498609
25195,0.38563374946767903
25196,0.26302232633678324
25197,0.2729764628881673
25198,0.20383671031854617
25199,0.34098987648537565
25200,0.2826678324581854
25201,0.3767138154588532
25202,0.2562862286993983
25203,0.2721461827018991
25204,0.2709531327107992
25205,0.3397106617761924
25206,0.2903688550370425
25207,0.25796841099277934
25208,0.28005049566122264
25209,0.3433066115059603
25210,0.2943161911194854
25211,0.24034121997297586
25212,0.39429871621976575
25213,0.2737941956036718
25214,0.26066798343609265
25215,0.2774094078630101
25216,0.3446386819737739
25217,0.3356670248889907
25218,0.2755591261773681
25219,0.2968433650720623
25220,0.2672326390771596
25221,0.33913743247941674
25222,0.2944103150601629
25223,0.2869997277437841
25224,0.26903377145165713
25225,0.2972079561856316
25226,0.38179704341975457
25227,0.255425313638487
25228,0.29557991690227275
25229,0.2698822077940271
25230,0.28857288725938246
25231,0.26522159169472215
25232,0.2700935733272012
25233,0.2769122296286055
25234,0.38086931839505245
25235,0.2882715276566923
25236,0.3019102730666577
25237,0.38418289628831653
25238,0.34410700138062683
25239,0.2813004754444629
25240,0.38823164195005105
25241,0.2589625995989859
25242,0.2729160818272134
25243,0.2723403191120654
25244,0.39357487738317365
25245,0.27179569952959975
25246,0.2645338057471652
25247,0.2937968409558119
25248,0.16472939512207715
25249,0.2641758577547115
25250,0.280223423868054
25251,0.28280201589074855
25252,0.34295715839155266
25253,0.1952837386987344
25254,0.298858574029084
25255,0.3337973388180328
25256,0.27361638981768
25257,0.250717002163611
25258,0.28444630247662794
25259,0.2748400689106218
25260,0.3449490082577344
25261,0.3451375955223216
25262,0.28394788964630224
25263,0.27705050451328894
25264,0.27444807622855844
25265,0.27184796070602507
25266,0.25226778058083527
25267,0.2578696851144668
25268,0.2574687131843978
25269,0.34427684779142087
25270,0.2647515627530253
25271,0.16345373972807395
25272,0.28221788812641424
25273,0.3910259151611481
25274,0.26276201138949806
25275,0.33892104660908806
25276,0.25489627333514425
25277,0.27425985406182485
25278,0.3423124523420977
25279,0.2894402817985541
25280,0.37830033059217827
25281,0.3372304946863447
25282,0.2970511956684898
25283,0.28705815185064587
25284,0.3416941312092237
25285,0.2942193107100214
25286,0.26177705830656567
25287,0.21025265716837152
25288,0.27416692858674374
25289,0.28285470119836875
25290,0.26434222754946246
25291,0.2594352151106762
25292,0.2788101141817535
25293,0.3451053100015356
25294,0.35346112380727246
25295,0.2828113526598822
25296,0.2932071008127548
25297,0.2813176767040643
25298,0.1930316165777322
25299,0.28821238381022085
25300,0.20023285168147753
25301,0.28146579874685557
25302,0.2598967420324307
25303,0.283768869022872
25304,0.2918750535257579
25305,0.3557397404199318
25306,0.2714829923407743
25307,0.277156501789001
25308,0.27266952193613053
25309,0.2556835462317216
25310,0.26868322450061755
25311,0.3045776553611339
25312,0.2827751011707285
25313,0.2878709442850912
25314,0.2766296442590372
25315,0.2840264840904182
25316,0.19396024123554573
25317,0.24932373262065374
25318,0.33185155101086505
25319,0.26601339534505025
25320,0.34595108095576776
25321,0.2819213282466314
25322,0.2906610259072303
25323,0.2670793507556972
25324,0.34989699585136314
25325,0.28375871613440123
25326,0.3369060851924449
25327,0.3435615640088188
25328,0.29627701161931663
25329,0.26502323328494837
25330,0.2880758071364496
25331,0.15432038238583176
25332,0.29908144674736115
25333,0.25071963806315783
25334,0.3809663059381823
25335,0.34504463610939223
25336,0.3919835591258857
25337,0.3450254977369624
25338,0.23014466233143033
25339,0.3411139167676552
25340,0.2806290918845361
25341,0.2840492020369547
25342,0.2767077771233658
25343,0.37970002903871575
25344,0.33649831705086625
25345,0.282606511396225
25346,0.27428331472550055
25347,0.289907654228349
25348,0.2891182198409928
25349,0.2657324621121691
25350,0.28554415109233694
25351,0.2746469454336922
25352,0.21044915166431918
25353,0.28970601807597096
25354,0.27787123837420025
25355,0.2699640691736409
25356,0.27247474677107786
25357,0.18912451005221326
25358,0.3406890004545214
25359,0.38485626348601326
25360,0.2748433609196141
25361,0.28516811946869114
25362,0.34716613690837295
25363,0.2718303870253865
25364,0.27615847850925235
25365,0.27729152467255286
25366,0.3783135010056968
25367,0.2877013621297373
25368,0.27873988754925905
25369,0.2739970995387345
25370,0.25692186683040114
25371,0.2905210218257845
25372,0.2676788800508413
25373,0.34739077014434383
25374,0.3482233445717887
25375,0.3539692059256581
25376,0.2885543080653768
25377,0.3863598277539494
25378,0.2650269080534177
25379,0.2688085707231571
25380,0.17619795610569372
25381,0.2227127505301686
25382,0.2783784346753762
25383,0.2661796069384429
25384,0.24212504282822905
25385,0.2539150427207029
25386,0.38251470727497877
25387,0.23307519427920498
25388,0.28933087453027057
25389,0.26932344547031495
25390,0.35124562274414484
25391,0.27027228590266184
25392,0.2863806422319416
25393,0.26863035210350616
25394,0.27067371889809366
25395,0.3839503895374405
25396,0.2827287205026022
25397,0.21715135785447412
25398,0.29145099342297726
25399,0.28200983642806227
25400,0.26773412929713947
25401,0.2993230857985427
25402,0.338603472908934
25403,0.3468806020536192
25404,0.2629880298871613
25405,0.2736835895790418
25406,0.2528524554672337
25407,0.29935938661930134
25408,0.26929958955020694
25409,0.284654132601306
25410,0.34956371913494966
25411,0.2591375748525421
25412,0.3908943858781145
25413,0.2862707750059483
25414,0.34008782011727695
25415,0.2835790168973852
25416,0.29321419173154445
25417,0.27615738054024974
25418,0.33823067322849093
25419,0.2800688707187307
25420,0.26120671763038084
25421,0.270407831489296
25422,0.3356708507111651
25423,0.39292245808505044
25424,0.29093456458572703
25425,0.2761067353535203
25426,0.33710450120165536
25427,0.2762643055671915
25428,0.296037126874572
25429,0.3284380331871493
25430,0.2605446151999684
25431,0.30497380143419006
25432,0.2900331701197574
25433,0.27927048536175736
25434,0.2830271073206602
25435,0.20264512117334293
25436,0.281102494447097
25437,0.2760968050616209
25438,0.2924102547233987
25439,0.2793467856633423
25440,0.32561680134516074
25441,0.28713612417719275
25442,0.2710983538595778
25443,0.2842502103674618
25444,0.3876902025292034
25445,0.27200219906125395
25446,0.38892862633054986
25447,0.27199596987247865
25448,0.27801594865913537
25449,0.3796929046298963
25450,0.2679431697042444
25451,0.3365191990311441
25452,0.1941555449351282
25453,0.28210472992163654
25454,0.2720925176406632
25455,0.273118528015187
25456,0.28223100961664227
25457,0.2706732763349523
25458,0.2661052231713542
25459,0.34628388900294305
25460,0.19312338454346584
25461,0.2854106645184039
25462,0.27244707286679054
25463,0.2590745193170342
25464,0.38832697140929356
25465,0.3854762763404688
25466,0.3425054249328258
25467,0.27263142725800266
25468,0.28047631481944235
25469,0.2866982888091723
25470,0.3468211753111445
25471,0.2867959123957465
25472,0.2713842496638499
25473,0.27532743134685467
25474,0.26752347938357435
25475,0.3366727174297146
25476,0.2583553151189056
25477,0.39007034333122426
25478,0.26532602335130945
25479,0.3863148645082523
25480,0.33442754529721397
25481,0.2873603881321147
25482,0.3357244109088679
25483,0.27183660567719997
25484,0.29359741472298584
25485,0.2966531461824483
25486,0.342144366924791
25487,0.3866057440105442
25488,0.34294925582974883
25489,0.26898628927821716
25490,0.27305160648450993
25491,0.24977019599219552
25492,0.27693752438360564
25493,0.2675784344340768
25494,0.2721954454028591
25495,0.25714424755531634
25496,0.20344727506010687
25497,0.2766083955682801
25498,0.203547978354531
25499,0.2868599698392717
25500,0.34258818863215856
25501,0.24759612619566462
25502,0.27505305776665995
25503,0.29958603544924683
25504,0.34073809587900766
25505,0.19930845766121053
25506,0.2675013803438565
25507,0.19381946150016302
25508,0.2748989564694658
25509,0.2711272606877417
25510,0.29582687617616177
25511,0.28413604689996264
25512,0.3777855357138031
25513,0.35286130281705436
25514,0.3384845760679511
25515,0.2745503308037126
25516,0.2888473242114224
25517,0.19417744179497903
25518,0.30419549688094466
25519,0.26739417029362167
25520,0.27879569438544044
25521,0.2756076959014296
25522,0.28124937323087684
25523,0.34556722473703005
25524,0.2692798737198878
25525,0.27162829973268876
25526,0.19105272533135284
25527,0.25348598665672484
25528,0.3446242919680377
25529,0.2834756678774963
25530,0.2269839463920793
25531,0.2528976191686354
25532,0.27961697903746585
25533,0.2850441676616357
25534,0.2778524206415347
25535,0.38536073432198953
25536,0.3510008099978673
25537,0.3343747259739614
25538,0.27470266728686976
25539,0.2949635060456453
25540,0.26382551153066325
25541,0.2582192155572042
25542,0.28264460007532344
25543,0.25702027347508244
25544,0.2781636489264468
25545,0.2783666810674859
25546,0.2735654919245942
25547,0.2627777822034921
25548,0.2717328772124793
25549,0.20455777707772144
25550,0.2911302143373001
25551,0.2713099259266546
25552,0.2778404341053872
25553,0.3838522381632031
25554,0.19267825667273417
25555,0.21353699326450887
25556,0.2708431381583855
25557,0.29516016407379786
25558,0.24833245870961027
25559,0.2845882799346716
25560,0.2802077675750914
25561,0.1825332083500376
25562,0.2646070891132099
25563,0.28118043464391584
25564,0.2783434295880951
25565,0.2685629058827046
25566,0.28124779803525113
25567,0.2713934636923715
25568,0.27227594325137444
25569,0.2500660850797368
25570,0.2919148357026084
25571,0.34155748767963257
25572,0.2667954421869963
25573,0.3513545668935548
25574,0.281122576799807
25575,0.26451631320446845
25576,0.28271658357223567
25577,0.28744425169967913
25578,0.2921260546853655
25579,0.2709223267116376
25580,0.3352064922178686
25581,0.33661974387469595
25582,0.27988726734531866
25583,0.27298798556630777
25584,0.2799280866104231
25585,0.2889306617916486
25586,0.34616282269930265
25587,0.3468410718547128
25588,0.35422390184389196
25589,0.2892952224684014
25590,0.2692903768326551
25591,0.2948605789494735
25592,0.275179765414993
25593,0.29951714116529315
25594,0.28426754083088307
25595,0.21171521516019937
25596,0.2889122585255166
25597,0.1645926192431148
25598,0.3526472962715477
25599,0.2751410963331735
25600,0.2879829913374768
25601,0.2786178445819534
25602,0.26159227861971845
25603,0.3484706215405665
25604,0.2613755313196286
25605,0.2683977697738371
25606,0.2767262082303213
25607,0.2733621251584479
25608,0.3403210170011023
25609,0.28088914988211067
25610,0.2571940782177522
25611,0.24446165691417981
25612,0.2692031438664448
25613,0.2876127307515966
25614,0.34629880439212457
25615,0.2740372825412055
25616,0.2774669641445379
25617,0.286670154026293
25618,0.3886945436227308
25619,0.338470305890207
25620,0.35233128147802995
25621,0.26033470320169133
25622,0.2906263169216348
25623,0.26367852254421226
25624,0.2586770135979474
25625,0.2767084703119349
25626,0.2801268937785014
25627,0.38593200098265257
25628,0.1834127360251622
25629,0.1833074832487872
25630,0.2742938176645997
25631,0.3455272313424579
25632,0.2705379961621155
25633,0.2589682199317278
25634,0.28052022447567737
25635,0.2787086005328121
25636,0.2850575912676015
25637,0.1743031677880884
25638,0.2957653280647321
25639,0.28052076721169406
25640,0.28161266552026093
25641,0.27606574828729596
25642,0.27678911214504304
25643,0.2938656630311177
25644,0.3328706078211491
25645,0.2803576171825018
25646,0.2941781787077835
25647,0.2769979813129078
25648,0.2789085403757892
25649,0.3372226057972796
25650,0.2934438169176548
25651,0.2959674002877365
25652,0.34240773065802504
25653,0.27702356298334563
25654,0.2788892594202887
25655,0.3901120469810673
25656,0.384112594258838
25657,0.29791750626196845
25658,0.19533332074316412
25659,0.2552882136903975
25660,0.2610276292760901
25661,0.32833394729950305
25662,0.29542499301433756
25663,0.2725517551935204
25664,0.3394543778735163
25665,0.2917167578242974
25666,0.20123685290393717
25667,0.248406340122035
25668,0.27502158854853254
25669,0.34836108001846877
25670,0.2835233559778364
25671,0.2837340080119342
25672,0.2974616562542941
25673,0.1820891706475249
25674,0.2679513352347139
25675,0.2900708340513814
25676,0.32889215852451514
25677,0.26702971981747825
25678,0.2959466279137115
25679,0.2878299360491498
25680,0.2857278583627502
25681,0.2872950424902368
25682,0.2849443794868409
25683,0.3890037982343239
25684,0.28126360843534365
25685,0.2840254470694404
25686,0.25290232285118464
25687,0.2584971344520881
25688,0.3521409564437259
25689,0.2871395246466376
25690,0.26914298438468354
25691,0.2684538176006569
25692,0.2678397112850445
25693,0.289862116025546
25694,0.30776998494172736
25695,0.27396302257122285
25696,0.2649539994828742
25697,0.38561081114970414
25698,0.2754035337824788
25699,0.1977952600760502
25700,0.2601030784082597
25701,0.2898112949531688
25702,0.2958626949575455
25703,0.34754769454258805
25704,0.38726453362499336
25705,0.2768258836879102
25706,0.27487061158818726
25707,0.3332364166496906
25708,0.33926570510253484
25709,0.25668779927818425
25710,0.18956529404722372
25711,0.33810296795574624
25712,0.2592487766221502
25713,0.21391063636088214
25714,0.1886496967705352
25715,0.2796250068722768
25716,0.28751206299528587
25717,0.1577895633595145
25718,0.29519948961590997
25719,0.3092520212509581
25720,0.29164846220582774
25721,0.35227898404862884
25722,0.3948375402401798
25723,0.2599274373099247
25724,0.27705691423176154
25725,0.2703275304594466
25726,0.20464848559425344
25727,0.25007881785430436
25728,0.2670589309368653
25729,0.27931929338155975
25730,0.2927778491191408
25731,0.29279970745928663
25732,0.28079771928563735
25733,0.2483089938722427
25734,0.34827293375225404
25735,0.26195994228528297
25736,0.28918624276588395
25737,0.27496840509661635
25738,0.3420459497319954
25739,0.18075289595126198
25740,0.28591351822340705
25741,0.2761461156058978
25742,0.2568340250518775
25743,0.2527852984813152
25744,0.2753872038277779
25745,0.2454706459104487
25746,0.3012399655086209
25747,0.2749259917198066
25748,0.2731772592563739
25749,0.345185617407962
25750,0.2828167649131606
25751,0.38825829673047857
25752,0.2881245725619124
25753,0.3849414082292009
25754,0.27037829966253596
25755,0.15163110092604365
25756,0.2709280581208245
25757,0.30515994995379986
25758,0.26598749858223214
25759,0.3528603721313146
25760,0.28379567192672855
25761,0.27806156052088093
25762,0.2283892841911116
25763,0.2718897759697203
25764,0.2659071261991195
25765,0.2784099539950504
25766,0.2765521050901064
25767,0.39459536701648334
25768,0.2753543206384067
25769,0.2687653404748882
25770,0.18238957756085453
25771,0.3444041023373613
25772,0.2706297174215971
25773,0.2931022109731516
25774,0.3942227773006506
25775,0.29613538674697515
25776,0.2649937254092163
25777,0.3367287179437344
25778,0.291205317472075
25779,0.2947562039848658
25780,0.3403709776544292
25781,0.27029600886791255
25782,0.28276954407786337
25783,0.278947238890765
25784,0.28461384447614557
25785,0.1904487500189403
25786,0.2868460021371162
25787,0.2613807660024126
25788,0.37189238563029847
25789,0.29246586612534226
25790,0.2767356486172496
25791,0.25992729528713115
25792,0.28251128437732875
25793,0.29913318730039357
25794,0.27994553055825533
25795,0.3013579415334915
25796,0.2667667767050344
25797,0.3217433616121693
25798,0.27753536397961664
25799,0.34468059562588116
25800,0.2948294347202468
25801,0.24740788685503767
25802,0.3482410350036378
25803,0.2812770323220613
25804,0.15680404876787415
25805,0.27340467043247246
25806,0.2731524908008701
25807,0.38880176721144255
25808,0.2860218278536514
25809,0.24367971320870352
25810,0.2908509029387878
25811,0.1841116550441185
25812,0.24723633688854904
25813,0.2820387195878429
25814,0.3828726033297215
25815,0.2777277535135164
25816,0.28415592281316393
25817,0.382192521668233
25818,0.20061126011426716
25819,0.30703499653696503
25820,0.27520054453437287
25821,0.2811878954153154
25822,0.28147170590097625
25823,0.2950676657310346
25824,0.18681457091015508
25825,0.2984971748853784
25826,0.28571485872627794
25827,0.1927237326196416
25828,0.34441446848042157
25829,0.22570596836058832
25830,0.273455764618432
25831,0.2817922519374489
25832,0.2890560640078082
25833,0.25381736803517413
25834,0.3414764191414627
25835,0.292226192450958
25836,0.3805075357015116
25837,0.3328622968725404
25838,0.2693080372045647
25839,0.2676681858645573
25840,0.27200939690338644
25841,0.2909154653452304
25842,0.25821070472956975
25843,0.2686311250157067
25844,0.33882956028136596
25845,0.34511303397312854
25846,0.21238212504651532
25847,0.2694439988328195
25848,0.20454269256311156
25849,0.2826461231111889
25850,0.2638582188916912
25851,0.27723480148192214
25852,0.2710046419015974
25853,0.18315574050221875
25854,0.2904692030652511
25855,0.28511920897153625
25856,0.2662605464267567
25857,0.29538630701302726
25858,0.33908351045407237
25859,0.26412796107586123
25860,0.2887000060541339
25861,0.3907761521328677
25862,0.3068961662164161
25863,0.2681182545693892
25864,0.2683887216496821
25865,0.26871960348935386
25866,0.3448513757930259
25867,0.2572719047984978
25868,0.34628666128149704
25869,0.2738369211749899
25870,0.2714485081028008
25871,0.3459550588595402
25872,0.21530630507649962
25873,0.28583589918019003
25874,0.25924526926430624
25875,0.2886603966888983
25876,0.27982521447472086
25877,0.2929302916914827
25878,0.33859172651114466
25879,0.3133522921120931
25880,0.2969548530729431
25881,0.18249990688030424
25882,0.2892463688380024
25883,0.278370097323864
25884,0.29147276444520753
25885,0.3425150182488397
25886,0.3905658776070436
25887,0.2991086485165467
25888,0.27262125627692413
25889,0.2687214828064832
25890,0.2871443815232257
25891,0.26791848659860096
25892,0.275681783555475
25893,0.2843201494873412
25894,0.38555193360103696
25895,0.27715126994109596
25896,0.351246660652192
25897,0.3455253037447766
25898,0.2776738109412161
25899,0.22329508205811535
25900,0.27623496484371846
25901,0.28216034322025296
25902,0.27308577958851343
25903,0.2619165750909497
25904,0.2958747821387232
25905,0.29994416679774893
25906,0.2589349792437242
25907,0.2570012675276562
25908,0.2731151114904877
25909,0.2897640767054029
25910,0.2755790977843444
25911,0.2506631938431233
25912,0.27266077674273903
25913,0.3319436572697979
25914,0.289583178110851
25915,0.26164289583315115
25916,0.267773907191383
25917,0.2912810165654213
25918,0.25950471328636293
25919,0.20654410823764968
25920,0.26086541630907395
25921,0.3316756340572518
25922,0.2590493288633544
25923,0.2896036751305226
25924,0.31901779175334044
25925,0.27701257155365144
25926,0.3151559293975891
25927,0.25921727585591053
25928,0.33722655801881746
25929,0.27520148962815666
25930,0.28082801685251246
25931,0.2876018539198403
25932,0.2951874744145888
25933,0.3006123167290432
25934,0.2616520734170362
25935,0.20297160497841937
25936,0.2652621661689598
25937,0.2721547733953281
25938,0.18196268805105423
25939,0.33747386448599137
25940,0.2554078400958476
25941,0.28159748022069436
25942,0.2590203587845595
25943,0.28007740760523103
25944,0.3491151073688619
25945,0.2595814217033502
25946,0.2573082360274137
25947,0.3551525349521307
25948,0.261073800285741
25949,0.38567858610696
25950,0.25123818768944617
25951,0.2913502016627408
25952,0.29475508517904886
25953,0.2735322370368531
25954,0.20308726288996604
25955,0.2964898025591557
25956,0.29934974635509537
25957,0.2516947315183808
25958,0.27511096386678957
25959,0.2790586733780186
25960,0.266593392610409
25961,0.2611298324958762
25962,0.33938167316261225
25963,0.2836699466250982
25964,0.29060182248861766
25965,0.28773143665145046
25966,0.2620490869576484
25967,0.26233151564901813
25968,0.27271493167122746
25969,0.2606730528697792
25970,0.28379252701067537
25971,0.19877672547522895
25972,0.34430861982346045
25973,0.2120590188723412
25974,0.2903551959999175
25975,0.28668806739451747
25976,0.2957264951178162
25977,0.3443625351928353
25978,0.3173023416293237
25979,0.29208970099194176
25980,0.34418113837897124
25981,0.38891604661315815
25982,0.1665897803038504
25983,0.19644814527993293
25984,0.17917944323622087
25985,0.35193434284584324
25986,0.2891795894877798
25987,0.26979899511686894
25988,0.286137373825722
25989,0.28116104666016484
25990,0.26967967597365433
25991,0.3001718867463469
25992,0.26448793730273534
25993,0.338854232730626
25994,0.2740032321127745
25995,0.2538472577527287
25996,0.29503614458125405
25997,0.2837799427475517
25998,0.2885999692051517
25999,0.2799673803229401
26000,0.2739583354237559
26001,0.2806305400780876
26002,0.2750884962223146
26003,0.2683052652569276
26004,0.28216807773248953
26005,0.28693395962455803
26006,0.27002129619160786
26007,0.2683733143713932
26008,0.29788503351020323
26009,0.28382902694448686
26010,0.3082116851685017
26011,0.1979061828892305
26012,0.2499885846783914
26013,0.28935872036055926
26014,0.2699761556217159
26015,0.28732614916899374
26016,0.3289053718981611
26017,0.3466499107965499
26018,0.2691591888319023
26019,0.17047947825833845
26020,0.245326528340018
26021,0.3420236075493882
26022,0.27182112361568966
26023,0.27465932434418183
26024,0.2200717170053108
26025,0.28532583665169925
26026,0.3519545070971614
26027,0.3822799770195266
26028,0.19315190189521037
26029,0.18737529796862665
26030,0.271892340397154
26031,0.2876270445166335
26032,0.3879439176212445
26033,0.270560344018403
26034,0.2951220665002682
26035,0.19540205087389168
26036,0.27342972159598605
26037,0.3433412397648049
26038,0.286719496476034
26039,0.28128195711566284
26040,0.3420397619719258
26041,0.26576401430377417
26042,0.20391605401453622
26043,0.26820457575207235
26044,0.25277022730954063
26045,0.2874707687029197
26046,0.287292512413645
26047,0.3459193893999066
26048,0.27679768092790497
26049,0.33910470028849454
26050,0.28110024584747384
26051,0.2584394059653775
26052,0.17733965961716014
26053,0.2921371639916067
26054,0.19414627343890067
26055,0.27235297576933204
26056,0.33991320696194144
26057,0.2736349653072842
26058,0.34626999663022723
26059,0.26872410632248694
26060,0.26053486238795204
26061,0.2728367738895814
26062,0.2704674738885728
26063,0.267820928137883
26064,0.26541501165466713
26065,0.27757925264281774
26066,0.26892534677642493
26067,0.20049599284130382
26068,0.2828484076513528
26069,0.2685657057229298
26070,0.3351763373676596
26071,0.27039111768655666
26072,0.2780808928031698
26073,0.2943276612603285
26074,0.29129936995568384
26075,0.2862697192200671
26076,0.27070587853279215
26077,0.353010715860678
26078,0.38439267714570124
26079,0.28838636573212856
26080,0.2989175928621729
26081,0.2681269826970202
26082,0.27462332952805907
26083,0.2698965776110216
26084,0.28308509550467054
26085,0.2802933604948571
26086,0.2706756110208332
26087,0.2673982892631161
26088,0.2653003254298461
26089,0.28089538553951965
26090,0.28017665487195725
26091,0.26932192178270087
26092,0.34543745621446625
26093,0.2716952617795462
26094,0.27557529840764156
26095,0.20475533079139915
26096,0.2775361413681171
26097,0.3920526817016328
26098,0.39130674867094245
26099,0.2775578717447446
26100,0.27111057498890867
26101,0.19814318357712776
26102,0.2705459599704485
26103,0.33788542800433885
26104,0.37892715895536694
26105,0.21126537766578057
26106,0.2282485573835537
26107,0.27658782538841037
26108,0.19926516309080677
26109,0.271892799297084
26110,0.27998734839424666
26111,0.2740510191449821
26112,0.2655487814183543
26113,0.27393018784873435
26114,0.2706398413076309
26115,0.27341572193246827
26116,0.2787263140879803
26117,0.26969765502312537
26118,0.2662836316700312
26119,0.2695209868862708
26120,0.3889142995788765
26121,0.2567338284646344
26122,0.2638375984741827
26123,0.26379067956233965
26124,0.3493267058638008
26125,0.26564129590149793
26126,0.2703445461444534
26127,0.2835217322508704
26128,0.20758995812224762
26129,0.2555646321712224
26130,0.15519525864130035
26131,0.2897955329484131
26132,0.22276321239661157
26133,0.33682669429845064
26134,0.27378731864038325
26135,0.26911295391809853
26136,0.26717548577765665
26137,0.2819192964465834
26138,0.2711548074385474
26139,0.28105383663175343
26140,0.34745686369121737
26141,0.1968293757061004
26142,0.3504857080445174
26143,0.29050557015658157
26144,0.2894509991368994
26145,0.29493963818613395
26146,0.28263111815134506
26147,0.1742726994052829
26148,0.27950891760838004
26149,0.277931812250212
26150,0.18964748164729806
26151,0.28470097107451436
26152,0.27981568221177205
26153,0.2689501462192504
26154,0.337873251944661
26155,0.27215920644633096
26156,0.2788451308530446
26157,0.2847654516478405
26158,0.19322677742247266
26159,0.27729769797724935
26160,0.2673353618193929
26161,0.34629486811625165
26162,0.2797294915801536
26163,0.2838260391333747
26164,0.35011978127164045
26165,0.2820630741491453
26166,0.2590854536272658
26167,0.27619134577707616
26168,0.30863571977769855
26169,0.20072458409402139
26170,0.26985709266474084
26171,0.275176756235137
26172,0.3389308919269525
26173,0.28106284597719994
26174,0.38752634406538783
26175,0.1959601860390232
26176,0.3047378138971928
26177,0.3854749072351474
26178,0.21040697512106288
26179,0.2948589782937624
26180,0.27311688418771674
26181,0.2618432866437326
26182,0.344254505033101
26183,0.2719471412868538
26184,0.26805574719121406
26185,0.3357437155490981
26186,0.2902152791562332
26187,0.28077774438737013
26188,0.2913205531299286
26189,0.20675134492860447
26190,0.28125004029589196
26191,0.2642770940538241
26192,0.2757766738172549
26193,0.29028791655103603
26194,0.2704598145790598
26195,0.25593303044389654
26196,0.19557304376504073
26197,0.259338340555337
26198,0.29522366805966616
26199,0.2715768563315593
26200,0.35391540926356596
26201,0.27486543747017916
26202,0.3409277129238117
26203,0.3172803457480748
26204,0.281358246208319
26205,0.3436913818042186
26206,0.27552459756065595
26207,0.3043525543752471
26208,0.39392111450804385
26209,0.32685501581644777
26210,0.27889462713898644
26211,0.3937886353296413
26212,0.21077308919140889
26213,0.33347545346362883
26214,0.39212906089175986
26215,0.2752240721300657
26216,0.2918842425381376
26217,0.2839015192236927
26218,0.2790995784635416
26219,0.3033252057770382
26220,0.2814914006400788
26221,0.278605268632799
26222,0.27710931699110525
26223,0.27311203197000655
26224,0.2811260559136318
26225,0.25379486519099576
26226,0.27766858407258627
26227,0.29189585230192905
26228,0.264667115830812
26229,0.29236920846946934
26230,0.33470716416155927
26231,0.17245286265162033
26232,0.29043272786029545
26233,0.2834635204927626
26234,0.2616135041744224
26235,0.3424812758401619
26236,0.2580573450001954
26237,0.27480351274835735
26238,0.2587371366780783
26239,0.3505598973702518
26240,0.27706146818879795
26241,0.2795270372557387
26242,0.26575010756752
26243,0.26814977001981694
26244,0.28927114066138465
26245,0.2653067741602151
26246,0.26374278865613643
26247,0.2751968146906454
26248,0.2872473055864469
26249,0.3403624051323171
26250,0.27357159985476676
26251,0.33976745444114265
26252,0.28840853535220395
26253,0.28809643491715775
26254,0.2734900806649449
26255,0.2777057119528113
26256,0.3397331166135558
26257,0.24787721887977934
26258,0.34625608539608466
26259,0.38705700559137995
26260,0.2914333841001116
26261,0.2825953906028844
26262,0.25792544946805146
26263,0.3062134597251258
26264,0.2790874841212034
26265,0.29404093045496793
26266,0.28485901889410203
26267,0.30528473413419255
26268,0.2864029812597
26269,0.26163291840689185
26270,0.26404690202796016
26271,0.33258566318791016
26272,0.3118451258915146
26273,0.30278685756452023
26274,0.2713142126049915
26275,0.28363193534031633
26276,0.2909579699676382
26277,0.29752876159103403
26278,0.2745634920463133
26279,0.28286476180542514
26280,0.28985542114289714
26281,0.20267643452298154
26282,0.2981013524923206
26283,0.3425145429350584
26284,0.2537074858839232
26285,0.3439895372816826
26286,0.2090324927966218
26287,0.27769627096661953
26288,0.33554381437774766
26289,0.2772474982069408
26290,0.2839143455721347
26291,0.2702837462278382
26292,0.30666482786352023
26293,0.288506187915823
26294,0.3895388630516488
26295,0.19198494010322525
26296,0.25500110680317367
26297,0.27417222645962613
26298,0.17984529355846435
26299,0.27223837654593974
26300,0.27586804962616307
26301,0.33728331925152705
26302,0.2732750578370146
26303,0.2709051785767058
26304,0.2663412698228235
26305,0.34480490310152595
26306,0.2818535538858899
26307,0.25237723327974965
26308,0.36157343589744684
26309,0.32783277175917924
26310,0.27463583796648
26311,0.39240745847271485
26312,0.284301796856996
26313,0.18662237773410773
26314,0.2760488504817791
26315,0.2768866214773427
26316,0.27944664092697663
26317,0.3928430477027476
26318,0.29855811990800174
26319,0.29833598089169666
26320,0.2518565754271944
26321,0.2870165747738463
26322,0.2857984074071285
26323,0.27518711840408594
26324,0.26091660405275685
26325,0.31185726546539316
26326,0.15989563531453221
26327,0.1897627458785196
26328,0.2939472832409605
26329,0.2788961937449446
26330,0.28522930422161485
26331,0.39294182253020876
26332,0.26417036613493866
26333,0.21071165168879138
26334,0.28027512895627194
26335,0.3357313757242898
26336,0.30026395646093923
26337,0.27131736300617837
26338,0.2826500164020978
26339,0.2783244529910886
26340,0.14656078113440146
26341,0.18931665799733463
26342,0.3842762856077226
26343,0.25691441001115584
26344,0.28642252661343415
26345,0.2938384485289064
26346,0.2859705151705031
26347,0.27754002457331406
26348,0.2831229554376282
26349,0.2735149022905451
26350,0.3431439550559085
26351,0.2676847476119486
26352,0.2991677174980551
26353,0.19476085342136487
26354,0.16663862611525443
26355,0.28982207164661666
26356,0.27417866287133114
26357,0.2710095706629322
26358,0.26666782221156454
26359,0.14556181252597677
26360,0.2935436984005561
26361,0.25357880813519906
26362,0.27548059115223755
26363,0.19300840472271905
26364,0.28033535073550897
26365,0.26573603516883104
26366,0.24769059356974554
26367,0.29611338408512244
26368,0.3888138629354302
26369,0.2819056741878999
26370,0.2944031294633042
26371,0.20253808251978578
26372,0.3458613406304724
26373,0.27099567188692575
26374,0.2837424412308671
26375,0.2624207598253393
26376,0.2375232544021838
26377,0.17725359797109513
26378,0.26604040940081464
26379,0.26704536125484374
26380,0.2769164683819394
26381,0.33922940319855316
26382,0.30360687967886574
26383,0.34224958197554955
26384,0.19205334935865442
26385,0.33804021141605634
26386,0.27166344699777795
26387,0.3574873602258414
26388,0.2755437414277096
26389,0.2554201936366288
26390,0.2682107891049739
26391,0.19907191933683305
26392,0.2724995866284853
26393,0.28748662029712146
26394,0.26851588353677097
26395,0.26076113940686635
26396,0.27038104278732644
26397,0.24722745405013896
26398,0.2698636578831922
26399,0.2932175523870316
26400,0.18867369937104042
26401,0.2858926978314536
26402,0.3473822595192923
26403,0.3103797911370871
26404,0.27911147231052397
26405,0.17850083679143475
26406,0.33815080653892826
26407,0.28053104904757575
26408,0.2726053813980407
26409,0.28536052191319095
26410,0.2726260930978
26411,0.29062817885685166
26412,0.17658459161623408
26413,0.28875461728642315
26414,0.3500190980779792
26415,0.25982045495425343
26416,0.30101935874092167
26417,0.33562691103504966
26418,0.2732439308491106
26419,0.39538945241022744
26420,0.2885441705071664
26421,0.3531753174692158
26422,0.25357797327762316
26423,0.25987900812666226
26424,0.3465853485476728
26425,0.2806060207719955
26426,0.24552959820050596
26427,0.3366376992446018
26428,0.270761466396717
26429,0.26863813967838596
26430,0.25367111382007534
26431,0.25572150230718077
26432,0.2550433281863391
26433,0.27562110793557715
26434,0.2745473133271923
26435,0.20010906994217342
26436,0.2911240513807804
26437,0.2856449704129456
26438,0.28433340405820123
26439,0.27296610960909784
26440,0.2725540912948465
26441,0.2677468509245152
26442,0.2727858788744245
26443,0.2776044242070548
26444,0.27410559563142856
26445,0.2579076643758054
26446,0.3028908675852153
26447,0.2748514791539913
26448,0.2816494767060923
26449,0.267535082931128
26450,0.19079565870497284
26451,0.30159791848442896
26452,0.2798915191159278
26453,0.3440687204717245
26454,0.25996696040432316
26455,0.1728933459896745
26456,0.33147715861514104
26457,0.2784403028579573
26458,0.2797086480056568
26459,0.33024656782646095
26460,0.27878951209636804
26461,0.3195527465672216
26462,0.26472989127768776
26463,0.39020427787289674
26464,0.2769990804070592
26465,0.29034919061751396
26466,0.34389259014630635
26467,0.34479249962237923
