id_cliente,prediccion
2,4847.679168701172
3,1046.2125006993613
7,5685.654169718426
10,1124.8666697184244
11,5545.004172770183
12,355.5166665554047
14,3724.9166687011716
16,3940.066667683919
25,5344.94583714803
32,4547.579170227051
38,2884.6875045776364
42,7530.879166666668
63,3493.366670735677
65,4771.937502797445
70,4574.812505340576
74,5505.612503051758
76,4704.745833841959
83,873.9458338419596
90,2350.529166793823
98,8147.649997965495
104,3362.0666661580403
121,864.3666680018108
124,5406.475006612141
125,7767.212502034506
137,6043.579169972738
143,1157.562500222524
144,6819.075006103517
157,6911.4666748046875
163,3355.033336639404
197,1187.0583348592122
203,6421.729174804687
205,4001.920835876465
209,525.4041667222976
228,7142.179172261556
231,7250.908339436849
237,5415.550007120769
243,1036.3541674931846
247,5959.216668446858
249,925.4708342234293
253,7263.854168192545
261,3913.5083353678383
263,376.47083344173933
275,602.8249999046326
279,7328.916668192546
280,3646.6708386739097
292,6261.850007629394
297,3596.475004577637
299,2716.8666679382327
302,636.8375001907349
304,2785.2875022888184
308,9482.695841471354
318,7500.533342488608
319,7395.416668192545
323,830.8583334604899
325,5477.2916742960615
339,4940.666668701171
340,4752.341673278809
355,4385.41250406901
359,5371.370837656657
368,7817.262503051758
371,3458.529168955485
378,3916.8125073750816
390,6643.075006103514
392,4861.400005086263
409,2238.533334604899
412,915.0291673024494
420,6382.6625096639
422,2404.087501525879
428,3908.3916717529296
429,436.9625002861023
430,5083.99167022705
434,863.8500012079872
437,5765.720837656657
447,795.1916667938232
464,885.6041679382324
466,5258.337504323324
468,9029.133343505859
470,5005.616672770182
473,4270.341673278808
475,1062.3000007629396
476,7540.758336893717
480,633.9333335876464
483,2293.737503560384
487,6533.8625
495,4886.237501017252
496,6798.44583714803
499,3501.4875025431315
502,1071.2541678110758
504,4450.691665140787
508,1199.1833346048988
514,2195.600001525879
515,6012.270835367838
538,2905.9958389282224
548,4559.770837402344
551,4370.100002034505
553,5563.891665649414
560,595.5083337624868
564,3209.237501780192
572,879.8250007629395
577,487.1208333532016
578,9250.166672770183
591,786.4708336512246
593,3537.5916704813644
604,5993.400007375082
606,5335.287503051758
614,6611.195836385091
616,936.2000003178914
622,3503.56667022705
626,465.3916670163473
632,991.5041667938234
637,704.0208336512247
640,2329.8416673660277
647,3599.962501525879
648,995.6000015258787
653,5562.266672515868
654,637.3833336512248
659,7630.533330790201
661,391.1833335697651
670,933.3041664759318
671,558.0291668574015
673,3358.8166702270505
674,2096.095834096273
682,3781.4583348592128
683,4796.72083307902
687,2589.7625035603846
688,1137.904167429606
689,6872.00000813802
701,5501.370835622151
705,2664.7666699727374
707,3407.1041697184246
710,4481.283333587647
714,4619.970834477743
716,4113.687503051758
717,5550.93333638509
729,1136.0208339691162
732,4913.837504069011
734,6058.783338419596
736,6540.475003560384
742,769.9583340962727
750,3851.112503814697
764,4540.070837656656
767,3197.350001525879
768,6787.770836385091
774,7871.204167175292
777,836.7708338419594
784,4628.145834859212
785,5389.13750813802
786,2368.029171244303
787,8981.037503051757
788,6901.045836385091
790,7241.008339945474
794,805.9166678110759
796,4714.425001780192
802,760.3125020980834
812,4988.012502288818
814,617.9041670163473
816,679.5000010808308
817,2682.491669972738
834,6287.433332824706
835,7141.358338419596
836,3522.395836385091
837,2461.35
840,448.9041666805744
841,572.1333335876465
854,480.69583335121473
858,3697.4750010172525
859,866.8291674296061
883,3871.8833358764646
887,991.3791678746542
902,5145.970839945475
913,3450.175007629395
915,3676.570838928222
916,7293.787501017253
917,2917.625003306071
924,6188.495836385092
929,5121.370834859213
933,6333.6208376566565
936,7068.729169209797
941,869.9208344777426
946,967.4083335876463
948,778.6375010172527
952,4677.195834859212
959,6241.237499999999
963,4592.279170227051
965,1677.0291688283285
970,7476.93333638509
975,7396.16250406901
979,3809.5958399454753
982,3085.854167429606
986,456.8708334962527
992,4187.033334859211
1003,521.0791668415069
1004,7206.116669972737
1007,6025.762503560384
1014,1611.90416653951
1017,903.2541677474977
1018,4445.087504069011
1043,1058.9625010172524
1046,5641.412501525879
1052,6791.095839182537
1061,546.3166669209799
1063,4730.579167683919
1064,3387.8166702270505
1067,5111.629173278809
1070,1286.7916680018106
1075,781.212500222524
1105,620.8333342075348
1116,9283.887505086264
1117,8086.316674804687
1123,4036.995838419596
1125,2629.087500508627
1132,3445.462503560384
1160,539.0916671117146
1161,5784.041668192546
1165,1020.8499998728435
1171,9481.37083943685
1181,1255.6333356221517
1185,4225.791677856446
1197,4902.745834859212
1202,6875.35000813802
1205,485.4416668136914
1206,5444.608344014485
1213,4007.5583323160804
1216,566.9166675567627
1228,4380.033335876465
1232,6082.3375045776365
1238,1737.0125007629392
1241,1153.5125016530353
1246,3334.3583363850908
1258,3553.183336893718
1263,8996.887501017252
1289,1972.866668446859
1301,6753.687500254314
1302,757.0875012715657
1303,6994.404167429606
1312,2007.9250020345053
1314,3913.762507629395
1322,2542.6666681925453
1326,715.5708339691163
1328,939.2166678110758
1334,3944.029170735677
1336,6645.004173787434
1337,812.9999996185303
1338,3360.6041702270504
1340,5556.341669718425
1361,7354.566668701172
1365,8066.758335367838
1368,9401.979167429605
1370,2347.0916692097985
1378,6355.400003814696
1381,5823.516668955485
1388,6639.470835876465
1393,4015.0541699727382
1395,2740.0666674296062
1400,3347.933334604899
1404,686.7625002543132
1405,1241.1541670481365
1411,6214.3541788736975
1414,7732.537510172526
1415,323.2333335320155
1420,2657.1166687011714
1425,2416.708335240682
1434,7518.833335367838
1453,5652.575002034505
1455,9443.77084350586
1460,7225.49166615804
1465,9213.129172770181
1474,5929.100002543132
1475,429.3500000953674
1476,1038.883335494995
1477,3452.34583384196
1489,1676.5208347320556
1495,3092.4416697184242
1496,1022.1416681925456
1501,4291.325004577637
1504,716.7291674296062
1506,7623.683339945476
1516,5588.141671244302
1535,1376.2041681925457
1541,1107.0875010172524
1546,700.5083339055378
1552,994.9791680018106
1558,6516.529167175293
1559,2960.5916697184243
1564,1909.5125015258789
1566,4310.879167683919
1567,6859.470845540364
1573,6570.033334350585
1576,1103.0791684468588
1577,1115.4208342234294
1578,2474.7500006357827
1586,2608.6666669209803
1587,1219.8000007629394
1589,6582.429172261555
1591,4708.958338419597
1592,1045.5958329200746
1598,679.733333905538
1602,6506.150008646647
1604,1176.787502670288
1606,892.9958339691162
1614,312.07500007947283
1615,9132.908343505858
1619,3792.28333384196
1623,4382.787503814697
1631,6788.658334350585
1639,792.3333341439564
1648,447.6041666984558
1659,4858.929167683919
1669,5078.5083391825365
1673,2270.1375027974445
1678,4492.620839945475
1682,9093.316669718424
1683,2534.5416697184246
1692,4054.7083414713543
1693,8164.787508646647
1695,7161.612502543131
1698,5651.487499745686
1706,9298.72500406901
1709,2978.8750066121415
1710,6438.50417022705
1719,3835.3208348592125
1720,525.404166754335
1726,5524.770838419597
1730,4118.458336385091
1732,1959.2750007629395
1733,3246.8541679382324
1736,1635.404168701172
1743,4899.47083384196
1751,3843.0291697184243
1752,5422.3125
1754,7372.637506103515
1756,313.91666672627133
1760,3401.241669718424
1765,975.4250012715657
1776,3083.895834604899
1778,408.01250120798744
1779,5320.250005849202
1781,556.6916664441427
1795,6748.454171498616
1808,328.15000012976424
1809,7703.333344523111
1814,3690.4916707356774
1821,4236.5250068664545
1822,1899.420834986369
1824,6922.812502543132
1827,4273.587502797444
1834,7154.370836385092
1844,8078.666670735677
1851,7056.137504323324
1867,4517.270833841961
1869,3637.3125045776364
1875,9238.633343505859
1882,5259.770841471353
1897,7125.10000076294
1910,6235.770836639404
1917,5612.775006612142
1918,2419.0208361307778
1935,3851.3416676839192
1936,5204.058334350587
1937,756.9500005722047
1949,5942.037502543131
1952,661.0375000953674
1956,6771.575003051758
1969,547.9083342552185
1970,3592.091672261556
1971,4249.379171752929
1977,7726.295838419595
1982,4526.304168701172
1995,3620.5541707356774
2002,6943.804173278808
2004,5182.883335367838
2011,7117.150005849203
2013,7059.529171244303
2014,2296.0625022888185
2026,4856.112506103515
2040,2356.1750050862634
2043,3812.316673787436
2060,4834.687504323324
2069,2990.5791714986167
2073,4026.150001525879
2076,724.5999999046326
2082,3724.416667683919
2089,628.8666673660277
2091,6669.716669718425
2103,866.4500009536745
2109,536.5916674296062
2112,6577.212503560383
2113,6179.5708394368485
2119,976.2250006993612
2121,4855.479168955485
2125,4148.445834350586
2127,9311.587501017253
2128,2658.458336893717
2132,5156.129174041748
2146,4540.82083791097
2148,367.5166668891907
2149,6402.729170735677
2156,1153.0250027974446
2157,5878.983334859212
2159,4029.0041681925454
2160,3658.9750050862626
2169,5626.91667175293
2170,817.3750007947286
2186,1066.295834604899
2188,794.1625010172526
2190,2868.5500020345057
2203,4678.970834350585
2204,5680.250002543132
2205,6676.225003560384
2207,5298.179168192546
2209,891.6458337783812
2211,1647.3625022888184
2220,773.3708337465922
2226,7463.745833841959
2229,4171.129167175293
2234,1961.7333338419596
2237,7359.8208394368485
2240,3553.2416681925456
2249,811.7041680018107
2252,7404.825004577637
2264,7425.3750055948885
2269,2130.995835622152
2272,1193.4291681925454
2283,2332.5416681925453
2284,4664.9500050862625
2287,7217.037499999999
2290,3521.6625061035156
2298,647.7208345413208
2328,4160.425001780192
2329,5679.012499237061
2330,6529.375009663899
2336,3202.3500022888184
2338,6426.975002543131
2341,9092.658339436848
2353,7222.020843505859
2356,449.8708332300186
2366,3958.7541714986164
2401,2859.925006103516
2404,637.7916671117147
2408,3090.4083366394043
2409,5373.6875030517585
2410,3934.795841979981
2421,9417.387498474121
2425,6844.650006103516
2427,8097.250007120769
2429,7517.645836893717
2432,7068.554173024496
2435,3863.9333368937173
2436,2267.800001780192
2447,2157.60833384196
2449,898.9750010808308
2454,1155.587501335144
2460,700.0125002225241
2472,6176.937506612143
2479,3415.5125015258786
2483,7812.025002034505
2484,2327.5041727701823
2492,7751.595839436849
2493,996.1250010172525
2495,2403.2958368937175
2498,6722.720837402343
2501,2939.033333587646
2510,2369.8250027974445
2512,436.670833325386
2516,546.0583333969116
2517,5344.866675567627
2538,468.2916667302449
2561,4753.670839436848
2563,4951.854171244303
2567,4496.9333346049
2569,1645.5333346048992
2576,6518.2250020345045
2588,5443.4208379109705
2592,500.7833334287007
2593,6190.970836385091
2604,3102.675002034505
2613,2920.1625003814697
2620,5269.550001017254
2626,893.9333344777424
2629,808.7958337783813
2634,846.8416671435039
2637,7047.141673787435
2649,5361.929168701172
2653,7550.708335367839
2661,4123.287509155273
2662,2362.3875016530355
2668,2593.2583338419595
2684,3990.808335876465
2686,4534.550002797444
2706,3650.091669209798
2709,4359.662502543131
2710,2921.841668955485
2712,2687.17083307902
2717,3848.9833363850908
2718,7145.629173787434
2720,2022.9458343505858
2726,7519.17500406901
2732,6245.69583384196
2735,6357.170840962728
2736,3557.9333366394044
2754,5984.679167938233
2755,1051.5041679382323
2758,4442.966670735676
2759,848.2875006357827
2768,7192.350000508627
2769,6333.083334859212
2770,4853.150001780192
2776,693.8375004768371
2779,8982.883339436848
2790,889.500000254313
2794,3675.5958399454744
2796,426.0083334604899
2801,4856.875002543132
2810,2212.8166664123532
2813,2606.2708358764644
2820,4560.150005086263
2822,3445.458334604899
2830,6863.670841217041
2831,6835.045836385089
2835,6683.379176839192
2837,4020.8833340962724
2852,6383.108338419596
2861,3354.141669209798
2864,552.533333714803
2869,921.8750015258788
2870,9785.066672770181
2883,521.4291667143503
2890,822.5166671117146
2892,577.420833714803
2895,8034.350005086261
2908,5496.162503051757
2911,613.204167207082
2918,3582.3916704813637
2931,6129.475009155273
2936,5459.720834350585
2938,9136.158339436848
2940,6023.599999999999
2942,4432.254170227051
2943,433.84166674812633
2945,8043.370838928222
2949,566.0750004450481
2959,7233.520842997234
2966,5908.20833867391
2969,7390.729175567627
2970,4632.075002034505
2975,2277.216668955485
2976,5213.216670735676
2987,3723.037502288818
2993,725.7666680653889
2995,1153.2833337783813
2998,652.3000002861023
3002,5023.716668955484
3004,4496.187506866455
3008,6570.783334859211
3010,6947.991669209798
3019,931.341667429606
3027,520.7958335558574
3030,7216.587502288818
3031,7179.66250152588
3037,5712.270834859212
3038,3613.850005086262
3039,1162.333334096273
3043,4219.425002797444
3048,1123.6916698455811
3049,4676.658336893718
3053,557.8875007629393
3054,902.8000013987222
3056,3146.9833343505857
3069,9387.579171498617
3071,5267.783334859211
3072,7563.470833841959
3075,3915.862504069011
3078,4346.720837402344
3080,3538.7333348592124
3104,6582.408336385091
3109,5410.845835876465
3126,2014.3125003814696
3137,899.5791681289671
3139,3483.6958356221517
3142,6764.833339945475
3147,730.208333492279
3168,2804.741668446859
3169,6395.933332570395
3172,3450.6208366394044
3174,3417.4041737874345
3178,7229.675009155274
3179,858.7083336512247
3181,1938.1333338419597
3190,6242.129173787434
3192,7316.408340454102
3196,5351.662503560384
3197,7476.712503051757
3206,7178.925007120768
3208,510.2416669050852
3210,3063.2791689554847
3214,9186.441677856446
3220,2481.333335749308
3228,736.612501080831
3232,2726.208334096272
3247,3507.250001525879
3253,1214.2500005722047
3256,753.5375001271567
3257,3535.087504577636
3262,3014.0416681925453
3269,1048.2791676839192
3276,647.2624999999999
3279,9313.054170735677
3282,2348.5458347320555
3284,864.0791680653889
3285,6700.6833353678385
3295,6211.350001017253
3297,2422.9250010172527
3298,4148.608334350585
3311,602.3791670481364
3313,5328.420835367838
3321,3936.30833714803
3325,1961.3791688283284
3329,9061.450003051757
3345,7160.787502797444
3347,2953.475002924601
3349,5401.220839945476
3350,2520.3041679382327
3354,4552.554173278808
3356,9314.787502034505
3363,2386.6833361307777
3372,2372.437503306071
3376,3654.9708389282223
3380,3566.308339945475
3383,6453.995838419596
3385,5234.512506866455
3387,6887.275003051756
3395,927.4375005086262
3396,735.8125006993611
3397,3443.1250055948894
3411,1270.6000012715656
3413,753.5458347320555
3415,1678.6625007629393
3444,6387.354173278808
3446,5795.316673787435
3447,1178.787501525879
3448,1870.8333357493084
3454,777.3458337148031
3466,2990.900001780192
3471,7546.233335876465
3474,979.2249998728433
3488,7080.008333333332
3496,1049.6291667938233
3498,6939.537504577635
3508,3753.4541671752927
3511,756.4000003814698
3514,1154.0458342234294
3524,1083.8458343823752
3526,3585.8541699727375
3529,628.2041665236155
3552,483.3833334684371
3561,809.0583338737488
3564,9103.47917175293
3566,975.8583336512248
3576,5218.075006612142
3581,614.0625001907348
3582,4867.454172770183
3583,9351.879173787434
3587,4531.60417022705
3589,3802.800003560384
3590,2364.137502797445
3592,5652.608336385091
3594,1010.8166673024494
3598,4173.83750559489
3605,5093.9041727701815
3608,7534.050007120768
3610,7234.516670735677
3619,4601.9916671752935
3622,2064.6208351135256
3623,8028.829173787434
3628,4860.308336893718
3629,5446.570836385091
3647,645.1041668574015
3653,8801.02084019979
3657,7264.037505340577
3658,2322.300001780192
3661,378.50000022252397
3665,5546.604171244303
3668,945.8166671435038
3670,2453.545833714803
3672,369.0500001231829
3675,2283.9416679382325
3680,467.15833344757556
3697,665.0125007947286
3698,460.9875000894069
3699,6775.712502034505
3703,389.9166668891907
3711,6854.05417175293
3712,7367.300005340577
3716,4031.637503051758
3717,7317.933337148031
3721,7509.016668701172
3726,6658.037509155273
3735,7762.12917582194
3736,9257.245842488606
3740,3323.2750020345047
3748,3362.945834604899
3751,1858.2000016530355
3753,1671.120834859212
3754,2526.0083346684773
3755,1003.7208349227903
3764,3122.212501780192
3768,5011.170840454101
3781,3861.7541742960616
3782,7670.395842488607
3787,1126.7583347320558
3800,3709.9375066121424
3804,742.7958345095317
3820,8880.200002034506
3821,7219.787507120767
3824,2562.7333336512247
3825,4515.474998982748
3826,7576.270841471353
3831,3593.5125020345054
3834,4391.833332316081
3835,6495.3333389282225
3836,3750.220834604899
3840,2450.2250019073485
3841,7281.125006612142
3848,7709.441669464111
3863,6592.262504577637
3869,3114.7083351135257
3875,6915.587503560383
3877,9263.000004069012
3878,6547.766670735677
3879,6045.729168446858
3881,5473.120839436849
3882,749.8000008265177
3887,4424.658342488607
3890,3557.4750025431313
3904,462.7208334763845
3905,9246.504169718426
3908,7016.116666666666
3917,7426.004175313315
3927,7009.929171244304
3931,6487.50417429606
3938,7001.745836893718
3944,7116.683343505861
3947,3461.775006612142
3950,5105.600005594889
3971,3507.116672261556
3982,847.891667238871
3991,554.1708333253861
3992,3603.129171498617
3997,1611.6791681289671
4005,1135.483334350586
4008,3425.05000483195
4016,827.7333338419597
4018,4618.620834604899
4020,7175.975003306071
4027,866.950001780192
4038,3684.487501780192
4045,3248.637502543131
4048,4769.095836639404
4051,3713.6666671752932
4054,5257.925002034505
4055,6312.870837656657
4065,3719.0375040690105
4066,6754.637503560384
4073,2580.7541679382325
4079,733.6249999364217
4084,2934.4250007629394
4087,8130.69167582194
4089,920.7083337783814
4091,9232.108343505859
4092,1938.691668701172
4102,9157.283337402343
4108,4888.825003560384
4113,5258.108336385091
4116,6351.716673787436
4117,694.1291679382324
4124,4667.841672261556
4125,3752.2291692097983
4128,2441.4208376566567
4129,6369.708336385091
4130,6512.862504577636
4134,5344.216671244304
4144,3656.808335113526
4147,9053.341673787434
4150,1079.0958339691163
4158,7128.254172770183
4162,6568.04166692098
4163,3612.658336893717
4166,504.21250006357826
4167,3459.466668446859
4168,4166.504170735677
4175,453.81249996026355
4179,1213.0541675567626
4180,7050.875004577637
4189,5097.975002797445
4192,7387.033339945476
4195,3403.3958384195957
4197,5884.820838419597
4198,3924.3333429972336
4202,3211.708336639404
4208,4427.116675313314
4222,4510.637498982747
4225,507.7124998569488
4227,4989.204173787434
4229,5005.820834096273
4230,4147.616672770183
4244,9238.487503051756
4247,3090.2583358764646
4249,5913.616670735678
4258,3971.1708374023433
4266,6260.850007120767
4283,2510.0958346048988
4286,2319.6875005086267
4287,4056.333337656657
4289,1594.166667238871
4291,5932.004176839193
4292,4123.854165140788
4296,794.2666670481364
4309,354.5750000178814
4323,7248.670834859211
4324,6931.47500152588
4327,2759.245835113525
4328,5554.79583791097
4330,836.3541685740153
4334,594.9541667779287
4338,882.8333339691162
4341,6338.55000559489
4343,9175.291672770183
4349,966.0041673024497
4366,3238.9791671752923
4367,608.0541666666667
4373,2363.308336766561
4374,8074.98334197998
4384,7578.95000406901
4390,4698.104172261556
4403,6619.012502034505
4409,2699.3333360036213
4419,6958.795835367838
4427,2471.0624989827475
4428,7520.358334859211
4429,5746.895835876464
4430,734.304167175293
4431,6363.245834859212
4433,1023.9916668574016
4434,2300.8791673024493
4442,815.6958336512248
4444,2642.154168701172
4456,1187.2750003814697
4457,3782.245832824707
4459,4853.050006103515
4463,7543.48750559489
4465,6956.950004577637
4466,849.1708340962728
4469,1062.5333344777425
4486,3753.9291763305664
4488,4291.250008646647
4490,4835.033335622152
4492,4860.2458396911625
4500,1039.2750001271565
4502,5827.8083353678385
4507,5072.145836130778
4511,5410.895839945476
4512,2650.1291679382325
4516,2609.4375002543134
4520,3400.1333340962724
4536,1592.841666793823
4538,661.2791672388713
4549,732.6208336194355
4554,2688.395838419596
4561,5270.195839436849
4564,3476.287503051757
4566,5540.412502288818
4568,7765.133337402344
4580,4187.520836893717
4586,1149.137500890096
4594,7295.300004577636
4598,3576.35000406901
4602,5327.983332570394
4609,5286.670835622151
4610,3644.1875038146973
4611,3963.9375025431314
4619,5491.741677347819
4624,7739.595835367839
4627,2584.925000508626
4631,4135.2666753133135
4632,4860.900004069011
4635,775.0541669527689
4637,7244.87917429606
4641,3630.0749997456865
4643,1168.2166670481363
4660,479.36250016689297
4665,3871.5958348592126
4667,474.70833339293796
4668,6025.545834350586
4670,4996.925004577636
4674,473.7458336353302
4676,5459.091669209798
4683,6492.483336385092
4684,1003.1250004450479
4687,2147.3458351135255
4704,2252.787503306071
4706,4046.4708414713546
4732,4352.954171244303
4734,5615.604170735677
4735,4349.01250483195
4744,743.7958344141642
4755,3582.925003560384
4759,743.2916673660278
4762,900.8375013987223
4765,6675.237502543132
4767,2279.3625053405763
4775,3111.283336385091
4780,4902.266672261556
4789,6280.441668701172
4794,7391.44583231608
4795,2232.2333340962728
4797,6222.891667175292
4803,733.4333338419596
4810,5566.0000055948885
4812,7483.445841979981
4814,3974.7666661580406
4818,2050.9708334604898
4820,1096.9541684468588
4822,5793.204173278808
4827,1609.966668955485
4828,971.8458337783812
4831,467.9875000794729
4839,5661.591674296062
4841,3793.333337656657
4842,675.3083339770635
4844,3825.6750030517574
4852,659.2458345095316
4861,1179.3083356857298
4863,9233.250008138022
4878,3939.241670481364
4881,2748.175004577637
4883,6374.69167582194
4884,2441.6208381652827
4890,6350.479165903726
4894,399.8375000856817
4895,6822.729176839192
4898,6317.670833333333
4899,550.1458335876465
4901,1005.7583349863688
4902,490.52500076293944
4919,3590.9041732788087
4934,1122.7958344777426
4937,3797.8250027974445
4939,668.3916674931844
4945,425.2666668494542
4952,3425.624998982747
4953,6717.98334197998
4954,2329.4833368937175
4955,2345.6750033060707
4967,737.1375009854634
4970,7822.99167429606
4979,6525.900001525879
4983,4497.250001525878
4989,2645.1833353678385
4995,6406.137500508626
5004,6761.858338928222
5007,4819.137506612142
5009,999.2041673660278
5010,2190.3583363850908
5016,2537.57917098999
5033,874.7041671752928
5038,508.90000010728835
5045,1756.4500007629395
5049,558.2333336830139
5051,562.2291679382323
5055,6537.745840962728
5058,1009.9916679382322
5059,735.4708342234293
5073,5326.170836893718
5074,9258.90833638509
5076,5045.562509155273
5078,1208.4833347320557
5081,3627.0375055948894
5082,2262.4625030517577
5084,405.7250001351038
5105,5228.483343251546
5107,4992.245836893717
5111,1138.1833347320555
5120,486.26250015099845
5121,2735.958334350586
5123,2254.9583344777425
5141,3818.06667175293
5144,5713.4041727701815
5147,7007.429169209798
5149,368.212500111262
5152,338.2291668176651
5160,4974.062505086263
5170,5334.520838419597
5171,5108.383336385091
5176,7370.400002034505
5178,7902.220840962728
5192,594.9375003814697
5195,976.4000003814698
5204,5451.337509663899
5208,5315.912502288818
5211,2397.5458343505857
5216,366.77916712760924
5217,5526.508336385091
5225,5484.00000406901
5228,6558.6541681925455
5239,638.7999997774759
5241,1140.7000010172526
5243,6975.904169209797
5246,7074.462508646648
5247,7538.654169718423
5249,534.1000003178915
5251,8140.516672770183
5255,6994.608333841959
5257,7383.154171752929
5259,1129.8333338419595
5260,5072.920846557618
5269,6000.820840454103
5281,5409.470839436849
5284,5074.862503560384
5286,1159.2333344777426
5292,1049.6250011444092
5293,3926.700001017252
5299,3760.391669209798
5301,2219.4458368937176
5303,2589.3916679382323
5305,4421.808334096273
5319,1904.491667874654
5325,739.5624997456868
5331,4174.954173787435
5333,3715.6791702270507
5335,2251.0541702270507
5339,2666.8458342234294
5340,3520.729172261556
5341,2554.5708356221517
5343,2529.2208347320557
5347,8051.141673787435
5353,4886.662506103516
5355,4546.7541712443035
5363,5346.00417175293
5365,7263.487498474122
5373,2921.091668446859
5377,5529.516671752929
5379,910.441668319702
5385,7060.962505086262
5386,547.4208336353302
5387,6927.808345540364
5389,286.23750001986815
5390,1028.8041684468585
5396,920.545834414164
5397,475.4166667222976
5404,4706.125001525878
5407,6255.375005086263
5410,276.1750000516574
5411,929.1375007629395
5412,2897.770834986369
5413,650.8458339214325
5418,7489.887503560384
5424,3700.1250025431323
5427,6458.454167683919
5428,3448.825003814698
5433,3237.679169972738
5441,7572.616669718424
5448,2196.8166699727376
5456,6814.866673787435
5460,774.6333346684773
5465,7107.40417175293
5468,995.608334414164
5470,6812.116675059001
5475,2329.3458353678384
5487,4488.300004577637
5501,959.1625007629394
5504,3939.1625002543133
5508,6289.225003051758
5510,2717.6583353678384
5514,754.8375000635783
5528,3953.0291717529303
5540,2694.9791684468587
5543,3710.6458348592128
5545,6228.933334859212
5546,5541.995835113525
5548,754.3541673660278
5551,9193.162503051759
5553,6026.679168192546
5556,5276.879173278809
5560,7136.333338419597
5563,5383.23333791097
5569,413.70416733026497
5572,929.3958330790202
5576,535.9624999364218
5582,4355.879173787435
5586,579.645833937327
5598,971.7083339055379
5605,5260.779169718425
5608,4967.245840708415
5610,3757.6583343505863
5622,2395.5833346684776
5628,6766.854173278808
5632,3644.9958361307777
5640,524.8125004132588
5641,1595.191666793823
5647,745.8750002861021
5654,6612.745836893718
5665,6966.241677347819
5667,6928.387503306071
5674,1058.4458349863687
5691,3917.733341471354
5694,4985.1750081380205
5706,2208.166669209798
5716,1178.80000222524
5722,1059.241667620341
5738,6707.90417098999
5745,4810.25417582194
5746,1674.6625001907348
5755,5409.308336639404
5756,445.85416656335195
5760,7073.875007629394
5761,6660.854172770181
5762,872.3458357493082
5763,631.5583337148031
5765,7046.150011189779
5773,5027.829174296061
5781,4490.725003560384
5786,5379.795838419596
5789,5378.395832824707
5802,3902.2291671752932
5808,2483.166670481364
5811,3680.6833368937173
5812,9332.587506103515
5813,6194.60417175293
5821,5365.820838419596
5829,7674.420838419595
5838,3611.9250020345044
5842,7021.8416681925455
5861,3761.658336893717
5864,2431.4666681925455
5871,6236.833334859212
5875,6984.058347574869
5879,4864.529168446858
5881,6838.441671244303
5891,756.5541678110758
5903,471.3791667779287
5909,4087.858338928223
5914,7390.2833318074545
5918,3643.4833348592124
5933,655.4375005404155
5945,585.1333338737487
5948,1202.4833345413208
5949,594.8708333611488
5950,4977.687502034506
5952,4157.879172261556
5955,4593.854173278808
5959,7543.641670735677
5961,5272.48750406901
5964,777.2875005086263
5966,7559.312512207031
5978,4290.704168955485
5980,3117.1708348592124
5983,7950.312505086263
5985,4159.079173278808
5995,3041.945834350586
6009,7058.9875081380205
6016,2470.6916673024493
6021,5115.525002034505
6023,2002.4625035603842
6029,5275.8458361307785
6033,5085.124999745686
6036,590.1958334763846
6039,4553.529174296061
6046,9099.745837402343
6047,4124.720834223429
6051,4009.304173787435
6054,586.4833335558573
6061,7650.329164632162
6065,1848.125002034505
6068,3191.608336130778
6069,9200.0083404541
6070,5261.012505086263
6072,2312.400000254313
6076,6823.762506357828
6082,1127.6250005086263
6104,6319.300002543132
6110,5126.895836893717
6122,4869.237501525879
6123,6892.862502288819
6126,705.8541669527689
6128,7754.012503560385
6131,809.4958335876464
6139,3389.2250033060704
6140,7589.733339945476
6142,9245.737505086263
6143,2613.9291684150694
6147,5695.925002034505
6152,7401.525007120767
6164,4046.7333363850908
6171,7300.941669718424
6173,6516.683334350586
6175,7922.379169972737
6176,535.450000111262
6179,4984.200008138021
6181,4222.116665649414
6191,1268.4916676839193
6200,4471.666667938232
6201,7097.129179890951
6208,5907.854170481364
6219,3989.3166712443035
6223,610.6125005086262
6224,7502.954173787434
6237,1483.695835049947
6255,3598.370835367839
6265,6707.2000050862625
6273,3325.212499491374
6279,3484.037500508626
6284,6968.1375096638985
6295,3764.408338419596
6306,578.008333374063
6311,9049.991672770184
6327,3383.9374999999995
6330,3321.3833353678383
6338,5509.808339436849
6343,7946.650006612142
6345,9077.941678873698
6351,3759.362505594889
6357,573.3541667779286
6360,6322.287505086263
6389,877.0166674296061
6392,5452.17083943685
6404,4025.2583371480305
6406,663.066667620341
6407,7318.595838419597
6414,704.570833714803
6419,4884.425005594889
6425,5660.333339945475
6428,590.0125010808309
6431,4160.812501271565
6435,4665.433336385091
6436,1283.1500003814697
6440,4058.8625005086265
6446,5341.754175313314
6465,2188.3166676839196
6473,2674.779166412354
6476,1053.0833351135254
6477,2763.8250017801915
6478,7565.641668192545
6494,2470.2208353678384
6501,7283.566670735677
6502,8977.291672770183
6503,5457.929169209799
6514,485.27500028610234
6516,2146.887501780192
6534,7271.512500508626
6541,594.5875004132588
6553,6593.095840962727
6557,3223.683337402344
6559,5204.7833340962725
6560,8040.191672770182
6562,5439.095839945476
6575,6960.887510172527
6583,462.3625001509984
6588,5336.416674804687
6590,2640.904166984558
6594,2564.87916692098
6602,5505.220837656657
6603,2135.6583356221518
6606,3284.1750033060707
6614,6843.550002288818
6618,3155.687501017252
6628,4485.841671244303
6633,676.0291675249736
6639,3169.3208340962733
6648,5486.891671752929
6654,3094.5208371480308
6656,572.333334159851
6657,7878.59167098999
6663,530.7083336194356
6664,2736.7333338419594
6666,393.50833335717516
6670,3636.012502543131
6671,2294.49166692098
6683,1133.7166667938234
6694,2675.0208353678386
6695,5140.120837148031
6699,6470.887506612143
6701,5345.579167175293
6706,536.9583332220712
6707,476.35000005165733
6720,3442.7250025431317
6721,696.7208342870076
6726,5459.6874989827475
6735,3827.254169209798
6745,2443.8458353678384
6746,2312.15833791097
6751,631.3625000794729
6759,6835.362503560384
6760,2341.3500022888184
6765,4387.4208335876465
6774,701.4041670481364
6776,7303.308343505859
6779,4453.045841471354
6789,3703.245837402344
6792,9175.558337402343
6797,464.58750006357826
6807,4819.0208343505865
6808,5443.325006103515
6811,4520.358339436849
6813,806.2749996821085
6814,4649.949997965495
6817,5746.262502543131
6826,3824.8375040690103
6830,1086.5375006357829
6832,6418.191668701173
6838,7829.20834757487
6840,4124.91667175293
6850,3325.091667938232
6851,2400.8583366394046
6854,9070.625007120769
6856,8044.075002288818
6858,2362.5666681925454
6866,3533.4958381652837
6871,7125.275007629393
6872,4091.4125055948894
6879,7580.7291697184255
6881,910.0791671435037
6882,5116.654169209797
6883,6362.8125030517585
6894,7753.704169209799
6899,578.808333683014
6903,5725.279165649415
6908,6278.808341471355
6914,7032.254170735677
6915,5046.1500045776365
6917,4147.925004577637
6922,453.6250001748403
6933,692.970833237966
6944,6508.425010681152
6948,6976.975008646647
6957,3394.1833346048993
6964,4297.904170227051
6987,3590.004167175293
6989,382.4833335717519
6991,2456.866670735677
6992,2284.775
7019,3533.2291697184246
7021,807.9916673024495
7023,4080.091671498616
7033,527.5291668574015
7034,3838.4833348592124
7043,3617.620835876465
7047,2363.8833335876466
7050,4051.4250015258785
7057,1604.7208351135253
7069,1011.5500006357828
7070,922.8458352406819
7072,7221.416675313313
7081,2753.804169209798
7082,1141.6666673024495
7088,6374.233335113527
7093,5545.300000254312
7100,5234.666669718424
7104,2358.5375003814697
7109,925.3916672388713
7111,5916.962505086263
7113,327.0833333283662
7119,2798.6083346048986
7122,622.7125005086264
7134,9577.970835367838
7147,994.6583349863689
7155,5063.950002034506
7156,5073.558340962728
7163,9361.612501525879
7173,1450.4708338419596
7177,5463.783339691162
7179,7220.945840962727
7191,5359.745839945475
7196,5392.083337402343
7197,533.3666668812433
7205,633.5375001907348
7209,1200.7500003814696
7215,1211.8083348592122
7216,1706.3375003814697
7217,5559.50417429606
7224,4485.62917022705
7230,5380.716664123535
7235,7552.583336385092
7237,7934.9750020345045
7245,4515.6875055948885
7246,3748.1875015258793
7252,1168.0500005086262
7257,3695.0625
7258,3658.5875040690103
7261,2439.8291662851966
7269,4082.425001271565
7270,4069.5625076293945
7283,6062.2708389282225
7299,5094.241670227051
7301,749.2666672706604
7304,3306.920836130778
7311,6690.61250559489
7314,5860.975009155273
7332,2339.020836639404
7333,7276.445842488606
7335,6716.00000813802
7336,1218.5458354949951
7337,7794.958336385091
7344,2926.991667683919
7348,6830.6750038146965
7351,2109.787501525879
7352,748.1291667938232
7371,6781.866671244304
7373,6283.895841471355
7376,2630.4916687011714
7383,9006.270840962727
7390,472.6416674256325
7391,965.4125007629394
7392,4533.3458384195965
7395,849.2791672388712
7400,5023.512501017252
7403,4224.016669718425
7404,4567.233336893718
7414,2985.0750017801915
7429,5342.166668701172
7435,6985.487501525878
7436,2739.6083323160806
7438,3298.145834859212
7441,501.20833349227905
7443,9485.937503560383
7444,7578.416670735677
7452,2582.4000001907348
7456,2852.033335113525
7462,2473.0333358764647
7483,2503.945834604899
7490,4528.804171244304
7492,6009.750004577637
7504,1152.9541676839192
7507,4804.670834096272
7511,826.1833333333334
7519,4628.825001271566
7520,9262.904175821941
7522,851.7333339055377
7530,896.3250007311503
7536,5073.533333079021
7541,4561.925006103515
7543,765.412500890096
7545,6437.79583943685
7558,7638.808342997233
7560,7530.579170735677
7561,3098.116670227051
7571,4250.495834096272
7579,3570.58333791097
7580,2968.854168192546
7581,3870.2458404541017
7586,4944.212502797445
7590,7103.391669464111
7592,3956.854173787435
7594,4715.575002797444
7595,7978.025011698405
7601,4590.016667175293
7602,4118.370836639404
7603,3121.995834096273
7611,6665.370835367838
7617,482.7833335886399
7618,6968.533339691163
7619,5620.441668446859
7625,917.725001144409
7628,4804.250002288819
7630,869.9833336830138
7631,773.250000890096
7633,6819.78334121704
7634,3812.5958389282223
7641,5792.979169972738
7642,6588.462505340576
7646,2855.404169019063
7662,6244.1125081380205
7666,6384.654168955484
7674,2747.3208351135254
7676,2749.829169209798
7679,6295.433339436849
7681,4302.29167989095
7686,931.1750008900962
7696,7445.908341471354
7707,911.3166664123534
7708,359.02500007549924
7712,512.6458336591721
7715,4738.454169972738
7716,792.3541678746542
7717,7383.979170735677
7719,664.3583335240681
7723,741.725001144409
7726,6515.587502543131
7734,7169.191671752928
7739,2439.9000007629393
7743,3902.737501525879
7751,1171.5333349863688
7752,4406.337504323324
7755,6275.395837402343
7758,713.4375
7761,3896.929170735677
7767,680.5541672388712
7773,2639.3041684468585
7779,1278.9083339055378
7785,940.1208344141642
7792,1139.4583349863688
7800,5043.79583384196
7801,3140.116667683919
7802,4427.458333333333
7808,7404.462504069012
7811,2310.2666714986167
7816,577.9958342234294
7822,990.8250003814696
7823,810.2791679382325
7832,5037.429172261556
7833,4999.437504069011
7838,728.9666677792867
7840,4032.3791681925454
7857,4069.0375022888184
7877,695.8916663169861
7885,9169.916672770181
7900,5758.633335622151
7907,6306.479170481364
7910,791.0375013987223
7918,7791.487502288818
7919,1032.7791677474977
7928,5049.216669718425
7933,7220.991673278808
7941,3675.9833384195967
7947,1249.2708349863685
7955,6253.383338419597
7956,6756.450001780191
7957,3754.6750025431315
7964,7075.61250406901
7968,5034.687502288819
7980,1258.4791675567626
8004,9509.812503051759
8016,4262.3833348592125
8017,618.2625012079875
8024,7543.062510172526
8031,3979.000001271566
8032,672.6750000317892
8035,3209.3791720072427
8036,4100.983339945475
8037,716.1375010490418
8052,5091.945832061768
8055,1000.1000000635782
8059,4021.25417022705
8063,2935.00000406901
8064,4673.216668446858
8068,4757.275003560384
8070,1154.595834827423
8072,4918.004174296061
8085,7370.53750813802
8089,3805.808335367839
8097,698.8958336353302
8100,6608.779167429607
8102,5612.262510172525
8105,532.7333340326944
8114,2351.0708335876466
8117,3816.775006612142
8120,4209.1333328247065
8126,4391.8375045776365
8128,1100.129167620341
8135,750.6666671752929
8137,2376.5583366394044
8148,3962.9500022888183
8169,822.5750013351441
8173,699.1916668574016
8178,2442.8666661580405
8179,9225.495844523111
8182,436.2583333859841
8184,3309.554170735677
8186,5212.450001271566
8189,6756.1500045776365
8196,5671.5583353678385
8216,6746.966669464112
8219,3917.6708348592124
8221,6073.525006103515
8227,1173.2750026702881
8232,2095.383334859212
8245,3742.7500066121415
8248,5245.512503814697
8249,6875.608333333333
8250,2504.608334604899
8256,857.5458339373271
8258,7386.054167175292
8259,521.9874998092652
8268,2210.233336385091
8271,6324.000002034506
8273,6318.287507120767
8275,4066.8541689554854
8277,6740.945836385091
8283,2400.7791666666667
8288,738.9875005404155
8299,779.912500445048
8300,2343.98333791097
8301,509.7625003178914
8307,4794.666674804687
8315,5220.991670989991
8324,2756.5208353678386
8326,2501.35417175293
8351,668.1541669845582
8367,606.7666668017705
8368,5294.0208435058585
8371,8201.045839436849
8383,3600.3416763305663
8386,5287.162506103516
8402,758.2083335876465
8404,3891.6291687011726
8421,7017.44583638509
8422,704.8291673024496
8425,5765.86250406901
8429,6446.075006612143
8433,7243.458337402343
8437,3467.2791709899902
8440,591.9083331743876
8455,6422.570839945475
8479,6957.995837656657
8482,900.0958340962728
8485,6343.33750483195
8489,699.2041673024496
8490,480.3041667977968
8492,652.583333683014
8496,5066.616670989991
8497,7085.337502034505
8498,3589.5875017801923
8500,6813.204171244302
8501,3698.3708429972326
8508,5286.63750483195
8512,8126.850007629394
8522,7887.991675313314
8536,373.8875003099441
8545,5592.791672007243
8546,3773.241672261556
8554,4126.55000406901
8556,4039.2875035603843
8557,5643.8000096639
8559,4891.141668446859
8560,4295.670837402344
8563,3928.412504577637
8565,5151.104167938232
8574,3298.15417022705
8578,1012.620833937327
8585,544.5375000317891
8602,5701.604172770182
8605,2442.4041676839192
8609,3145.891669209798
8614,2003.3125006993612
8619,6838.362507120768
8629,5390.954169209798
8632,7069.86666615804
8635,732.450000031789
8639,639.9625006993612
8642,514.0916666666666
8643,4856.5708346049
8655,5179.150002797444
8657,5226.633338928223
8662,6542.837501525879
8666,5590.595835367839
8674,746.4041675567627
8676,7715.729170735678
8686,6417.304174804686
8691,3161.654167938232
8702,4709.954174804688
8714,1004.3416670481364
8718,4867.5875022888185
8731,5444.650002543131
8738,5189.516671752929
8745,863.7375004450481
8749,3603.599999745687
8754,6209.9375076293945
8760,4322.295839436849
8762,1065.041668955485
8767,375.51666680971783
8768,6681.362509155272
8769,458.50416674415266
8771,6465.2291722615555
8795,2124.304169209798
8796,736.3791673024494
8811,6221.412504577637
8815,7938.533336893718
8820,4231.683335113526
8825,6723.991669209798
8832,2276.483336385091
8839,1096.9625013351442
8841,7450.633334859212
8848,2726.7500002543134
8849,1214.2250008900962
8856,6655.775002034505
8875,4160.683338419597
8879,695.1291670481363
8882,3456.6000035603843
8885,4726.454169718424
8892,4921.75000406901
8897,6833.029168701171
8905,377.7208333849906
8921,921.3083345413207
8928,2484.9541699727374
8935,4800.58750330607
8939,705.7500001589457
8941,5281.025005086263
8942,319.7083338101705
8949,3164.654168192545
8951,1068.9583347320556
8958,6757.641675821939
8964,1100.7041670481365
8972,370.06666733622546
8978,6421.420841725667
8979,1510.2083352406823
8988,6369.100003560384
8997,2910.8000012715656
8998,414.16666684150687
8999,3933.6958381652826
9006,813.2333340326945
9012,7136.737511698405
9024,4543.46666768392
9026,3878.8791722615565
9030,5173.012501780192
9034,412.612500111262
9036,5646.758335876465
9038,768.0333335558572
9040,6433.516675821939
9041,2416.183334223429
9042,831.4208340326944
9046,960.4083346048991
9051,6899.620834350585
9054,8019.687506103516
9057,743.3750003814697
9062,1044.4791673660277
9072,6862.895841979981
9075,3485.0416681925453
9079,6676.2666753133135
9081,711.0041666666666
9091,3714.8666735331212
9110,730.412500445048
9113,6866.21666946411
9116,6618.408335876465
9120,538.0375006993612
9126,7982.908334859213
9133,4114.958336385092
9135,6794.320838928223
9144,1910.3375022888183
9146,2342.3583368937175
9153,3320.4833338419594
9155,624.6458333651225
9160,1633.266667429606
9165,6243.691669464111
9172,7552.97500152588
9174,491.7124999682108
9179,1566.820834986369
9180,4479.45833791097
9195,9484.645838419596
9199,3717.3833358764655
9204,2846.1083340962728
9205,635.5333337465922
9210,6820.945835876464
9228,6035.279166412353
9233,7004.991672261556
9235,5342.6333348592125
9237,743.0625015258788
9239,606.1750005722046
9240,722.9750012715658
9241,9156.729172770183
9242,3626.7333389282226
9246,571.2666671752929
9248,4499.05000406901
9253,3287.929170481364
9254,2460.025002034505
9260,1809.5791681925457
9261,504.30416665822264
9262,5376.90416946411
9263,7460.92084350586
9268,3752.183334350586
9275,950.7291683197021
9278,4959.104168955485
9287,6180.575001017252
9292,6654.066673787435
9308,6985.491667175292
9309,5215.404168701171
9310,7306.950002034505
9312,2367.51666730245
9314,1185.2500024159747
9316,863.3833337783814
9318,6229.958335876465
9322,7351.15417582194
9325,5796.44583791097
9327,6551.11250406901
9336,3793.4125017801925
9340,6880.5541717529295
9342,7329.37917429606
9346,2733.6333335876466
9351,9060.045839691162
9357,3598.7375015258785
9372,2954.6916704813643
9374,547.9833340009053
9378,9109.158341471355
9385,1341.5916675567626
9413,853.6375008265177
9418,4157.737503051758
9420,6840.937502034504
9422,1060.0541684468587
9423,3832.1791681925456
9425,4478.258335622152
9426,7461.766673787434
9434,5573.012504577637
9436,3029.283335240682
9439,486.7375001112619
9446,1000.8541677474976
9460,5143.204169718424
9461,4302.820839945475
9467,4032.6374994913745
9472,6281.316668192546
9483,3337.141672770182
9485,3817.7375020345057
9492,1265.9250007629396
9500,6347.895834859212
9507,4563.504169464111
9514,5114.19167175293
9516,7856.845840454102
9520,1474.0250010172524
9542,3596.437505340576
9544,9169.875003051757
9548,7227.604172770182
9556,678.8291667938232
9558,5054.85
9565,5788.695844014485
9571,6669.162501780192
9575,6769.062505086263
9587,3226.129168955484
9602,7546.887509155274
9609,699.7916672388714
9618,2479.0416687011716
9622,6264.19166615804
9624,4094.7458409627284
9648,4287.812501271565
9658,7055.287507120767
9668,4859.675003051758
9702,631.7666670481364
9705,4653.287502034505
9706,759.7000008265177
9707,7243.462506103515
9708,1384.7083347320556
9710,7772.883342997233
9726,7140.245840454102
9753,571.350000667572
9757,2513.220834859212
9761,842.6125012079874
9765,8954.38334197998
9768,7732.833340454102
9769,5735.258336385091
9775,415.3666668425003
9778,6391.3833394368485
9788,2614.204168319702
9789,7379.55833638509
9792,6632.025006103516
9815,4338.487502543131
9816,947.9708354949952
9822,876.8833336512248
9823,4950.358335367839
9827,2793.5875001271565
9835,6818.612502034506
9840,488.4625005801518
9841,4705.387500254314
9849,3519.758336639404
9853,5871.716671244303
9869,986.716667429606
9873,845.7041676203411
9881,546.9333335518836
9892,7250.454169718424
9898,6381.383336639404
9899,5843.983341471354
9915,3485.304173024495
9936,7135.8499999999985
9940,5089.616670735676
9941,637.1166668574015
9947,400.5500000317891
9957,6338.1125
9962,876.3041684468586
9963,4189.2416717529295
9964,6908.895843505859
9965,6173.25833714803
9968,4684.1041676839195
9971,2793.1083353678387
9973,7287.320836893717
9980,1008.6875017801921
10002,8208.962502034507
10005,874.9833332697549
10007,2849.9500011444093
10010,7187.887501017252
10013,3583.933334859212
10014,1062.087501780192
10017,6294.900001271565
10024,4848.366672770182
10030,2537.2666677474976
10037,6558.850003051758
10046,2669.079170481364
10051,3932.0041697184242
10063,4860.441666158041
10067,2776.495836130778
10073,1052.4499999999998
10096,475.0708335558573
10099,797.6875018437703
10100,455.4958334604899
10101,6088.941667175294
10103,630.3125010172525
10110,5391.058334859213
10113,3853.6750071207684
10116,676.3125001589457
10124,7220.812506103516
10127,3488.554168701172
10129,7332.350001017253
10139,6272.7166727701815
10140,7456.420839436848
10145,9161.820837402343
10149,4954.712501271566
10151,7428.100008646647
10165,688.0375003496806
10166,654.4916670799255
10168,6018.662501017253
10174,2317.000002288818
10186,1097.2666684468586
10189,6335.966674550375
10193,4225.300007120769
10197,654.250000445048
10201,4866.700002034505
10206,6195.395834096274
10211,2916.6958348592125
10216,4429.966670227051
10224,3988.958338419596
10234,6377.095835622152
10236,3710.729167429606
10239,5057.395835876465
10247,564.3083340962728
10250,353.6250000317891
10253,6724.745838928223
10254,3693.0000066121415
10263,6876.32083384196
10264,7310.654173787435
10265,3991.066673787435
10275,807.0708337465921
10280,3037.5416681925453
10286,7057.279171244304
10287,7315.416673787434
10293,2710.42083791097
10294,3401.2708343505856
10303,711.9708337148031
10308,7066.200001525879
10311,3780.74167175293
10318,5445.2250020345045
10323,8001.61667429606
10324,4300.233338928223
10327,2863.999999745687
10330,4058.3333404541013
10331,3658.462501525879
10333,774.4250005722046
10334,7484.025004069011
10335,6684.904167429606
10338,6553.16250076294
10339,4257.025002543131
10348,815.8833345413208
10354,9242.950009155273
10356,3237.466670735677
10367,1086.5833349863688
10375,2382.616669718425
10384,3889.8750020345055
10386,1005.5583342234295
10389,3534.2791717529303
10393,3837.4125020345055
10404,6963.904178365072
10408,1008.5791690826417
10416,3244.937503306071
10434,7419.783337402343
10448,8129.366678873698
10449,909.975000890096
10452,880.0375021616618
10453,5083.970835876465
10454,5368.570833333334
10461,3681.608341471354
10462,639.8541676839193
10472,1006.3125008900961
10474,7242.100007629394
10476,6910.504172770183
10478,429.8541668891907
10483,1694.4416681925456
10492,3482.487502034505
10493,7177.82083791097
10499,1046.4499993642173
10501,647.5833335558573
10509,2147.541670227051
10512,2648.595834859212
10513,3249.0875012715655
10516,3834.5291697184243
10517,4029.9375045776364
10525,3859.7791778564456
10529,2293.691670481364
10532,3761.804170227051
10537,3895.1541737874345
10541,7614.441668192546
10545,2649.883336130778
10548,2294.2875020345055
10552,539.9625001430512
10554,7589.7541689554855
10557,5580.75833384196
10564,6693.283337402343
10574,751.4833337783815
10591,3970.05833384196
10596,4968.762502543131
10600,7717.733340962728
10606,627.8083339691161
10611,2990.3500007629395
10622,622.4458341598512
10626,3101.762502797444
10629,1122.850000254313
10630,2513.5250002543135
10631,6962.8083440144865
10633,515.2875003496807
10638,5166.200006103515
10639,7599.416668701171
10640,1690.4666667302452
10657,7365.487503051757
10663,3935.720835876464
10664,4792.108335113525
10667,4246.05000559489
10671,6839.791667683919
10672,3567.6666671752932
10675,2732.3125005086263
10679,6477.566666666667
10681,3807.2916687011725
10683,798.5708342234293
10688,2962.904168955485
10701,7016.775007883708
10704,5010.074997965495
10709,7382.716668701171
10715,3961.4875086466477
10718,897.5083349863688
10724,3379.304169972738
10731,1099.0875010172526
10733,2860.7541687011712
10737,6713.3166689554855
10744,734.2583332061768
10750,2220.9916679382322
10770,2015.3166664123535
10776,5250.412502288818
10780,720.1750005404155
10782,9259.18333943685
10789,5254.866672770182
10793,6000.266668192545
10795,6281.033335876465
10807,2975.2291692097983
10813,3743.2208368937177
10815,4713.037504577637
10817,3843.8708379109703
10819,2243.3833351135254
10824,5501.379169718425
10828,5775.187500508626
10830,868.1000003814697
10832,5322.691667175293
10836,6469.650002288818
10839,7158.837510681154
10843,3497.704170227051
10844,6310.0791707356775
10866,9324.304170481364
10872,2084.904168701172
10873,496.5791668891907
10878,9022.225007120767
10889,710.7083336512247
10899,7803.062507120768
10901,7354.354173787436
10904,7753.487510681152
10910,3825.4166694641117
10911,3893.55000076294
10917,2300.3583340962728
10920,5276.937502288817
10921,543.5500000953674
10922,951.8166680018106
10929,523.9541667779287
10930,542.337500445048
10933,6806.075001017252
10934,1143.370836130778
10939,6641.462506103516
10942,326.8749999885758
10943,533.4458334763845
10945,7483.208338419597
10946,4259.979167175293
10949,1977.0458367665606
10951,3274.612503814697
10952,6806.916673278808
10953,926.4791674296062
10955,420.14166669050854
10956,7396.937503560383
10959,7280.245838165283
10963,1603.9666670481365
10965,4866.475001017253
10971,1065.4791675567628
10975,4851.075001017252
10979,2155.283335367839
10983,4597.175009155274
10984,2426.3166702270505
10989,1068.0458354949951
10992,2144.070833333333
11001,983.3250006039938
11003,744.2875007629394
11004,582.3708334843318
11008,674.404167175293
11016,752.1249998728432
11017,344.6916665385167
11021,7581.9041681925455
11028,9093.70833943685
11034,6901.7833363850905
11035,1072.704167175293
11036,2404.9291670481366
11041,3148.4583374023437
11047,7648.362499999999
11056,7379.395838419597
11058,5324.4041704813635
11059,2040.0708351135254
11060,2280.7166681925455
11064,5191.887508138021
11066,1193.620833714803
11069,6587.854173278808
11071,2048.120835622152
11072,6544.245836893718
11077,4217.095836385091
11080,3261.800002034505
11092,3783.8375055948895
11097,607.5083333492279
11098,3361.458334859212
11114,2207.945834096273
11121,309.38750042120614
11124,3485.4458356221517
11131,4087.9833409627277
11143,5351.429168701171
11146,2374.7250025431313
11154,2353.595835876465
11164,6224.53750813802
11172,6686.412504577637
11173,691.6125010490418
11174,3335.23750406901
11175,4402.062503560383
11180,5536.412498982747
11184,532.879167397817
11188,2238.387503306071
11189,1100.612500445048
11190,2481.7500010172525
11197,802.3458335558574
11201,6848.695834604899
11204,7435.437507120768
11211,3370.191673787435
11212,5570.450003814697
11218,2601.5666681925454
11219,2329.2750012715655
11227,5259.412503560385
11241,2641.8083338419597
11251,840.7458345413206
11254,428.68750008245314
11260,1503.7708353678388
11264,3488.5583389282224
11273,948.983334350586
11276,1027.5250006357828
11278,936.7333340009053
11282,5379.541673278808
11283,4895.987509155274
11291,6612.11250406901
11293,5920.308342997232
11302,7093.220835367837
11304,952.3875007629395
11305,4722.941669972738
11315,7249.86250406901
11321,3871.558335622152
11325,5211.516670227051
11335,4632.187505086263
11341,4519.770835876464
11343,5003.025006103516
11344,7315.595833587646
11361,3727.775004577636
11375,3595.158334859212
11377,1198.3749992370606
11379,7219.73334350586
11380,5053.950003560383
11391,4843.529175313314
11393,6278.687501271565
11394,7383.683336385092
11398,6098.391670735677
11399,4450.566670227051
11408,2848.770836893717
11412,4161.837502543131
11420,4673.491670227051
11421,8055.333339436849
11430,903.3791674931845
11437,3749.812502034505
11446,9234.104165649413
11471,3362.9583353678386
11472,3947.716667429606
11475,756.0000010808308
11483,4733.991666920981
11492,4032.995834859212
11497,2195.2791679382326
11498,2290.3958335876464
11502,5122.862501525879
11504,9447.320841471354
11511,9141.745841471353
11512,3624.066669718424
11514,834.4625006357828
11522,5168.27917175293
11524,5944.770840962728
11533,7100.450001017253
11534,2357.941667175293
11541,3123.1041681925453
11542,3244.4083353678384
11547,2033.1499987284342
11548,1659.8833349863687
11566,6531.437511189778
11572,5249.050003051757
11574,2399.604167683919
11576,3709.7583376566577
11577,722.7375003814699
11580,3724.8125025431314
11598,803.5291683832805
11603,3232.925003814697
11613,7033.354174804688
11614,4225.287513224283
11620,4295.795834859212
11621,7384.575002543131
11622,974.0625011444091
11626,699.7708334604898
11630,5883.125003560384
11636,6305.208340454102
11637,1187.4833338419594
11639,2480.158334732055
11647,4806.97083384196
11653,4745.354170735677
11654,545.3708336512246
11660,2866.7666684468586
11664,6958.179170735676
11667,6492.366670989989
11679,2904.241668446859
11687,7218.10417175293
11691,1066.2583348592123
11696,4322.0708368937185
11702,7608.07500406901
11703,779.8750013987224
11705,5677.933337910969
11711,4175.904172261557
11716,3102.066667938232
11717,7264.437505086263
11722,857.5750010172527
11724,4326.870834859212
11728,6448.812510172526
11737,3378.4416676839196
11738,5351.950003814697
11744,2699.041668701172
11747,455.1750001827875
11753,616.1291669448217
11757,6424.695844523111
11758,784.0375005722045
11760,1275.4708346048992
11762,1986.4583347320556
11764,4849.9500050862625
11768,821.7208333333332
11773,718.3208344777426
11774,5741.5541717529295
11783,3309.7958346048995
11785,3172.8166664123532
11787,7089.57083791097
11791,3196.1291692097984
11796,760.8666668891907
11797,2336.4
11798,709.1750008265177
11803,761.1916676839191
11808,5238.8833348592125
11810,3722.9416692097984
11814,4693.362504577636
11822,6338.008335367838
11824,750.7083342234292
11829,6777.650000254313
11846,6417.025005086263
11847,6213.029170735676
11850,9265.595842488607
11853,640.7541676839193
11854,1220.0541661580403
11857,3658.4541704813637
11862,2160.8500027974446
11883,818.1291679382324
11890,3572.875005086263
11909,379.38333365122475
11913,5368.133336893717
11917,6878.354170227051
11919,4797.420835367839
11920,1046.4583344777423
11921,3940.883332316081
11928,2901.9291704813636
11929,6936.6458389282225
11935,565.3083335836728
11936,574.7875004768371
11939,723.054166984558
11942,758.7166687011719
11943,3519.120836385091
11946,4578.550004577636
11947,4107.725001271566
11952,7843.879169718425
11956,6518.941669718424
11959,9215.950009155275
11969,4844.970835876465
11973,7768.387508392333
11974,6914.425000508626
11975,7290.712509155273
11993,7030.054168955485
11994,4823.325005594889
11995,1564.9666674296059
12002,5121.22917175293
12006,3901.3666712443032
12007,2633.441668446859
12014,5614.616678873698
12017,7414.612499999999
12021,5804.512503814698
12023,6426.204167175292
12024,2360.979169972738
12027,6536.429175821941
12034,4140.070840962728
12040,2607.4250005086265
12048,3442.250000762939
12052,959.8333337783812
12057,7174.841670735676
12058,7831.458338928223
12061,4568.500006612142
12062,5324.8750010172525
12064,1261.9583332061768
12071,6494.612503051757
12080,8203.416666666666
12085,778.2708335876465
12090,7749.44167429606
12100,6775.6250010172525
12103,4557.333339945475
12104,2344.2666684468586
12109,386.0416675885519
12114,6416.995837402344
12123,1235.2291679382324
12124,546.9375006357828
12128,9475.595837402345
12132,4484.254173278809
12135,2151.495834859212
12140,9219.679168192544
12149,879.6166678110759
12155,3606.3875010172524
12158,8621.962501653035
12161,5793.229174804687
12163,4563.162500508626
12164,6806.250007120769
12174,1046.220834604899
12175,4994.845837402344
12179,9043.566673787434
12183,5290.375001525878
12184,6446.733337402344
12186,891.1208341598509
12190,5270.845837402344
12193,6526.941674296061
12195,687.008334827423
12196,956.8916673660278
12205,4675.029170735676
12213,7361.329165649414
12220,5092.787503051758
12221,4963.004172770183
12222,892.8875013987223
12224,5385.262507629394
12230,3922.6625002543133
12239,4299.312502797445
12242,2300.1625040690105
12244,3578.3500027974446
12245,5600.795838419596
12247,5877.97500813802
12254,7981.283342488608
12258,4920.354171498617
12266,1035.020834096273
12267,7146.916668701171
12272,6180.745839436848
12273,2638.229168192546
12276,5786.100011189778
12277,3618.7291692097983
12283,2159.787501780192
12289,775.9708346048992
12297,4358.179168446859
12300,9405.1875096639
12302,1016.5166679700214
12310,1149.7708344777425
12312,2241.358335876465
12314,896.5750016530355
12315,483.1875000516573
12327,2077.7250035603843
12329,5569.750011189779
12332,3467.066669209798
12342,563.1208337148031
12346,3296.3833338419595
12347,9301.695837402343
12349,866.6458347002664
12350,2683.458334604899
12354,6606.37083791097
12356,553.7708336194356
12359,3611.8791674296062
12360,5402.208336130779
12369,5435.162504069011
12372,1038.1916682561239
12373,391.61666696866354
12375,5290.416675059
12376,4920.9625045776365
12379,948.3250002543131
12382,3719.087502543132
12387,1006.7000010172525
12389,4724.408338928223
12394,7415.741667683919
12395,5366.704174296061
12396,6022.987512715658
12404,7960.783333333333
12405,4155.908337402343
12412,9274.495836385091
12419,2375.875002670288
12431,3560.2125038146974
12440,5281.600006103515
12444,7374.212505594888
12447,791.1291676839191
12452,5464.008335367839
12454,6432.304171244304
12456,4398.620839436849
12461,808.3125000635782
12469,2949.6166722615562
12472,1180.4708344777425
12473,635.2833338419596
12474,4902.141670227051
12476,7287.416679890951
12479,8981.308337402343
12481,3961.7750040690103
12487,987.4916667938232
12493,6674.675007120769
12501,7143.645834859212
12504,4492.908336639404
12507,6409.141669718425
12510,3061.1375022888187
12512,9541.387508138021
12520,6590.704171244303
12526,6262.12916768392
12529,5173.670835113525
12532,2036.8625010172527
12533,4883.2333381652825
12544,8990.641671244304
12546,4108.512506612143
12551,3093.4833346048986
12555,9201.425007629392
12576,4325.195835113526
12581,7292.604169972738
12588,7254.550001525878
12593,1733.6375017801922
12594,3405.475001525879
12598,3872.9541737874347
12599,7986.012509155273
12601,2255.6375015258786
12610,7843.587499491373
12622,959.8916676839191
12624,3495.8291697184236
12625,6322.562504577636
12629,9788.175008138021
12632,439.75833333383
12634,736.0750006993612
12635,4810.237506103515
12638,4378.295838419596
12640,682.9708337465922
12641,4403.550008646647
12643,3551.058339436849
12644,542.3916669050852
12647,2431.858331298828
12651,7259.358334350586
12657,7448.741666666666
12658,6479.80833384196
12660,5291.929177856445
12661,2782.4208351135253
12666,2740.5833414713543
12673,2821.870836639404
12678,4753.93750406901
12681,5937.354175313313
12682,9267.283338419596
12684,598.8750002702078
12689,6034.625002034506
12699,5818.395835876465
12701,4302.85417175293
12710,2619.216668192546
12712,4150.720840962727
12713,7498.479170735675
12715,4303.012503051758
12716,2295.2666697184245
12717,4360.524999491374
12718,6383.775002543131
12720,2355.86667175293
12724,4745.1875055948885
12725,7594.7583414713545
12726,3364.1041707356776
12741,5586.500003051758
12742,7666.416673024495
12743,7905.583342488605
12748,3015.483335367838
12749,372.2833334048589
12751,7119.158335367839
12752,5558.0750050862625
12756,6171.029170735677
12760,3942.341670735677
12761,5146.029169718425
12764,6826.662501525879
12767,720.8958339691162
12774,6746.966670481364
12782,1305.937500890096
12783,9158.295831298828
12784,6256.450004323323
12785,4344.908335367839
12787,7468.845839436849
12798,3248.8375030517577
12805,2197.9916679382327
12806,4104.108333333333
12809,2059.470834859212
12815,3583.050006612142
12820,951.5708348592121
12824,3372.508335622151
12829,2477.291672007243
12833,6519.941672770183
12841,6761.920838928221
12843,2628.5083349863685
12847,2669.1041689554845
12848,2757.112503051758
12849,4870.862504577636
12852,3247.5833381652833
12855,6680.337506612142
12864,5588.72083791097
12872,1115.4458356221514
12873,6732.487506103515
12874,7316.666673787436
12877,9497.662502034505
12879,5043.208335876465
12885,2433.366668446859
12893,2893.7666676839194
12894,5419.608335367839
12895,9169.691669718424
12901,788.9541673024495
12912,3029.270834350586
12919,6564.133340454101
12924,2527.920834604899
12929,4465.908337402343
12931,6551.454174296061
12945,3918.933337402344
12958,573.7250000874201
12962,6104.000008646647
12964,7046.8250030517565
12974,5155.391669209798
12976,450.89166691303257
12980,4212.31250483195
12984,3396.8416676839192
12987,2612.820834128062
12991,5255.170836893717
12995,4162.491669209799
13001,9124.412502034504
13005,5566.129168192546
13006,6735.333339945475
13015,3942.395840962727
13017,5679.1333394368485
13033,5096.208346048991
13034,4237.004168701173
13035,6508.137505849202
13038,9077.212510172527
13044,706.5000009218852
13045,5687.054167683919
13052,604.6625005404154
13059,4508.595838928222
13060,900.3375006039936
13061,4647.812511189778
13066,9143.625014241537
13080,9233.750002034503
13082,5366.562501780191
13105,4131.945837148031
13106,9237.545843505859
13121,6528.133337402344
13123,7803.0708404541
13125,653.9958341280618
13129,5128.558334350585
13130,4166.637501525878
13132,8153.850006103516
13133,4553.829168701172
13135,7607.916673787436
13141,2957.750001017252
13145,9525.012497965494
13149,933.4958330790201
13153,6950.050007629395
13158,4670.60000406901
13159,5216.237508138021
13169,9774.39166768392
13170,3738.962503051757
13178,6658.887510681153
13179,1081.6500010172524
13180,6772.162510172526
13181,4096.737502034505
13183,934.8458335876466
13196,2941.179168446859
13200,5861.491672007243
13202,1608.1083348592122
13204,672.0083340247472
13208,6518.97500406901
13212,3908.470832824707
13213,5102.5291748046875
13218,6847.454169718424
13225,4374.633335622152
13229,4702.058341471354
13232,3826.025001525879
13233,5879.395837910971
13234,1030.9500012715657
13249,991.2125011444092
13253,5254.445839436849
13255,7281.841673787435
13257,9240.945841471354
13266,837.912499745687
13269,667.2416669209798
13270,7483.137504323324
13274,6724.19166768392
13281,4900.337502543131
13287,5338.7708366394045
13305,3744.658334859212
13308,558.4708334604899
13309,1124.1500019073485
13310,7400.508338419597
13314,7059.525003560385
13315,352.7125000913938
13324,3260.737502670288
13326,5275.83750559489
13333,6551.720842488608
13336,2809.6125022888186
13345,5021.345832570394
13348,7816.095836893718
13350,9151.958332316079
13354,5094.625005086263
13360,7680.308340454102
13364,7254.233340454101
13366,3947.816673787435
13368,6303.787498982747
13375,2031.3791688283284
13376,2153.891668446859
13380,2190.8958348592123
13382,463.1958335876464
13384,7480.7000050862625
13387,5414.016667175293
13390,2424.6958344777427
13398,6709.045837402344
13403,4311.366668701172
13404,2086.837502288818
13405,2253.9541681925457
13409,5880.979170735677
13411,3825.395840962728
13414,5129.070839945475
13416,4663.070834859212
13417,932.3958342234295
13418,4909.495837402344
13422,920.716667429606
13430,9507.23750712077
13435,531.779166952769
13439,2426.2208333333333
13446,3461.175001271566
13448,657.7875003337859
13449,5277.958335876464
13451,6573.812503051758
13455,5439.570839436849
13468,4519.162505086263
13470,607.3375003814698
13474,1115.7916674296062
13478,6836.687503560384
13485,4189.595834350585
13488,6603.60000152588
13489,3202.825000254313
13500,3880.4708399454753
13505,834.3500008265177
13506,6427.0416788736975
13517,719.045833714803
13518,2365.8250010172524
13523,4709.233339436848
13529,5434.51250406901
13532,1318.462500890096
13534,4356.304169209798
13539,6853.133335367839
13547,4095.312501780192
13548,5059.512506103516
13550,9752.64167175293
13554,7726.587504069012
13555,8085.083338928223
13556,7627.300007120768
13558,714.2333344459533
13562,3788.275003560384
13566,4955.070835113526
13574,900.7250002543132
13576,6668.100005086263
13577,5250.591671244303
13580,422.46250019073483
13586,8902.720839436848
13598,9442.937502034505
13600,2802.7083344777425
13602,3788.3291707356766
13604,4998.8125055948885
13616,6594.608333333334
13623,4162.3000035603845
13627,5319.158336385091
13630,1190.2291666666667
13633,4788.908338419597
13635,4642.375003560383
13636,7870.745839436848
13640,2462.8500045776364
13642,9129.12916870117
13647,7009.570840454101
13648,9543.908345540365
13652,2382.6958386739097
13659,466.7541669527689
13660,2817.808335622152
13666,7134.7916722615555
13667,1030.8500016530354
13672,4239.470835622152
13673,6515.0708414713545
13675,3268.6583356221513
13678,3700.395835622152
13682,4033.9166687011716
13684,6457.24167429606
13689,2588.895834604899
13690,5443.4833381652825
13696,4366.4791679382315
13706,6606.4416692097975
13710,9851.929169718425
13711,7073.42917022705
13712,5311.237507375081
13717,1081.4458337148033
13718,6129.450000762939
13719,4076.8500030517575
13720,1637.3416674931843
13722,3117.2333340962723
13723,7001.816670735677
13726,3604.8249989827473
13733,578.2125004291535
13739,5308.8916707356775
13743,6831.850001525879
13750,6758.991672770182
13751,2804.991666666667
13754,7597.766675821939
13756,1203.6708357493083
13760,820.8375013351439
13762,5369.075004577637
13763,3000.583334223429
13766,1172.4208344777423
13767,667.7458349227906
13769,1627.845835494995
13770,3618.7291692097983
13774,5204.045836893717
13776,4017.4458399454757
13780,1147.9916674931842
13784,1123.1125003814695
13789,7409.104166666667
13790,6169.9583323160805
13792,1246.5875025431314
13795,5701.879169209798
13797,3817.4041694641114
13800,3518.6750015258785
13804,3857.441673787435
13815,3777.6791692097977
13816,5470.954172261555
13817,6915.504172770183
13820,9110.195841471354
13824,7563.233338419595
13830,7947.391670481364
13838,3234.012508646647
13840,781.8666671117147
13841,659.3958337783814
13842,5668.933340454102
13843,1099.6875024159751
13849,5376.045841471354
13852,6797.650007375082
13855,341.96666692892705
13858,2485.0333356221513
13863,907.3000008265177
13871,9406.816670735678
13872,4495.779174804687
13873,3453.8791727701814
13874,4471.420840962727
13877,6973.279170735676
13879,4840.575001017252
13885,6976.891673278808
13886,6389.616673278809
13892,3804.0000061035153
13895,805.7875012715658
13906,7207.029179890949
13907,7695.183345540365
13908,978.1250003814697
13909,3880.0166692097987
13911,3500.212502543131
13918,5440.158336130778
13919,2573.3291676839194
13927,8027.079177856445
13930,1158.495836130778
13931,7078.475003560384
13933,7422.391670735677
13938,7092.283340454102
13943,567.4333333651225
13944,1104.6083339691163
13946,2631.5083384195964
13949,1689.654168701172
13952,8197.058337402343
13957,5800.329168192547
13958,1403.941666793823
13965,2871.587500508626
13970,843.1750007629395
13972,6198.533336893716
13981,4895.170838419596
13983,2348.908333524068
13985,3594.4291671752926
13986,2047.1000036875405
13993,6772.233339945476
13995,3891.9166702270504
13998,2852.3208376566567
14000,606.9875006357828
14002,542.3958335240682
14003,1299.670835240682
14019,6960.420834859212
14021,9824.729173787435
14026,6990.358341471354
14031,1226.9500002543132
14032,4857.791667175293
14034,3246.120835367839
14035,4439.529169209798
14043,1306.4208335876465
14046,6333.683337402344
14048,4674.070839691162
14057,7009.654182434082
14065,3566.3708368937173
14067,899.4666669209797
14082,432.4541666706403
14086,6206.345834604898
14103,9262.100003051757
14104,6358.200001017252
14106,7541.025001017252
14107,4389.616671244304
14111,539.7166670163473
14116,687.7541671752929
14118,1253.5125007629392
14119,5088.72084350586
14122,3404.2916697184246
14123,3157.3125011444095
14124,1057.3791673024496
14125,7403.9375
14126,5652.66250483195
14127,4375.766665903727
14133,7000.1041697184255
14137,2657.5708389282227
14139,5770.345836385091
14143,3342.5833338419598
14148,5240.129168446859
14149,3799.8625096639003
14150,893.412501144409
14162,638.5666674296061
14163,6043.579166666666
14164,2264.012502797445
14173,4445.312508646647
14174,6037.625005086263
14178,4886.791672770182
14181,953.1916687011718
14186,2896.554170481364
14187,7439.6375071207685
14188,4054.520836893717
14192,7174.304170735678
14193,2103.8500012715654
14198,9324.720837402345
14200,7806.516674804688
14201,4888.958334859212
14208,9214.833340454099
14214,4536.258334350586
14220,2643.4375013987224
14224,5583.845844523112
14229,3460.887504577637
14233,2995.1750010172527
14241,801.1500010808309
14242,6911.258338419597
14246,2319.4958358764648
14247,2123.625001017252
14250,891.6458344777425
14251,9182.795835367839
14254,7891.133340454101
14257,585.0458338022232
14259,6880.220835367839
14261,4043.6291697184242
14281,3272.875002034505
14282,6880.308342488606
14285,755.7916671752931
14286,6770.933337402344
14293,5167.47083384196
14297,819.6416670163471
14298,3605.087504577637
14301,941.5333339055379
14308,2118.3416669209796
14311,5182.37083384196
14313,9519.470833333333
14314,659.2625007629395
14315,796.9458346048991
14320,3070.775002543132
14325,413.11666679382324
14333,2354.550003814697
14336,6909.704165395101
14338,4725.866670735677
14354,5148.108339436849
14359,6142.829170735677
14361,6625.141671244303
14362,6511.383336385091
14363,7288.495845540364
14369,957.2458339691161
14370,9065.308340454101
14376,2070.4291697184244
14382,9116.137505086263
14387,2951.4583363850907
14389,7207.795840454101
14390,4313.450001017252
14392,4954.354177856446
14393,2790.145835876465
14396,4077.4125027974446
14407,4315.579177856445
14412,1672.8666688919068
14413,7995.43750813802
14414,680.3708333015442
14416,4310.970844523112
14417,4797.845840454102
14423,6916.479173787436
14427,7249.670838419596
14430,7215.3541676839195
14433,4029.866672770182
14434,3760.0916750590004
14435,8239.250007120769
14436,3575.1625033060704
14438,576.7625012079875
14439,3514.516672770182
14442,4957.979167429607
14444,2090.9500022888183
14446,3673.6958333333337
14449,9198.94166870117
14451,2181.5916722615557
14459,7299.916677856446
14464,4940.912503560383
14467,7396.2416651407875
14469,7185.04583536784
14470,821.8250003178914
14471,6361.412510172526
14476,688.7625008742015
14477,5514.229166158041
14479,618.3708335876464
14480,6101.833338419597
14481,416.44166665077205
14485,4657.741675313314
14486,4077.395836893717
14493,3898.1791727701825
14504,7502.108340454101
14508,4747.979168701171
14509,7361.837494913737
14516,7583.212506103516
14520,4677.699997965495
14522,5538.404173787435
14523,3318.5708384195964
14529,6570.966675313313
14532,852.279167175293
14537,1036.2583338419597
14540,4495.875002543132
14541,3550.812503560384
14544,5047.762504323324
14548,3397.662508900961
14550,7362.600003560384
14554,719.0375002543132
14555,835.6125003814697
14564,6345.658337402344
14571,861.9291686375936
14572,6824.275008138021
14576,3864.0583414713547
14580,741.6916673660279
14581,4423.650001017252
14582,6420.566671752928
14583,5683.208333841959
14586,4405.220836893717
14591,4997.42917022705
14593,7281.433345540365
14594,6043.9833424886065
14601,4138.345836893718
14602,4045.0625045776364
14604,7304.250003051758
14610,7893.429177347818
14620,2438.566673787435
14622,7808.904173787435
14628,960.5750005086262
14629,9147.358337402344
14630,2118.3458351135255
14632,9800.041673787435
14634,4221.720836639404
14646,677.9541673660278
14648,6800.670840454101
14651,4937.75
14658,9492.487505086263
14661,5474.504177347819
14666,588.8375004768371
14672,7525.658335113524
14673,3607.412507629395
14680,3534.058335367838
14685,8071.345834604898
14688,6507.975008646647
14694,6446.091675821939
14695,8014.308347574869
14702,7339.520837402343
14705,538.0749999682108
14706,5141.966672007243
14707,6770.900006103516
14711,5565.454167938232
14713,1079.9250038146972
14714,2391.399999491374
14717,7379.454174804688
14722,9205.345842488607
14726,2207.158335367839
14735,3238.8291687011715
14736,6698.9250081380205
14742,7405.362503051758
14744,9847.48750813802
14746,5544.220835367839
14748,6511.11667989095
14751,7903.808341471355
14753,7487.720836893718
14754,7045.304177856447
14759,8110.041669718424
14764,7627.612505086264
14766,5655.158338419596
14767,8800.245836893719
14768,5764.9666702270515
14770,2339.4458384195964
14773,6808.145843505859
14777,4606.412506612141
14778,3613.0791717529296
14779,3169.075000254313
14782,3968.2666689554844
14783,7300.516667683919
14784,3859.712502288818
14793,442.4041667779286
14795,4775.145844523112
14797,5366.783344014486
14800,876.6625005086263
14802,3937.9458399454747
14803,1031.7791684468586
14805,6389.0333363850905
14808,9276.075003051757
14809,1024.6458346684774
14812,9845.65417582194
14813,5925.145835367839
14814,7381.345839945476
14818,7482.925009155274
14819,2469.6041675567626
14820,734.3333343187969
14821,9297.10000406901
14822,5144.433337148031
14826,6926.0541717529295
14827,5200.637508900961
14831,7162.008342488607
14832,3065.733338928223
14839,5969.150000000001
14842,7138.320837402344
14848,3939.9208376566567
14849,742.2416682561238
14855,3948.337499491374
14856,8035.120845540366
14865,1016.5416695276896
14866,1037.5333348592121
14869,2724.683335622152
14873,5449.9333399454745
14877,2569.0791681925452
14881,1233.3000016530352
14882,9282.645836385089
14883,7252.212508138021
14885,6875.758340454103
14889,7397.895835367839
14890,7921.966672261556
14892,6668.808341471355
14893,908.1291672388712
14894,909.3125006993611
14897,7344.787508138022
14901,3029.32917098999
14904,1102.9291681925454
14908,5310.175000508626
14914,6569.470840962727
14916,2833.8875045776367
14917,1140.6250019073486
14918,3812.033338419596
14923,3699.350006612142
14927,4285.691669972737
14929,4496.862504577636
14931,6268.058340454102
14935,9528.495833333334
14948,9241.979170735676
14950,2478.3833353678383
14951,5585.554168701172
14952,1012.1916679382324
14954,9272.75417582194
14960,1018.1833343505859
14962,719.8458335558574
14970,6220.533338419596
14973,2864.804169718424
14976,6930.045840962729
14978,6220.025004069011
14982,4681.741670227051
14985,887.7875006357827
14986,4540.754172261556
14987,2465.091666412354
14988,7890.695835367838
14991,4626.75
14997,4961.5750005086265
14998,3229.8916725158692
14999,5256.02917582194
15000,2177.33333791097
15005,6443.162509155273
15006,5345.766673278808
15009,6843.533332824707
15015,6894.337503560383
15018,5425.520839436848
15029,5645.708337402343
15037,9154.766670735677
15041,6950.854170735677
15042,6209.104176839192
15047,2426.6916727701823
15050,6100.8875071207685
15053,7206.10417175293
15056,6606.8416702270515
15057,7095.212511189779
15058,4647.654167175293
15060,2793.054171498617
15062,6789.350001017253
15066,1114.062500635783
15067,7295.216676330566
15068,744.7833339691161
15069,1040.5541681925456
15072,6815.725006357829
15077,6734.570836385091
15089,5886.179170735678
15093,4791.362503051758
15099,4336.9291671752935
15101,7249.958337910971
15103,7125.645843505859
15104,4422.6750081380205
15105,3535.2250005086266
15108,5982.570834350586
15109,6076.400003560385
15112,4733.312502288819
15114,7794.141675821939
15117,858.4458334604898
15122,2067.7333356221516
15130,687.8541670163473
15132,1070.8750024795534
15133,3847.012509155274
15134,844.3125009536742
15136,5261.687505086263
15137,9099.237512207032
15142,894.6666676839192
15145,3268.6916684468592
15146,464.67500008742013
15147,4718.329170227051
15150,9050.204170735677
15163,8058.654172770183
15165,734.2416669527689
15167,3323.466669209798
15168,823.2666672388713
15173,7257.266674804688
15181,3898.337507629394
15183,7779.295830790202
15185,5618.941674296061
15186,7265.9500030517565
15189,2645.6875027974443
15190,887.9958351135252
15191,4849.941671244303
15193,7099.712506103515
15196,4223.000007629394
15199,5308.554169209799
15200,5824.337512207031
15201,7365.308340454103
15204,5947.179162597656
15207,1149.3416673024497
15209,7417.816673278809
15212,4184.041671244303
15213,3635.1833324432373
15214,6549.95000483195
15215,6474.008336385091
15216,6152.295836893718
15222,5013.716670735677
15223,2096.216668446859
15231,3778.3541687011716
15236,6815.687502288817
15240,7744.8041697184235
15241,7553.666672770182
15242,7770.800003560383
15243,6207.416673787434
15247,5846.104169718424
15250,2269.1166681925456
15253,4650.291672261556
15254,4692.16667175293
15255,7399.250007120769
15260,3714.062501017252
15265,691.0666671752929
15275,3337.4249997456864
15280,7138.333339436848
15281,6010.470840454102
15282,7500.508340962729
15283,5625.983340708415
15284,7963.4458414713545
15292,5491.7291768391915
15293,2916.3708358764648
15300,6575.479176330567
15301,6711.737504069009
15302,9800.008339436848
15303,5518.908333333333
15306,3389.2708333333335
15311,7129.062502034504
15313,4867.237507120768
15320,4491.387505594889
15322,871.2166673978169
15324,3037.795835367838
15327,7569.958340454102
15329,4460.125002543132
15340,9250.779172770182
15349,5027.212505086263
15355,3620.766671244303
15356,5532.058334859212
15359,9775.604174804686
15360,3565.395835876465
15361,1145.9083344777425
15364,4550.0750027974445
15367,788.2666685740154
15368,9044.941669718424
15372,9068.800003051758
15374,1027.2416686375934
15377,5564.216670227051
15383,7263.17916768392
15386,351.9833334048589
15391,5135.279171752929
15394,767.1208333333334
15395,6915.004169718425
15396,1084.133333746592
15397,4207.9375076293945
15400,3673.779168955485
15404,6270.766674296061
15408,3220.416673787435
15409,962.629168065389
15411,9216.80833943685
15414,7333.137502034505
15416,3125.2541697184242
15421,2319.32083307902
15423,4818.191669209798
15425,721.3000005086261
15426,7104.379167683918
15428,7765.037498474121
15429,4300.65834197998
15437,5751.633333333332
15438,1068.3791680653892
15449,3480.5375045776364
15456,6184.354173278808
15459,7769.829174804687
15460,6897.383340962727
15465,7996.8125
15466,7282.295838928222
15468,7490.320839436849
15469,933.4499999999999
15470,4538.516674804688
15473,9030.250009155274
15474,7449.437505086263
15484,3180.058337402344
15486,2596.387499745687
15488,4718.225002288819
15489,510.2875003496806
15493,4549.429165649414
15494,3232.8291697184245
15511,901.5291678428649
15512,6482.787500000001
15517,7191.416672770181
15518,5052.129169718424
15522,806.7083340644837
15524,7174.416672770182
15526,2350.7583338419595
15527,5705.937502543132
15528,3261.8791699727376
15534,7175.641674804687
15537,7577.7458374023445
15538,5226.637507629394
15541,476.3583334008852
15544,7264.48333536784
15545,6316.850007120768
15546,691.6541669209797
15547,1045.5375009536742
15548,7908.075004069011
15549,8091.491674296062
15550,3184.154177347819
15551,1114.6875001271565
15552,1071.1625008900958
15553,6226.837502034505
15562,3401.5833396911626
15563,9171.33750813802
15564,7253.074999491372
15567,5371.562505086263
15568,4059.7666748046868
15569,894.8791669209799
15573,685.5375019073487
15574,3550.2041742960614
15579,4296.166669209798
15581,668.2750009536743
15582,6324.537505086263
15586,6687.099998474121
15589,7044.754166666667
15591,2246.8750025431314
15594,3396.145836639404
15596,6315.94166768392
15598,5865.316672770182
15600,4829.400008138021
15603,7311.5583404541
15617,737.4000007629394
15619,5279.300002034505
15625,2765.1291684468592
15633,937.3958335876464
15636,6185.900013224284
15637,5976.7375081380205
15640,4982.479168192545
15641,5471.441668192546
15642,3678.86250076294
15643,2401.4458326975505
15650,3337.866670735677
15653,1210.3625021616617
15655,5971.80833791097
15661,6636.233338419596
15663,6376.825001525879
15665,994.6000013987223
15667,4923.758338419596
15671,661.0875002861023
15673,9205.920837402342
15676,756.054167620341
15679,5993.7166768391935
15684,9133.108335367839
15685,787.958335240682
15690,3535.95416768392
15695,3675.8583368937175
15699,8229.083338419596
15701,839.9041675249737
15705,9232.204173787433
15709,773.016667175293
15717,5511.100007120768
15718,9533.562506103515
15724,7036.962516276042
15725,3944.8500010172525
15728,6721.675001525878
15729,5037.641669209798
15731,4245.479168192545
15732,4226.283340454102
15733,4726.100006612142
15739,9076.412505086262
15742,647.6375005086262
15743,886.6541683197021
15744,3419.470835876464
15745,436.64166679382316
15748,807.7708335876464
15751,8210.88750712077
15752,6931.12917582194
15760,1178.8791697184245
15761,748.4125010808308
15764,5199.912502034505
15766,6166.895835367839
15770,1037.650001144409
15773,721.591667175293
15777,7102.2916702270495
15778,5453.758332570394
15780,1138.8166700998943
15782,9797.65000406901
15783,7353.10833943685
15785,6391.529172261556
15787,7378.224999999999
15788,7587.750005086263
15793,9073.83334350586
15795,6840.60417175293
15798,8185.991665649414
15801,7037.600006103516
15809,6695.8875071207685
15810,2358.7250000000004
15814,5233.300007120768
15833,9269.845842488607
15835,7348.962509155273
15837,473.15000003178915
15841,3802.1791742960613
15842,615.416666807731
15845,4454.98750406901
15849,923.9708340962728
15850,1323.4291690826415
15851,582.7541669845581
15853,2195.7333371480304
15854,5544.612505340575
15857,706.7000006039938
15861,9299.529173787434
15868,9133.512512207031
15871,4442.887501525879
15873,3388.712503051758
15876,6263.7083389282225
15883,3899.34583384196
15884,2502.82916692098
15887,1611.6000017801919
15888,3610.116669972738
15890,2171.6916694641113
15891,6601.708336893717
15892,4200.650008138021
15893,3826.0250066121425
15897,4652.216671498616
15898,9332.479173787435
15902,7269.304172770183
15903,941.870835494995
15905,5147.520839945475
15910,5053.2916742960615
15911,5331.116667683918
15912,4464.508335367838
15916,842.1083342234293
15917,653.6625
15924,7784.304178873698
15930,7750.179174804686
15932,7112.875004577637
15937,4134.162503560384
15940,6368.704169718425
15942,3935.0708363850918
15943,9069.958340454103
15946,3729.075005086263
15948,817.5250008900961
15949,795.2833348592122
15952,3323.6000033060704
15954,630.7791671276092
15956,3737.5458409627277
15957,1246.9249998728435
15960,1075.3999996185303
15962,4798.970835367839
15965,3547.9916709899903
15968,6990.312505086263
15969,2297.3708368937173
15975,3613.7750091552734
15977,9239.500012207032
15982,4336.237506612142
15988,7315.379178873697
15990,808.6041673660278
15991,827.5250013351441
15992,584.0541668037573
15993,8190.595838419595
15997,5472.104166158039
16003,2345.7250012715663
16009,4923.050007629395
16014,6763.525005594889
16015,5632.845842488608
16016,654.9958341598511
16019,5377.970842488607
16026,3869.7375066121417
16029,5778.012510681153
16030,6961.229169718424
16031,736.7833349227905
16032,4889.116673278809
16037,964.5083333969116
16045,7591.887505594889
16049,4009.3583363850908
16051,3382.8458384195965
16055,7988.283335876465
16061,7385.062505086263
16064,7260.595836893717
16065,536.0000000635782
16076,9526.512509155275
16078,9238.512503051757
16085,5732.945845540365
16087,705.8250011444092
16088,7501.587505594889
16091,6354.020835622152
16092,5597.770840454101
16093,7020.312511189779
16095,4860.075005849202
16101,4832.950003051757
16102,5557.916679890951
16110,6580.495846557617
16111,3473.1333379109697
16113,9038.379173787433
16118,7812.937513224283
16121,362.20416695276896
16123,9022.900009155273
16127,6771.254173278809
16129,590.7666665395101
16130,3722.533340454102
16133,4146.954169718424
16135,2465.450003051758
16136,3881.8875017801925
16137,7452.066669209798
16138,1083.179167238871
16140,7399.720841471353
16141,4746.312503051758
16142,3936.4375025431314
16145,6591.487505086262
16147,7208.233341471355
16148,7797.91667989095
16149,5060.60000406901
16163,9226.595834350586
16166,723.558333269755
16169,3391.2208381652836
16172,4652.82500330607
16173,6875.94167175293
16176,7722.004173787434
16177,6860.208336893717
16179,7149.5125
16181,397.3208335042
16182,9263.495840454101
16197,6988.516671752929
16198,5620.920842997232
16199,4860.575001525878
16203,2207.712500635783
16204,1116.7625021616616
16218,2401.695836130778
16219,7143.412508138022
16226,4607.904171244303
16227,2010.8208361307782
16228,6696.354170735677
16229,8101.06666768392
16230,6990.07917022705
16235,4670.175002543131
16237,627.4500002543131
16240,3611.4791697184246
16242,6138.629168192546
16246,6151.033334350585
16247,6730.112502543131
16248,4951.85833791097
16254,9851.895845540363
16256,7003.529169718425
16258,3663.6666681925453
16260,542.9791667938232
16266,5224.158337148031
16270,2319.620834859212
16271,5669.195834859212
16272,5733.950005594889
16274,5055.02083791097
16275,7177.287497456869
16276,688.345834159851
16277,5003.437500762939
16278,464.8875000417232
16279,3526.7333379109696
16280,7227.095831298829
16284,3669.5208323160805
16286,3177.8125005086263
16288,7526.287511189778
16293,3665.250001525879
16299,9279.887506103514
16300,5309.004167175292
16307,2645.18333791097
16314,7244.858337402343
16315,5406.370841471355
16319,7024.366672770182
16320,7483.425005086264
16321,5896.587504069011
16325,460.65833371480295
16329,683.1916669845581
16333,450.00416684150696
16335,6949.829176839193
16336,6781.754171752928
16342,7250.7541692097975
16343,9150.862498982746
16346,5036.162503051758
16347,3711.012506612142
16348,7589.045839436848
16350,1143.420834986369
16352,3910.0583343505864
16354,4834.320833333334
16356,6260.175007120769
16357,7397.695840454103
16358,3968.41667582194
16362,2267.708335876465
16364,905.5833342234292
16367,6840.366670735678
16371,2859.4208389282226
16374,6386.604168955485
16376,5295.591668701171
16377,7378.420839436848
16378,7565.225010172526
16381,2325.754167429606
16384,2657.733342997233
16386,7468.370839436849
16388,3510.050001525879
16391,7132.854175313313
16394,7107.075003560384
16397,751.7500000635782
16398,4468.179173787435
16400,5433.53750813802
16404,7883.7625050862625
16409,3256.3833361307784
16411,2676.4041679382326
16418,9279.479172770183
16420,3932.8125045776364
16421,7210.154177856446
16425,3453.4000040690103
16426,4618.895836385091
16429,5224.3500020345045
16430,7171.929169718426
16431,912.9750015258788
16437,1066.3333339691162
16438,492.4791668256123
16439,3611.0166676839194
16440,552.6958335876465
16441,7037.150005594889
16451,2863.4333358764648
16461,3714.562503051757
16464,9166.350005086262
16466,9109.408339436848
16467,4344.037502034505
16468,6966.812503051758
16469,4284.820839436849
16470,7375.345844523112
16483,7980.162510172526
16488,609.8125001589458
16490,1202.191668319702
16496,7710.525006103515
16502,1119.3791679382323
16511,783.4500003814696
16512,5704.404173278807
16513,6285.504166158041
16514,422.1083333410323
16515,652.1375007629395
16517,7094.27916870117
16520,740.2458356221517
16525,7114.600010172526
16529,5741.1250030517585
16532,2609.8833363850913
16536,9270.687502034505
16540,1126.637502415975
16542,5373.766668192545
16548,3853.1333368937176
16549,3454.0666722615556
16551,9585.445842488605
16552,4620.524999491373
16557,5511.22500152588
16558,3585.279168192546
16559,7146.05833638509
16561,5662.550007120768
16562,4416.704176839193
16564,3469.7833356221513
16566,4067.4958450317376
16572,7468.316672770183
16573,4444.941670227051
16574,7573.387506103515
16575,747.1999998092651
16579,8234.366673787436
16582,2821.4125030517575
16584,5906.904170227051
16586,3940.6791722615562
16588,3707.758337402344
16595,5377.691670735677
16597,3637.9375061035153
16600,6872.725007120767
16601,6803.616668192546
16606,9797.937511189779
16608,554.7333334287007
16611,7015.600008646647
16613,7821.604175313314
16619,6877.945838419597
16622,5373.5708374023425
16624,4018.095835876464
16626,7518.916672770181
16628,4933.966668701172
16630,4042.929169718425
16631,934.3750013987222
16634,6818.916673787436
16638,5669.712507120767
16643,2467.987501780192
16645,9061.212506103515
16649,6906.270842488607
16651,6920.516668701172
16652,4466.8708376566565
16653,2674.2125012715655
16669,7668.395832824706
16672,7359.812497965494
16677,5460.929166666666
16679,6594.279168192545
16680,7535.7625050862625
16681,998.8833344777426
16684,593.3916669209798
16685,5588.900001525879
16686,5444.883340962729
16689,3349.9125061035156
16690,596.8416668574015
16692,3713.845838165283
16693,912.695833969116
16696,555.083333714803
16703,9111.825007120768
16704,385.88750021457673
16707,6112.7458404541
16711,2773.5125017801915
16713,2419.98333791097
16714,9853.820842488607
16716,2994.3416678110757
16717,7302.491675313315
16718,6859.908336639404
16720,554.2041669209798
16723,3534.679170735677
16724,8990.625006612143
16728,9555.437504069008
16730,6635.283333333334
16743,3686.6583371480306
16744,514.8958335121473
16748,5757.3541722615555
16750,5102.654174296062
16752,6943.4416671752915
16753,3444.4083384195965
16755,7240.058340962728
16756,724.7541668574014
16760,2461.0458384195963
16764,1009.8208349863688
16771,2660.8125071207683
16772,8114.025002034504
16776,5197.26667098999
16777,974.6125020345052
16780,7612.400006612142
16781,5397.883333333332
16788,5035.091669718425
16792,1960.8666671752928
16794,7558.875011189778
16795,817.6625009536741
16796,490.4750001589457
16798,3869.3458353678384
16801,2848.387506612142
16802,3583.3500045776364
16803,7021.954173787435
16815,4465.079171244303
16816,2126.7916699727375
16818,7045.845834350587
16819,7344.087506103516
16824,5420.170834859212
16829,4463.558337402344
16833,3476.0625063578286
16834,3744.9416712443035
16846,4827.637506612143
16847,7454.641664123536
16848,4744.358338928222
16852,4652.029167429606
16853,5454.787511189778
16857,3820.291667938232
16858,6006.22500406901
16861,4198.9041681925455
16862,7193.091667429606
16867,2450.454169209798
16869,3484.991668955485
16870,3716.7166727701824
16872,4775.154170227051
16877,1596.3291674296063
16883,3521.1958379109697
16890,1358.7958333333333
16893,3625.933334859212
16894,952.0625015258789
16897,2936.4166717529297
16901,3661.3291692097987
16902,4068.041671244304
16906,538.8166672070821
16910,574.6916667779287
16911,9232.204172770182
16921,3740.0416707356767
16926,5245.541670227051
16928,6215.291674804688
16932,8241.291671752932
16933,6800.087511189779
16935,5784.708344014485
16943,4582.220837402344
16947,476.4291667143504
16948,4600.329171244303
16949,1091.2291687011718
16953,6889.662506103516
16954,2614.783340962728
16956,2540.133336639404
16958,523.3291668107112
16962,5656.045839182535
16969,1065.8000005722045
16970,368.9875000317891
16979,3916.5625061035157
16981,6300.775003560385
16983,5038.2958358764645
16984,2874.5625
16985,3656.454171244304
16987,7434.091667683919
16989,9555.070835367836
16990,2423.8916684468586
16992,4653.545841979981
16995,3572.025004323323
16997,9794.333342488606
17000,6287.595830281575
17002,4993.970838928223
17003,8915.595842488607
17006,9196.654173787434
17007,6521.129170735677
17008,757.6416669845581
17014,3892.491671244303
17015,7014.129168701172
17018,5946.9875081380205
17020,2537.020834445953
17024,9180.266676839194
17026,9124.450006103514
17028,5289.104170735677
17035,2557.6500010172526
17038,3688.954174804687
17041,9304.625002034505
17046,7994.979179890951
17052,542.5458334604899
17053,1239.7500005722047
17056,1929.0333338419596
17063,7111.970835876465
17068,2585.5333419799804
17073,911.7958337148029
17077,7188.3208394368485
17078,4023.137501525878
17081,5216.300000254313
17083,6450.329171244303
17085,4228.295836130777
17086,7222.795838419595
17087,4010.058335876465
17088,4461.550009155273
17090,7258.375004577636
17093,1121.1291678110758
17094,841.2875001907349
17095,3444.0708389282227
17096,727.5666667620341
17099,7064.608347574868
17101,5533.779175821939
17102,7123.208336893717
17104,5761.908338419596
17105,5631.500006103514
17115,3844.0750000000003
17116,5774.287506612141
17122,695.925001335144
17123,757.3666671435038
17127,5168.8041717529295
17128,7845.904165649413
17131,7835.945833333334
17136,5559.408336639404
17140,858.0875005404155
17141,6199.970844014486
17146,2756.2666699727374
17147,577.4916673342387
17149,7952.933336385093
17155,4943.154168446859
17158,9014.766673787433
17159,3126.5083371480305
17163,7043.895837910971
17164,3979.9000010172526
17165,6438.712497965495
17169,9102.69167582194
17170,3380.6458353678386
17171,6331.81250813802
17172,1734.141667683919
17175,9801.570838419597
17177,4460.645835367838
17181,6512.000004577636
17183,548.0750007947286
17188,3748.333336639404
17189,4464.258338419597
17191,3812.512505086263
17192,3183.1666717529292
17194,4079.054173787434
17210,3783.3833399454747
17212,7372.329167683919
17219,9492.437507120769
17220,6531.616669209799
17225,5355.27500559489
17227,6934.12500813802
17228,1125.354168955485
17229,813.0375003496805
17231,5400.829175821939
17232,7674.85001220703
17233,656.095833492279
17237,3977.0291707356773
17240,5555.733333333334
17241,6924.000002034506
17243,2990.7916681925453
17246,7559.204168701172
17247,2606.1333338419595
17251,9279.108342488607
17253,3585.0458368937175
17254,692.5791665077209
17256,496.71666704813634
17257,6561.475006612141
17262,3413.345836893717
17267,1294.354167683919
17268,4183.05417582194
17269,4812.766670735677
17270,6988.545832316081
17275,7600.508345540366
17276,7395.629170735677
17277,9298.041673787435
17279,6344.71250330607
17283,645.8875003814697
17287,3585.116667683919
17288,1013.8083342870077
17294,3582.6041722615555
17295,545.7958334445954
17298,2559.508335876465
17300,558.4791671276092
17302,7330.970844014485
17303,4201.500003560384
17305,5992.612509155274
17307,7621.925001017252
17310,2824.3500033060704
17312,971.4416670481363
17316,5253.200008138021
17317,3630.5708399454757
17318,597.579167175293
17320,735.266669845581
17323,4538.645837402343
17324,4306.283339945475
17328,9079.000005086264
17332,6693.595835876465
17333,3754.408335876464
17335,566.5916668891906
17338,4812.650003051757
17340,4026.479169209799
17344,7241.166669209797
17345,8018.48750406901
17349,5076.300001017252
17351,4161.245838928223
17352,2447.0041681925454
17354,1040.804168065389
17356,9126.800016276042
17357,5299.2833384195965
17361,945.0291676839191
17362,7803.291676839192
17363,5474.404167175293
17366,5337.00000483195
17367,7486.187508646646
17369,655.0208335558573
17371,7280.804168701172
17373,7143.216671752929
17378,7369.145841471353
17380,7643.933346557617
17382,7104.862507629395
17383,6525.93750152588
17387,2371.8250025431316
17389,7201.129169209798
17391,2626.2041684468586
17398,6351.975002797444
17402,4894.870838419596
17405,9278.795835367839
17407,484.3958337465922
17409,4218.158335367838
17411,5169.787502034505
17412,660.6041670163472
17413,4397.537506103516
17415,6114.15834350586
17420,3663.062501017253
17421,5083.866671244304
17422,6887.366673787435
17428,7561.91250406901
17430,2990.175002797445
17433,3851.1708353678387
17435,7400.137504069011
17438,2786.5666702270514
17440,756.0500009536742
17442,5728.200011189779
17444,5832.770838419597
17448,5484.520839182536
17449,9156.895845540364
17462,4705.312508646647
17464,4226.179175313314
17466,1034.612501335144
17468,7006.808340962728
17469,7151.454174041749
17472,4792.912501780192
17473,2879.012507629394
17475,5521.358338928224
17479,991.420834795634
17481,4721.19167175293
17482,5978.937507120768
17485,715.8000007629395
17486,9514.045837402344
17488,7518.204172770183
17489,467.6166672070821
17490,2217.2500030517576
17491,1082.7125003814697
17492,3948.5083379109697
17494,2157.604168701172
17497,9175.716678873698
17500,6090.550006103516
17506,5536.7791748046875
17507,5544.02917582194
17508,9517.745838419596
17510,3924.925005849202
17512,9210.874998982748
17513,6407.679175821941
17515,7397.616675821941
17520,4935.620838928223
17521,3897.583336893718
17522,7353.162506103516
17523,4919.062503814697
17524,1936.820834604899
17530,9262.079165649413
17535,4795.362505086263
17536,6506.012502288818
17545,7164.1916692097975
17548,6894.720834350585
17549,6719.050004577636
17553,5507.466669718425
17555,6495.266672770183
17557,6882.179173787435
17558,2451.2750010172526
17559,6821.350001017253
17562,7546.470834350587
17564,325.2208326260248
17565,9025.704172770182
17566,8111.658341471354
17567,6325.229166666667
17568,661.2125006993612
17569,3484.200005594889
17572,6288.987502797445
17573,7374.0291748046875
17575,6809.7791702270515
17577,7142.566666666667
17578,3884.266670735677
17580,3753.18333791097
17581,7604.945842997233
17585,6564.512505340576
17586,7924.004169718424
17591,5569.533339436849
17594,6118.520841471353
17596,2794.0375030517584
17599,9326.204166666666
17602,4263.795840454102
17603,5872.829176839193
17606,693.62500111262
17614,7703.400003560385
17621,7813.341675567626
17624,5710.575
17626,9173.179175821939
17628,520.1500000615914
17629,3762.8833353678383
17630,8068.420841471354
17631,4577.729173278809
17633,1234.937501780192
17636,6009.920839945476
17641,4589.379166666667
17642,9336.145838419596
17645,8115.87500406901
17646,9093.35834452311
17650,3752.8833389282227
17655,5248.04167175293
17659,3777.962501017253
17660,7001.787506103516
17662,6581.60000330607
17664,1259.3916685740153
17671,439.33750005165734
17673,5729.53333791097
17676,7286.208337402343
17679,8894.54167429606
17685,6295.229176330566
17705,7728.3875050862625
17708,5513.512498982748
17711,7625.187502034504
17714,6206.0916727701815
17715,1062.2166673342388
17721,2237.095834604899
17724,9099.316676839193
17726,6821.854170735677
17728,5224.133337402344
17730,2023.5000025431318
17732,3714.237504069011
17735,9273.941672770181
17737,3554.4500017801925
17738,6843.854171244304
17739,7356.470841471354
17747,5880.100007120768
17749,4711.262501017252
17752,4992.462504069011
17753,5586.379172770183
17756,3975.2208386739094
17758,1708.5541664123537
17760,6403.887507120767
17762,6984.783344523112
17763,9277.954166666666
17769,930.4125015258791
17775,6827.008345540365
17776,947.6624998092651
17781,7029.570837402344
17782,3252.2208366394043
17783,688.379167207082
17784,7441.633331298828
17785,4393.445839945475
17798,3513.6041694641117
17799,6259.987502543131
17800,9504.270844014485
17803,4184.716673278809
17804,689.1875002145767
17805,3645.6833338419597
17808,7205.350005594889
17817,4860.270837402343
17823,9343.745841471353
17824,6858.56250813802
17825,4031.1375061035155
17827,578.4791665395101
17828,4627.758338419596
17831,3809.054170227051
17834,4946.5499994913735
17835,9304.620840454101
17837,5057.912508138022
17838,5900.904174296062
17839,4787.991671244304
17843,7833.3708374023445
17846,9844.454170735677
17847,4434.929171244304
17848,7928.100009155273
17853,972.5500019073487
17856,5006.808335876464
17859,4286.191670481364
17863,1107.5083335876463
17868,1066.3625007629396
17869,3640.7541687011712
17870,8916.895841471354
17875,1005.8708327611288
17876,5088.416673787436
17877,6572.720834350585
17879,5507.783339436849
17884,2805.1083374023438
17885,1180.8041684468587
17886,517.2666671832403
17890,6871.833341725668
17897,1646.7833332061764
17900,2481.083335494995
17902,5146.712500000001
17903,5480.50000406901
17908,5167.9375055948885
17914,7150.587505594889
17915,7278.491674804688
17916,740.8624999364216
17920,5351.066673787435
17921,7586.895842997233
17924,5298.291675313313
17925,2402.7708351135257
17926,2539.7125006357833
17928,9032.487513224283
17930,2418.750003560384
17932,2743.1791671752926
17933,6568.62917022705
17939,6994.895834859212
17941,9356.266677856443
17943,9034.24583943685
17947,1142.6125008265178
17948,5053.516668955484
17950,5093.679168192546
17956,4786.529171752929
17959,3773.8750076293945
17970,7568.0000030517585
17973,5163.495834859213
17974,7052.300001017254
17975,3592.1458371480308
17976,6936.550002034505
17980,1691.2291670481363
17986,6479.283344014486
17987,972.4833353678385
17990,9068.758342488605
17994,3917.6583368937177
17999,3927.800006612142
18002,784.7375012079874
18003,871.0000015258788
18005,9134.745842488604
18007,9085.683337402344
18013,2839.7333363850908
18015,554.6291669209799
18016,1922.5791687011722
18018,3639.4125000000004
18019,4195.662503051758
18026,7687.283335876466
18030,7596.800001017252
18032,7493.304172261555
18035,7021.454169718425
18039,7009.7625071207685
18042,3785.5750081380206
18044,7177.712501017253
18045,4090.6875038146973
18046,7007.325006103517
18052,3702.5708363850904
18054,1021.3916673660277
18055,7238.125003560383
18059,2148.937501271566
18066,4676.375008646647
18072,7531.104174804687
18073,476.7958334803581
18077,7352.758340454101
18081,888.6000003814696
18083,5131.30417582194
18084,5910.120836385092
18085,3631.50417098999
18086,1946.0958361307778
18087,6269.579173278808
18092,5603.854173024494
18093,1745.6750012079874
18095,807.1750012715656
18097,2410.1333363850913
18100,5764.341670481364
18101,2818.333334223429
18103,6406.55000406901
18104,7208.995839436849
18105,2872.5250007629397
18109,2683.4666676839192
18110,7409.437510172526
18113,8085.437497965494
18117,964.1125016530355
18119,5193.891674804688
18126,7882.712506612142
18127,697.7958349227905
18128,805.9666680018108
18129,6311.116668701172
18130,4150.541673533121
18137,9836.245842488606
18142,6928.737500508626
18144,478.83749999205264
18145,3234.462501525879
18146,5080.720836893717
18149,6514.44166768392
18152,741.0583337148031
18153,9031.675009155273
18154,3009.658336130778
18155,6626.916677856446
18156,7346.412502034505
18161,7473.87500559489
18163,982.2000021616617
18165,1017.0083335876465
18166,6853.191665649414
18168,7642.179175821941
18172,772.7958333651223
18174,5022.866668701172
18176,1235.1625
18177,1199.0666681925456
18179,7077.254169209798
18181,7953.641676839193
18182,754.291667429606
18183,6724.420840962728
18187,4614.400002034505
18188,9226.579177856445
18189,7492.437506103514
18194,7058.779172261556
18196,6868.829174804687
18197,5972.212508138021
18198,2675.2750003814695
18199,7267.033337402342
18201,7338.325002034505
18205,4943.150003560383
18206,5425.795833841959
18207,7091.729168701171
18210,4671.7374994913735
18212,3775.029170227051
18214,6370.137509155273
18215,3651.9208338419594
18216,6622.120837402344
18220,914.4708329518638
18221,9268.366672770182
18222,996.2416675567625
18223,8193.516665649415
18227,5131.216669209798
18228,8166.270842488608
18229,1002.5625026067097
18232,8083.904169718425
18234,5071.829180908203
18239,5692.312498982748
18243,7350.712506103516
18244,1038.2125005086261
18245,7778.116670735678
18246,2343.5541702270507
18248,7253.420832061766
18250,9228.31666768392
18253,9261.48334452311
18254,2470.575001525879
18256,4045.633337402344
18257,5047.095836385091
18263,688.0041681925455
18264,497.20416680177055
18266,2553.0208356221515
18267,501.50000057220456
18268,2684.7083386739096
18269,7162.841678873697
18270,5287.258333333333
18271,9520.745844523111
18272,4422.516667683919
18276,6472.8125030517585
18277,708.187500445048
18280,6150.012509663899
18282,605.5083332379659
18285,5228.887501017252
18288,9792.866674804687
18295,856.1000008900961
18298,3236.833336893718
18300,3294.679169718424
18301,2308.725001017253
18302,2703.4708333333333
18304,853.900000699361
18305,4413.645834859212
18306,9182.708343505858
18307,838.4458347638447
18308,952.3083337148029
18309,4117.775002543131
18311,5360.375003051758
18313,7358.91667175293
18314,7201.308341471354
18318,7379.812508646646
18320,9199.58333638509
18321,5142.804167429606
18330,7029.354172770182
18334,2477.1833389282224
18336,621.625000445048
18337,3633.6458338419598
18338,2826.875002288818
18339,5263.216670735676
18341,9245.295838419595
18347,1168.7041684468586
18354,971.5291676839192
18355,779.7791676839192
18356,4474.4708450317385
18358,2382.991667175293
18360,7427.041669209798
18361,7201.920838419595
18363,5622.958338419597
18364,9169.96667175293
18367,5021.487501525879
18380,1101.7125009536742
18383,3685.3291697184245
18384,4350.541670735677
18385,6981.616668701172
18387,9812.53750406901
18390,5353.179173787435
18391,7476.920839436848
18392,3005.9791684468587
18395,9799.766673787433
18396,7343.941668701172
18397,2809.3458389282227
18399,5684.433341471355
18400,9185.741674804689
18403,7698.704175821941
18404,4741.545833333334
18406,2105.683334350586
18407,9148.187506103515
18413,5289.141672261556
18415,7587.983339436848
18417,8270.575005086263
18420,657.5291671117146
18422,4132.950002543132
18425,703.0791670163472
18426,9854.379172770181
18427,696.6291669209799
18428,4804.10000559489
18429,6952.229171244303
18430,4058.8416778564447
18431,6618.220833841959
18432,7363.608338419595
18433,9848.129176839191
18435,2547.341665649414
18436,3337.4583353678386
18437,782.6375013987223
18439,4388.02917175293
18444,2681.6458389282225
18446,5694.975000000001
18448,6874.3125010172525
18455,1633.4750015258787
18457,3219.495835622152
18459,7614.829166666666
18463,7746.516674804687
18464,4395.10000406901
18467,4271.691674804687
18469,5689.645841471353
18471,751.1208339691161
18475,4119.4291717529295
18476,1032.829167429606
18477,3507.7166707356773
18483,4904.100004577637
18488,5372.254176839192
18489,1253.7958342234292
18490,3831.7125061035163
18492,9239.720840454102
18493,5166.862503051758
18494,5542.675008646646
18498,2535.233335367838
18502,6711.820838928223
18503,495.4125000968576
18504,4993.270839436849
18506,4231.570836639404
18507,7334.179175313314
18508,6075.241670227052
18512,4753.733338419596
18515,463.40833422342934
18517,7304.508337402344
18518,5374.416667175293
18520,5095.787502034505
18521,3008.954170227051
18522,5353.191679890951
18523,3936.645840454102
18524,1220.1875013987221
18530,4178.525003560383
18531,5210.987503051759
18532,677.5375008265178
18533,5652.350003051758
18534,7509.058342488607
18540,4680.1625040690105
18542,3032.287503814697
18543,3933.595840962728
18544,6948.116666666666
18547,4053.912511189779
18549,391.6833334187666
18552,7494.800003051757
18553,6451.5875045776365
18555,6987.333340962728
18558,7358.008336385091
18565,879.7125007629394
18568,9265.74583638509
18572,3463.2208384195965
18575,6247.170844014486
18576,6433.095837402344
18579,3464.4791748046882
18581,7443.204170735677
18583,2564.8833353678388
18584,363.2083333094915
18585,1179.8541678110757
18590,658.4666667302449
18594,4075.1041707356776
18595,3489.0708363850913
18598,4808.375003051758
18600,9028.07500813802
18601,9775.033341471355
18602,3361.7708404541013
18603,9282.19167582194
18604,524.5625000953675
18610,4179.8125076293945
18611,6755.245841471355
18615,7001.358339945474
18617,3032.7333340962728
18619,7782.025007120769
18623,1151.516668701172
18630,2364.0291674296063
18631,7465.633335367839
18632,1070.3625008900958
18633,6439.641669209798
18638,7271.541673787436
18639,2196.6541727701824
18640,3911.433335367839
18641,994.1416671752932
18645,5681.533336893717
18648,2422.4166690826414
18649,3977.5125035603837
18651,2982.3875020345054
18653,1505.900002924601
18656,7731.787503051758
18657,4452.916672770182
18658,5340.166667175293
18659,5805.512500000001
18661,5275.337506103516
18663,9168.133334350585
18668,7467.1666676839195
18669,3744.7750035603844
18671,7033.412500508627
18672,1529.6125019073486
18673,4644.170841471354
18679,6996.154169718425
18689,6975.329165649414
18690,7166.783342488608
18692,5389.80000559489
18694,6692.066673278809
18695,7756.650012207031
18698,6657.300002034505
18699,6369.183342488606
18704,6732.787501271566
18706,9782.962501017251
18709,6911.0666689554855
18712,7447.641680908203
18713,6692.895836385092
18717,7525.099997965494
18719,9857.962506103515
18724,3853.7708374023437
18725,1108.7499997456869
18728,6159.808338419597
18729,3706.3166732788086
18732,637.3416666905085
18733,4679.841671244303
18734,1057.9291679382325
18735,6153.954168701172
18736,7343.595837402343
18739,3133.95416768392
18740,7729.587506103516
18742,7075.133341471353
18743,9241.150010172525
18749,626.1500007311503
18750,6979.75417022705
18751,3624.7791712443036
18755,3674.950001017253
18756,570.379166730245
18759,7344.816674804689
18760,1009.6375014623005
18762,7600.920841471354
18765,6933.4458394368485
18766,3789.112508138021
18769,3608.908335876465
18772,5275.8541699727375
18773,805.666667842865
18774,3881.304169718425
18778,4958.833341979981
18780,1203.004168319702
18782,6168.979170735677
18784,4705.470836639403
18785,7288.704173787434
18786,5561.929177856445
18801,2495.9083356221513
18804,5548.479170735677
18807,6522.425002034505
18810,9146.316669718422
18811,3649.6541714986165
18815,2339.8000030517574
18816,7334.8041717529295
18818,7199.620837910971
18819,7445.2625050862625
18820,5436.800003051758
18821,9512.179168701172
18822,7753.179168701172
18825,5650.29583791097
18827,9178.916668701173
18831,3707.9583343505856
18832,7057.883339436849
18834,9140.366674804687
18836,7208.5333407084145
18837,4799.608340454101
18840,932.4708340962728
18842,2329.845834859212
18847,3747.5541646321612
18849,6384.229168701172
18852,5834.133336893717
18854,6871.566671752928
18855,2185.666668701172
18857,3736.616673787435
18859,7881.8875025431325
18860,8915.404173278808
18861,6957.745838419596
18862,616.5124996821086
18864,6947.633335876464
18868,3734.5791768391923
18870,7010.341671498616
18871,919.2041674296061
18874,5832.6875101725245
18880,7520.612502034505
18882,5111.40000330607
18884,4623.86250406901
18889,7173.6875055948885
18892,7578.779166666667
18894,9253.945840454102
18895,6795.462507120767
18897,7493.308335876466
18898,722.662501080831
18900,8269.008338419597
18902,7254.770837402343
18907,3858.2000096639
18909,7469.816670735677
18910,9781.791670735676
18914,5116.583339436848
18917,3090.2333353678387
18918,3441.3333351135248
18921,9221.27500406901
18924,5239.6958394368485
18925,4599.700002543131
18927,7307.129167175292
18928,1139.025001144409
18929,3432.1916681925454
18930,5087.337505086263
18932,5083.662507629395
18935,561.1666671435038
18938,746.5458336194356
18940,4716.412502034505
18941,5176.858342488607
18942,7234.6250010172525
18944,627.1333335240682
18946,7444.345836385091
18949,3542.4999999999995
18954,735.3875003814697
18956,7207.57917022705
18957,1158.6166685740152
18959,5985.141667683919
18960,1662.2750026702881
18962,6589.687507120769
18963,7596.904170735677
18964,9587.3583404541
18965,5980.637503560384
18967,3100.5916717529294
18969,7132.520833333333
18971,9114.725009155272
18973,4081.5166727701817
18977,4390.312503051758
18978,7269.858340454101
18981,7014.6125081380205
18982,1196.6875007629396
18983,4459.254168701172
18984,4674.212509155273
18985,4947.487504577636
18986,7140.262510172525
18987,6135.45000406901
18988,3579.3749979654945
18991,1200.5833344777427
18992,4266.7750045776365
18993,5632.170840962728
18994,9213.045834350583
18995,3979.7541707356763
18997,5585.049997965495
18999,2557.466672515869
19002,3920.4291679382327
19004,3447.308334096273
19005,4931.595835622152
19007,3312.1708346048995
19010,6930.537499491373
19012,4567.691673787435
19014,6379.812506612142
19016,6948.887516276042
19017,8137.075004069011
19018,4963.587504069011
19019,7117.133336893717
19022,8931.012513224283
19023,9597.741669718425
19024,9267.583338419596
19028,6883.766667175293
19029,809.1500010172525
19030,1117.5916676839192
19031,7973.16251118978
19034,5247.554174804687
19035,766.0958333969116
19036,7248.887502034505
19037,6532.058344014485
19038,7581.825007120767
19040,492.69583338946103
19042,9230.75834350586
19043,3915.045841979981
19044,4044.145840199788
19047,9024.908341471355
19048,8053.912505086264
19049,6316.725003560384
19051,7099.037509155273
19053,4292.93333638509
19054,9280.087505086263
19056,2330.6958363850913
19057,5919.162509155273
19058,4741.437507120768
19059,3053.2875010172525
19060,6622.43333791097
19062,5728.399997965495
19064,6920.125006103516
19071,9170.9
19078,2283.745835622152
19079,3848.1791753133134
19080,3271.2000040690104
19081,456.9291672388713
19085,5875.87500813802
19088,6991.950011698405
19089,4795.866675313314
19090,7414.283334350587
19091,9243.641677856445
19092,4084.954171244303
19094,4526.512502034505
19099,6391.162502034505
19100,5763.608337656657
19101,929.7291681289672
19103,6154.629169972737
19104,7387.30833638509
19106,4559.520836385092
19107,9277.862506103516
19108,7353.995837402344
19109,344.20000007947283
19111,5843.241674296062
19112,7898.241674804688
19113,6769.541670735677
19114,5403.170835367839
19116,6518.891678873698
19117,8002.400004069011
19121,7051.599999491373
19125,9183.250005086264
19127,7768.816673787434
19128,3786.304174804687
19136,2826.625005086263
19137,2402.22083791097
19142,6371.641662597657
19143,3403.2833409627274
19144,6626.916675821941
19146,5163.004168701172
19147,2400.120836385091
19152,1228.2083332061768
19154,694.5083336512247
19157,6428.095834859213
19160,6709.650001017253
19161,751.475000890096
19162,9241.970831298828
19165,664.6000002543132
19167,808.1791671117147
19168,5146.512499491374
19171,615.3916669845581
19172,361.0958336512247
19173,5371.400008646647
19174,2638.229169718424
19176,4736.454168701172
19177,7138.654168446858
19178,462.28750023841854
19179,9142.787505086262
19180,9023.125003051757
19182,5751.312505086263
19184,6263.058338419596
19185,343.68750003774966
19187,1200.8416673660279
19189,9264.566670735678
19191,2818.183334350586
19193,6226.620836130777
19194,7635.162507120768
19197,8220.579168701172
19198,5176.595832316081
19200,7516.608340454101
19202,334.24583331247163
19204,1398.6166681925458
19205,5057.795835113526
19206,3396.558337402344
19212,621.1125001907349
19213,4340.400004069011
19214,9856.095834350586
19222,5629.929167683919
19223,7970.8125142415365
19225,9218.35833638509
19228,5071.662507629395
19230,9808.09583638509
19236,4222.94166768392
19240,7597.662504069011
19241,7755.370840454102
19242,6856.050004577636
19243,9796.350003051757
19244,4408.895840962728
19248,3135.9875005086265
19249,7570.883343505859
19250,6557.229172770182
19251,6324.341667683919
19254,7135.025008138021
19255,6623.404170227051
19258,7377.3458363850905
19259,4565.833338419596
19260,9294.570841471354
19261,2181.091668701172
19262,1003.7666671752928
19264,6577.141668701172
19265,7364.545832824707
19266,7608.612506103516
19270,2235.025002543131
19271,3909.045843505859
19274,5111.029170735676
19275,5384.495842488606
19276,2731.8625043233237
19278,671.1083337783814
19280,3637.154169209798
19282,6281.570838419596
19287,7651.712505086263
19288,2875.087503560384
19290,7744.166670735678
19293,7238.154168701171
19295,9152.004176839191
19298,8947.070837402343
19299,9122.34166768392
19300,1148.6458333333333
19301,3817.7458379109703
19304,4566.787503560384
19305,7823.616670735678
19306,3555.9166697184246
19309,7714.366672770182
19310,3247.9541692097987
19311,9272.525006103515
19313,7726.35834350586
19317,7183.34583791097
19320,6624.933340454102
19322,650.6666669209798
19324,7047.641668701172
19325,7190.904173787435
19326,2780.0208351135248
19328,6716.441672770182
19330,7968.1375005086265
19331,9845.979176839193
19332,6869.36250406901
19334,3667.0791692097987
19337,2631.6625015258787
19338,6712.704172261557
19340,4115.950005849202
19341,3305.0875
19342,5151.470838928223
19343,7431.812511189779
19347,9797.141674804689
19348,7368.125009663899
19349,9227.445841471354
19354,7033.7458465576165
19356,6547.637513224284
19357,2507.2500040690106
19358,9142.154171752929
19361,2820.495838419596
19362,4934.1458389282225
19365,6488.129170735677
19366,2239.0250022888185
19367,7004.795845540364
19369,3715.3791702270514
19372,5672.5333363850905
19376,755.1041675567627
19377,5355.604171752929
19382,993.0583338419597
19383,9303.045838419595
19384,8039.866672770182
19385,5883.120842488606
19386,7923.400006103516
19388,6488.479172770182
19392,6041.454171752929
19393,7502.258337402345
19394,6256.937503306071
19395,9251.725006103517
19396,6135.087511189779
19397,1796.2375010172527
19399,7097.333337402343
19400,7975.250011189779
19402,4559.104171244303
19403,7709.966676330566
19404,3402.5500035603836
19405,2318.8458358764647
19406,4103.662507120768
19408,3422.0750020345054
19412,7570.858335367838
19414,4317.133339945475
19419,9172.462507120768
19421,7436.795837402344
19424,3482.7416712443032
19429,9855.554173787436
19431,6783.200000254313
19432,7616.46667175293
19434,1096.7500019073484
19435,2493.062501271566
19436,4070.616671498616
19438,3873.391671244303
19439,9088.937506103515
19441,1021.6666673660278
19442,735.3916669209798
19443,4475.1291712443035
19447,3129.537502034505
19448,3963.4708368937168
19449,3298.745833333333
19450,7780.687502034506
19452,5649.24167022705
19455,9268.550012207032
19458,6509.45000406901
19459,7738.562509155273
19460,6787.345835876465
19461,545.0833333621422
19462,4657.008334350586
19463,3723.345835876465
19468,7782.729175821941
19469,633.0791668891907
19470,9857.6125
19471,9180.300010172525
19472,6385.820840962727
19474,5606.100001525879
19475,3550.7125071207684
19477,6773.066677856445
19478,7122.295836893718
19479,9323.762508138021
19482,7042.23750559489
19484,9257.595838419596
19487,4770.70833791097
19492,4485.112506103515
19495,4293.0958361307785
19502,5400.350004577637
19505,2981.2083333333335
19506,3804.4083353678384
19507,3712.212501017253
19510,2116.9083353678384
19511,9854.145841471354
19512,631.6416668097178
19515,4317.4958399454745
19520,5329.85417175293
19521,5411.437505086263
19526,5534.950004577637
19527,5542.816671244304
19531,9542.37500406901
19532,4464.204169209798
19534,7056.92500406901
19538,5170.6750081380205
19539,758.8916671117146
19542,2486.1750005086265
19543,3449.7875055948894
19545,7158.375006103516
19546,7688.991674804688
19548,7758.729170735677
19550,7426.283339436849
19552,3841.6583401997873
19553,334.6083333426465
19554,4589.004167429606
19555,3296.9833361307774
19556,7434.420837402345
19557,5577.704174041748
19561,7462.729178873698
19563,4677.45000406901
19570,2103.0083358764646
19572,4194.4708384195965
19574,9089.850009155272
19578,3373.9166666666665
19579,7004.183339945476
19582,8355.216674804688
19586,379.9125001351038
19587,2350.775
19589,4507.64583867391
19590,948.779168065389
19592,5399.787504323323
19594,1047.7083347320556
19596,9194.491676839192
19599,3541.620836385091
19600,3719.150002543131
19603,2838.8958376566566
19604,3531.083340962728
19605,7636.658345540364
19607,2608.637502288818
19616,1203.8666671752928
19618,980.0208344141643
19619,764.9208341598511
19620,3854.3416676839192
19623,4134.558336893718
19624,8127.720839436849
19625,6393.479170735677
19626,9068.512507120768
19628,6984.591670735677
19629,7547.691668701173
19631,2166.4041674296063
19633,6336.54584197998
19634,4018.9291687011714
19635,9269.937506103515
19636,7358.062502543132
19637,2349.529170481364
19639,7504.445838419597
19643,6687.162503814697
19644,5902.662503560384
19645,7784.466674804687
19647,7437.204172770183
19649,7483.762503051758
19650,6345.837500000001
19652,7852.166673787436
19653,7261.791666666667
19656,2931.6708338419594
19660,7108.662505086263
19663,5714.7291676839195
19664,7761.345842488608
19666,4910.254171244303
19668,4206.241673787435
19671,6396.970835367839
19672,6210.941672261557
19674,9155.041676839193
19675,5785.270847066244
19676,5429.9958399454745
19678,7970.21667175293
19679,5365.129175313314
19680,5771.183339436849
19681,7793.700004069011
19682,3022.6083343505857
19683,4137.925004577636
19684,4103.5125005086265
19686,6200.725005086263
19687,6173.195835876464
19691,5580.058338928223
19692,3922.529168192546
19698,9075.775010172527
19699,4090.954173787435
19700,3807.112503560384
19702,5282.508337402343
19706,6961.475006612141
19707,9839.395846557618
19708,2935.0916676839192
19709,7055.025004069011
19710,3577.937508138021
19711,6781.187502034504
19713,1477.6875033060708
19714,4981.075001017252
19716,7925.829171752931
19718,2909.4000020345047
19719,7321.2458485921225
19720,2727.9958358764648
19724,988.6875
19726,9515.00416870117
19727,6620.995841471355
19728,724.9750007629394
19729,5408.09167175293
19731,9046.10000813802
19733,6757.1208374023445
19735,4632.233334350586
19736,7222.404175821939
19743,6575.800004323323
19744,5514.1375050862625
19746,2772.5458346048986
19748,7752.054177347819
19750,6887.74583384196
19751,9045.033335367838
19753,3511.325006103516
19754,5231.0291681925455
19758,3893.575007120768
19760,5732.970838419597
19766,640.5541666030884
19769,1011.9833337783813
19770,5510.10000406901
19775,7798.2
19778,4481.920833333334
19779,695.5041667938234
19781,4447.275006103516
19782,9804.29167582194
19783,4117.47084197998
19784,678.5708340009054
19785,9282.141669718423
19788,9260.629172770181
19790,6892.920838419596
19791,1202.0916684468586
19792,731.6833337465922
19793,5303.666670735677
19795,6171.937505340576
19797,9278.591668701172
19802,1132.8458352406822
19803,7559.891672770181
19805,7017.600008646647
19806,5485.837509155273
19810,7504.016673787435
19813,534.0458335061868
19818,2199.437501271566
19819,5206.279173787434
19820,7903.116670735678
19824,7825.858338419596
19828,2951.779168701172
19830,4009.545840454102
19831,9152.845837402343
19832,501.10000015894576
19833,6329.108338419595
19834,7729.275011189779
19835,4939.6041699727375
19836,6181.654169464112
19838,5710.058343505859
19839,7195.329173787435
19841,4957.975002034505
19843,6232.687505340576
19844,4908.095835367838
19845,6830.941670735676
19847,9235.516666666668
19848,7588.270844523112
19851,9125.2958404541
19853,6758.537507120768
19855,4665.975009663899
19857,6521.558334859212
19858,4330.591668701172
19861,727.6666676839192
19867,7064.8958389282225
19868,7416.154174804687
19871,4668.400002543131
19875,5078.800006103515
19878,4870.295838928222
19879,662.9791668574015
19881,5470.800000254313
19882,3219.358339945475
19883,4219.441672770183
19884,9261.608345540364
19887,9798.975014241536
19889,5775.612506103515
19890,6801.016673787435
19893,8968.575006103516
19894,9244.745837402343
19896,4307.76666615804
19898,9845.262503051757
19900,9248.579170735678
19901,7287.587502034505
19904,8048.454175821941
19906,9854.287505086262
19914,359.42916673819224
19916,1184.141667175293
19920,9281.7333404541
19921,674.7666675567626
19922,5399.725003051758
19924,9278.804167683918
19925,5415.308343505859
19926,8046.258338419597
19935,739.6041669845581
19937,2725.270834859212
19938,6332.320838928223
19941,6207.4666727701815
19943,2474.0750061035155
19946,7172.095840454102
19949,772.2666668574014
19953,7137.300006103515
19955,7663.745836385092
19957,6229.145838419597
19958,7081.02917175293
19959,7448.737504069012
19960,6650.495835876464
19963,4902.041672261556
19964,9796.983338419597
19965,7935.683339945474
19966,7125.245841471355
19967,4974.7625071207685
19968,7344.962507120769
19969,613.0625001589457
19970,655.2708336512247
19972,2844.9833348592124
19973,3607.96666692098
19974,1640.8875006357828
19975,5036.066669718424
19977,9292.77083943685
19983,607.0708335558572
19984,2602.675001525879
19986,9162.35833638509
19987,5610.075008138021
19988,7143.229175821939
19989,3648.5416778564454
19993,3347.429168701172
19995,3748.6083429972327
19996,7359.820836893717
20001,7115.483336893717
20003,2411.2833353678384
20004,6151.704175567626
20011,9532.17084350586
20016,9089.941672770181
20019,7851.154172770183
20020,3702.745844523112
20024,6190.683341471355
20025,9506.55417582194
20027,7638.700013224284
20030,7273.929175821941
20031,607.0416669527689
20032,5036.425002034505
20034,5710.0000030517585
20035,4974.254172770183
20037,1233.0541673024497
20039,5462.779171498616
20040,7028.175006103516
20041,3236.529168446859
20042,5334.250008138021
20043,5500.520839436849
20045,2301.983336385091
20047,7219.333342997234
20048,9156.125003051757
20049,4182.233340962728
20051,9541.954173787433
20053,5229.058342997233
20055,7680.6333414713545
20057,9241.462503051758
20058,7362.445837402344
20061,5890.34167582194
20065,6279.533337402344
20066,3314.612499745687
20067,6824.458337402343
20068,786.1458334287007
20070,7154.770834859213
20072,4852.891667429606
20073,8164.9458394368485
20075,7844.383345540365
20077,9091.608339436849
20078,5677.200004577637
20079,5223.22917582194
20083,4490.320835367838
20084,2700.5125003814696
20085,6320.729169464113
20086,1052.7083347320556
20088,3219.8708358764648
20089,6240.891672770183
20090,636.2458334287007
20091,9585.520842488606
20094,7291.254170735677
20096,7011.104170735677
20098,2017.5500020345055
20100,3950.7916714986163
20102,7856.716671752929
20103,7455.762512207031
20104,5658.087500000001
20106,4680.170836385091
20108,9859.4208404541
20110,6800.008339945475
20117,7681.637505594889
20118,9802.325007120768
20119,6638.441671244302
20120,9285.616674804687
20126,3306.6791687011714
20127,4768.583336385091
20133,3922.9333363850906
20138,3738.258334350586
20141,6749.137503560384
20145,7332.479169718424
20146,1041.1208348592122
20148,2574.3208361307784
20150,5776.600003560384
20151,7900.833343505859
20152,5507.362502034505
20156,3376.045835622152
20158,6818.087507120767
20160,7755.458341471353
20161,1260.7208351135253
20162,6462.4958335876445
20164,6637.858337402344
20167,2833.412501780192
20169,8053.650007120767
20170,5833.27917582194
20171,6845.679172261555
20172,841.6458336512247
20174,3540.204173278809
20175,7131.620840454102
20178,6480.041671244304
20181,6549.587508646647
20184,731.1541680018107
20187,9528.579173787435
20189,5261.079167175292
20190,5768.520841471353
20191,4181.000008138021
20192,6815.170840454101
20193,5545.954174804688
20197,9241.345835367838
20198,4368.595835876465
20199,2146.3208384195964
20201,7077.454168701172
20202,2982.575003051758
20203,2677.10833384196
20204,6957.6041722615555
20205,5821.68750406901
20208,629.0791677792868
20210,5582.933345540364
20211,4463.758339436849
20212,5280.133339436849
20213,7169.82500813802
20214,5465.86667022705
20217,3812.7541727701823
20218,6335.004174041748
20220,5513.6666697184255
20221,3211.1458376566566
20225,5079.462502543131
20226,7170.520838419597
20229,6881.970843505859
20234,9048.691669718424
20238,6359.3208374023425
20241,1090.308335749308
20242,4347.695839436849
20243,6636.808339436849
20245,7143.641668701172
20248,7143.041666666667
20250,9057.804170735677
20251,9248.587507120768
20252,5192.775006103516
20255,892.8291669845581
20256,5033.63750813802
20259,1074.291667429606
20260,946.9750003814697
20261,5281.083341471354
20262,3876.1916707356772
20263,3579.691671244303
20265,538.6958335518837
20266,9255.287507120767
20269,618.0041672070821
20270,7329.550006612141
20274,3507.616671752929
20276,9086.445842488605
20277,9334.404172770182
20278,3760.520836893718
20282,3902.029170227051
20285,4443.037511189778
20286,7677.679181925455
20287,931.1875008900961
20288,9201.733338419597
20291,9171.087508138022
20292,933.1916683197022
20293,5815.070842488607
20296,5541.549999999999
20300,6866.4333353678385
20302,4382.450005086263
20303,5279.008338928223
20305,6543.158333587646
20306,7116.125005086263
20309,3792.404169209798
20314,9240.17500712077
20315,6402.9083363850905
20316,2375.8624999999997
20317,4384.558336130778
20318,6106.004170481363
20319,3636.7958384195967
20320,7515.9500071207685
20323,6574.087503051756
20324,1018.104167620341
20325,1096.9625020980834
20326,960.0833340326946
20327,3631.7166737874345
20330,3596.2541702270505
20331,2905.9750045776364
20342,5820.687509155273
20343,4701.800002543131
20345,8905.100006612143
20347,1092.5416675567628
20348,5467.045841471354
20352,2809.62083714803
20354,833.6333344777426
20355,6717.433339945476
20356,9269.666664632161
20357,6610.662505086264
20359,3577.516669209798
20361,6119.5625010172525
20363,842.7916670481363
20365,5813.0833343505865
20367,9783.287507120767
20370,1181.375001780192
20372,2682.8625027974444
20373,5521.291673787436
20375,9798.3583404541
20376,4216.004168192546
20379,1021.1875022888185
20380,5794.087504069011
20383,6771.958337402343
20384,8201.983343505859
20385,2880.7708401997884
20386,3875.1500050862633
20387,8198.741671752929
20389,4181.670839945476
20391,8126.125003051758
20392,1227.5583333333334
20395,5459.633342488606
20396,9102.850001017252
20398,9601.800004069011
20401,4363.791672770182
20403,6909.479169718424
20404,5586.887503306071
20406,9073.970840962727
20407,6772.529165649413
20409,4313.958339436849
20411,4229.9625
20412,7732.399998474121
20418,7103.291667175294
20419,6759.187505340576
20420,774.0583331743875
20423,6771.033340454102
20430,8200.216671752929
20432,4113.104172770181
20433,9812.108338419597
20434,9228.208344523113
20437,4134.995841471354
20438,7505.291672770182
20439,3032.525004577636
20440,4694.54583791097
20442,3658.3541697184246
20444,9206.462505086261
20446,5010.429166158041
20449,8306.158343505858
20452,3772.633340454102
20454,4028.495841471354
20455,5690.312505086263
20456,3660.8000020345057
20458,7388.695836893717
20462,7234.92083943685
20464,7758.558338419597
20465,3656.3250020345054
20467,7104.570842488606
20468,567.2666674931844
20472,8132.212507120767
20473,823.8708342234295
20475,3993.5791712443042
20477,6465.854170735677
20482,3047.012504069011
20483,9449.187504577638
20486,9155.875006103515
20487,7568.183338419596
20490,4138.2708389282225
20491,5469.783335367839
20494,1011.4625012715659
20495,6174.320840454101
20496,3625.0083384195964
20497,3210.3791653951007
20498,9133.583341471354
20499,5601.77916615804
20507,2839.150001271566
20508,6436.366673787435
20509,1193.2666676839192
20510,4168.30833791097
20511,4446.1500045776365
20512,856.8041674931843
20513,6597.158339436849
20517,7200.604166666667
20518,9241.979170735676
20522,5890.162511189778
20525,8192.483341471352
20526,6319.829172770181
20531,9205.558333333334
20534,7855.079170735677
20536,6361.883333841958
20540,4342.254169718425
20544,6942.575002034505
20546,7129.53750813802
20548,688.0125003178914
20549,7093.716669718423
20550,860.0416664123536
20551,2245.4083356221518
20552,7103.920837402345
20553,4512.562502034506
20555,9171.0
20559,7650.54167582194
20560,5388.658337402344
20561,9289.525007120768
20562,5030.09167175293
20563,5788.958340962728
20565,6255.062506103516
20567,5620.950003814697
20568,8019.854172770181
20569,6917.512502797444
20572,4528.912507629394
20580,7806.6541768391935
20582,6958.383335876465
20584,9239.633336385092
20585,4775.950008138021
20588,569.4458333492279
20591,5479.833337656656
20596,6772.825004577637
20597,725.9250015894572
20600,4162.875005086263
20602,9241.041677856445
20606,757.8125003178915
20609,7155.079173278808
20610,7725.929173278808
20611,6444.695833841961
20613,4067.1291697184242
20616,9114.916666666666
20619,543.8666667461396
20622,5236.445838928223
20627,2990.1750033060707
20630,4534.37917175293
20631,942.4708340326946
20637,3386.8333343505856
20641,9527.295842488607
20643,9544.85417582194
20645,5525.491678365071
20647,2560.516670227051
20650,7326.941670735677
20651,4982.62084197998
20653,7194.10833536784
20654,4714.6125035603845
20655,590.3875005086263
20656,6727.6833465576165
20657,2396.645837148031
20659,533.1125002185503
20661,790.3083339691161
20662,1028.4791672388712
20663,4679.350003560384
20666,5621.483338419596
20667,2900.9791699727375
20668,6171.216670735676
20669,9288.425003051756
20673,1155.95416692098
20675,7822.187502034506
20676,6855.450006103517
20677,5189.420838928222
20681,2156.9833346048995
20684,3937.095842997233
20686,7231.979170735675
20687,5205.737502034505
20689,3747.9916681925456
20690,7149.104167683919
20691,7399.341669718425
20692,4806.1208353678385
20694,3596.3791704813643
20695,7413.387509155273
20696,787.316668510437
20698,5687.287502034505
20700,8082.637504069011
20703,6192.287509663899
20704,9855.870838419596
20705,5705.966673787435
20706,2608.1541732788087
20707,7145.370841471355
20710,9559.000005086264
20711,4012.0250071207684
20712,1241.9000020345054
20713,7409.98334350586
20714,6190.995840454102
20715,2604.4541697184245
20716,7439.08750559489
20722,2194.3916684468586
20724,7752.933340454102
20726,9259.304166666667
20728,7475.512503051758
20729,9325.345837402345
20730,5677.087508646648
20734,6771.483341471355
20735,879.4625010808309
20736,5293.633340454101
20737,3355.375001780192
20738,7211.600008646647
20742,9175.950001017252
20743,476.64166690111165
20744,2308.4250022888186
20745,4204.783339945475
20746,7842.475006103516
20751,2077.3000005086265
20754,4687.370831553141
20756,9237.129178873698
20758,3838.7708384195957
20759,5892.166667175293
20760,7268.4416646321615
20761,9092.80000813802
20762,2298.170833333333
20763,2629.058333333333
20764,4948.054168701172
20767,9552.80417277018
20769,1502.275002034505
20770,5270.120841471355
20773,5069.929169209799
20775,9801.750006103515
20776,3346.1125020345057
20777,9191.929174804687
20778,866.6125003178914
20782,3960.5375081380207
20783,3654.3333379109704
20784,2553.083336893718
20786,1689.5791684468588
20787,6941.537508138022
20788,4217.862507120769
20789,635.1375003178915
20790,935.6208335240681
20791,5997.333337402343
20800,9101.875006103515
20801,5224.437507375081
20804,7420.291672770182
20807,8240.920840454102
20809,601.6291670799255
20810,9815.68750813802
20812,9856.47083943685
20814,3125.2250022888184
20815,4580.745836893718
20818,416.32500016093246
20819,5577.700006103515
20820,5432.283338928221
20821,6270.116665649413
20823,5412.345835367839
20826,8048.76250406901
20827,9569.133336385092
20828,6081.441680908203
20829,3720.4416692097984
20830,6999.525009155273
20831,3997.9375027974443
20833,4202.433340454102
20835,1147.8000008265178
20836,4441.929168701172
20837,7994.808339436849
20838,4602.929168192545
20841,5343.2333424886065
20842,7052.525005340576
20843,6936.741675058999
20844,3434.6291681925454
20845,5606.808343505859
20849,9272.337506103517
20850,3791.891668701172
20851,5761.983340454101
20852,7308.900007883706
20853,4643.179170735678
20854,3006.779168955485
20855,6826.24167175293
20857,848.5666670481364
20859,5266.320836385091
20861,5929.1875055948885
20863,7366.350013224283
20864,9246.787506103516
20865,3712.5083371480305
20866,1122.3958356221517
20867,9280.208338419596
20868,9101.5333404541
20869,8048.716671752928
20872,6386.020838419597
20874,666.1625012079875
20875,7345.162502034505
20876,4474.391669718425
20878,5606.629172770183
20879,7156.820841471355
20880,667.512500890096
20882,9284.533337402343
20883,9206.508337402343
20885,344.02916668554144
20886,5397.479173787435
20887,726.8041674296061
20888,6303.737501017252
20889,3980.2916671752932
20891,6344.845839436847
20892,7452.81666844686
20893,5465.275002034505
20896,4952.387503560383
20897,603.7083336909612
20899,7165.175003051758
20900,9237.345838419596
20901,6427.220835622152
20902,5839.470838419596
20903,3223.325006866455
20905,6410.762502543131
20906,9277.516672770182
20911,4097.5791687011715
20912,6703.079176839193
20913,7918.9833424886065
20915,3261.8500025431313
20916,8168.441675821939
20917,9807.741674804687
20921,3762.487505086263
20924,3319.158334859212
20925,5109.320837402344
20926,6685.283341471354
20930,6273.84166768392
20932,5214.7999994913735
20933,3502.8541702270504
20935,7461.683342488606
20937,1903.6083335876465
20940,6676.633337402344
20941,845.1083348592123
20943,3424.812503560384
20944,819.6958340326946
20946,1616.4708351135253
20947,5515.216668701171
20949,7296.6500091552725
20950,2905.0583389282224
20955,3734.041666666666
20957,6316.79583791097
20958,7356.766669718425
20960,6680.483334350586
20965,9119.575004069009
20973,9169.179174804687
20975,3615.6916707356772
20976,7368.595839436849
20984,6365.287501525879
20985,6346.237504577636
20991,9584.787505086262
20994,517.1916668097178
20997,7380.041667175294
20998,3409.154171244303
21003,5469.00833791097
21004,7420.11250406901
21006,3227.1125025431315
21008,4420.583332824707
21009,681.3125006357828
21010,4943.6375071207685
21013,9277.175008138021
21014,7936.387504069011
21016,7090.5625096639005
21017,5012.358336893717
21021,746.7125003178913
21023,3717.516671244304
21024,6070.112510172526
21025,2981.487505849202
21027,7465.53750559489
21029,1097.2083339691164
21030,1080.3708339691163
21031,685.6291671117148
21032,7210.570836385091
21033,7176.920837402344
21034,9143.820843505859
21035,1058.7583342234295
21038,5434.600007629394
21039,1966.0708353678385
21042,7839.7291697184255
21046,6686.450006103515
21047,4692.69583384196
21050,879.3625004450481
21051,9250.766672770182
21052,7026.962504069011
21054,607.8541666666667
21056,5063.37917022705
21057,4916.920836893717
21058,2317.329167175293
21059,3159.470835876464
21060,826.9875015258789
21063,336.10416676228243
21066,674.7458334287007
21074,7597.579166158041
21076,3989.0166666666664
21077,6803.0083374023425
21078,2535.2583353678388
21080,7090.620841471355
21084,395.10833357969915
21090,9166.287507120767
21093,4061.6041674296066
21094,4978.583340962728
21095,9099.045837402344
21096,5099.804170481363
21097,9102.695838928223
21098,830.0875021616616
21099,7730.929172770182
21102,6922.129176330567
21103,7257.570842488606
21104,4695.750006357829
21105,5449.416672770182
21106,9086.091671752929
21107,8233.979176839193
21108,6523.579174804688
21109,908.1250003814698
21114,802.5458347956338
21119,6905.5458424886065
21120,4205.937503560384
21121,5304.200003051757
21125,7437.658340454102
21128,5755.329171752931
21129,770.408333269755
21130,4060.287506612142
21131,4433.820835113525
21133,9198.679171752929
21134,2836.6666656494144
21135,6667.716671244302
21137,2268.791668955485
21138,5738.72500406901
21139,598.0541672070821
21140,4987.78750559489
21141,4943.795839945475
21142,3508.9875020345057
21143,2715.1250071207683
21144,3525.416672770182
21146,3828.804167683919
21147,7372.7583414713545
21149,5367.287509155273
21150,6223.166671244303
21152,9269.925006103516
21153,6832.083343505859
21155,998.887501525879
21158,2410.654167175293
21159,5615.862502034505
21161,6064.250001525878
21162,2673.4625012715655
21163,7374.379175313315
21166,6670.012506103514
21167,7580.900006103516
21173,3614.6208302815758
21174,6134.320835367838
21177,5361.30000406901
21178,5621.120834859213
21180,9318.754169718422
21181,844.3624998728434
21182,746.6666671435038
21183,7729.616679890952
21184,5939.862507629394
21186,4926.112503560384
21187,9220.141676839192
21188,7191.995843505859
21189,5877.679174804689
21192,7030.8208404541
21193,4621.487513224284
21196,666.3541670799254
21198,7243.308338419597
21199,4164.629165140787
21200,7530.054167683919
21204,7450.833331298828
21206,4032.1875038146973
21207,3826.7583394368485
21208,7394.612509155274
21210,2393.1208353678385
21211,853.4000010172525
21212,3579.1666727701827
21213,2306.5500005086265
21214,6489.866669209798
21216,9151.675005086263
21217,802.9625009536743
21218,7777.583342488607
21219,9185.925005086263
21220,4149.8625
21223,9137.225003051757
21224,7568.233336385092
21226,9242.108339436849
21227,3099.6291692097984
21229,514.2416669686636
21231,7323.241670735676
21232,6073.445837402344
21233,5091.362503051758
21237,6316.612501017252
21240,4477.758337656657
21245,9130.975013224283
21246,7606.212508138021
21248,7477.395836385091
21251,3741.3083379109703
21252,3933.8708389282224
21254,4143.216670227051
21256,7590.770840454101
21257,4614.299999237061
21258,7497.462504069011
21259,9289.708339436847
21260,7241.06250406901
21262,2417.1125025431315
21263,8120.300009155272
21264,6385.19166768392
21265,7444.48750406901
21268,713.795834128062
21269,471.11250013510386
21271,9291.308340454101
21272,9241.904170735676
21274,7919.970843505859
21276,2836.5333353678384
21279,4972.000002543132
21281,3363.1416702270512
21283,9122.04584452311
21285,5301.237503560384
21288,4007.6208368937173
21289,9124.741671752929
21291,6460.8875071207685
21292,672.4333337783813
21294,8147.666667175293
21296,3852.1333348592125
21299,6806.741672770182
21300,4988.700002034505
21304,584.0208335399627
21306,1003.7375012079874
21307,3831.9333368937173
21309,7405.8583424886065
21312,5019.27084197998
21314,6481.466669718425
21315,9792.31667175293
21316,3582.6125068664546
21317,3680.062503051757
21318,2600.1041671117146
21319,6330.162504069011
21320,5041.375003051758
21321,6936.645839945476
21322,9118.787507120767
21323,7332.508346557617
21324,3169.329168955485
21326,9297.945836385092
21327,5382.508332316081
21328,7428.987502543131
21330,2968.300002034505
21331,4227.587502034505
21332,9166.270838419596
21333,5733.095834859211
21334,7317.162501525879
21339,1040.2250006357829
21340,458.416666696469
21342,1010.2958347956338
21344,7548.395833333332
21345,9255.250009155274
21346,9223.45417022705
21347,936.758334827423
21348,606.2500003178915
21349,2206.8916681925457
21350,7352.308338419596
21352,679.8541674296062
21355,1039.7333335876465
21359,8194.845841471355
21361,5529.800001017254
21362,7128.4166702270495
21364,4989.441671752929
21366,3095.2666684468586
21367,5268.675002288819
21368,7473.225003051758
21374,9077.916678873697
21379,3809.0291666666667
21380,2576.2416691144304
21382,2478.375001017253
21383,2942.6666681925453
21385,6017.220840454102
21388,7579.545836385091
21391,7946.129172770182
21393,4060.4750025431313
21394,9192.020837402342
21395,6126.595841471354
21398,7699.700009155274
21399,846.133333969116
21400,5289.766672770183
21401,5601.004173278809
21402,9316.679173787436
21403,9168.670834859213
21404,807.50833346049
21406,5581.662503051758
21409,3581.28750406901
21410,5340.850004577637
21412,9065.133340454102
21413,3605.391670735677
21414,6655.854168701172
21415,7066.125005086263
21417,500.0458340565363
21418,3123.395836639404
21419,3596.900002797445
21420,3957.43750406901
21421,9264.0
21422,4320.445840454101
21423,792.5375004768371
21426,8145.266668701172
21429,584.3958338101705
21432,6551.06666768392
21433,4501.93750406901
21434,4915.879176330566
21435,7097.562500508626
21436,986.3791680653889
21437,9074.637506103514
21438,3943.820842488607
21443,7352.075003051758
21445,7344.250004069011
21446,4499.595838419596
21448,7288.645840962728
21450,1004.591668319702
21451,2570.883339436849
21452,6424.704169718424
21453,6847.825006103515
21455,8176.258338928223
21456,8265.341669718424
21458,679.6041672388711
21459,5804.320834350586
21463,5408.041669718425
21464,9851.67917277018
21466,604.2458333412807
21468,3482.4875050862634
21470,3261.80833714803
21473,7094.5041778564455
21474,4601.4666681925455
21476,6021.5791707356775
21478,3031.0791678110763
21479,7187.841667683919
21482,6130.25416768392
21486,5653.47083791097
21487,5161.3375045776365
21488,3408.283335113525
21489,1086.5208353678383
21490,6917.600011189778
21492,9305.562504069012
21493,9270.145844523111
21495,5327.529170735677
21499,6920.650005086262
21500,2340.4750022888184
21503,5536.320838419597
21504,6696.258334350586
21511,771.2708338419596
21513,6860.9083363850905
21514,377.3750000288089
21515,9515.829173787433
21516,3410.929168446859
21517,581.0583335200945
21519,5009.504166666667
21521,4585.879167683919
21522,9572.412506103516
21525,981.9583342234295
21526,9171.28750813802
21527,4807.63333384196
21529,6952.6708424886065
21530,2096.3750038146973
21531,9532.229169718425
21532,9137.029173787434
21533,3555.0666717529293
21534,7591.437505086263
21538,2393.9166679382324
21540,4059.1291717529293
21542,4678.295835113526
21544,6305.38334350586
21545,1127.4374998728433
21547,3681.1041689554854
21548,3495.029169464111
21551,4117.820836639404
21552,7475.041676330566
21556,2854.8208340962724
21557,4446.908345031738
21558,3454.6125048319495
21559,9253.56667175293
21560,2529.625002288818
21563,663.3666673660279
21567,7145.829171244303
21568,2423.2791694641114
21570,784.8291674613952
21575,6372.1166671752935
21576,9795.250007120769
21577,531.1333333969116
21579,2429.2750010172526
21580,763.570833969116
21581,4215.925003051758
21582,3886.4041737874354
21586,5411.179169718424
21588,6025.070840962727
21589,7164.870834859213
21590,6307.587506103515
21592,6208.358337402344
21593,5797.587505594889
21594,8220.75417175293
21595,2336.0000016530353
21596,6389.079173787435
21597,6633.845837402343
21599,5376.1500045776365
21600,904.0625019073486
21604,802.7958342870078
21605,2746.0166697184245
21606,9800.400009155272
21607,6688.35417175293
21608,6158.179176839192
21611,947.866667175293
21612,9291.745841471353
21613,4925.204167429606
21614,7810.387504069011
21617,5636.36250559489
21618,5029.166667175293
21621,6927.349997965495
21623,7331.716670735676
21624,3950.2291707356776
21625,9853.95417175293
21626,4861.091670735677
21634,3921.429166666667
21636,5520.204173787435
21638,6106.695838419596
21641,5161.345834350585
21643,7716.508344014485
21645,944.1333340962728
21646,901.1666670481363
21649,5638.59583943685
21650,5431.479173787434
21651,846.2416681925456
21652,6619.016674804687
21653,7023.454172261555
21654,7925.241668701172
21659,4515.079174296061
21660,366.1500000089407
21661,3368.4208335876465
21664,7022.304172261555
21665,3832.929170735677
21666,9853.487505086263
21669,5849.983336893718
21671,5307.850003051758
21673,9231.404170735676
21675,4317.300001017252
21676,6357.8375045776365
21677,2671.095835113525
21678,9039.512505086263
21680,5013.266676330567
21681,7214.808340454102
21683,4192.550003051757
21684,2965.4125040690105
21685,902.8041673660277
21686,5260.791668701172
21688,3854.1208348592118
21689,6831.887508138021
21690,7442.525002034505
21692,7313.037503051758
21693,5269.425002034505
21694,1111.8833330790203
21695,2311.6000025431313
21696,4182.095836385091
21697,6887.562505086263
21698,9186.962510172525
21699,5359.358338928222
21705,3142.679172770182
21709,6919.662506103516
21710,8013.783344523112
21711,9597.183342488606
21714,6649.141668701172
21715,7333.987511189778
21716,4044.812507629395
21719,9170.070840454102
21721,7819.2625050862625
21723,8166.475009155274
21727,9245.575006103516
21728,4486.566668446859
21729,5588.920841471354
21730,708.0541673660279
21731,7626.454176839193
21732,1723.7750011444093
21733,6676.354172770181
21734,3906.279170481364
21736,5076.241665649413
21737,7500.783341471353
21738,7583.44167175293
21739,7465.037503051758
21741,7517.287505086263
21742,7209.191672515869
21745,9150.245837402343
21746,879.4458344777426
21747,6979.320842488607
21750,2598.1666679382324
21751,1979.4625020345054
21754,5064.4999989827475
21756,7340.250010172526
21757,5240.866673787435
21758,5586.387505594889
21760,3993.85833791097
21765,5174.816673787435
21767,4531.737505086264
21768,3731.0041697184247
21769,7133.741673278809
21770,4600.433333841959
21771,3668.3541687011725
21772,6305.545833333334
21773,6981.275005086263
21774,7570.662506103516
21775,4314.233336385091
21780,5324.087502034506
21781,8646.587501907348
21782,6763.245837402344
21790,6311.424999745687
21791,5847.879170735677
21792,6320.904173787435
21793,9272.041674804686
21794,1637.8083354314167
21796,689.5083334922791
21798,7437.370842488607
21799,3886.5958399454753
21800,5315.6541681925455
21802,4159.337502034506
21803,3979.5500040690094
21804,7088.72917582194
21805,2891.3500010172525
21806,7551.729172770182
21807,9159.295842488607
21808,5881.0750071207685
21812,3496.6708363850908
21813,566.2375005086263
21816,7436.512511189779
21817,3749.3416692097976
21819,7598.550006103515
21821,924.1041674931844
21823,6499.537507120768
21826,5698.170838928222
21827,2554.987505086263
21828,4001.79166615804
21829,3888.9500035603837
21831,6004.770841471353
21833,4879.570835876464
21836,9241.420835367839
21837,7565.066674804689
21838,2836.9791720072426
21839,7436.07500406901
21840,3351.2541671752933
21844,5643.416668701171
21846,6864.612500508625
21847,7677.504167683918
21848,9225.112502034504
21851,7118.220840454102
21852,9008.762505086264
21853,7569.60417582194
21855,3247.283333841959
21856,9221.204170735677
21859,7374.350003051758
21862,2459.866667175293
21864,1158.0541684468587
21866,9163.962505086261
21867,5261.77917175293
21868,6318.700004577637
21869,6466.962504069011
21870,6776.183338928223
21871,6440.237503051757
21872,1178.666667175293
21873,9163.670830281575
21874,3660.7250020345055
21876,3765.1916742960607
21877,9265.570838419597
21879,7313.191676839193
21882,9292.208345540364
21885,5044.975000508626
21886,2927.025002797445
21887,5384.491673787435
21888,6301.958340708414
21889,6436.245847574869
21890,5462.995842488606
21893,5562.958336893717
21894,5528.30000559489
21895,1878.470835876465
21896,9255.77917175293
21899,9274.695840454102
21900,6411.8208414713545
21901,3828.137506612142
21903,5366.637504323323
21905,4561.337498982747
21906,9145.433343505858
21908,2452.3000012715656
21910,5321.408339436849
21911,3537.3166737874344
21913,6913.704172261555
21914,3475.5458340962723
21916,3704.4041753133138
21918,594.1374999046326
21919,3541.020834350586
21921,7359.8083353678385
21923,3909.133334859212
21925,825.1291667938232
21926,6753.441672261556
21927,7127.654175313313
21928,1964.5375017801923
21930,6570.13334019979
21931,4080.450007120768
21934,7573.537506103516
21935,7081.500004577637
21936,9855.937507120767
21937,4236.462502797444
21938,9282.158342488607
21939,9849.71250406901
21941,3532.7583363850904
21942,5501.066669718424
21945,8193.054168701172
21946,3709.5708389282227
21947,6330.67917175293
21948,7054.3208394368485
21952,524.2500001589457
21953,7349.275013224284
21957,7450.945840454101
21958,871.333333905538
21959,4920.816671244304
21961,5408.483335367838
21962,5750.90417175293
21963,700.6666666666666
21964,5793.504169718424
21967,7576.725005086263
21969,974.6166679382324
21970,4770.979169972738
21971,1093.0125010172526
21973,7864.200005086263
21974,3824.9708404541016
21980,2447.1333384195964
21981,996.7541684468588
21983,4542.67917022705
21984,3158.612503814697
21985,3136.1541714986165
21986,7378.954170735677
21990,6524.233341471355
21991,4324.966668701171
21992,3548.9250015258785
21994,6370.179172770182
21995,2748.754167683919
21996,1019.291667811076
21997,4599.004170227051
21998,7306.641667683919
21999,2614.0916717529294
22002,626.6708345413207
22004,4987.4916671752935
22005,9583.987508138021
22007,7500.17917175293
22008,4164.675007629394
22009,3527.9791666666665
22012,9800.800008138021
22013,4759.379168955485
22015,1138.541668319702
22016,4764.1750096639
22017,934.716667366028
22019,9173.200002034506
22020,5296.337505594889
22021,357.75833335729936
22022,4497.791673787436
22023,7334.612503051758
22025,6774.937505086262
22027,7591.841670735677
22028,1174.8416687011718
22033,6799.058338928223
22034,8079.437498982748
22035,5728.154173787435
22036,2108.275001525879
22038,549.8958339055379
22039,7268.354170735675
22042,9188.37500406901
22044,4204.058336893718
22045,5041.525004069011
22048,9282.900003051758
22049,6450.112504831949
22051,4784.30000406901
22052,1180.7000015258789
22053,2694.258339436849
22054,6845.550006103515
22055,2433.7333351135258
22056,7124.879168701172
22058,9239.954173787433
22059,5229.737506612141
22061,1003.7625016530355
22062,7545.554173787435
22065,5447.01667582194
22066,3169.3791722615556
22068,8962.262499999999
22069,4446.695839436849
22074,7821.23334350586
22076,5295.233332824707
22077,4484.025007120768
22078,6416.629171244304
22079,9442.116677856444
22080,7817.600007629394
22082,540.6625002861023
22084,6807.108337402344
22085,7133.729167175293
22086,5259.2666684468595
22090,9236.087506103515
22091,7699.883338928223
22093,4257.525005594889
22095,659.6625011444091
22098,2924.7833374023435
22099,1238.5583333333334
22100,2652.387501780192
22101,5216.620843505859
22102,9853.820838419595
22103,3388.8833356221517
22106,7496.875012207031
22107,7313.104177856444
22111,7191.779168701171
22112,9114.425008138021
22116,1248.37916653951
22121,9073.57500813802
22123,787.6666678746542
22124,821.5291681925455
22125,4953.633337402344
22126,7456.91667582194
22127,4276.504170735677
22130,2986.262508138021
22131,7419.025005086263
22132,899.0041661580404
22134,9284.141670735677
22135,7305.6083424886065
22136,9229.100013224283
22137,8835.054169972736
22141,7446.950006103515
22143,5848.079175059001
22146,7610.833336385091
22147,4183.850003051758
22148,9199.200008138023
22149,3747.308335113525
22151,7278.525012207031
22152,6457.379169718424
22153,3856.2208376566564
22154,4149.458337656656
22156,8049.583340962728
22158,2223.9416681925454
22159,5828.687503560384
22160,5944.233340454101
22161,5760.65000559489
22163,2593.270834604899
22164,9199.249998982747
22166,7057.204174296061
22167,1075.933335749308
22168,9577.095843505858
22169,7701.391666666667
22172,7575.400009155274
22175,5096.029176330566
22176,1253.9833358764647
22177,2320.1916722615556
22178,9292.00001118978
22181,4970.15833791097
22182,3748.091672770182
22183,803.1166667938232
22184,6625.633343505859
22186,9840.562506103515
22187,5474.437506612142
22190,8258.975005086262
22193,4470.929172770183
22194,4802.937505086263
22195,6522.400007120767
22196,681.2875011444091
22197,9144.870837402343
22198,709.9625005722046
22199,8123.59167175293
22200,5708.916663614909
22202,9289.483335367839
22203,3039.2833391825357
22204,6772.141671752931
22205,3715.0500035603836
22206,6679.370836385092
22208,5370.991670735677
22210,3674.2291717529297
22212,9277.945839436848
22214,5830.270837402343
22216,6196.000006612142
22219,7027.050005086264
22222,6676.391672770183
22223,9285.654169718424
22224,5156.0041778564455
22225,7840.954177856445
22226,875.3500020345051
22227,9277.600001017252
22229,3307.8833351135254
22231,5602.000004577636
22233,3344.3916717529287
22234,9291.383335367838
22235,4127.612504577636
22236,7982.783345540364
22237,5563.808335876464
22240,3071.958336639404
22241,8024.91250406901
22242,7905.470835367839
22243,6794.000005086262
22245,5735.062501525878
22248,7486.787509155273
22249,4141.0500081380205
22250,6862.112506103515
22251,7642.595838419596
22252,695.7916669845581
22253,5148.266672770183
22254,2339.495835876465
22255,4184.583335622152
22257,3260.1708374023438
22260,7521.7291676839195
22262,7070.320838419597
22263,7229.300003560384
22264,6757.995834604899
22265,7180.341666666667
22267,9816.512507120768
22268,7156.8833414713545
22269,9191.779172770182
22271,813.0625001271566
22272,5251.533334859213
22273,5683.700007629394
22274,5579.383338928223
22275,1039.2250011444091
22277,9850.295837402344
22282,7443.116670735678
22283,1332.7125012715658
22284,687.4791668256124
22286,7845.745838419597
22287,762.1583344777424
22288,6858.425007120768
22289,5279.983338419596
22290,2771.429168955485
22291,5079.770837402343
22292,1270.4041675567626
22293,7454.479170735677
22295,5580.041668192545
22296,4991.67084350586
22297,7829.6750081380205
22298,2570.075003560384
22299,3820.179166666667
22300,9024.020837402344
22302,9113.633335367838
22303,9037.566677856446
22305,3249.166669972738
22306,6853.858335876465
22307,9303.558336385091
22308,4338.412510172526
22309,6990.604171244304
22312,9583.68333231608
22313,2023.7625015258789
22314,6507.662509155273
22315,3021.9041732788087
22316,9501.33750406901
22317,792.5291680018107
22318,6823.183339436849
22319,9532.966675821941
22320,6337.520840962728
22322,8211.691677856446
22323,9200.295842488607
22324,6383.59583714803
22328,7990.94167582194
22329,4293.237505086263
22330,4696.01250813802
22331,7571.504173787434
22332,3705.925007120768
22333,773.6375001271566
22334,7024.504168701173
22335,7028.366670227052
22336,7954.650003560385
22338,9505.737502034506
22339,4181.845840454102
22341,3688.43333307902
22342,6693.712505594889
22343,7808.466678873697
22344,1004.7708351771038
22345,7648.9333374023445
22346,2404.0208353678386
22350,3878.9375045776374
22351,4173.887509663899
22353,3298.3041702270507
22354,6452.658344014485
22355,6802.125006103516
22358,5089.262501017252
22362,5442.954172261555
22365,5546.629170735677
22366,6349.720839436849
22368,3619.895840962728
22369,3443.90833791097
22370,677.920834159851
22371,4324.366667938232
22372,9285.570843505859
22373,2412.270838419596
22374,3159.6250005086263
22375,6751.666673787436
22376,7620.187505086263
22377,4789.7375081380205
22378,5219.266669718425
22379,5643.216666666667
22382,6863.779168701171
22386,5790.487502034505
22387,9206.31666870117
22388,2941.7791694641114
22390,4282.77917175293
22391,3302.808337402344
22392,3204.258336639404
22393,9790.424998982746
22394,9095.354172770183
22395,7597.445838419597
22397,7496.245844523112
22399,8219.000013224284
22401,6197.979175313313
22402,7307.550001017254
22403,5048.09167582194
22405,9188.316677856446
22406,3980.5125035603837
22407,8080.012509155274
22408,4694.6083379109705
22409,925.8666677474976
22410,2662.666676330566
22411,9584.22917175293
22413,6342.458336385091
22415,7227.329173787434
22416,7255.783340454102
22419,7454.275004069011
22422,7986.275005086263
22424,5615.966670735676
22425,9236.970841471355
22426,5012.170844014486
22427,7855.270839436848
22428,5219.220841471354
22429,7673.283343251546
22430,2764.5833333333335
22431,4596.32500406901
22432,5130.633336893718
22433,909.2375007629395
22436,2126.941670227051
22437,4771.67500559489
22438,4957.412502543131
22439,5239.762506612141
22440,5834.337510172526
22441,3746.4500045776367
22442,3401.7333379109696
22443,5354.479171752929
22444,2911.804170735677
22446,658.2000005086263
22447,7228.279173787436
22448,7806.229168701172
22449,7624.816669718424
22450,7303.391670735677
22451,7431.604170735678
22452,9279.05833536784
22454,752.5583344141642
22455,9855.512505086264
22457,5225.987508646647
22459,4155.8916753133135
22460,5474.129171244303
22461,4796.58333791097
22462,8125.3583379109705
22464,5154.5000010172525
22465,5214.454168446859
22466,9208.420835367839
22470,9269.141670735677
22474,8160.391678873697
22476,3693.204170735677
22477,7235.183344523112
22479,7324.695833333334
22480,9536.504164632162
22482,5331.920834859212
22485,2971.670839945475
22486,7595.712507629395
22487,4304.241672770183
22488,1149.9541690826416
22489,3738.537507629395
22492,6998.491675313315
22493,8094.616673787435
22495,4613.845835367839
22497,7536.825006103515
22499,4370.366671244304
22500,3686.829174296061
22502,7189.400010172526
22507,7613.795841471353
22508,625.5250008265178
22510,2761.4041693369545
22512,6334.895839436849
22513,4269.587503560383
22515,6059.512509155273
22518,7370.095836385091
22519,5485.625003306071
22520,7066.516664632162
22521,2416.283334986369
22523,7513.220833333333
22524,9852.75417989095
22525,7691.833339945475
22526,9295.758337402343
22527,6563.245841471355
22528,2169.075003814697
22529,2472.0208348592123
22530,8237.741669718425
22531,2586.7541661580403
22533,4116.85417098999
22538,4913.841669718425
22540,452.7041670163473
22542,7172.670834350585
22544,5288.916677856445
22546,1459.4875010172527
22547,9296.966667683919
22549,3974.975004577637
22550,9796.475002034504
22551,9589.779173787434
22552,6063.870835876464
22553,423.7499999503295
22554,9141.937506103517
22558,1206.3750027974445
22560,3481.0416697184246
22561,9049.208345540364
22562,7697.275007120769
22563,9563.812505086264
22564,9124.787501017252
22565,4967.037504323323
22566,5690.200001525879
22567,6130.262506103515
22570,3826.770836385091
22573,6268.6125081380205
22577,7407.566674804686
22580,5754.983340454101
22581,7634.512501017251
22583,9179.079178873699
22584,7124.137510172527
22585,3206.245836130778
22587,2739.408333841959
22588,4069.75000406901
22591,9203.241670735677
22592,9060.595841471355
22593,7636.141673787434
22595,9136.320837402343
22596,9206.762505086263
22597,6457.504174804687
22598,6183.916673278808
22599,1219.4708344777425
22600,7679.604179890951
22601,7211.220836893718
22602,8076.337507120769
22603,9078.483339436849
22604,9222.466672770182
22605,4121.0791707356775
22606,1199.8583349863688
22607,2342.633337402344
22608,4401.650003051757
22609,3818.1250017801917
22610,7674.620833333333
22611,7301.966677856445
22612,7270.616672261555
22613,9560.987503051758
22614,9184.483337402344
22615,1034.825001144409
22618,5791.383337402344
22621,4354.808336385091
22622,6245.962505849202
22624,3559.6666692097974
22626,8118.87500406901
22627,7427.8166732788095
22628,3513.433335876465
22629,5645.012501525879
22630,3857.0166648864747
22631,2732.2291659037273
22633,4245.25417175293
22634,3901.5208465576175
22635,5384.995846557617
22637,3148.291665140788
22639,6795.07500813802
22641,5133.44583791097
22642,7490.6375050862625
22643,7587.458335367838
22644,9848.220838419596
22646,5790.7416717529295
22647,9117.066672770183
22648,5267.508340454101
22650,9182.71250406901
22652,3345.041669718424
22653,6632.41250559489
22655,9137.325001017252
22657,406.84999998013177
22658,5624.879173787434
22662,6749.700009155273
22663,4333.695835367837
22664,9316.816678873698
22665,7966.479176584879
22666,9138.362502034506
22668,7856.60000254313
22669,5314.637503560384
22670,7405.358343505858
22671,7977.070840454103
22672,4159.958335622151
22673,1234.420833969116
22676,3572.3083399454754
22678,7333.0916748046875
22682,6231.3375045776365
22683,3992.416669209799
22684,4600.595836893717
22685,4809.645831807455
22686,7342.862509155274
22687,9202.425005086263
22688,3354.533336130778
22690,6805.191669718423
22691,6664.92083536784
22692,5125.391667683919
22694,4172.233337656658
22695,5793.866673278808
22696,706.5583347320558
22697,9588.808333333332
22699,9277.358342488607
22702,9543.612506103515
22704,1758.0750007629395
22705,7313.71667582194
22706,8191.300007120767
22709,737.1833347320556
22711,9150.054170735677
22712,5621.675007120768
22714,5764.250005086263
22715,6274.495835622151
22716,3181.579169718425
22717,9116.145833333334
22718,903.4375006993611
22720,9789.100003051755
22721,912.5916675567627
22724,4602.3041694641115
22725,5767.879171752928
22726,9242.970838419596
22728,3077.5916676839192
22729,2383.0708352406814
22730,6347.141666666666
22732,7103.433336893718
22733,9166.220841471353
22734,7756.833345540365
22735,9804.345838419596
22736,7165.691672770183
22737,6879.575008646647
22738,552.6166673342387
22739,9302.004172770181
22740,9536.029174804688
22742,5462.283336893718
22743,7419.037506612142
22745,4338.245836893717
22746,656.6041677157084
22748,9856.279169718424
22749,9111.70417175293
22751,2690.9583351135248
22752,7300.179168192545
22753,9797.958333333334
22756,2710.350000508626
22757,776.3750003178915
22758,9186.433340454101
22759,3641.8500025431313
22762,6771.145839436849
22763,9157.062505086262
22764,4927.3208437601725
22766,1123.433334604899
22768,989.1166670481365
22769,4749.475006103516
22770,3895.6250045776364
22772,9561.370846557618
22773,3715.054172770182
22775,6741.408338419596
22776,9117.558344523111
22777,6803.4500071207685
22779,870.7416674296061
22780,7956.600002034505
22781,9846.7208404541
22783,9016.76667175293
22784,6474.920838928222
22786,7951.304162597656
22789,5796.012512207031
22791,950.1833348592122
22793,7888.608336385091
22794,6816.487503051758
22795,830.0916670481364
22796,787.4583342870077
22798,7038.8583399454765
22800,5791.116676839192
22801,7844.491668192545
22802,7566.1250101725245
22804,1133.2
22808,4632.987507120768
22810,9790.5083404541
22811,4052.325004069011
22812,655.991667620341
22813,3044.325006612142
22814,7282.920844523112
22816,3702.0791666666664
22818,4940.008338928223
22820,9255.920837402344
22821,852.2791672388712
22823,7005.7625050862625
22824,6906.2000050862625
22825,4552.675004577637
22826,9306.491673787436
22828,6417.037503560384
22829,9299.754169718424
22830,7460.187505086263
22831,8086.43333638509
22832,6068.379174804687
22833,953.6791664123535
22836,4213.795839436849
22839,3382.995835622151
22840,858.0583335240681
22841,6103.854170735677
22842,4676.012502034505
22845,9093.558342488606
22846,3585.575005086263
22847,7157.412506103516
22848,3825.9291702270507
22851,7097.016677347819
22853,2289.258334859212
22855,4995.033335367839
22859,5815.587505086262
22860,9845.612505086263
22861,2988.9833351135258
22862,9215.029172770182
22864,2117.620834096273
22865,361.6666668891907
22870,6625.425006103515
22871,7317.612507120768
22873,4206.291671752929
22874,6025.100007120768
22875,4928.341668701171
22876,6708.783343505859
22877,9792.675005086263
22878,4344.6250055948885
22879,9791.05833943685
22880,6972.733333841959
22882,4684.854169209798
22883,9585.104174804686
22884,6057.629175313315
22886,376.4000000158946
22887,3731.7500045776364
22888,3873.308336893718
22889,6557.9875081380205
22890,9133.554169718424
22891,628.9541673024495
22894,6654.666670735677
22897,7975.912510172527
22898,9268.895835367837
22899,564.9791671435038
22900,862.3375009536743
22901,2111.7125010172526
22904,3814.2583394368485
22905,7419.90416768392
22906,8115.77916870117
22907,7635.875008138021
22908,6950.354172770181
22909,1255.5375010172525
22910,7511.895838419597
22911,4432.150003560384
22913,7680.729170227051
22915,6403.44583791097
22918,2090.7541679382325
22919,9306.179174804687
22921,9280.037505086262
22922,1140.500000635783
22923,5646.833341979979
22925,7212.708335367839
22926,2898.9958381652827
22927,6374.720840962728
22928,7089.741672770182
22929,9131.400011189779
22930,2968.645836893717
22933,6472.279172261556
22934,7670.108344523112
22935,2240.1958379109706
22936,7773.383340454101
22937,4572.187503051758
22938,6656.979173787434
22940,2210.383332824707
22941,9851.27917582194
22943,6757.195842488607
22945,3154.454170735677
22946,5738.891671244303
22947,8920.579174804687
22948,9289.429169718425
22949,9210.745841471355
22950,6657.012506612143
22951,6142.529168955484
22952,6866.570836385091
22953,7400.920843505858
22954,4326.975005086263
22955,9846.504172770183
22957,9856.254170735676
22958,4639.579175821939
22959,6067.3416681925455
22961,5693.154173787435
22962,3745.8000045776366
22963,3725.9750033060714
22964,5592.933339436849
22965,7452.5041778564455
22966,6811.366668701172
22967,8002.745843505858
22968,9843.454172770182
22969,3515.4250045776366
22970,3598.341672770183
22971,7476.875002543132
22972,9813.42916768392
22973,8208.912508138019
22974,9241.095839436848
22976,7237.983341471354
22977,3612.4500022888174
22978,6677.90833943685
22980,3890.4458358764646
22981,2619.1083333333336
22983,3887.8583312988285
22986,3908.1333399454747
22988,8106.725009155274
22989,9795.733343505859
22990,4489.61250559489
22992,3855.516671244303
22993,381.9041676521301
22995,5574.383338419597
22996,2496.241667429606
22997,991.4375010172525
22998,7509.291670735675
23002,7289.300006612142
23003,3686.079173278808
23005,9183.133340454102
23006,3711.4166717529297
23007,2178.7750012715655
23008,7974.779170735676
23010,7033.341675821939
23011,2618.4166675567626
23012,7121.854171244303
23013,9493.187506103515
23014,3038.6791669209797
23015,3592.99167175293
23020,7713.570840454103
23021,5875.541672770181
23022,9113.091678873698
23023,1156.654169209798
23025,9159.708333333334
23028,9540.637503051757
23031,7259.12917582194
23032,9797.158338419596
23033,5202.983338419596
23034,6711.775006612142
23035,6495.804174804688
23036,7581.6291778564455
23037,1102.529167175293
23039,9801.5083404541
23040,3398.3958363850907
23041,3857.975002288818
23043,2022.7083361307784
23046,5898.249999491374
23048,923.3958342234292
23051,7398.858332316081
23052,3163.875003051758
23053,7019.145833333332
23055,7582.483330281575
23056,2414.991668192546
23059,7295.708340454101
23060,4979.087502034506
23062,5766.212510681154
23063,3975.1000071207686
23065,3933.870836385091
23066,4904.083339436848
23067,3838.4791707356767
23070,7275.091666666666
23072,2997.041665649414
23073,3815.3958353678386
23074,3702.6375020345054
23075,2627.329169464111
23078,4516.254166412354
23079,7958.187506103516
23080,7467.2416697184235
23081,1074.6333347320558
23082,9281.658341471355
23084,3445.770836385091
23087,2188.8500022888184
23088,5605.433339436849
23089,6342.104173533121
23090,7552.233340454101
23095,5511.908333841959
23097,6840.450007120767
23098,687.1291680018107
23099,3831.8291737874347
23100,7158.970835367839
23101,8066.645840454101
23102,8019.237510172526
23103,9189.983337402342
23105,4474.908336893717
23106,2795.3583343505857
23108,839.1666681607563
23109,7769.31250152588
23110,8936.454169718423
23111,2488.245833333333
23112,2943.345834350586
23113,978.7625010172525
23114,4909.63333384196
23115,9585.412507120767
23116,1196.0125012079875
23118,9195.491677856446
23119,2350.2083353678386
23120,4578.512501017253
23122,8227.433335367838
23123,6798.779173278809
23124,6364.908336385091
23125,2978.7500048319494
23126,6263.312502034506
23128,5747.912503051758
23129,9215.937504069012
23131,3486.679172770182
23132,7391.875013224283
23133,9258.354175821938
23134,6213.79583943685
23135,2365.420836130778
23136,5385.458337402343
23137,1247.0083335876463
23139,7159.816672770182
23142,512.0916669289271
23143,5214.4125020345045
23146,5590.383339436849
23147,4507.1541748046875
23148,4027.995834859212
23149,2342.59167175293
23151,3264.1250086466466
23152,6629.2000071207685
23153,9805.666673787433
23154,5744.56667022705
23156,6287.300007629394
23157,4030.4916681925456
23158,2776.9083389282223
23161,7080.116674804688
23162,5900.22917175293
23163,5556.387502543131
23164,9030.116670735677
23166,9548.766664632163
23167,7728.708334350585
23168,2581.2666692097982
23169,5217.145836385092
23170,6448.887512207031
23171,7361.354166666667
23172,486.32083335518837
23173,9101.645842488606
23174,5321.137504069011
23176,8088.425006103515
23177,3659.5666697184242
23178,5647.304176839192
23179,3083.0083368937176
23180,6371.087504069011
23181,9801.491666666667
23182,6411.750010172527
23183,4630.329174804687
23184,2092.6500012715655
23185,4274.883337402344
23186,5276.29583943685
23187,9209.58750813802
23188,5334.741669209798
23191,5765.983337402344
23192,5652.737501525879
23193,7151.287510172526
23194,4046.9583435058594
23196,3502.6958358764646
23197,3795.037507629395
23198,4913.645840454102
23199,1012.8333349863688
23201,9274.541674804686
23202,7907.59584350586
23203,4859.8250050862625
23204,1071.3625017801921
23205,7947.162507120768
23206,5282.19167734782
23207,885.062500254313
23209,7018.641672770183
23211,7582.80000406901
23212,555.6124998410543
23214,6558.6166717529295
23215,3697.3333404541013
23216,7143.712506103516
23218,9212.970838419596
23219,6047.645835876465
23220,7548.400003051757
23221,740.9375005722045
23222,7911.691670735677
23224,4855.7375
23225,7629.04583791097
23227,6337.6333374023425
23228,7403.608332316081
23229,9295.979165649414
23230,2751.8083297729486
23231,9796.400005086265
23233,6532.504173787434
23234,4447.245838928223
23236,7326.591670481364
23238,3575.2916702270504
23239,2495.554168701172
23240,5012.725003051758
23241,6680.241671244304
23242,9850.120842488606
23245,7077.675002034505
23246,3850.120834859212
23248,7617.383338928223
23249,9548.979172770183
23250,7260.900009155273
23251,7476.108337402343
23254,7295.766670227051
23255,6314.933341471355
23257,9783.841673787434
23258,6381.120839436849
23259,6517.312508646647
23260,4627.2166681925455
23262,5479.316674804687
23264,7227.766676839193
23267,7513.8208414713545
23270,7485.533334350585
23271,6224.733340454102
23273,5738.020841979979
23274,3639.8750045776364
23275,6099.525007120769
23276,7902.5625010172525
23277,7170.470838419596
23278,6912.062504069011
23280,9278.050012207032
23282,9291.61667175293
23283,4761.61250559489
23284,7998.387507120767
23286,3558.2833389282223
23287,7550.870836893718
23288,6342.404167175293
23289,7144.25000406901
23291,1049.0583344141642
23293,9252.358339436849
23294,4447.162504577636
23295,6917.245836893718
23297,5579.3625104268385
23298,3403.791674296061
23299,7405.900006103516
23304,9304.591672770182
23305,2209.441667175293
23306,1970.9250035603839
23307,588.5791670163472
23309,9093.679169718424
23310,7547.583339436849
23311,7504.112504069009
23313,4057.875014241536
23314,7581.770843505859
23315,7312.445836385091
23318,6117.875004577637
23319,826.1500013987223
23320,4116.616675821941
23321,6581.38751118978
23322,4925.350011189778
23323,7459.858333333334
23325,2392.8083368937173
23326,7471.887503051758
23328,9797.475001017252
23332,526.4000006357828
23333,502.950000111262
23334,9855.962501017251
23335,4085.900001780192
23336,6327.079173278808
23338,1232.0541687011719
23339,4900.587502543131
23340,6565.066672770183
23343,9174.912501017252
23344,6407.208335367838
23346,2065.9500010172524
23347,7677.55000406901
23348,5075.437503051758
23349,9203.770846557616
23351,6758.079170227051
23352,9074.708338419598
23353,9835.42083231608
23354,5829.941670735677
23356,9552.512507120768
23357,7166.808339945476
23359,3514.3416692097985
23361,7623.133339436849
23364,7954.391673787435
23365,2424.687503306071
23366,9262.516670735678
23367,5682.104174804687
23368,7654.608334350586
23369,9042.35834452311
23371,8037.608335876465
23372,6733.758341725667
23373,6273.879171244303
23377,4591.258333333333
23378,5904.466666158041
23385,5999.237501017252
23387,909.5750005086262
23388,9145.570849609374
23392,1120.9500013987224
23394,9798.483334350585
23395,7912.987506103515
23397,9593.125010172525
23398,1036.6916681289674
23399,6789.304178619385
23401,5615.495839436849
23402,7013.783346557618
23404,8001.729174804687
23407,9213.59167582194
23409,5198.433339945475
23410,5464.84583791097
23411,769.7333349227905
23412,4783.879170735677
23413,1590.2458368937175
23415,7101.9083363850905
23416,5416.3250071207685
23417,4806.00000406901
23419,3808.9041717529303
23421,1145.879165903727
23422,3894.5708368937176
23423,6984.300014241537
23426,6860.666675313314
23427,5073.683334350586
23428,3711.7208404541016
23430,8171.087503051756
23431,6725.600007629393
23432,3940.2291699727375
23433,4046.9916671752926
23435,749.6916671117147
23436,4108.145837402343
23438,6396.625002543132
23439,809.508335240682
23440,4446.541669718425
23441,1076.6083342234294
23442,3717.550003560384
23443,7151.150006103516
23444,7716.629171752928
23447,1323.387501271566
23450,5965.083339436849
23452,3877.1291674296062
23453,5323.937503051758
23454,5103.700002543132
23455,944.2083340962727
23456,892.3208339691163
23457,5705.079175821939
23459,6999.212502034505
23462,7483.433339436849
23463,9058.59166615804
23466,4594.420834859212
23468,5003.229172770182
23469,4519.362509155273
23470,4163.6874989827475
23471,9153.820844523112
23472,9553.38750406901
23473,7235.295838419598
23474,9183.40000712077
23476,7595.916672770181
23477,3704.700005594889
23478,6956.345842488606
23479,9171.662506103516
23480,7075.645838419597
23481,4916.012501780192
23482,3767.137506103516
23483,9126.945840454102
23484,7092.100010172526
23486,5857.275009663899
23487,5436.600003560384
23488,3553.4250045776366
23489,3133.975002288818
23490,9316.154176839193
23492,5775.79583384196
23493,484.27083347936474
23494,9219.620833333332
23495,9810.862505086263
23496,5613.320833587647
23497,4973.74583638509
23498,1714.545834096273
23499,3017.529166412354
23500,3665.875001525879
23501,787.8750014623006
23504,8142.004168701173
23505,2356.7958346048995
23506,4800.833341471354
23507,9171.112505086263
23508,5440.937503560384
23509,3854.9708371480306
23514,7166.266674296061
23515,840.5291670481362
23516,1201.2541685740155
23517,9214.22500813802
23519,9535.962503051758
23520,3121.633335622151
23521,4886.012505086263
23523,3625.6500050862633
23524,4843.495838419596
23525,7043.604174804687
23526,6736.612507629394
23528,7118.275005086263
23529,7028.383343505859
23530,7188.0291727701815
23531,8131.295841471355
23532,521.6833343346914
23533,605.9875008900959
23534,466.51666741371156
23535,4775.5000101725245
23538,4112.400001525878
23540,987.4416670799255
23542,510.6125009377797
23544,7230.60000406901
23550,9138.133336385092
23551,9225.937507120769
23552,9134.866674804687
23553,6656.8333323160805
23554,7049.6208374023445
23556,5187.204169718425
23557,7559.900006103516
23560,6797.245834859212
23561,3297.3333361307778
23564,6196.950003306071
23565,6977.329175059001
23566,5308.091670735676
23568,9220.520838419596
23569,435.6625000874201
23571,7448.237508138022
23572,584.8250000635782
23573,5817.987499999999
23574,5534.145834859213
23575,6354.600002034505
23576,5246.48333943685
23577,6802.05000559489
23578,9205.775002034505
23581,9110.025009155273
23582,4471.604166666666
23583,7048.195838165283
23584,5972.054168701172
23585,2449.979164123535
23586,7304.804170227049
23590,2757.1333353678383
23592,915.2916673024496
23593,3872.2875071207677
23596,5935.700005086263
23598,7025.416671244304
23599,3022.0250033060706
23602,6899.958342997234
23603,9530.995833333334
23604,9271.641668701172
23606,3458.312503560384
23607,3465.4458374023434
23608,2363.7625022888183
23609,9519.975006103516
23610,8076.4083363850905
23611,2472.9000013987225
23612,1008.4958346048992
23614,1011.2875017166139
23615,5390.61250406901
23616,2754.6083353678387
23618,6965.220846557618
23619,6868.774999999999
23621,2768.17500076294
23622,5712.295837402344
23625,5022.425001017252
23626,5193.370837910969
23629,7157.904177856445
23632,7694.1541727701815
23633,5247.8166692097975
23634,2589.5000091552733
23636,7333.404178365071
23642,6503.329167429606
23643,3616.6250091552733
23645,7261.020838419597
23646,6469.5500081380205
23647,5160.345842488608
23649,9207.550008138021
23651,4022.125001525879
23652,3873.804168701172
23653,1642.5458338419596
23654,9843.070846557617
23655,7081.033341471353
23656,6239.083341471353
23659,7545.037503051758
23661,888.1583346048991
23662,5488.61667022705
23663,8246.791673787435
23664,6136.679177856445
23665,2934.4375020345055
23666,7784.558338419597
23667,5790.512503051758
23668,770.6750006357828
23669,7208.545840962728
23670,4290.941672261556
23671,5211.570836385091
23673,2305.208338419596
23674,3906.987503560384
23675,6863.345836893717
23676,9136.383339436848
23679,9114.4833404541
23680,5543.225005086263
23681,6860.120840962728
23684,9839.420841471354
23686,6021.333341471353
23687,3875.033339182535
23688,445.5916667004426
23689,6889.066669718424
23692,9844.420849609376
23693,5012.391676839193
23694,7865.516672770183
23696,3240.445832824707
23697,5741.933340454102
23698,7589.583339436849
23700,2693.350001780192
23701,7218.262513224284
23703,8123.000013224285
23704,1944.1416681925457
23706,685.0166666984559
23707,6529.975006103516
23711,6420.6625043233225
23713,9801.116669718425
23714,5833.283344523112
23716,4006.4166702270504
23719,6335.691676839192
23721,3598.7333315531414
23722,2513.60833384196
23723,6646.900008138021
23724,4948.970843760173
23726,469.7249999562899
23728,3480.1124999999997
23729,9218.816673787436
23730,9846.187507120767
23731,5000.345841471354
23733,5310.670835876465
23735,4572.6791717529295
23736,2589.5166666666664
23737,2631.016668319702
23738,9248.529162597655
23740,6704.458335367838
23742,6919.341674550375
23743,9213.229175821942
23744,2052.179168701172
23745,9295.25000813802
23748,7392.6208404541
23749,9796.71667582194
23751,9227.570835367838
23752,9346.204172770182
23753,3984.420844014486
23754,6798.812508646647
23755,2456.491666666667
23756,3900.012502543132
23758,5458.454169209798
23759,9330.537502034504
23760,3677.658333841959
23761,9237.99167582194
23763,1132.7000010172526
23764,9225.850001017252
23765,3721.433338419596
23767,3728.179172770182
23768,5496.741669718424
23769,4949.88333791097
23771,5600.475003051758
23772,3907.950002543132
23773,1322.4083351135255
23774,9592.96250813802
23775,701.9125003814697
23776,1235.1041669209797
23777,433.629166984558
23779,2580.129167429606
23780,1332.758333905538
23782,2484.500001271566
23783,4122.383339945475
23785,9030.620841471353
23788,2741.0375012715654
23790,7372.566670735677
23791,4277.925004577636
23793,6381.020836893717
23794,8221.254174804686
23795,4276.0791707356775
23796,2512.208337656657
23797,6732.100006612142
23798,461.9458333631356
23799,3676.0666722615556
23800,9063.358345540364
23801,3531.150004577637
23803,4652.158332824707
23804,1336.2541684468588
23806,4726.4458394368485
23807,7504.900004069011
23808,943.3791687647503
23809,5404.295833333333
23810,9055.679168701172
23815,8206.641673787435
23816,5637.375006103514
23818,3503.520836893718
23819,9792.108342488607
23821,7120.762502034505
23823,5136.570835876465
23824,6783.866668955485
23825,7872.266674804687
23829,2652.383337402344
23830,7552.187505086263
23831,395.3125004927317
23832,2254.3875025431316
23833,9191.870834350584
23835,6509.954167175293
23836,3607.2250050862626
23837,5753.741672770183
23839,1336.4916684468587
23843,9141.345844523112
23844,7188.891667683921
23846,7615.150006103516
23847,4949.13750406901
23848,6598.887506103515
23852,7936.408337402343
23853,5413.3750010172525
23854,5650.7
23856,5633.441672261556
23858,6317.037505086264
23859,9840.954173787433
23861,5921.795835876465
23863,7191.475006103516
23864,5613.1041676839195
23865,7308.437506103516
23866,3791.4583374023437
23867,3520.920835876465
23868,5744.775009155273
23869,584.045833492279
23872,4668.462507120768
23875,3206.5791699727374
23876,6487.329172770183
23878,3909.429167175292
23879,4689.40416768392
23880,9332.020834350586
23881,6317.116670227052
23883,7379.391674804687
23884,4447.762506612142
23885,7254.954175821939
23889,9152.962505086261
23890,7386.837506103515
23891,6943.320838419597
23892,7381.933334350586
23893,8256.816674804688
23894,7431.2708368937165
23895,3116.9000040690103
23896,2270.691669209798
23897,4696.920831807455
23898,7367.312505086263
23899,1073.9833330790202
23900,2347.9166692097983
23901,5260.545836893717
23904,5938.925002034505
23906,9330.758336385092
23908,6976.71667175293
23909,5278.054175313314
23910,9145.641677856443
23911,7698.570840454101
23912,5028.720839945475
23913,7619.770841471353
23914,9237.04167175293
23915,6883.229169718424
23916,5753.641673787435
23917,5825.370837402344
23918,3222.908336385091
23919,9216.800006103515
23920,3751.733335876465
23921,4779.125010172526
23922,9222.220842488607
23923,9232.154178873698
23924,5001.983338419596
23926,4094.6500030517577
23928,9244.966674804688
23929,9187.695842488607
23930,5714.262510172525
23931,823.9500006993612
23932,3776.962503560384
23933,4054.945834350586
23935,6428.75417175293
23936,4198.600006103516
23937,3815.9791707356767
23938,9292.062503051757
23939,5461.137507629394
23940,9799.225010172526
23941,5583.633338419597
23942,4795.566673278809
23943,473.3583334565162
23945,6670.704168701171
23946,2226.3083346048993
23947,4843.9375076293945
23948,9790.241669718424
23949,8171.450010172525
23950,2488.1916717529293
23951,4436.945838928223
23953,5289.741666666666
23955,756.7375001271565
23956,4513.66250406901
23957,9275.900009155273
23958,6727.249997965494
23959,9805.541670735676
23960,5259.533337402344
23961,5976.812510681153
23962,2341.1624998728435
23963,5102.325006612143
23965,5904.191679890951
23966,520.4541666726271
23967,6826.608336893717
23968,1755.3000010172527
23969,1825.545834986369
23970,9273.199999999999
23971,6366.270838419597
23972,9276.175005086261
23973,4693.887506103516
23974,7721.329166158041
23975,684.3375006993612
23977,4744.279168701171
23978,3871.370839436849
23979,3369.7791732788087
23980,5241.720842488607
23981,3302.662501780192
23982,7372.187503560384
23983,628.7083336512247
23984,535.7000005404153
23985,7746.6791717529295
23987,9204.366670735677
23989,6683.708337910971
23990,9234.062507120769
23991,9147.575008138021
23992,4266.05833791097
23993,4723.745844014486
23994,3464.104169718424
23995,9547.625009155274
23996,9037.070835876466
23998,6687.275003051757
23999,2756.89166692098
24000,4362.804167175293
24001,9265.241678873697
24002,8019.32083638509
24003,2294.483336130778
24004,725.7375012079874
24005,5966.254174804687
24006,5356.062503051758
24007,5130.162505594889
24008,6185.433333333333
24010,5898.600007120767
24012,4719.9
24014,9158.804177856446
24015,9796.550001017253
24016,9801.075009155275
24018,4947.2750045776365
24019,7350.812512207031
24020,9159.16667582194
24021,5767.425003560384
24022,9247.833346557618
24024,6860.05417022705
24026,7754.512506103517
24028,6238.483339436848
24029,5936.591668701171
24030,7176.779173278807
24031,6631.275011189778
24033,686.1500011444091
24034,9846.370840454101
24035,9129.000006103515
24036,4290.795836385091
24038,3595.145840708415
24039,5375.725003051757
24040,835.3250001271566
24041,4321.245831044515
24043,9260.658340454102
24045,9272.437505086262
24046,7377.2500096639005
24047,5612.93750813802
24048,9213.487510172525
24049,9262.133346557615
24050,9846.262499999999
24053,370.7833333532015
24054,629.4375000635782
24055,7170.699998982746
24057,6257.11667022705
24059,5750.958342488608
24060,6882.991677856445
24061,7232.087506103516
24062,6582.650007629395
24063,8080.1708424886065
24064,9805.433340454101
24065,9185.870842488606
24066,4123.041672770182
24067,724.6208338419596
24068,7674.1291778564455
24070,7542.479178873698
24071,3531.929166666667
24072,9522.333342488606
24073,743.9500000635782
24076,3449.9333368937173
24077,2905.808334604899
24078,2483.629170227051
24079,4002.3708338419597
24080,4209.4416692097975
24081,6756.012503560384
24082,861.7500019073485
24083,2995.525001525879
24085,4229.3833394368485
24086,2983.562499237061
24087,7185.129168192544
24088,5864.22917175293
24089,3692.9916712443032
24090,9848.945840454102
24092,3721.1291702270514
24093,6626.791670735677
24094,406.2083335717519
24096,2686.9375086466466
24097,7048.7083389282225
24098,3707.7041704813637
24099,4885.933344523112
24100,5796.258341979981
24101,3731.0833353678386
24102,9262.625011189777
24103,5156.737505086263
24104,2586.450007629395
24105,3559.025
24106,7379.520839436848
24107,5261.304171498617
24108,3501.2791742960603
24109,7529.670836385091
24110,820.4250006993611
24111,5034.800001525879
24112,7123.408343505859
24113,686.7125009536744
24114,6859.933345540364
24115,5917.500008646647
24116,1074.4375012079875
24117,7442.133338419596
24118,3157.60000406901
24119,9799.758337402343
24120,4922.645839945475
24122,868.6291676839193
24123,4196.279177347819
24124,4349.845842997233
24126,6320.312504577637
24127,9277.800009155273
24128,9811.650009155273
24129,3763.9666697184243
24130,7125.3958343505865
24131,330.00833334128066
24132,9839.687502034505
24133,914.6541670481364
24135,4149.166667938232
24136,2467.8083346048993
24137,3982.904168955485
24138,9208.69583638509
24139,5159.829171244303
24140,4171.570835367839
24141,761.8458333969115
24143,7274.858336893718
24144,3347.433334859212
24145,7014.266673787435
24146,707.2458336512246
24147,6706.366676839193
24148,9212.7125
24149,4744.133337402343
24150,7839.483343505858
24151,5459.291673278808
24152,7533.625004069009
24153,3676.1416702270503
24154,6385.7625071207685
24155,3804.166671244304
24156,4410.833333333333
24157,6915.879172770182
24158,9552.566669718422
24159,9283.04167175293
24160,9095.716677856446
24161,4078.5500033060707
24162,950.2750008900961
24163,6709.7291676839195
24166,9844.629172770181
24167,6564.025004577637
24168,9250.091678873696
24169,5659.050001780192
24172,7337.720844523112
24173,6133.658337402344
24174,947.3666672388712
24177,924.3791666666666
24178,9839.787509155272
24180,9793.166673787435
24181,5962.9916697184235
24182,5515.350009155273
24183,7907.220839436849
24184,6423.258336385091
24185,751.8833331425985
24187,7141.150002034505
24189,7237.445836893717
24190,9805.1083404541
24191,7639.870835367838
24193,791.2416676839192
24195,9192.71666768392
24196,7293.025006103515
24198,7036.9458394368485
24200,9842.770839436847
24201,4572.395840454102
24203,5547.900003560385
24204,7598.400008138021
24206,6405.99167175293
24207,9279.395833333334
24208,3414.241673787435
24209,2649.0916692097985
24210,3972.0458379109696
24212,3785.2041788736983
24213,7156.895842997233
24214,5958.10417175293
24215,8132.96667989095
24216,9538.466678873698
24219,3877.17083791097
24220,7327.412506103516
24223,9512.075008138021
24224,5535.85417175293
24225,6497.583337910971
24226,9272.241673787434
24227,3534.9500040690104
24228,3496.9333358764648
24229,4352.125010172526
24230,6258.708334859213
24231,9235.875009155274
24232,882.1666672388714
24233,3165.2375010172527
24234,4051.5250030517577
24235,2748.6083356221516
24236,9797.675004069011
24237,6291.69167429606
24239,5432.550007120768
24241,2801.558334096273
24242,776.7749998092651
24244,3567.34167022705
24245,9246.412505086264
24246,7227.3083394368505
24248,6288.533345540364
24249,5416.475004577637
24250,9133.083337402342
24251,3843.141670227051
24252,2844.429168955485
24253,5066.116673787435
24255,9183.37500406901
24257,4243.350011698405
24259,3500.6708368937175
24260,5518.445838928223
24261,7025.133338419597
24263,3789.091667175293
24264,5422.458333333333
24265,4879.95834197998
24266,7085.712498982747
24267,4826.708336385091
24268,9804.691670735678
24270,7062.729171244304
24271,7568.654172770181
24272,991.4916666666667
24274,9237.920837402342
24275,6905.845845540364
24277,7912.512502034505
24278,1116.1791676839193
24280,3750.108335367838
24281,7162.912507120767
24283,7264.183340454102
24286,8076.40417582194
24287,6338.258335367838
24288,7081.358343505858
24289,5723.079168701172
24291,6346.937506612142
24292,7959.8416727701815
24293,547.6750008265177
24295,5259.7791727701815
24296,5685.183334350586
24297,9261.179178873697
24298,6336.704177856445
24299,7634.779165649413
24300,4665.61250559489
24301,4407.20416615804
24302,5780.125005086263
24303,9849.479176839193
24304,9545.258333333333
24305,5912.425005086264
24306,7375.837506103516
24307,3832.2625000000007
24308,7407.120845540364
24309,991.2291665395101
24310,5402.095841471354
24311,5718.800011189778
24312,4173.370838419597
24313,4174.8166646321615
24314,5692.650010681152
24315,2028.791670481364
24316,3445.0416671752932
24318,886.895833714803
24319,9519.841671752929
24320,5344.91667175293
24321,5861.745843505859
24322,9559.691674804686
24323,9216.812512207029
24324,5313.966673787435
24325,9841.104169718425
24327,7230.562511698404
24329,9280.570844523112
24330,7637.625007120769
24331,5364.875002034504
24332,5150.758336893718
24333,9812.40000813802
24334,2694.4208363850908
24335,9109.300008138021
24338,7057.975002543131
24339,733.5291674296062
24340,4562.283334859212
24343,9812.008338419595
24344,865.1083348592123
24345,7096.358341471354
24346,4560.962502543131
24348,9504.470835367838
24349,5952.162499999999
24351,3055.1916702270505
24352,9217.28750813802
24353,2755.224999491373
24354,9833.670835367839
24355,5868.637502034505
24356,7027.74583791097
24357,4030.875005849203
24358,9271.825010172526
24359,4743.970839945476
24361,7290.2166748046875
24362,3092.441665140788
24363,1117.6000001907348
24364,3935.0625040690106
24365,9292.73333638509
24367,5348.300006612142
24368,500.3625001589457
24369,3376.5041702270505
24372,5792.604176330567
24373,3332.404166412354
24374,3672.5125020345045
24375,2869.883334350586
24377,9254.175007120766
24378,5120.462505594888
24379,9843.512499999999
24380,3428.6666679382324
24381,7565.512509663899
24382,3867.341672261556
24383,7015.283341471354
24384,1063.275000890096
24385,3393.858336130778
24386,1030.1750002543133
24387,6985.116673787435
24388,6444.016668701171
24389,3702.4041742960612
24390,941.1916678110757
24392,3514.4958348592118
24394,4450.98750406901
24395,9221.337510172527
24396,9849.279173787434
24398,7473.875007120768
24399,637.8083335240682
24400,806.5875010172526
24401,3072.1666694641112
24402,3071.2333363850908
24403,5174.991674296061
24404,4650.558338928223
24405,7978.212507120769
24406,9569.620837402344
24407,5814.4833361307765
24408,6914.241677856445
24409,7157.470839436849
24410,889.5625003814698
24411,3002.7916666666665
24412,715.4750007629394
24413,768.6875003814697
24414,5009.345835367839
24416,9264.287505086262
24417,6484.0708414713545
24419,3885.716672261556
24420,3530.204170227051
24421,1094.5708338419597
24422,2248.283334859212
24425,9183.275003051758
24426,977.6708348592123
24427,9180.116669718424
24429,7446.216671752928
24432,2573.5250096638997
24433,2142.591668446859
24434,6726.008339945474
24435,9846.345838419596
24436,5206.508338419596
24437,2546.266668701172
24439,4153.6374984741215
24440,6646.687508646647
24441,5794.341669718425
24442,7683.383338419597
24443,5767.404169718425
24444,5045.254172261556
24445,6872.9125020345045
24446,6644.545839945476
24447,9255.091678873698
24449,6136.625002034504
24450,2812.9750061035156
24451,7013.566669718424
24452,7253.654168701173
24453,6004.266672770183
24454,650.6166669845582
24456,7672.7791748046875
24457,3338.1125022888186
24458,5155.608339945476
24459,700.3458340326946
24460,5649.9250081380205
24461,6559.100005086263
24462,5722.141670227051
24464,5382.350006612142
24465,681.4500014623005
24466,4112.116668701173
24467,3997.6541697184252
24468,7167.15417582194
24469,3910.6958368937176
24474,7196.941674804687
24475,624.7416672388713
24476,7771.245839436849
24477,7326.15833384196
24478,9581.68750813802
24480,7266.808339436849
24481,3142.745835367838
24483,3901.9333399454754
24484,2311.9083391825357
24485,7439.295838419596
24486,9289.458341471354
24487,5111.004171244303
24488,4295.691669718424
24489,5097.612510172526
24491,3166.741669209798
24492,9139.72500406901
24494,425.16250028212863
24496,4864.437502034505
24497,7261.008335367838
24499,4015.329168701172
24501,6519.93750406901
24502,9297.695834350585
24503,9815.875006103515
24504,9217.916674804686
24505,9145.829169718425
24506,5965.033338419597
24507,4965.725002034505
24508,1817.8250007629395
24509,2174.2041697184245
24510,5486.154170227051
24511,9054.791675821938
24512,946.162500635783
24513,6925.470840454102
24514,6602.791669209798
24515,6030.208347066244
24517,9271.800004069011
24518,1091.4291684468587
24520,775.762501780192
24521,1038.7375012715659
24523,6222.016671244303
24524,965.6541679382325
24526,3455.112503560384
24527,6146.700004577637
24528,4276.808335876464
24530,4401.020835876465
24531,7913.591669209797
24532,9249.887501017252
24533,7774.170834350586
24534,4951.508345540365
24535,9193.38333638509
24536,7781.129174804689
24538,6933.679175313315
24539,4821.904169718424
24540,9283.40000406901
24541,7087.866665649414
24543,7349.9458414713545
24544,6366.2416717529295
24546,5663.350006103516
24547,9153.43750813802
24548,3855.8666722615562
24549,7251.283340454102
24550,9843.295837402344
24551,3870.6625015258783
24552,6366.941672770182
24554,9274.662509155272
24555,9272.88334350586
24556,2702.2666742960614
24558,9076.525014241537
24559,9841.312503051759
24560,3067.800007629395
24561,3346.2208368937177
24562,9210.141666666666
24563,9153.804172770182
24564,4522.99167175293
24567,5721.158335876466
24568,3450.712500508626
24569,8179.916673787437
24570,9013.32500813802
24571,2390.4333371480307
24572,9805.04167582194
24573,9177.762510172526
24575,9238.991670735677
24576,6141.212506103515
24577,7627.1458343505865
24578,9557.000006103515
24579,2483.154167429606
24581,5474.508337402344
24582,6924.787505086263
24583,3376.7916671752932
24587,5877.795841471354
24588,4961.200001525879
24589,7439.88751118978
24591,6680.179174804688
24592,792.6291679382324
24593,4422.708341471354
24594,7233.533339436849
24595,9074.829172770182
24596,4654.745840962728
24597,3995.754164632162
24599,3079.629169209798
24600,7292.687503560384
24601,5526.091675313313
24603,9839.93750406901
24604,5531.654170735676
24605,3849.066672770183
24608,5730.566676839193
24609,7727.2666709899895
24610,4840.600003306071
24613,6706.687509155273
24614,7979.287502034505
24615,4931.3375111897785
24616,715.7416667938232
24618,9176.12500813802
24619,7204.670840962727
24620,7444.3458297729485
24621,2468.1041717529297
24622,7323.891678873697
24623,6919.3041697184235
24624,7895.895836385091
24625,7582.833345540364
24628,7525.675003051758
24629,5036.045836385091
24630,8664.687507120769
24631,9155.387503051757
24632,9048.991676839194
24633,4941.533333333334
24634,7634.870841471354
24635,5417.650003051757
24636,4192.858338165283
24637,8749.92084452311
24638,1017.6416680653889
24639,3835.520838419596
24640,6066.783338419597
24641,4800.875003560384
24642,858.4416673024494
24643,3735.454169209798
24644,3883.995833587646
24645,2448.629168955485
24646,3625.650003560384
24647,3552.112502034505
24648,8684.091670735676
24649,6358.50417582194
24650,3219.16250406901
24651,4113.762502543132
24652,3012.050006357829
24653,9623.554168701172
24654,8565.979173787435
24655,6455.258339436849
24656,4231.091673787435
24657,5181.683336893718
24658,826.300001780192
24659,3974.841668192546
24660,4719.041671244303
24661,9579.095840454102
24662,4691.529171244303
24663,9065.600006103516
24664,4062.4416692097984
24665,6009.229171244304
24666,4093.883341471354
24667,3693.1291712443035
24668,5013.933337402344
24669,3228.470836893717
24670,9630.333333333334
24671,6670.750007120768
24672,9634.61667175293
24673,6195.133334350586
24674,4702.9083450317385
24675,6519.82083791097
24676,4086.1625071207677
24677,9099.0958404541
24678,3797.5041697184247
24679,5399.041671244303
24680,5846.341668701171
24681,6352.829171752929
24682,3694.5000035603844
24683,4992.754176330567
24684,9138.037513224284
24685,3950.941667683919
24686,5705.091666666666
24687,5389.120836385091
24688,3779.329166666667
24689,3671.9250050862634
24690,5167.55000406901
24691,5295.066673787435
24692,3342.037500762939
24693,5720.81250406901
24694,3408.275007120768
24695,8685.929171752929
24696,5385.300009155274
24697,7013.729168701171
24698,6733.037508138022
24699,2950.987503051758
24700,739.8541679382324
24701,6280.554178365072
24702,9622.400011189779
24703,3655.800004069011
24704,5114.770839436849
24705,8554.370838419596
24706,5960.662513224284
24707,3245.4833356221516
24708,4471.820835367838
24709,4013.6333363850913
24710,3986.7875071207686
24711,4902.254167175292
24712,5228.450010172526
24713,4525.650003306071
24714,9596.854170735676
24715,749.2041673660278
24716,1001.4750017801921
24717,4234.654168701172
24718,5043.012506612142
24719,6158.712511698405
24720,8690.845843505858
24721,6379.837509155273
24722,4944.920839436849
24723,5072.241671244304
24724,3223.558335113526
24725,9626.11250101725
24726,6007.908342488608
24727,4680.35833791097
24728,3692.712504577637
24729,6869.441674296061
24730,5495.508337402344
24731,6093.933336893718
24732,9603.658346557619
24733,3354.0791676839194
24734,4903.691671244303
24735,3852.0958348592117
24736,9628.862509155273
24737,9581.983345540364
24738,9120.191670735678
24739,6420.437507120768
24740,5713.362509155274
24741,4343.695840962728
24742,5496.150006103515
24743,756.4708346048991
24744,3769.12917175293
24745,3290.0125045776367
24746,5227.287504323323
24747,3012.8541694641112
24748,7134.170836385089
24749,6493.500009155273
24750,382.1999999920527
24751,5258.395834859212
24752,3751.9250025431315
24753,3677.8791681925454
24754,8566.320839436848
24755,9631.029165649414
24756,5951.391674804688
24757,8515.291671752932
24758,844.9000007629394
24759,5879.775004069011
24760,4052.150003814697
24761,5214.808337402344
24762,4234.829170227051
24763,527.1750001589457
24764,4882.200002034506
24765,4201.887502543132
24766,7203.083343505859
24767,3732.516671244304
24768,5172.954174804688
24769,5621.308334859212
24770,4629.250003560384
24771,5640.379178873697
24772,6960.516672770183
24773,4014.525004577637
24774,4490.091673278809
24775,8650.658337402343
24776,5942.904171752929
24777,2950.958333587647
24778,5066.23750406901
24779,6432.612504069009
24780,4775.125008138021
24781,3749.4250086466473
24782,904.5541681925455
24783,2312.458335876465
24784,9111.550009155273
24785,4137.841668446858
24786,3335.920833333333
24787,3326.841669209798
24788,9625.908333333335
24789,3443.0791671752936
24790,7422.033340454102
24791,7197.437506103516
24792,4852.450008646646
24793,5830.629173787434
24794,9061.450008138021
24795,9587.929177856444
24796,2214.9333349863687
24797,5188.416677856445
24798,3789.208336893718
24799,6916.529165649413
24800,9571.50833536784
24801,9603.120842488608
24802,9635.458334350586
24803,3359.5708343505853
24804,5148.966672770182
24805,5453.962509155273
24806,3471.716670227051
24807,5156.325006612142
24808,2223.004168955485
24809,8727.87917175293
24810,9635.191673787434
24811,9637.512508138021
24812,3769.829168701172
24813,3875.9458358764646
24814,4980.212502034506
24815,4282.112500762939
24816,3669.1374999999994
24817,3726.466668701172
24818,3848.016669209798
24819,5187.812503560384
24820,1082.3916676839192
24821,9634.65000406901
24822,3489.7208399454753
24823,9083.308339436848
24824,4159.32083384196
24825,8673.875005086264
24826,3540.770834604899
24827,9070.120841471353
24828,6446.962509155273
24829,3238.1083379109696
24830,4729.433334350586
24831,6312.6333394368485
24832,3510.8208363850913
24833,4626.316672770182
24834,6228.03333791097
24835,2451.779168701172
24836,3339.354172770182
24837,9078.17084859212
24838,3390.72083231608
24839,9597.241675821939
24840,3279.8458374023435
24841,4190.041669209798
24842,648.1583339055379
24843,5073.87500406901
24844,4708.416674804687
24845,981.6666676839192
24846,3266.7791697184243
24847,9121.000005086262
24848,7311.958341471353
24849,5050.979169718424
24850,3771.8708435058597
24851,3931.837501780192
24852,4574.050003306072
24853,6769.583333841959
24854,3408.1958358764655
24855,1007.1833337148031
24856,3940.575005086263
24857,9595.57084452311
24858,1075.6875011444092
24859,9625.591673787434
24860,9583.612512207032
24861,4884.641672261557
24862,7304.0125071207685
24863,9068.175003051758
24864,9633.487512207032
24865,462.1791668653488
24866,6959.054176839193
24867,9052.129172770181
24868,3040.3500025431317
24869,4627.687505086264
24870,5816.929169209798
24871,6871.812509155272
24872,3508.0333391825357
24873,6086.558340454102
24874,6611.295841979981
24875,9070.670839436849
24876,4787.470838928222
24877,5077.116672770182
24878,9586.112506103516
24879,3308.0083394368485
24880,825.4375006357828
24881,4889.258337402343
24882,4140.504169209798
24883,8513.662506103517
24884,7434.508333333334
24885,4535.170835876465
24886,7266.2375081380205
24887,3636.612504069011
24888,4073.6083343505857
24889,5933.304169209798
24890,9578.74583943685
24891,6029.791668701171
24892,9047.212513224284
24893,1185.3000022888184
24894,4949.000006612142
24895,4265.312501525878
24896,5443.087507629395
24897,830.6333346048991
24898,9584.550007120768
24899,4690.833342488607
24900,901.7958344777426
24901,8694.470840454103
24902,3320.4250025431315
24903,5673.500006612142
24904,895.4333341598511
24905,4679.383342488607
24906,3139.0666699727376
24907,4264.204172770183
24908,9026.87917989095
24909,5150.4875
24910,6531.670839945474
24911,7457.462502034506
24912,675.5666676839193
24913,4874.57084350586
24914,976.7416683197022
24915,4052.9916712443032
24916,619.2583337148031
24917,5813.73334604899
24918,3008.5083366394047
24919,5702.720837402344
24920,6215.49583791097
24921,3995.987505594889
24922,3577.1916702270505
24923,8690.500007120767
24924,7767.933339436849
24925,5100.791669718425
24926,439.312500445048
24927,9099.391668701172
24928,4668.61250406901
24929,9627.55833536784
24930,8735.008337402343
24931,9577.104166666666
24932,3549.558339945475
24933,7259.358338419596
24934,3692.579171244304
24935,6231.287512207032
24936,9639.08333638509
24937,4987.37083231608
24938,5768.025006103516
24939,9057.38334350586
24940,6207.5708394368485
24941,3805.4250015258785
24942,5936.108338419595
24943,1047.8166673024496
24944,8734.283338419596
24945,9590.175001017253
24946,9019.912506103516
24947,9636.175005086263
24948,3740.4333343505855
24949,3942.3750081380217
24950,3483.30833384196
24951,9598.729172770181
24952,936.6333347320557
24953,6512.354177856446
24954,4693.691673024495
24955,4298.1791694641115
24956,5128.158338928223
24957,3762.1791687011723
24958,963.7833353678384
24959,3902.0958384195965
24960,5452.1666742960615
24961,3887.1875035603844
24962,9590.991673787436
24963,4520.270835876465
24964,5072.750007120768
24965,6128.070833333334
24966,4900.979168701172
24967,787.125000890096
24968,9590.070833333333
24969,3160.0833338419598
24970,8758.950006103514
24971,7392.0958363850905
24972,3241.8416697184243
24973,4428.850007120768
24974,9596.379173787434
24975,4953.291667429607
24976,8488.108343505859
24977,4297.67500406901
24978,6729.504168701172
24979,3654.741671752929
24980,771.5625016530354
24981,4015.379168955485
24982,8611.962509155273
24983,4420.854174804687
24984,4911.433332316081
24985,4368.212503560384
24986,3639.808336893717
24987,5340.270837402343
24988,5054.200003560384
24989,9080.691670735674
24990,5369.770837402343
24991,8741.28750406901
24992,8993.262502034504
24993,8733.629178873698
24994,3818.60833791097
24995,4566.37083791097
24996,800.9041672388712
24997,4794.28334197998
24998,5462.679174804686
24999,6450.062507120768
25000,5641.566673787434
25001,3716.4208389282226
25002,5080.920838928222
25003,7349.18750406901
25004,6427.358345540365
25005,3203.1791707356774
25006,5276.437501525878
25007,503.8500001033147
25008,3882.5500025431315
25009,6013.295837402344
25010,6838.304171752928
25011,4684.675005594889
25012,701.8833342234293
25013,5893.754167175292
25014,3785.808340454101
25015,5889.491667683919
25016,9090.46667175293
25017,9630.541668701173
25018,6512.262507629395
25019,2522.1791681925456
25020,9010.38333943685
25021,5356.24583943685
25022,5609.795836893718
25023,3814.754169209797
25024,5150.937502543132
25025,4810.0541717529295
25026,9578.941670735678
25027,7170.470845540363
25028,813.4208347320555
25029,4191.987509155274
25030,6976.095835367839
25031,9644.07500813802
25032,806.42916653951
25033,4500.037508138022
25034,8991.066673787434
25035,5159.591668701171
25036,2376.433335622152
25037,9638.712507120768
25038,3615.312505594889
25039,9577.320843505859
25040,3036.8000045776366
25041,8530.295841471354
25042,5748.029173787435
25043,3409.1291694641113
25044,7263.025007120769
25045,5776.829174804688
25046,9579.312506103515
25047,1050.7125002543132
25048,8682.029174804688
25049,9622.295841471354
25050,9081.791669718425
25051,4724.7375096639
25052,4217.150005086263
25053,1007.4291679382322
25054,8697.983338419597
25055,5084.966668701172
25056,5450.341670735676
25057,3701.687503560384
25058,3768.6916707356772
25059,5252.208340454102
25060,9131.558335367838
25061,3587.3500035603843
25062,4367.416668701172
25063,9591.475003051757
25064,8736.208342488608
25065,998.1500011444091
25066,5559.775006612142
25067,3557.291672261556
25068,4745.5416742960615
25069,5597.412511189778
25070,9583.275007120767
25071,5264.270835876464
25072,5426.379178873697
25073,9586.625010172525
25074,5192.9333353678385
25075,7228.266676839194
25076,6623.03750406901
25077,5468.916673787436
25078,3012.2625002543136
25079,4687.404175313314
25080,9639.195839436848
25081,4697.61250406901
25082,8667.666666666668
25083,6084.920838419595
25084,7214.525005086262
25085,9575.012508138021
25086,5144.970843505859
25087,9593.904172770182
25088,4044.783336893717
25089,8656.637503051757
25090,2103.6625007629395
25091,9582.450002034504
25092,8677.941678873698
25093,9581.329172770182
25094,9080.40417582194
25095,6313.258335367838
25096,4101.558343505859
25097,9593.566666666668
25098,9138.266677856447
25099,8994.016670735677
25100,9085.562510172525
25101,4269.35833791097
25102,9129.433336385091
25103,6530.975009155273
25104,7042.850005086263
25105,4472.933341471354
25106,2351.7208371480306
25107,4133.13333791097
25108,9605.195841471354
25109,3735.9500025431316
25110,4211.158340454102
25111,5899.5333340962725
25112,7261.941673278809
25113,9015.629176839193
25114,7447.125004069011
25115,9140.75000101725
25116,9078.645843505858
25117,4401.787501017253
25118,4222.187507120769
25119,4392.950005086263
25120,1045.5333335876464
25121,2462.4833368937175
25122,8615.916672770183
25123,7327.458336385091
25124,5106.775007629395
25125,4394.629168701172
25126,8727.804168701174
25127,9071.604173787435
25128,9633.262505086263
25129,5252.070840454101
25130,6682.083335367839
25131,3935.2291666666665
25132,3041.9708396911624
25133,4669.84583384196
25134,814.6625001271565
25135,4962.975008138021
25136,4901.875003560384
25137,3355.7833363850914
25138,4367.31666615804
25139,3740.9041717529303
25140,3364.25000406901
25141,4413.258339436849
25142,4720.329169209798
25143,650.8708332697549
25144,3389.0083389282227
25145,7129.087504069011
25146,8634.016673787435
25147,5259.587501017252
25148,8670.845836385093
25149,9093.375005086262
25150,3629.3249984741215
25151,4722.554171244304
25152,977.9208334604899
25153,4048.737503560384
25154,9588.354175821938
25155,4140.670835367838
25156,4751.995832824707
25157,3582.84583791097
25158,3437.5750035603837
25159,5250.325005086263
25160,6579.637501525879
25161,6199.287508138022
25162,3792.400000508626
25163,4252.504169972737
25164,6245.662505594889
25165,3772.6375045776367
25166,919.5291688283284
25167,5259.870836385091
25168,7514.070836385091
25169,526.1166670799256
25170,4514.554169209799
25171,5546.108340454101
25172,3412.583335876465
25173,1124.2250019073485
25174,5448.654173787435
25175,5118.18333943685
25176,789.3916680653889
25177,4405.341677347819
25178,3360.7791712443036
25179,4774.458337910969
25180,3969.037502034505
25181,3169.6291674296062
25182,9586.779175821941
25183,5108.700001017251
25184,5882.033335876465
25185,4426.941665649414
25186,5204.475006103515
25187,3256.3041707356774
25188,5442.383338928223
25189,5623.933338165283
25190,5694.283342488606
25191,8605.945840454102
25192,9631.162506103517
25193,7376.0750071207685
25194,5528.470841471354
25195,9588.616669718424
25196,4863.737496439616
25197,4364.295834859212
25198,899.7625019073485
25199,9088.420831298828
25200,4856.591676330567
25201,9584.170839436849
25202,3268.20417175293
25203,3589.770840962727
25204,3639.0875040690103
25205,8717.500001017252
25206,3693.783335876465
25207,2299.562502034505
25208,3789.962503560384
25209,9043.741672770184
25210,4700.666668701172
25211,2583.725002034505
25212,9590.73333638509
25213,3599.3000020345057
25214,3948.337506612142
25215,5036.500006103516
25216,8671.729169718425
25217,8991.50000813802
25218,3991.0333368937177
25219,5842.025000508626
25220,4665.733335367838
25221,8562.237505086263
25222,5467.512508646647
25223,5317.612505086262
25224,6225.2958424886065
25225,7390.754179890949
25226,9566.33333943685
25227,4373.012504069011
25228,5969.008342488607
25229,4979.025003051757
25230,4935.483343505858
25231,3142.929169718425
25232,3941.0541773478185
25233,5276.425001017253
25234,9579.78334350586
25235,5002.354170735677
25236,6303.041676330566
25237,9587.066672770181
25238,8651.84167175293
25239,4029.0625055948894
25240,9597.008338419595
25241,6104.7583394368485
25242,2443.31667175293
25243,3634.275004577636
25244,9637.025007120768
25245,4276.379172770182
25246,4227.350009409586
25247,5516.570839945475
25248,538.2708336194356
25249,4214.345836385091
25250,3363.0166671752936
25251,4134.2916656494135
25252,8709.775014241535
25253,875.0125021616617
25254,5191.858341471354
25255,9107.708338419596
25256,3698.566668701172
25257,3165.954169209798
25258,6712.345845540364
25259,4492.79167175293
25260,9115.475014241536
25261,8736.42500712077
25262,5910.449999491374
25263,6527.987504577636
25264,3644.3333353678386
25265,3498.7000035603846
25266,3421.0416712443034
25267,5533.954167683919
25268,3337.0083363850913
25269,9074.641674804685
25270,3239.520839436849
25271,425.5833332856496
25272,3449.508334859212
25273,9594.933341471355
25274,2533.8250038146975
25275,8517.179171752929
25276,4716.537503560384
25277,3671.1583374023435
25278,9062.425001017253
25279,5151.658337402344
25280,9574.729176839193
25281,9078.762508138021
25282,5543.475002034505
25283,6526.145835367838
25284,8674.370840454101
25285,5324.195838419597
25286,4725.3583401997885
25287,1120.045834096273
25288,4375.300005086263
25289,5970.779169718425
25290,3858.929173787435
25291,5108.954171244303
25292,4519.912502288818
25293,9126.72083638509
25294,9130.80000406901
25295,4898.100008138021
25296,5144.59584197998
25297,4219.470837402344
25298,980.9958335876466
25299,4763.945835367838
25300,951.4250015258789
25301,4705.687501525878
25302,4045.358339436849
25303,5407.050002543132
25304,4754.800006612142
25305,9240.891671752928
25306,4714.7749979654955
25307,3741.508333333333
25308,3227.55000483195
25309,4342.962503051757
25310,2579.600002034505
25311,6500.049997965495
25312,4195.158335367838
25313,4717.516671752929
25314,6287.945837910968
25315,5193.458335622152
25316,774.6833340962729
25317,3282.800003814697
25318,8653.541670735676
25319,3536.8666702270507
25320,9009.583337402342
25321,4085.5749987284344
25322,6639.5375020345045
25323,5383.1958348592125
25324,9052.245845540365
25325,4293.279173787435
25326,8714.116677856446
25327,9085.029173787434
25328,6215.85833943685
25329,5032.500004577637
25330,4226.854171244304
25331,552.0333332061767
25332,7692.254170735679
25333,4772.233336385091
25334,9597.425010172525
25335,9046.729178873697
25336,9588.570836385092
25337,8756.704168701172
25338,3308.341668446859
25339,8982.166675821942
25340,4665.49166692098
25341,4852.1333394368485
25342,3623.220835367838
25343,9574.016666666666
25344,8734.595836385091
25345,4820.61250406901
25346,7188.916681416828
25347,6959.350005594889
25348,5268.575003051758
25349,5230.716667683919
25350,5083.808337402344
25351,3863.68750406901
25352,1033.2541669209797
25353,4820.449996948242
25354,4430.183334859212
25355,4560.950006103515
25356,3741.575006103516
25357,711.6916673024494
25358,8769.2333404541
25359,9632.908338419596
25360,4228.837503306071
25361,3927.9833363850908
25362,9019.87084350586
25363,3340.0166697184245
25364,4039.791670227051
25365,3749.9125030517575
25366,9602.520842488606
25367,4802.34167175293
25368,3644.804169718425
25369,3375.9458358764646
25370,3983.329168446859
25371,6908.262508138021
25372,3559.491667175293
25373,9128.975002034504
25374,9135.575006103516
25375,9081.85417989095
25376,5380.4500071207685
25377,9640.062504069012
25378,3259.7583384195964
25379,3784.7000045776367
25380,564.6666670958201
25381,1044.0958340962727
25382,4026.7208404541016
25383,5482.7166727701815
25384,2772.7916689554854
25385,4895.320838928223
25386,9585.229172770183
25387,2898.2708340962727
25388,5579.416666666667
25389,3151.5458384195967
25390,9151.970838419596
25391,3229.1333379109697
25392,4084.508335876464
25393,3240.854169718424
25394,2735.625001017253
25395,9587.845845540365
25396,6589.275012207031
25397,921.9666687011719
25398,6542.220841471353
25399,4418.40833384196
25400,5928.550010681152
25401,4480.512501017252
25402,8689.508342488605
25403,9102.983335367839
25404,5263.200003560384
25405,4424.083342488607
25406,3394.9083366394043
25407,6046.579174296061
25408,4682.387501780192
25409,5301.637502543131
25410,8616.329173787433
25411,4100.287504577637
25412,9618.725005086264
25413,4395.483335876465
25414,9098.266668701172
25415,5147.183334859213
25416,5304.362497965495
25417,6856.720836893716
25418,8674.087503051758
25419,4784.800002034505
25420,4419.258334350586
25421,3768.3583363850908
25422,8711.20417989095
25423,9636.258339436848
25424,6349.2958424886065
25425,3361.2541671752933
25426,9077.895838419596
25427,5480.800002543132
25428,5327.129173278809
25429,8521.454173787433
25430,3085.4875007629394
25431,6420.670840962728
25432,5110.291674804687
25433,5713.420839945476
25434,5396.041672770182
25435,975.6708352406819
25436,3847.754169209798
25437,7430.041672770182
25438,6894.19167429606
25439,5221.645835367839
25440,8677.070833333333
25441,4193.487503051758
25442,6683.4375055948885
25443,3281.7583379109697
25444,9595.104171752932
25445,3632.8583374023438
25446,9633.358340454102
25447,3617.679172770182
25448,4068.187505086263
25449,9594.512505086263
25450,3927.325003051758
25451,8656.479169718425
25452,736.5708340962727
25453,4396.204168446859
25454,4110.63334197998
25455,4041.7166717529294
25456,4856.433332316081
25457,6378.10834197998
25458,3764.812499491374
25459,9115.941669718424
25460,866.6000003178915
25461,5291.095843505859
25462,3711.137505086263
25463,4830.970839436849
25464,9579.854175821938
25465,9592.133340454102
25466,8570.595841471353
25467,4210.195835113525
25468,4054.8000025431315
25469,6963.800007629395
25470,9077.700005086263
25471,7236.129174804686
25472,3360.254166666667
25473,4565.233334350586
25474,6111.754175313315
25475,9026.054162597657
25476,4922.025002034506
25477,9594.945839436848
25478,3830.512506612142
25479,9633.225017293295
25480,9092.020839436847
25481,5969.0499994913735
25482,8494.999999999998
25483,3366.566667175293
25484,4977.250005594889
25485,5553.000003814697
25486,8997.258334350585
25487,9578.816669718424
25488,8729.104170735676
25489,4188.7708366394045
25490,3393.254167683919
25491,3259.391669209798
25492,4744.4208379109705
25493,6756.316670227051
25494,5181.07500406901
25495,3666.2291709899905
25496,1048.4625003814697
25497,4890.312500508627
25498,748.450001525879
25499,5688.825003560384
25500,9078.362509155273
25501,1257.387501525879
25502,3493.987504577637
25503,5433.329167683919
25504,8678.61666768392
25505,993.6333362579344
25506,4180.320836385091
25507,765.1458332061767
25508,2521.0083348592125
25509,3467.1375020345054
25510,6144.266674804687
25511,4516.841676330566
25512,9585.504170735678
25513,9060.725006103516
25514,9002.950006103514
25515,6747.620838419595
25516,5112.558340454102
25517,837.3375005722046
25518,6475.487505086264
25519,4278.516668192546
25520,3861.2083404541013
25521,3891.687501525879
25522,5827.670834859212
25523,9092.783345540365
25524,5989.212502034505
25525,6050.916668192545
25526,687.4625002543131
25527,4632.495834350585
25528,9004.925000000001
25529,4558.520842488607
25530,1270.1708348592122
25531,2451.570834350586
25532,3668.54167175293
25533,3934.829170227051
25534,4300.587508646647
25535,9582.291673787435
25536,9108.783345540363
25537,8504.266666666668
25538,3414.195841471354
25539,5847.124998728435
25540,4498.891669718424
25541,3345.641671244304
25542,5498.30000406901
25543,3473.291671498617
25544,6116.0041778564455
25545,7256.470840454102
25546,5557.4458414713545
25547,4087.5625076293945
25548,3451.4333368937173
25549,1143.0583338419597
25550,3253.7750050862633
25551,3226.2166707356773
25552,3970.6916742960616
25553,9606.212509155273
25554,881.9041681925455
25555,3071.3000012715656
25556,3719.6000035603834
25557,5562.150004577637
25558,3396.937503051758
25559,7239.8583424886065
25560,4136.441670735677
25561,582.6333335876465
25562,5002.525009155273
25563,3766.429172770182
25564,3311.595837402343
25565,4721.962502034506
25566,3742.5375030517575
25567,3642.0291697184243
25568,6214.958342488607
25569,4105.908340454102
25570,4609.429170735678
25571,9084.95417989095
25572,6520.987506103516
25573,9006.95417175293
25574,3578.250003051757
25575,5246.470838419596
25576,3751.2791687011722
25577,6213.68750661214
25578,7137.9999969482415
25579,2913.620836130778
25580,8632.029169718424
25581,8497.370838419594
25582,6303.52500559489
25583,3360.57083231608
25584,5698.866672261555
25585,5439.216667429606
25586,9068.050004069011
25587,9046.37500813802
25588,8720.416666666666
25589,4799.183339945476
25590,3278.529168192546
25591,5190.987503051758
25592,3794.9666748046875
25593,5681.750000508626
25594,6466.812511189779
25595,1164.6041694641115
25596,5572.645844523112
25597,522.8625001907349
25598,9072.999999999998
25599,5559.4375076293945
25600,4352.558338928223
25601,3490.0083348592125
25602,4769.345836130778
25603,9163.629170735676
25604,6099.895841979981
25605,4199.1041676839195
25606,4065.3041671752926
25607,3666.033336893717
25608,9048.970838419596
25609,4097.300007120768
25610,5182.866677347819
25611,2103.275001525879
25612,5965.675005086262
25613,5411.129173787434
25614,9069.795837402344
25615,3525.270836893718
25616,3422.8875040690104
25617,5174.345836385091
25618,9585.129173787434
25619,8688.395837402344
25620,9161.116673787436
25621,4488.208335113525
25622,5205.370837402344
25623,4097.300012207031
25624,2453.504168955485
25625,5656.149999999999
25626,4315.512501525879
25627,9590.37083231608
25628,822.3750011444093
25629,726.0333332061767
25630,6857.470837402344
25631,8563.50417582194
25632,3854.1375061035146
25633,3356.7833374023444
25634,4251.562502034505
25635,5033.129166412354
25636,4859.600009663899
25637,760.1666680018106
25638,6817.575006103515
25639,5335.991670735678
25640,5085.083342488607
25641,4464.3
25642,4108.266668192545
25643,7275.90834350586
25644,8669.450003051757
25645,4068.500005086263
25646,5115.829173787435
25647,4352.783335876465
25648,7022.195842488607
25649,8994.3833404541
25650,5162.500008138021
25651,6024.070837402344
25652,9182.233338419595
25653,3594.6333379109706
25654,3148.116666666667
25655,9595.770841471354
25656,9637.937505086264
25657,4117.183343505859
25658,843.1833338419596
25659,4102.641670735677
25660,3457.5333333333333
25661,8674.570834350585
25662,5119.016672770183
25663,3304.2250015258783
25664,9105.816673787433
25665,4596.337505086262
25666,975.3583333333332
25667,2396.6083366394046
25668,4291.858335876465
25669,9102.94167582194
25670,7398.34583943685
25671,4995.445842488607
25672,6500.145836385091
25673,760.1208349227906
25674,3207.0083333333337
25675,5145.170837402344
25676,9037.00834350586
25677,3871.183336385091
25678,6454.137508138021
25679,6343.9208424886065
25680,4077.5375061035156
25681,5092.079177856446
25682,4942.029160563151
25683,9640.600007120769
25684,7323.74166768392
25685,4148.629172770182
25686,4109.004168192545
25687,3071.6291707356772
25688,9078.566676839191
25689,7114.537510172526
25690,4310.841673787435
25691,3630.508332316081
25692,3462.9166684468587
25693,5563.883344523111
25694,8660.825005086263
25695,4824.8750010172525
25696,3531.8083389282224
25697,9586.066673787434
25698,3241.0458338419594
25699,872.9416676839191
25700,3464.1583353678384
25701,5043.425003051758
25702,5859.291668701172
25703,9114.975008138019
25704,9581.141674804687
25705,4100.833334350586
25706,6882.25000813802
25707,9078.491672770184
25708,9114.437511189779
25709,4669.870837910969
25710,752.2291669845581
25711,8751.100010172526
25712,2336.7833358764647
25713,1064.4916669209797
25714,1043.1958352406818
25715,6326.05000559489
25716,3584.5791692097987
25717,347.6958334525427
25718,4449.854176330567
25719,6505.875010172526
25720,5684.525003051757
25721,9171.40000406901
25722,9629.625007120767
25723,3288.020839945475
25724,6840.608336893717
25725,5067.300004577636
25726,977.3583349863688
25727,5669.1208353678385
25728,3630.095835876464
25729,3341.0083358764646
25730,5095.3583424886065
25731,5209.433342488607
25732,6999.820835367837
25733,5653.44583791097
25734,8741.27917175293
25735,3686.770834859212
25736,4672.283334859212
25737,4462.65417175293
25738,8671.208342488606
25739,869.7583342234293
25740,3984.8250055948897
25741,4099.462510172526
25742,3063.529172515869
25743,4760.175004577636
25744,4261.408339691162
25745,3761.7375005086255
25746,5670.612506103515
25747,3700.4541676839194
25748,6732.212504069011
25749,9066.30417683919
25750,3710.8291666666664
25751,9624.129172770183
25752,4855.108338419596
25753,9583.52083943685
25754,4558.941668701172
25755,469.49583352406825
25756,5815.179176330566
25757,6492.162508138022
25758,3120.183338419596
25759,9043.51667175293
25760,3848.68750406901
25761,3915.0791697184245
25762,1948.4000010172524
25763,2547.908336639404
25764,3339.9083348592126
25765,4174.291671244303
25766,4498.620837148031
25767,9642.079173787433
25768,3872.279170227051
25769,3995.108340962728
25770,787.0541673660279
25771,9064.066677856446
25772,3640.1208363850906
25773,5541.75833384196
25774,9587.312509155274
25775,5243.716671752929
25776,3870.841670227051
25777,9054.229175821938
25778,7325.141674804688
25779,5127.6541727701815
25780,9100.366668701172
25781,4389.6916692097975
25782,4927.808336385092
25783,5815.416668192545
25784,4474.979174550374
25785,830.4375025431314
25786,4200.733339436849
25787,4235.504170481364
25788,9582.625011189779
25789,4804.616674804688
25790,3670.1041669209803
25791,2617.2916681925453
25792,5021.262503560384
25793,5491.920835367838
25794,3849.666680908203
25795,7421.200006103515
25796,6608.687506103516
25797,6799.491669718424
25798,4411.6208330790205
25799,9214.62500813802
25800,5355.545837402344
25801,4853.833340454102
25802,9097.475001017252
25803,5534.079169209798
25804,392.0041666984559
25805,3552.2416712443032
25806,3895.304167683919
25807,9602.483338419597
25808,6872.779173787433
25809,3532.81250406901
25810,5875.545839436848
25811,872.5083343505859
25812,3314.562502034505
25813,4887.641669718425
25814,9581.958338419598
25815,5465.904170735677
25816,3913.433335367839
25817,9598.51250813802
25818,791.1625019073487
25819,6146.416674804687
25820,3687.5791717529296
25821,3474.1291702270505
25822,4075.533342488607
25823,4932.4041748046875
25824,945.9500002543132
25825,6413.845843505859
25826,4105.945837402344
25827,726.8666674296061
25828,9072.133341471354
25829,1106.212501525879
25830,6406.262503306071
25831,4583.304168192546
25832,5411.800006612142
25833,3902.0083358764646
25834,8656.233342488607
25835,5673.733340454101
25836,9565.454169718423
25837,8642.95417175293
25838,5381.5583330790205
25839,4506.445836385091
25840,7005.754175313315
25841,5108.608336893718
25842,3117.904170481364
25843,3580.775003306071
25844,8665.95833943685
25845,9060.954170735677
25846,1106.4083353678386
25847,3429.9791687011716
25848,852.7250002543132
25849,3390.658334859212
25850,3929.3791717529293
25851,3032.7291699727375
25852,3734.858340454102
25853,874.3291680653889
25854,4886.683343505859
25855,4731.762506103515
25856,4213.708334859212
25857,6389.016677856445
25858,9134.529170735676
25859,3047.8583351135253
25860,5177.016666666667
25861,9633.279169718424
25862,5688.879170735677
25863,2505.5750038146975
25864,3673.7958358764645
25865,5582.816672261556
25866,8780.275007120768
25867,3619.699998219808
25868,9057.491670735677
25869,5084.545838928222
25870,5086.708337402343
25871,9118.733338419597
25872,942.5666684468588
25873,4947.241669209799
25874,3939.3958361307778
25875,3265.0750015258786
25876,3980.9833348592115
25877,4133.533338419597
25878,9042.475009155272
25879,6274.579175821939
25880,7077.316671752928
25881,673.0416671117147
25882,6962.583335876466
25883,4566.220835367839
25884,3782.3791687011712
25885,9099.416672770183
25886,9596.783341471355
25887,5409.995842488607
25888,3986.025003051758
25889,4045.4208389282226
25890,6599.058343505859
25891,3681.975008646647
25892,4677.26667022705
25893,4300.337505086262
25894,9628.72917582194
25895,3858.512503051758
25896,8719.087506103517
25897,8567.187509155274
25898,3792.9333389282224
25899,1064.9916681925456
25900,6195.81667022705
25901,4351.250003560384
25902,6427.545840454101
25903,3224.7291707356767
25904,4637.275008138021
25905,6913.462508138021
25906,5591.262504069011
25907,3782.0750040690104
25908,6247.987501780192
25909,6123.995838419597
25910,3909.900005086263
25911,4712.379168701172
25912,6692.5291748046875
25913,8742.983338419597
25914,5110.525004069011
25915,4552.0708328247065
25916,5331.300002797445
25917,3664.5250030517577
25918,3280.1666671752932
25919,851.9250022888183
25920,3193.720835876464
25921,8991.308342488606
25922,6054.912504577637
25923,4531.979171244303
25924,7755.866673787435
25925,4467.3708353678385
25926,7776.895839436849
25927,5810.895839945475
25928,9037.995842488606
25929,3566.2500035603844
25930,4538.450006612142
25931,3685.3166722615565
25932,5238.9958353678385
25933,5198.420838419596
25934,3549.24166768392
25935,1139.74166692098
25936,5014.579172261557
25937,3112.204169209798
25938,717.3625007629394
25939,8737.595833333335
25940,3912.2458335876468
25941,3860.2583363850913
25942,3605.9208348592124
25943,3885.650001525879
25944,9146.500004069012
25945,3459.404168192546
25946,4998.200004577637
25947,9136.374998982747
25948,4980.670838419596
25949,9632.004169718424
25950,2109.0291666666667
25951,5206.775006612142
25952,5607.533334350585
25953,4935.504172261556
25954,705.7333345413208
25955,6296.875006612142
25956,5379.27917989095
25957,4806.85000559489
25958,4648.812503560383
25959,5294.587504069011
25960,5122.42500559489
25961,5591.204177856445
25962,9084.950006103516
25963,4188.2625
25964,5464.966673787435
25965,4816.150009155273
25966,4614.758336893717
25967,4701.325002543132
25968,3756.3250040690104
25969,3723.562501780192
25970,4006.7750050862633
25971,1060.3958348592123
25972,8621.058348592122
25973,959.5083333333332
25974,3343.854174804688
25975,3859.7375045776366
25976,5056.087505086263
25977,8763.800010172527
25978,6500.195838419597
25979,5663.462505086263
25980,9076.666669718425
25981,9629.070833333333
25982,457.1125005404154
25983,856.3166666666666
25984,893.5583337148032
25985,9170.387507120768
25986,4193.354173787436
25987,3381.608335367838
25988,3677.987505594889
25989,3349.925006103516
25990,4050.0875010172517
25991,5213.625006612142
25992,3533.9041692097985
25993,9054.683344523111
25994,5409.9000022888185
25995,5455.770839945475
25996,4945.112502034505
25997,5208.950001017252
25998,4826.225007120768
25999,5763.512509155274
26000,4014.7041687011715
26001,3203.5208363850907
26002,3118.8541712443034
26003,5893.962503560385
26004,4162.841673278808
26005,4988.795839436849
26006,6665.616669209798
26007,3813.625005594889
26008,5311.99583638509
26009,6762.354177856446
26010,6297.650013224284
26011,727.4625008900961
26012,2320.9666674296063
26013,4522.925009155274
26014,5218.108338419596
26015,4976.81667175293
26016,8670.779171752929
26017,9129.679170735677
26018,5374.150007120767
26019,629.3916675567627
26020,2144.425001525879
26021,9058.962506103517
26022,4503.154170227051
26023,3798.825008138021
26024,3296.9875022888177
26025,4964.629172261556
26026,8693.520838419596
26027,9568.408339436848
26028,927.2875005722045
26029,663.8375008265177
26030,3191.129172770183
26031,4659.42500406901
26032,9636.508339436848
26033,6080.199998982748
26034,6856.16667175293
26035,1019.1333335876466
26036,6594.254173787434
26037,9035.837508138022
26038,4960.325005594889
26039,4653.479175821939
26040,9104.600009155272
26041,6926.783337402343
26042,1122.1500011444093
26043,3919.795836893718
26044,3914.4083374023435
26045,6919.92500406901
26046,5123.404180908204
26047,8664.320835367838
26048,4093.0583363850915
26049,9158.170834350587
26050,7297.487505086264
26051,3165.300003051758
26052,760.7333344141642
26053,5311.862515258789
26054,951.3000007629394
26055,7267.820844523111
26056,9071.979173787435
26057,3592.62917175293
26058,8681.312509155274
26059,6432.904167683919
26060,5818.537501525879
26061,3324.8458389282227
26062,4046.7583394368485
26063,4867.008336385091
26064,4723.108339691162
26065,7481.650011189779
26066,5267.083342488607
26067,999.0875019073486
26068,7188.595839436847
26069,6585.05000406901
26070,9074.691671752931
26071,3239.583335876465
26072,3386.9000061035154
26073,6321.600001017253
26074,5184.312503051758
26075,4999.383340454101
26076,4058.1708346048986
26077,9044.6958404541
26078,9578.666667683918
26079,5980.233340454101
26080,6396.241672770182
26081,6866.191672261556
26082,3824.0833361307778
26083,4842.062501525878
26084,4029.866669718425
26085,3566.595834859212
26086,3324.7916707356767
26087,2417.9750053405764
26088,3167.070836893717
26089,5647.541666158041
26090,4432.516678873698
26091,4835.1416707356775
26092,9068.004177856445
26093,6432.741675821941
26094,3981.333336385091
26095,993.066668319702
26096,3846.4708394368486
26097,9633.404173787434
26098,9643.141670735677
26099,5687.658332570394
26100,3967.7750050862633
26101,906.9166684468587
26102,4375.741669972737
26103,9017.67084452311
26104,9580.950003051757
26105,952.0750016530354
26106,1115.7416681925456
26107,4318.412501525879
26108,950.1541676839194
26109,7108.095840454101
26110,7198.237509663898
26111,3988.508340454102
26112,3369.600001525879
26113,3474.616669209798
26114,4694.487503560384
26115,3718.737502034505
26116,3737.8041753133134
26117,4070.2083338419593
26118,6803.8708404541
26119,4766.3541697184255
26120,9638.141674804685
26121,3573.6291722615556
26122,4920.437502543131
26123,4719.13333384196
26124,9139.916668701171
26125,4853.437501780191
26126,3924.091668701172
26127,3702.2833333333333
26128,1201.8750001271565
26129,3306.312498982748
26130,549.204166841507
26131,5507.729173787436
26132,953.4750015258788
26133,8529.454177856445
26134,4640.145832824707
26135,3678.8375071207684
26136,3590.1291732788086
26137,4049.5541732788083
26138,4745.837501017253
26139,2947.12916615804
26140,8737.162503051757
26141,817.3375019073486
26142,9158.320841471354
26143,5039.229177347819
26144,5077.112502034505
26145,5266.720840454102
26146,3217.979169718424
26147,460.2166670640309
26148,5854.758346048991
26149,4244.595835367839
26150,843.9708354949952
26151,3732.4083343505863
26152,3371.4458374023434
26153,3244.6000025431313
26154,9009.408338419596
26155,4001.641672261556
26156,3912.0000045776374
26157,7118.3416727701815
26158,622.2916675567626
26159,5738.741673787435
26160,6121.479170735677
26161,8735.462505086263
26162,4074.487508138021
26163,4079.44167175293
26164,9066.83750813802
26165,4104.500005594889
26166,4895.454172007244
26167,3249.12500406901
26168,6500.416665649413
26169,1125.520834604899
26170,5709.487502543132
26171,4490.81667582194
26172,9081.237511189778
26173,4213.704172770183
26174,9628.466678873698
26175,1091.800001144409
26176,6020.712511189779
26177,9585.766668701172
26178,3174.1583348592126
26179,5156.645836893717
26180,3925.125000508626
26181,6186.925007120768
26182,8559.012505086263
26183,3986.529172770182
26184,6740.120838928223
26185,8765.66667582194
26186,5173.916670735677
26187,4743.616670227051
26188,5822.204175821941
26189,785.962500445048
26190,6906.470835367837
26191,5338.73750406901
26192,3521.233335876465
26193,6875.095839436849
26194,6334.262505086263
26195,3301.6916714986164
26196,814.345835494995
26197,3427.150001525879
26198,4995.479172770182
26199,4342.179169718424
26200,9120.65000813802
26201,4571.72083384196
26202,8737.74167582194
26203,8694.445838419597
26204,4194.804168192545
26205,9082.37917175293
26206,3667.4750025431317
26207,6499.683341471355
26208,9623.812510172527
26209,8682.766676839192
26210,4538.604175821939
26211,9642.887498982747
26212,1095.3666692097981
26213,9094.22500813802
26214,9640.516677856443
26215,6892.420836893717
26216,6134.425006103515
26217,5438.7166681925455
26218,3279.3708399454754
26219,5710.28750406901
26220,4196.641671244302
26221,6480.97500406901
26222,4195.387502034505
26223,3865.9000030517577
26224,4460.100006103516
26225,5474.741668192545
26226,4221.491670735678
26227,7229.34167175293
26228,4738.804177347819
26229,5452.770838928223
26230,8503.258341471354
26231,553.1166674296061
26232,5046.537504577637
26233,5291.5833389282225
26234,3896.9250050862634
26235,9081.562496948243
26236,3085.6583353678384
26237,3865.629171244303
26238,3061.2416684468585
26239,9151.204173787435
26240,3675.6958374023434
26241,4367.545836385091
26242,3342.629167429606
26243,4663.675002797445
26244,6280.850003051758
26245,3388.8125106811526
26246,5076.841672770182
26247,3507.5000025431314
26248,4216.770834859212
26249,8565.90417480469
26250,4121.10833943685
26251,9048.512507120768
26252,3911.725001017252
26253,4678.208334859212
26254,7272.204171752929
26255,6093.958336385092
26256,9077.762502034506
26257,2388.387502797445
26258,9099.29167175293
26259,9621.520842488606
26260,5059.700001017253
26261,5434.80417429606
26262,4813.520836385092
26263,7039.4833424886065
26264,4136.566674296061
26265,6456.925005086264
26266,4143.375001780192
26267,6483.145844523111
26268,6569.754167175292
26269,4979.200007629394
26270,2594.2666679382323
26271,8651.9833404541
26272,6482.316676839192
26273,7184.195838419597
26274,5466.654170227051
26275,4284.041671752931
26276,5153.6458455403645
26277,5917.266671752929
26278,5375.6875010172525
26279,3814.187505086263
26280,6178.2791748046875
26281,981.3916694641115
26282,5368.941674296061
26283,8771.008334350585
26284,3165.0125017801925
26285,9061.162505086262
26286,983.6666683197021
26287,5115.929173278809
26288,8681.708333333334
26289,4368.47083791097
26290,3820.4291702270507
26291,3939.1625030517575
26292,7719.583339436848
26293,4838.058339436849
26294,9630.791677856445
26295,699.520835240682
26296,3820.7125040690103
26297,3267.9625040690103
26298,683.3125013987222
26299,3750.341669209798
26300,6218.012504069011
26301,9009.008342488605
26302,4621.070834859212
26303,4084.9208351135253
26304,3252.079169209798
26305,9091.966666666667
26306,6168.941672770183
26307,3428.1041707356767
26308,9101.654175821941
26309,8495.466669718424
26310,5895.079173787434
26311,9631.812503051759
26312,4956.366674804688
26313,812.3458358764648
26314,2799.529169209798
26315,4480.783338928223
26316,5017.0708371480305
26317,9636.875007120769
26318,5161.725010172527
26319,4935.912507120768
26320,3481.3125027974443
26321,4406.379167683919
26322,4934.400005594889
26323,5675.204175821939
26324,6048.320838928223
26325,6481.875010172526
26326,461.09583352406815
26327,721.9833340326945
26328,6247.712507120767
26329,4008.8458404541016
26330,5077.225006612142
26331,9634.64583943685
26332,4980.358337402344
26333,1060.3750025431316
26334,3528.325005340576
26335,9048.625012207029
26336,6332.991677347819
26337,4252.762501017252
26338,3487.025001525879
26339,4129.629170735677
26340,368.2624999860923
26341,780.7583337783813
26342,9592.250009155274
26343,3782.025002543132
26344,6967.975005086264
26345,5834.3958343505865
26346,4932.045838419596
26347,4163.191668192546
26348,4919.6083379109705
26349,2531.4416697184242
26350,9000.125008138022
26351,6627.679180908203
26352,5445.433346557617
26353,798.0166671117146
26354,548.3875001589457
26355,5090.983330281575
26356,3648.4416707356772
26357,3263.3708363850915
26358,3632.641669209798
26359,448.741666952769
26360,5423.691673278809
26361,3359.7666704813637
26362,3678.766673787435
26363,814.091667175293
26364,4481.4166788736975
26365,3547.1541697184243
26366,2992.7583404541015
26367,5678.479182942708
26368,9592.1958404541
26369,3938.00000406901
26370,5595.1708424886065
26371,946.6458343505859
26372,9120.145838419596
26373,3285.2000035603837
26374,4822.845836893718
26375,5650.141671752929
26376,3074.5083351135254
26377,586.1000006357829
26378,3548.9416707356772
26379,3617.204172261556
26380,3143.3958363850907
26381,8700.220835367838
26382,6394.900007120769
26383,8556.220840454102
26384,761.8708334604898
26385,8559.437508138022
26386,7543.562511189778
26387,8610.37916870117
26388,3949.2375122070316
26389,3887.158336385091
26390,4451.075003051758
26391,867.3750006357828
26392,3795.3833379109706
26393,6307.725007629396
26394,3472.550003051758
26395,3274.8416707356773
26396,6975.079172770181
26397,3343.466668701172
26398,3432.1625020345055
26399,7029.558347574869
26400,703.7916667938233
26401,4163.183338928223
26402,8765.22085164388
26403,6367.408340454102
26404,4160.712508138021
26405,754.220833714803
26406,8983.887505086263
26407,5192.820839945475
26408,4436.066671244304
26409,5090.041667683919
26410,4478.8416727701815
26411,4894.425006612141
26412,602.5416672388712
26413,4672.687502543132
26414,8731.370840454101
26415,3540.1750025431306
26416,6460.595840454101
26417,8655.920843505859
26418,5685.04167327881
26419,9632.562508138022
26420,6194.295835876464
26421,8737.425005086263
26422,3012.8791699727376
26423,6801.345839945475
26424,8721.391676839192
26425,3818.81250559489
26426,2325.9375030517576
26427,9029.608341471356
26428,6446.366669209798
26429,3918.991669718424
26430,4815.650007883708
26431,3366.283338419596
26432,3118.2625007629395
26433,3527.2625025431316
26434,3671.8750017801917
26435,976.8083329518636
26436,7110.533331298829
26437,4434.937503560383
26438,4538.425009155273
26439,4800.81666768392
26440,3259.041671244304
26441,5726.3708419799805
26442,6093.9250081380205
26443,3888.937505594889
26444,4009.266674296061
26445,2321.2750010172526
26446,5277.99167429606
26447,5647.883345031737
26448,3516.5375045776364
26449,3909.8833376566563
26450,903.9750005086262
26451,5828.191670735677
26452,4500.604170735677
26453,8734.912505086262
26454,2455.670836639404
26455,801.4500013351441
26456,8510.412510172524
26457,3959.4750071207677
26458,4319.066669718424
26459,8676.595834350586
26460,3988.179168701172
26461,6418.845835367839
26462,5032.550006612141
26463,9584.66667175293
26464,4028.8083389282224
26465,4026.016673787435
26466,8745.291675821942
26467,8771.254170735678
